가,可; 家; 加; 价; 假; 哥; 架; 歌; 街; 驾; 佳; 嘉; 呵; 柯; 贾; 嫁; 咖; 迦; 伽; 暇; 稼; 苛; 茄; 珂; 枷; 诃; 轲; 坷; 瘸; 袈; 痂; 舸; 珈; 岢; 跏; 笳; 髂; 葭; 哿; 镓; 蚵; 瘕; 鲄; 麚; 砢; 豭; 貑; 腵; 尜; 跒; 價; 駕; 傢; 賈
가가,假家; 哥哥; 呵呵; 家家; 可可; 加价; 佳佳; 可嘉; 可加; 贾家
가가가읍,可歌可泣
가가대소,呵呵大笑
가가률,加价率
가가림,加加林
가가문,哥哥们
가가서리,可可西里
가가유,加加油
가가유본난념적경,家家有本难念的经
가가호호,家家户户
가각,苛刻
가간성,可看性
가감,加减
가감법,加减法
가강,加强; 贾康; 假腔
가강시,加强市
가강지구,加强地区
가강형,加强型
가개,加盖
가객,歌客
가거주,假居住
가건명,柯建铭
가건물,假建物
가검물,可检物
가격,价格; 加击
가격법,价格法
가견,可见; 家犬
가견광,可见光
가견도,可见度
가견일반,可见一斑
가결,可决
가경,可敬; 嘉庆; 佳境; 加劲; 可劲; 佳景; 柯庆
가경등,柯景腾
가경림,贾庆林
가경빈한,家境贫寒
가경지,可耕地
가경취숙,驾轻就熟
가계,家系; 家计
가계부,家计簿
가계비,家计费
가계성,家计性
가계약,假契约
가계약서,假契约书
가계윤,贾启允
가고,可靠; 加固; 加高
가고도,可靠度
가고성,可靠性
가고자,价高者
가곡,歌曲
가곡장,歌曲奖
가곡집,歌曲集
가골,髂骨
가공,加工; 可恐; 架空; 可供
가공과,加工科
가공구,加工区
가공규,可控硅
가공량,加工量
가공법,加工法
가공비,加工费
가공성,加工性; 可控性
가공송덕,歌功颂德
가공업,加工业
가공인물,架空人物
가공장,加工场
가공적,架空的
가공제사,假公济私
가공창,加工厂
가공품,加工品
가공학과,加工学科
가공형,加工型
가공형적,加工形的
가과,家伙
가과문,家伙们
가관,可观; 价款; 加宽; 加官
가관리성,可管理性
가교,架桥; 驾校; 可巧
가교적,架桥的
가구,家具; 家口; 架构; 可口; 苛求; 佳句; 家仇
가구가락,可口可乐
가구상,家具商
가구업,家具业
가구업체,家具业体
가구점,家具店
가국송,贾国荣
가군,贾军
가권,加权; 家眷
가귀,可贵
가극,歌剧; 加剧; 茄克; 柯克
가극원,歌剧院
가금,家禽
가금업,家禽业
가급,加给; 加急
가급적,可及的
가기,假期; 架起; 可气; 佳期; 可欺; 柯基
가기래,加起来
가긴,加紧
가나,可那
가나대,加拿大
가나대대,加拿大队
가나대원,加拿大元
가나대참,加拿大站
가나대통계국,加拿大统计局
가나리군도,加那利群岛
가난,家难
가남,柯南
가남극장,柯南剧场
가남덕랍,贾南德拉
가납,加纳
가납대,加纳队
가납비,贾纳比
가납촌,加纳村
가내,家内
가내량,贾乃亮
가내적,家内的
가내특,加内特
가녀,歌女
가녀사,贾女士
가년화,嘉年华
가노,家奴
가농포,加农炮
가능,可能; 佳能
가능공사,佳能公司
가능성,可能性
가능액,可能额
가니,贾妮
가니잡,柯尼卡
가다,可多
가단,歌坛; 假单; 歌单
가담,加担
가담자,加担者
가담항설,街谈巷说
가담항의,街谈巷议
가당,可当
가대,加大; 价带
가대가소,可大可小
가덕,歌德; 贾德
가덕납,加德纳
가덕만도,加德满都
가덕보,哥德堡
가도,街道; 假道
가도사벽,家徒四壁
가도색,加图索
가도중락,家道中落
가도판사처,街道办事处
가독성,可读性
가동,可动; 稼动; 贾童
가동률,稼动率; 稼动率
가동비,可动费
가동성,可动性
가동주졸,街童走卒
가두,街头
가두항미,街头巷尾
가득,可得
가득주,架得住
가등,街灯; 柯腾
가락,可乐
가락복,家乐福
가람,伽蓝; 柯蓝
가랍,加拉
가랍가사,加拉加斯
가랍사,加拉斯
가량,假量
가려,佳丽
가려문,佳丽们
가련,可怜; 贾琏
가렴물미,价廉物美
가렴주구,苛敛诛求
가령,假令; 可怜
가령파파,可怜巴巴
가령훼,可怜虫
가례,嘉礼
가로,街路; 贾老
가로계,街路系
가로등,街路灯
가로림만,加露林湾
가로망,街路网
가로사,柯老师; 贾老师
가로수,街路树
가료,加料
가루,家累
가륜,加仑
가륜비아,哥伦比亚
가륜비아광파공사,哥伦比亚广播公司
가륜비아대,哥伦比亚队
가륜비아대학,哥伦比亚大学
가륜비아성,哥伦比亚省
가륜비아특구,哥伦比亚特区
가륜포,哥伦布
가륵,加勒
가륵비,加勒比
가륵비지구,加勒比地区
가륵비해,加勒比海
가륵비해지구,加勒比海地区
가릉,嘉陵
가릉강,嘉陵江
가리,家里; 咖喱; 加里; 咖哩; 加利
가리략,伽利略
가리복니아,加利福尼亚
가리복니아대학,加利福尼亚大学
가리복니아주,加利福尼亚州
가리아니,加利亚尼
가리앙,柯里昂
가림,贾林; 柯林
가림사,柯林斯
가립지,柯立芝
가마,价码; 加码; 柯玛; 伽玛
가망,可望
가망부가급,可望不可及
가망이부가즉,可望而不可即
가매,假寐
가매장,假埋葬
가맹,加盟
가맹공화국,加盟共和国
가맹비,加盟费
가맹사,加盟社
가맹자,加盟者
가맹점,加盟店
가면,假面; 加冕
가면관,假面馆
가면구,假面具
가면극,假面剧
가면무,假面舞
가명,假名; 歌名; 贾明
가명제,假名制
가모,假冒; 贾母; 贾某; 家母; 柯某
가모위렬,假冒伪劣
가목,价目
가목사,佳木斯
가목사시,佳木斯市
가목표,价目表
가묘,家庙
가무,歌舞; 家务; 街舞
가무극,歌舞剧
가무기,歌舞伎
가무단,歌舞团
가무류,歌舞类
가무사,家务事
가무승평,歌舞升平
가무청,歌舞厅
가문,家门
가문군,贾文军
가문붕,贾文鹏
가문아,哥们儿
가미,加味; 歌迷; 佳美
가미문,歌迷们
가미삼,贾米森
가밀,加密
가밀절,可密切
가반,加班; 柯半
가반가,加班加
가반가점,加班加点
가반비,加班费
가발,假发
가발표,假发票
가방,街坊
가방문,街坊们
가배,咖啡; 加倍
가배두,咖啡豆
가배배,咖啡杯
가배색,咖啡色
가배인,咖啡因
가배점,咖啡店
가배청,咖啡厅
가배파,咖啡吧
가백니,哥白尼
가벌성,加罚性
가법,加法
가법리,贾法里
가변,可变
가변구,可变区
가변선,可变线
가변성,可变性
가변식,可变式
가변적,可变的
가별,可别
가보,家宝; 家谱; 歌谱
가보옥,贾宝玉
가보홍,贾宝红
가본,歌本
가본합근,哥本哈根
가봉,假缝; 加蓬; 加封
가부,可否; 可不; 家父; 贾府
가부가이,可不可以
가부시,可不是
가부장,家父长
가부장적,家父长的
가부장제,家父长制
가부장제적,家父长制的
가부좌,跏趺坐
가분,假扮
가붕,柯鹏
가비,可悲; 可比; 加菲; 可鄙
가비공사,可比公司
가비덕,柯菲德
가비성,可比性
가빈,嘉宾
가빈문,嘉宾们
가사,假死; 家事; 家士; 歌词; 歌辞; 袈裟; 驾驶; 加沙; 假使; 家史; 可查
가사과인,加斯科因
가사규특,加斯奎特
가사득,佳士得
가사랍,哥斯拉
가사성,加沙城
가사실,驾驶室
가사원,驾驶员
가사원문,驾驶员们
가사인,驾驶人
가사자,驾驶者
가사정,驾驶证; 贾斯汀
가사지구,加沙地区
가사집조,驾驶执照
가사창,驾驶舱
가사체려가,哥斯达黎加
가사체려가대,哥斯达黎加队
가산,加算; 家产; 假山
가산율,加算率; 加算率
가산점,加算点
가살극,哥萨克
가삼,贾森
가상,假想; 假相; 假象; 加上; 嘉尚; 街上; 嘉尙; 家常; 柯湘
가상이지,可想而知
가상적,假想敌
가상채,家常菜
가상편반,家常便饭
가상활,假想敌
가색이,加索尔
가서,家鼠
가서금,柯西金
가서아,加西亚
가서한,哥舒翰
가석,可惜; 假释
가석가석,可惜可惜
가석방,假释放
가선,嘉善; 可先
가선생,贾先生; 柯先生
가선현,嘉善县
가설,假说; 架设; 假设
가설무대,假设舞台
가설적,假说的
가성,假声; 歌声; 歌星
가성성,假惺惺
가세,加势; 家世; 加税
가소,可笑; 假笑; 可塑
가소성,可塑性
가속,加速; 家属
가속기,加速器; 加速期
가속도,加速度
가속문,家属们
가속성,加速性
가속적,加速的
가속화,加速化
가송,歌颂
가쇄,枷锁
가수,歌手; 假手; 哥嫂
가수량,柯受良
가수면,假睡眠
가수문,歌手们
가수요,假需要
가수장,歌手奖
가수전,贾秀全
가습기,加湿器
가습성,可湿性
가승지기,可乘之机
가시,可是; 街市
가시거리,可视距离
가시권,可视圈
가시적,可视的
가시화,可视化
가식,假饰; 加饰; 架式
가식적,假饰的
가신,家臣; 可信; 加薪; 家信; 可身
가신광,贾新光
가신도,可信度
가신성,可信性
가실,家室
가심,加深; 街心; 可心
가십,家什
가씨,贾氏
가아,哥儿; 歌儿; 假牙
가아량,哥儿俩
가아문,哥儿们
가악,可恶
가압,加压
가압소,加压素
가압장,加压场
가애,可爱
가액,价额
가야금,伽倻琴
가약,假若
가양,家养; 佳酿; 可让
가양성률,假阳性率
가어,驾驭; 驾御
가언,假言
가업,家业
가여,假如
가역,可逆
가역성,可逆性
가연,可燃; 家宴; 家燕
가연성,可燃性
가연잡세,苛捐杂税
가열,加热; 苛烈; 苛烈
가열기,加热器
가열로,加热炉
가열화,加热化
가영,歌咏
가옥,假玉; 家屋
가옥대장,家屋台帐
가온,加温
가완성,可玩性
가외,加外
가욋,加外
가요,歌谣
가요계,歌谣界
가요사,歌谣史
가요제,歌谣祭
가욕소,嘉峪关
가욕소시,嘉峪关市
가용,可用; 可溶
가용납,可容纳
가용성,可溶性; 可用性
가용전기,家用电器
가우,可叹; 可于; 佳偶
가우부가구,可遇不可求
가우선,可优先
가운,贾云
가원,家园; 家院
가위,可谓; 价位
가유,加油; 贾维
가유가무,可有可无
가유릉,贾幼陵
가유참,加油站
가유호성,可维护性
가유호효,家喻户晓
가음,佳音
가의,可疑; 假意; 嘉义; 贾谊; 加意
가의시,嘉义市
가의현,嘉义县
가이,可以; 加以
가이가이,可以可以
가이각답,加尔各答
가이극자,柯尔克孜
가이극자족,柯尔克孜族
가이랍랍,柯伊拉腊
가이료원,可以燎原
가이민,柯以敏
가이백,柯伊伯
가이설시,可以说是
가이시일,假以时日
가이화,可以化
가인,家人; 佳人; 嫁人; 可人; 可因
가인가의,假仁假义
가인문,家人们
가인박명,佳人薄命
가일,假日
가일층,加一层
가임,驾临
가입,加入
가입량,加入量
가입비,加入费
가입서,加入书
가입순,加入顺
가입안,加入案
가입자,加入者
가잉,假孕
가자,架子; 茄子; 瘸子; 歌子; 诃子
가자희,歌仔戏
가작,佳作; 可作
가잠,家蚕
가잡인,可卡因
가장,假装; 家长; 加长; 嘉奖; 嫁妆; 家藏
가장가,贾樟柯
가장리단,家长里短
가장문,家长们
가장식,家长式
가장제,家长制
가장행렬,假装行列
가장형,加长型
가장회,家长会
가재,加载; 家财
가재도구,家财道具
가재만관,家财万贯
가저,家底
가적,佳绩; 家贼
가적송,可的松
가전,家电; 价钱; 家传
가전사,家电社
가전속,假专属
가전업계,家电业界
가전용품,家电用品
가전제품,家电制品
가절,佳节
가점파,贾占波
가접,嫁接
가접수성,可接受性
가정,假定; 家庭; 家政; 假证; 嘉定; 嘉靖; 贾政; 苛政
가정경,假正经
가정계획,家庭计划
가정과,家政科
가정교사,家庭教师
가정교육,家庭教育
가정구,嘉定区
가정문,贾静雯
가정법,假定法
가정부,家政妇
가정부인,家庭妇人
가정불화,家庭不和; 家庭不和
가정생활,家庭生活
가정식,家庭式
가정용품,家庭用品
가정의,家庭医
가정의례,家庭仪礼
가정작업,家庭作业
가정적,家庭的
가정주부,家庭主妇
가정학,家政学
가정학과,家政学科
가정형,家庭型
가정화,家庭化
가정환경,家庭环境
가제,假题
가조,驾照; 假造; 假条; 家祖
가조작,可操作
가조작성,可操作性
가족,家族
가족계획,家族计划
가족도,家族图
가족사진,家族写真
가족성,家族性
가족식,家族式
가족애,家族爱
가족적,家族的
가족학,家族学
가족화,家族化
가족회의,家族会议
가주,加州; 家主; 加注; 架住
가주대학,加州大学
가주려관,加州旅馆
가주리공학원,加州理工学院
가주제,假主题
가중,加重
가중복성,可重复性
가중산,贾中山
가중자,加重者
가증,可憎
가지,可知; 可持; 假肢; 加持
가지급금,假支给金; 假支给金
가지약,贾知若
가진,家珍; 贾珍
가진동,柯震东
가집,歌集
가차,假借; 驾车; 架次; 加车
가차자,驾车者
가창,歌唱
가창가,歌唱家
가창력,歌唱力
가창자,歌唱者
가채,可采; 加菜
가책,呵责; 苛责
가처분,假处分
가척,呵斥
가천하,家天下
가첨,价签; 加添
가청,歌厅
가체,假谛; 柯达; 可达; 哥达
가체공사,柯达公司
가체사,柯蒂斯
가체화,柯棣华
가초,假钞
가추,家丑
가추부가외양,家丑不可外扬
가축,家畜
가축병원,家畜病院
가축적,家畜的
가춘왕,贾春旺
가출,家出
가충,假充
가취,可取; 嫁娶
가취지처,可取之处
가치,价值; 假齿; 可耻; 价値; 可治
가치관,价值观; 价値观
가치량,价值量
가치련성,价值连城
가치론,价值论
가치방,贾治邦
가치성,价值性
가치세,价值税; 价値税
가치적,价值的; 价値的
가치중립,价值中立; 价値中立
가치형,价值型
가치화,价值化; 价値化
가친,可亲
가친가경,可亲可敬
가칭,假称
가쾌,加快
가타부,可-否
가탁,假托
가태라니아,加泰罗尼亚
가태라니아새도,加泰罗尼亚赛道
가태라니아지구,加泰罗尼亚地区
가택,家宅; 家宅
가토,家兔
가통,佳通; 可通
가특,哥特
가특림,加特林
가파,可怕; 加派
가파이,贾巴尔
가파인망,家破人亡
가판대,街贩台
가편정,可编程
가편정서,可编程序
가평요,贾平凹
가포,可怖
가품,佳品
가풍,家风
가필,加笔
가학,苛虐
가학연원,家学渊源
가학적,加虐的
가한,可恨; 可汗
가해,加害
가해자,加害者
가핵,架势
가행,可行
가행궁,假行宫
가행성,可行性
가행성연구,可行性研究
가향,家乡
가허,嘉许
가형,家兄
가호,家户; 呵护; 可好; 加号
가호자,加护者
가혹,苛酷
가홍축,贾鸿筑
가화,佳话; 假货; 假话; 嘉禾; 嫁祸; 佳华
가화로,嘉禾路
가화우인,嫁祸于人
가회,歌会
가효,佳肴
가후,加厚; 歌喉
가훈,家训
가흔,可欣
가흘,可吃
가흠,呵欠
가흥,嘉兴
가흥시,嘉兴市
가희,可喜
가희가하,可喜可贺
가희진주,假戏真做
각,各; 却; 觉; 刻; 角; 脚; 阁; 壳; 搁; 胳; 咯; 骼; 恪; 榷; 珏; 袼; 悫; 桷; 茖; 覐; 隺; 躩; 覚; 𬒈; 覺; 卻; 腳; 殼; 傕; 閣
각각,各各; 咯咯; 刻刻
각각각,咯咯咯
각각각각,咯咯咯咯
각강,角钢
각개,各个
각개격파,各个击破
각거성,各居性
각계,各界
각계각층,各界各层
각계인사,各界人士
각고,刻苦
각고내로,刻苦耐劳
각골,刻骨
각골난망,刻骨难忘
각골명심,刻骨铭心
각골통한,刻骨痛恨
각과,脚踝; 角果
각관,各款
각광,脚光
각구,角球
각구현,各区县
각국,各国
각국어,各国语
각근,脚跟
각급,各级
각기,各其; 脚气
각기병,脚气病
각단백,角蛋白
각답량지선,脚踏两只船
각답실지,脚踏实地
각답차,脚踏车
각도,角度; 刻度; 刻刀
각도기,角度器
각득,觉得
각득기소,各得其所
각등,咯噔
각등자,脚蹬子
각락,角落
각력,角力; 脚力
각력암,角砾岩
각로,各路
각론,各论
각론적,各论的
각료,阁僚; 脚镣
각루,阁楼; 角楼
각류,各类
각막,角膜
각막연,角膜缘
각막염,角膜炎
각면,脚面
각목,角木
각문,角门
각박,刻薄; 胳膊
각박성가,刻薄成家
각반,脚绊; 各半
각발자,脚脖子
각배,角杯; 脚背
각법,脚法
각별,各别
각보,脚步; 却步
각본,脚本; 刻本
각본난,刻本难
각부,各部; 脚夫
각부문,各部门
각부상양,各不相让
각부용완,刻不容缓
각분,脚盆
각분전정,各奔前程
각비,胳臂
각사,刻写
각사기직,各司其职
각색,各色; 脚色; 角色
각색각양,各色各样
각색자,脚色者
각서,觉书
각서기견,各抒己见
각서설,觉书说
각서화,觉书化
각석,刻石
각선미,脚线美
각설,却说
각설탕,角雪糖; 角雪糖
각성,觉醒
각성시,各省市
각속도,角速度
각수,恪守
각수가,脚手架
각시,却是
각식,各式
각식각양,各式各样
각심,脚心
각아,脚丫; 壳儿
각아자,脚丫子
각양,各样
각양각색,各样各色
각오,觉悟
각완,脚腕
각우,却又
각원,阁员
각위,各位
각위기주,各为其主
각유리폐,各有利弊
각유소장,各有所长
각유천추,各有千秋
각의,阁议; 刻意
각이,各异
각인,刻印; 各人; 脚印
각자,各自; 壳子; 刻字
각자각자,各自各自
각자무치,角者无齿
각자위전,各自为战
각자위정,各自为政
각장,脚掌
각저,脚底
각저판,脚底板
각전소장,各展所长
각제,刻制
각조,脚爪
각족,各族
각종,各种; 刻钟
각종각양,各种各样
각주,脚注
각주구검,刻舟求剑
각지,各地; 脚趾; 咯吱
각지각지,咯吱咯吱
각지구,各地区
각지급,各地级
각지기견,各持己见
각지두,脚指头
각지방,各地方
각지불이,各知不移; 各知不移
각지와,胳肢窝
각진소능,各尽所能
각진직수,恪尽职守
각질,角质
각질층,角质层
각집일사,各执一词
각찰,觉察
각찰도,觉察到
각창광,各厂矿
각처,各处
각천,搁浅
각철,角铁
각첨,角尖; 脚尖
각축,角逐
각축전,角逐战
각취각위,各就各位
각취소수,各取所需
각층,各层
각치,搁置
각통의각,脚痛医脚
각판,刻板; 脚板; 刻版
각하,却下; 阁下; 搁下
각항,各项
각행,各行
각행각업,各行各业
각행기시,各行其是
각향동성,各向同性
각향이성,各向异性
각향진,各乡镇
각현신통,各显神通
각혈,咯血
각형,角形
각화,刻画; 角化; 刻花
각화형,角化型
각후근,脚后跟
각흔,刻痕
간,看; 间; 干; 简; 赶; 刊; 艰; 肝; 奸; 杆; 恳; 竿; 拣; 垦; 柬; 谏; 侃; 涧; 龈; 痫; 秆; 锏; 艮; 羟; 擀; 悭; 裥; 裉; 旰; 茛; 踬; 粯; 筸; 簳; 葌; 鶫; 礀; 繝; 間; 簡; 幹; 趕; 艱; 揀; 姦
간가,看家; 干架
간가본령,看家本领
간각,赶脚; 刊刻
간간,看看; 间间; 侃侃
간간단단,简简单单
간간이담,侃侃而谈
간간정정,干干净净
간갈,干渴
간개,简介; 看开
간객,看客
간거,艰巨; 间距; 干渠
간거성,艰巨性
간격,间隔
간격기,间隔期
간견,看见
간결,简洁
간경,干警; 干劲; 看轻
간경문,干警们
간경변증,肝硬变症
간경충천,干劲冲天
간경화,肝硬化
간계,奸计; 干系
간고,艰苦; 干枯; 赶考; 干股
간고강투,艰苦奋斗
간고박소,艰苦朴素
간고창업,艰苦创业
간고탁절,艰苦卓绝
간곡,恳曲
간공,赶工
간과,看过; 赶过; 干果; 干戈
간관,看管; 看官; 谏官
간교,奸巧; 干校; 赶巧
간구,干求; 恳求; 干呕
간군,干群
간균,杆菌
간극,间隙
간기,间期; 羟基; 肝气
간기래,看起来
간기래상,看起来像
간긴,赶紧
간난,艰难
간난곡절,艰难曲折
간난곤고,艰难困苦
간난신고,艰难辛苦
간난험조,艰难险阻
간낭,干娘
간녀아,干女儿
간녕,奸佞
간농종,肝脓肿
간뇌,间脑
간뇌도지,肝脑涂地
간니,看你
간다,干爹
간단,简单; 间断; 简短
간단로동,简单劳动
간단명료,简单明了
간단성,间断性; 简单性
간단화,简单化
간담,肝胆; 恳谈
간담상조,肝胆相照
간담회,恳谈会
간답,简答
간답제,简答题
간당,肝糖
간대,看待; 看台; 间带; 肝大
간대산,侃大山
간도,看到; 赶到; 干掉; 干道; 拣到; 简图
간독,简牍
간동,看懂
간두,看头
간두지세,竿头之势
간득견,看得见
간득과,看得过
간득급,赶得及
간득기,看得起
간득상,赶得上
간득청초,看得清楚
간득출,看得出
간득호,干得好
간등,刊登; 干等
간락,干酪
간래,看来; 赶来
간랭,干冷
간략,简略
간량,干粮
간력,简历
간련,干练; 简练
간렬,干裂
간로,赶路; 干路
간료,看了
간료간,看了看
간루,简陋
간류,干流
간마,干吗; 干嘛; 干妈
간만,干满
간망,看望; 赶忙
간매,看呆
간맥,肝脉
간면,干面; 擀面
간면장,擀面杖
간명,简明; 刊名
간명아,赶明儿
간명액요,简明扼要
간묘,间苗
간문,看门
간문인,看门人
간물,刊物
간미연,简美妍
간박,简朴
간반,间盘; 干饭
간발,间发; 刊发
간방자,看房者
간배,干杯
간벌,间伐
간범,简凡
간법,看法
간변,间变
간별,干瘪
간병,看病; 肝病
간병인,看病人
간보,简报; 看报; 简谱
간본,刊本
간부,干部; 赶赴; 奸夫
간부견,看不见
간부과,看不过; 干不过
간부관,看不惯
간부급,干部级; 赶不及
간부기,看不起
간부문,干部们
간부상,赶不上
간부상안,看不上眼
간부순안,看不顺眼
간부용발,间不容发
간부청,看不清
간부청초,看不清楚
간부출래,看不出来
간부하방,干部下放
간부화,干部化
간부회,干部会
간분,简体; 干粉; 间体
간분자,简体字
간불용발,间不容发; 间不容发
간빙,干冰
간빙기,间冰期; 间氷期
간사,奸诈; 奸邪; 干事; 看死; 简史; 简写; 干丝
간사국,干事国
간사업,干事业
간사장,干事长
간삼,简森
간삽,干涩; 艰涩
간상,赶上; 看上; 奸商; 干爽; 看相; 杆状
간상거,看上去
간상료,看上了
간상안,看上眼
간서,看书
간석지,干潟地
간선,干线; 干鲜; 拣选
간선망,干线网
간섭,干涉
간섭기,干涉期
간섭자,干涉者
간성,干城; 看成; 间性
간성지재,干城之材
간세,干洗; 奸细
간세점,干洗店
간세지배,奸细之辈
간세지재,间世之材
간세포,干细胞; 肝细胞
간소,简素; 肝素; 干笑; 奸笑
간소협,肝小叶
간소화,简素化; 看笑话; 肝素化
간수,看守; 干瘦
간수내각,看守内阁
간수소,看守所
간수정부,看守政府
간시,干尸
간시렬화,干柴烈火
간시모,赶时髦
간식,间食
간신,艰辛; 奸臣; 简讯
간신배,奸臣辈
간신적자,奸臣贼子
간심,艰深
간십마,干什么
간씨,简氏
간아,杆儿; 干儿
간아자,干儿子
간악,奸恶
간악무도,奸恶无道
간암,肝癌
간압,看押
간압자상가,赶鸭子上架
간애,简爱
간약,简约
간양,看样; 简阳
간양자,看样子
간어제초,间于齐楚
간여,干与
간역,简易
간열,干热
간열뇨,看热闹
간열풍,干热风
간염,肝炎
간예,干预
간오,奸污
간완,看完
간왕,赶往
간요,干扰; 简要
간요소,干扰素
간요신호,干扰信号
간우협,肝右叶
간운보월,看云步月
간웅,奸雄
간위,间位
간음,奸淫
간음죄,奸淫罪
간읍,干邑
간의,干衣
간의생,看医生
간이,简易; 简易
간이식당,简易食堂; 简易食堂
간이역,简易驿; 简易驿
간인,间印; 奸人; 刊印
간일간,看一看
간자,杆子; 竿子
간작,看作; 间作
간잡,间杂
간장,肝肠; 肝脏; 赶场; 简章; 干将; 简装
간장촌단,肝肠寸断
간재,刊载; 干才
간쟁,赶趟
간저,看低
간적,奸贼
간전지,干电池
간절,恳切
간점,干点
간접,间接
간접법,间接法
간접성,间接性
간접세,间接税
간접융자,间接融资
간접적,间接的
간접흡연,间接吸烟
간정,干净; 奸情; 简政; 干政
간정리락,干净利落
간정리색,干净利索
간정맥,肝静脉
간정형,看情形
간제,看齐
간조,干燥; 赶早
간조기,干燥器; 干燥机
간조류,赶潮流
간조상,干燥箱
간조제,干燥剂
간좌협,肝左叶
간주,看做; 间奏; 赶走
간주관적,间主观的
간주안,看走眼
간중,看重; 看中
간증,干证
간지,奸智; 干支
간지류,干支流
간직,简直
간진살절,赶尽杀绝
간질,癎疾; 看跌
간질기,看跌期
간집,赶集
간징안,干瞪眼
간차,赶车
간착,看着; 赶着; 干着
간착간착,看着看着
간착급,干着急
간착판,看着办
간창,看涨
간창기,看涨期
간채,干菜
간척,干拓
간척지,干拓地
간천,看穿
간첩,间谍; 简捷
간첩단,间谍团
간청,恳请
간체자,简体字
간체자화,简体字化
간초,赶超; 干草
간총관,肝总管
간축,干缩
간출,看出; 刊出
간출거,赶出去
간충질,间充质
간취,看取; 干脆
간취리락,干脆利落
간친회,恳亲会
간칭,简称; 杆秤
간쾌,赶快
간택,拣择
간투,看透
간파,看破; 干巴
간파파,干巴巴
간파홍진,看破红尘
간판,看板
간패,干贝
간편,简便; 看扁
간편성,简便性
간편식,简便食
간포,赶跑
간포채,柬埔寨
간포채전대,柬埔寨电台
간풍수,看风水
간피,间皮
간피류,间皮瘤
간하,干下
간한,干旱
간해,干咳
간행,刊行
간행물,刊行物
간헐,间歇
간헐기,间歇期
간헐성,间歇性
간헐식,间歇式
간헐적,间歇的
간험,艰险
간호,看护; 看好; 刊号
간호대,看护队
간호대학,看护大学
간호복,看护服
간호부,看护妇
간호부장,看护部长
간호사,看护师
간호실,看护室
간호원,看护员
간호학과,看护学科
간혹,间或
간혼미,肝昏迷
간화,简化; 肝火
간화매,羟化酶
간화왕,肝火旺
간화자,简化字
간활,干活; 奸猾
간활아,干活儿
간회,赶回
간회거,赶回去
간회래,赶回来
간후,干涸
간후단,干骺端
간휴소,干休所
간흘,干吃
간흡훼,肝吸虫
간희,看戏
갈,喝; 葛; 渴; 竭; 褐; 噶; 秸; 蝎; 碣; 羯; 曷; 骱; 鞨; 轕; 鹖; 輵; 蠍
갈간,秸秆; 喝干
갈갈,喝喝
갈갈주,喝喝酒
갈검웅,葛剑雄
갈격,葛格
갈구,渴求
갈근,葛根
갈근소,葛根素
갈급,渴急
갈남위,葛南威
갈대야,葛大爷
갈도,喝道
갈도채,喝倒彩
갈등,葛藤
갈등론적,葛藤论的
갈등형,葛藤型
갈라미가,葛罗米柯
갈랑대,葛朗台
갈력,竭力
갈령,喝令
갈망,渴望
갈매,褐煤
갈모,葛某
갈문,喝问
갈반,渴盼
갈변,褐变
갈비,葛菲
갈비슬,褐飞虱
갈색,褐色
갈서북풍,喝西北风
갈석,碣石
갈선생,葛先生
갈성,竭诚
갈송,葛荣
갈수기,渴水期
갈애,渴爱
갈우,葛优
갈이,噶尔
갈이천정,渴而穿井
갈자,蝎子
갈자문,蝎子们
갈정,葛征
갈주,喝酒
갈주파,葛洲坝
갈주파전창,葛洲坝电厂
갈증,渴症
갈지,喝止
갈진,竭尽
갈진림,葛振林
갈진전력,竭尽全力
갈질,喝叱
갈차,喝茶
갈채,喝采; 喝彩
갈충보국,竭忠报国
갈취,喝取; 喝醉
갈취료,喝醉了
갈취형,喝取型
갈탄,褐炭
갈택이어,竭泽而渔
갈파,喝破
갈포,葛布
갈품양,葛品扬
갈홍,葛洪
갈홍림,葛红林
감,感; 敢; 监; 减; 甘; 鉴; 堪; 砍; 憾; 坎; 勘; 嵌; 碱; 撼; 橄; 酣; 憨; 瞰; 邯; 龛; 柑; 苷; 淦; 戡; 绀; 蚶; 泔; 疳; 阚; 鳡; 坩; 澉; 磡; 鹐; 矙; 竷; 粓; 鍳; 咁; 赣; 減; 監; 凵; 冚; 鑒
감가,坎轲; 坎坷; 砍价; 减价; 甘家
감가부평,坎坷不平
감가상각비,减价偿却费
감각,感觉
감각도,感觉到
감각적,感觉的
감감가가,坎坎坷坷
감감비,减减肥
감강,邯钢; 赣江; 感奋
감강집단,邯钢集团
감개,感慨
감개만단,感慨万端
감개만천,感慨万千
감개무량,感慨无量
감거,减去; 甘居
감건,甘健
감격,感激
감격부진,感激不尽
감격적,感激的
감격체령,感激涕零
감견,坎肩
감경,减轻
감고,监考; 甘苦
감고원,监考员
감곡현,甘谷县
감곤,坎昆
감공,监控; 监工
감공계통,监控系统
감공정서,监控程序
감과,坩埚
감관,监管; 感官
감관자,监管者
감광,感光
감광도,感光度
감광지,感光纸
감광판,感光板
감구지회,感旧之怀
감군,减军
감귤,柑橘
감귤류,柑橘类
감극,赣剧
감금,监禁
감금당,监禁当
감금속,碱金属
감금죄,监禁罪
감기,感气; 碱基
감기대,碱基对
감기약,感气药
감남,赣南; 甘南
감내,堪耐
감념,感念
감녕,甘宁
감다,甘多
감단,邯郸; 砍断
감단시,邯郸市
감당,堪当; 敢当; 甘当
감대합,坎大哈
감대합성,坎大哈省
감도,感到; 砍掉; 砍刀; 减掉; 砍倒; 碱度
감도명,甘道明
감도부,甘道夫
감도의외,感到意外
감독,减毒; 监督
감독강,监督岗
감독관,监督官
감독권,监督权
감독론,监督论
감독법,监督法
감독상,监督赏
감독원,监督院; 监督员
감독자,监督者
감독정서,监督程序
감독직,监督职
감동,感动; 撼动
감동북,赣东北
감동신수,感同身受
감동적,感动的
감두,砍头
감람,橄榄; 甘蓝
감람구,橄榄球
감람구새,橄榄球赛
감람석,橄榄石
감람암,橄榄岩
감람유,橄榄油
감량,减量
감로,甘露
감로당,甘露糖
감로부감언,敢怒不敢言
감로순,甘露醇
감뢰,监牢
감리,监利
감리자,监理者
감리현,监利县
감림,甘霖
감만,减慢
감말랍,坎帕拉
감면,减免
감면세,减免税
감명,感铭
감모,感冒; 甘某
감미,甘味; 甘美
감미료,甘味料
감반,减半
감방,勘放; 监房
감배랍,堪培拉
감배하풍,甘拜下风
감벌,砍伐
감법,减法
감변,坎边
감별,鉴别
감별력,鉴别力
감복,感服
감봉,减俸
감봉봉,甘凤凤
감봉지,甘凤池
감불생심,敢不生心; 敢不生心
감비,减肥; 坎比
감비법,减肥法
감비아색,坎比亚索
감비약,减肥药
감비자,减肥者
감사,勘查; 感谢; 监事; 监司; 监查; 憾事; 敢死; 甘斯
감사관,监查官
감사권,监查权
감사대,敢死队
감사반,监查班
감사반원,监查班员
감사비,感谢费
감사신,感谢信
감사실,监查室
감사원,鉴查员
감사절,感谢节
감사회,监事会
감산,减产
감살,砍杀
감살사,堪萨斯
감살사성,堪萨斯城
감살사주,堪萨斯州
감상,感伤; 感想; 鉴赏; 敢想
감상가,鉴赏家
감상감간,敢想敢干
감상문,感想文
감상실,鉴赏室
감상자,鉴赏者
감상적,感伤的
감상주의,感伤主义
감상회,鉴赏会
감색,减色; 绀色
감서,甘薯
감성,感性; 碱性; 砍成
감성적,感性的
감성화,感性化
감세,减税
감소,减少; 减小; 感召; 憨笑
감소력,感召力
감소분,减少分
감소성,减少性
감소세,减少势
감소율,减少率; 减少率
감소치,减少值; 减少値
감속,减速
감속기,减速器
감손,减损
감수,感受; 甘受; 甘水; 甘遂; 酣睡; 泔水
감수기,感受器
감수력,感受力
감수분렬,减数分裂
감수성,感受性
감수자도,监守自盗
감숙,甘肃
감숙대,甘肃队
감숙성,甘肃省
감숙유아원,甘肃幼儿园
감순,甘醇
감시,监视; 砍柴
감시권,监视圈
감시기,监视器
감시대,监视台
감시망,监视网
감시원,监视员
감시자,监视者
감시탑,监视塔
감식,鉴识; 减息
감신,减薪; 甘辛
감심,甘心; 监审
감심정원,甘心情愿
감아정,坎儿井
감안,勘案
감안산,甘氨酸
감압,减压
감압벌,减压阀
감애감한,敢爱敢恨
감액,减额
감약,减弱
감언,感言
감언이설,甘言利说; 甘言利说
감여,堪舆
감연,酣然
감염,感染
감염력,感染力
감염률,感染率
감염성,感染性
감염자,感染者
감영,监营; 甘英
감오,感悟
감옥,监狱
감옥선,监狱船
감옥소,监狱所
감온,甘温
감완,减缓
감외집행,监外执行
감우,鉴于; 敢于; 感叹; 堪忧; 甘于
감우호,感叹号
감원,减员; 甘愿
감월,赣粤
감위,监委; 感喟
감위인선,敢为人先
감위천하선,敢为天下先
감유,甘油; 赣榆
감유지,甘油酯
감유현,赣榆县
감은,感恩
감은대덕,感恩戴德
감은도보,感恩图报
감은절,感恩节
감읍,感泣
감응,感应
감응력,感应力
감응식,感应式
감인,感人
감인지심,感人至深
감인폐부,感人肺腑
감입,嵌入
감입식,嵌入式
감입식연건,嵌入式软件
감자,减资; 甘蔗; 甘孜; 柑子
감자주,甘孜州
감작감당,敢作敢当
감작감위,敢作敢为
감장춘,甘藏春
감재,减灾
감저,减低
감전,感电; 酣战
감점,减点
감정,感情; 憾情; 鉴定; 敢情; 鉴证; 甘靓; 勘定
감정부화,感情不和
감정비,鉴定费
감정성,感情性
감정용사,感情用事
감정인,鉴定人
감정자구,甘井子区
감정적,感情的; 憾情的
감정지와,坎井之蛙
감정회,鉴定会
감제,监制; 减除
감조,减租; 敢找
감주,赣州; 敢做; 甘州
감주시,赣州市
감주지구,赣州地区
감지,感知; 减持
감지기,感知器
감지덕지,感之德之
감지력,感知力
감지여이,甘之如饴
감지형,感知型
감직,憨直
감진,减震; 鉴真
감진기,减震器; 减振器
감질,疳疾
감찰,监察; 勘察
감찰가반도,堪察加半岛
감찰반,监察班
감찰부,监察部
감찰원,监察员; 监察院
감찰위원,监察委员
감찰청,监察厅
감창,减仓; 酣畅
감창림리,酣畅淋漓
감천,感天; 甘泉
감천동지,感天动地
감첨,甘甜
감청,绀青; 绀靑; 监听
감초,甘草
감촉,感触
감축,减缩
감축안,减缩案
감측,监测; 勘测
감측망,监测网
감치,监置
감칭,堪称
감탄,感叹
감탄고토,甘吞苦吐; 甘呑苦吐
감탄사,感叹词
감탐,勘探
감탐국,勘探局
감태,憨态
감태가국,憨态可掬
감통납,坎通纳
감퇴,减退
감투,敢鬪; 嵌套
감패,感佩
감패이,坎贝尔
감평군,甘平群
감표인,监票人
감하래,砍下来
감합분,嵌合体
감행,敢行
감험,勘验
감현,赣县
감형,减刑
감호,监护
감호권,监护权
감호병방,监护病房
감호소,监护所
감호인,监护人
감화,感化; 碱化
감화원,感化院
감회,感怀
감회수,碱回收
감후,憨厚
감휴,减亏; 甘休
감흥,感兴
감흥취,感兴趣
갑,甲; 匣; 闸; 钾; 瞌; 岬; 胛; 舺; 閘
갑각,甲壳
갑각류,甲壳类
갑간,甲肝
갑골,甲骨
갑골문,甲骨文
갑관,甲冠
갑구,闸口
갑근,甲根
갑급,甲级
갑기,甲基
갑기화,甲基化
갑남을녀,甲男乙女
갑등,甲等
갑문,闸门
갑부,甲富
갑북,闸北
갑북구,闸北区
갑분,甲苯; 甲酚
갑비,钾肥
갑사,甲纱
갑산,甲酸
갑상선,甲状腺
갑상선소,甲状腺素
갑선알,甲酰胺
갑수,瞌睡
갑수훼,瞌睡虫
갑순,甲醇
갑술,甲戌
갑신,甲申
갑어,甲鱼
갑염,钾盐
갑오,甲午
갑오개혁,甲午改革
갑오경장,甲午更张
갑오전쟁,甲午战争
갑완,甲烷
갑을병정,甲乙丙丁
갑인,甲寅
갑자,甲子; 匣子
갑족,甲族
갑종,甲种
갑주,甲胄
갑진,甲辰
갑천하,甲天下
갑철,甲醛
갑초서,甲硝唑
갑판,甲板
갑판부,甲板部
갑판부원,甲板部员
갑판장,甲板长
갑항,甲亢
갑형간염,甲型肝炎
갑호,甲号
갑훼,甲虫
갓,㖙
강,强; 讲; 江; 刚; 降; 康; 奋; 钢; 岗; 腔; 纲; 疆; 冈; 僵; 姜; 慷; 扛; 杠; 羌; 缰; 罡; 绛; 糠; 犟; 襁; 蜣; 跫; 豇; 镪; 糨; 礓; 舡; 耩; 筻; 㭎; 羗; 釭; 躿; 謽; 剛; 講; 強; 鋼; 岡; 崗; 薑
강가,降价; 康佳; 强加; 讲价; 江家; 姜家; 康家
강가량,江嘉良
강가우,强加于
강가우인,强加于人
강가집단,康佳集团
강간,强奸; 杠杆; 江干
강간구,江干区
강간당,强奸当
강간미수,强奸未遂
강간범,强奸犯
강간안,强奸案
강간죄,强奸罪
강감,强碱
강강,刚刚; 讲讲; 刚强; 康康; 强强; 江江
강강수월래,强羌水越来
강강온,降降温
강개,慷慨; 康凯
강개격앙,慷慨激昂
강개소,降钙素
강개진사,慷慨陈词
강개해낭,慷慨解囊
강거,康居
강건,强健; 康健; 刚健; 康乾
강건청,姜建清
강격,降格
강격기,强击机
강결,康洁
강결구,钢结构
강결장,降结肠
강경,强劲; 强硬; 僵硬; 刚劲; 刚硬
강경론,强劲论
강경론자,强劲论者
강경유력,刚劲有力
강경책,强劲策
강경파,强劲派; 强硬派
강계,疆界
강고,强固; 讲稿; 讲古
강고성,强固性
강곤,姜昆; 姜坤
강골,钢骨
강공,强攻
강과,讲课; 刚果
강관,钢管
강광,强光
강굉,姜宏
강교,刚巧; 钢桥
강교기지,康桥基地
강구,江口; 讲究; 强求; 讲求
강구연월,康衢烟月
강구현,江口县
강국,强国; 僵局
강국부민,强国富民
강국성,江国成
강군,强军
강권,强劝; 强权; 钢圈
강궤,钢轨
강극청,康克清
강극홍,姜克红
강근,钢筋
강근수니,钢筋水泥
강근지친,强近之亲
강근철골,钢筋铁骨
강금,钢琴
강금가,钢琴家
강금사,钢琴师
강급,降级
강기,奋起; 强记; 降旗
강기설,康琪雪
강기직추,奋起直追
강남,江南
강남고진,江南古镇
강남구,江南区
강남대학,江南大学
강남도,江南道
강남서,江南西
강남시보,江南时报
강남조선창,江南造船厂
강남지구,江南地区
강납,康纳
강납리,康纳利
강납사,康纳斯
강내,康奈
강내이대학,康奈尔大学
강내형,康乃馨
강녀사,姜女士; 江女士
강녕,康宁; 江宁; 姜宁
강녕구,江宁区
강녕로,江宁路
강노지말,强弩之末
강니,康妮
강다,强多
강단,讲坛; 江段
강담,讲谈
강당,讲堂; 姜糖
강대,强大; 讲台; 钢带
강대국,强大国
강대명,姜大明
강덕,康德
강도,刚度; 强度; 强盗; 降到; 讲道; 钢刀; 江都; 江涛; 强渡; 姜涛
강도단,强盗团
강도문,强盗们
강도범,强盗犯
강도시,江都市
강독,讲读
강독용,讲读用
강돈,江豚
강동,江东
강동구,江东区
강동부로,江东父老
강두,豇豆
강득다,强得多
강등,降等
강등일,江腾一
강락,降落; 康乐
강락산,降落伞
강란,姜澜
강람,钢缆
강랍덕,康拉德
강랑,江浪
강랑재진,江郎才尽
강래특,康莱特
강량,钢梁
강력,强力; 奋力
강력반,强力班
강력범,强力犯
강력부,强力部
강력원,康力元
강렬,强烈; 刚烈
강렬화,强烈化
강령,纲领; 江铃; 强令; 杠铃; 江玲
강로사,江老师; 姜老师
강로잡,康路卡
강론,讲论
강룡,江龙
강루,岗楼
강류,江流; 强留
강릉,江陵
강리,讲理; 江里; 姜莉
강림,降临
강만,江湾
강만리,江万里
강만성,江湾城
강말,姜末
강매강매,强买强卖
강맹,强猛
강명,讲明; 姜明
강명사,康明斯
강모,姜某; 江某; 康某; 康模
강목수생,刚木水生
강몽군,康梦君
강무,讲武
강문,江门; 姜文
강문시,江门市
강미,姜薇; 江米
강미기,江美琪
강민,江民; 江敏; 姜敏
강민공사,江民公司
강박,强迫; 康博
강박감,强迫感
강박성,强迫性
강박적,强迫的
강박증,强迫症
강반기,降半旗
강발,奋发
강발도강,奋发图强
강발유위,奋发有为
강발향상,奋发向上
강방,江防
강배,钢坯
강배림,姜培琳
강배장,讲排场
강백,康柏
강법,讲法
강변,强辩; 江边
강변도로,江边道路
강별,江别
강병,钢瓶; 强兵
강병곤,江丙坤
강보,襁褓
강보래,康宝莱
강보합,强保合
강보합세,强保合势
강복,康复; 降服; 降伏; 康福
강복과,康复科
강복기,康复期
강복자,康复者
강부,降部
강부강,强不强
강부고신,奋不顾身
강북,江北
강북구,江北区
강북기장,江北机场
강북성,江北城
강분,刚体
강붕상,姜鹏翔
강비,康菲; 奋飞
강비아,冈比亚
강빈,江滨; 姜斌; 江彬
강사,讲师; 钢丝; 僵死; 钢渣; 强使
강사단,讲师团
강사부,康师傅
강사승,钢丝绳
강사진,讲师阵
강사탄정,康斯坦丁
강사탈리,强词夺理
강산,江山; 强酸; 江珊
강산도,江山岛
강산성,强酸性
강산시,江山市
강산여차다교,江山如此多娇
강산역개,江山易改
강살뢰사,冈萨雷斯
강삼,姜森
강상,岗上; 姜尚
강상소학,刚上小学
강상운,江上云
강상지변,纲常之变
강새,强赛
강새중,强赛中
강색,钢索
강생,降生; 康生; 强生
강생공사,强生公司
강서,江西
강서남창,江西南昌
강서농업대학,江西农业大学
강서대,江西队
강서로,江西路
강서사범대학,江西师范大学
강서성,江西省
강서성위,江西省委
강서위시,江西卫视
강서의학원,江西医学院
강서일보,江西日报
강서재경대학,江西财经大学
강선생,江先生; 姜先生; 康先生
강설,讲说; 降雪; 江雪
강설군,姜雪君
강설량,降雪量
강설려,姜雪丽
강성,强性; 强盛; 刚性; 江城; 钢城
강성사,康城四
강성시,江城市
강성자,江城子
강세,强势
강소,江苏; 强笑
강소곤산,江苏昆山
강소교육출판사,江苏教育出版社
강소남,江苏南
강소남강대,江苏南钢队
강소남경,江苏南京
강소대,江苏队
강소대학,江苏大学
강소로,江苏路
강소새구,江苏赛区
강소성,江苏省
강소성교육청,江苏省教育厅
강소성물가국,江苏省物价局
강소성위,江苏省委
강소성인민의원,江苏省人民医院
강소성중의원,江苏省中医院
강소위시,江苏卫视
강소은행,江苏银行
강소의,姜笑依
강소저,江小姐; 姜小姐
강소전시대,江苏电视台
강소지구,江苏地区
강소학,江小鹤
강속구,强速球
강수,强手; 降水; 讲授; 钢水
강수량,降水量
강수여림,强手如林
강수영,江水英
강술,讲述
강술자,讲述者
강습,讲习; 强袭
강습소,讲习所
강습회,讲习会
강승,缰绳
강시,僵尸; 强时
강시단,江诗丹
강시문,僵尸们
강신,强身; 强肾; 姜晨
강신무,降神巫
강심,江心; 强心
강심제,强心剂
강심주,江心洲
강심침,强心针
강씨,江氏; 姜氏; 康氏
강안,江岸; 江安
강안구,江岸区
강안환소,强颜欢笑
강압,强压; 降压
강압적,强压的
강약,强弱
강약부동,强弱不同
강약중,江跃中
강양,江阳; 姜洋
강양대도,江洋大盗
강언,姜堰
강언시,姜堰市
강여,强如
강역,疆域
강연,讲演; 康娟; 奋然; 康缘
강연남,康燕南
강연회,讲演会
강열적격주,康涅狄格州
강영,康永; 江永
강영맹,强永猛
강영용,江映蓉
강옥,刚玉
강옥남,江玉南
강옥범,江玉帆
강온,降温
강요,强要
강요당,强要当
강용,奋勇
강용살활,奋勇杀敌
강용쟁선,奋勇争先
강용향전,奋勇向前
강우,降雨; 强于
강우대,强于大
강우량,降雨量
강원,江源; 强援; 江元
강원도,江原道
강위,岗位; 姜伟; 强卫; 江玮; 强为; 江伟
강위신,姜伟新
강위업,康伟业
강위진첩,岗位津贴
강위책임제,岗位责任制
강유,姜瑜; 刚柔; 康维; 姜维; 江油
강유겸전,刚柔兼全
강유력,强有力
강유상제,刚柔相济
강유시,江油市
강유위,康有为
강육항,姜育恒
강은,江恩
강은주,姜恩柱
강은패,康恩贝
강음,江阴
강음시,江阴市
강의,讲义; 刚毅
강의기,讲义气
강의록,讲义录
강의실,讲义室
강이유력,强而有力
강인,强靭; 强人; 强韧; 钢印
강인성,强靭性
강인소난,强人所难
강인수,康人寿
강일한,江逸寒
강임,降临
강자,强者; 强子; 杠子; 江孜
강자아,姜子牙
강작,强作
강잠,僵蚕
강장,强壮; 强将; 康庄
강장고,强壮膏
강장대도,康庄大道
강장제,强壮剂
강장지년,强壮之年
강재,刚才; 钢材
강저,降低; 江姐
강저도,降低到
강저사산,冈底斯山
강적,强敌; 羌笛
강적송,强的松
강전,奋战; 强战; 强电
강전중,强战中
강절,江浙
강절지구,江浙地区
강점,强占; 强点
강점기,强占期
강정,岗亭; 康定; 强征; 钢锭; 讲情; 刚正
강정면,讲情面
강정부아,刚正不阿
강제,强制; 江堤; 讲题
강제력,强制力
강제법,强制法
강제성,强制性
강제적,强制的
강조,强调; 腔调; 钢条; 江潮
강조건,讲条件
강족,羌族
강종,钢种
강좌,讲座; 江左
강주,江州; 钢珠
강주석,江主席
강준무,姜俊武
강중집단,江中集团
강증위,姜增伟
강지,降至; 僵持; 强之; 岗地
강지렬,强之列
강지부하,僵持不下
강지최저,降至最低
강직,刚直; 强直; 僵直
강직부아,刚直不阿
강직성,强直性
강진,奋进; 江津; 强震; 降尘
강진시,江津市
강진요,江振尧
강차,姜茶
강착강착,讲着讲着
강창,钢厂; 钢窗; 钢枪
강천,钢钎; 江川
강천도,江天涛
강철,钢铁; 江哲; 糠醛
강철류,钢铁类
강철업,钢铁业
강철우,姜哲雨
강청,江青; 姜青
강체,康达
강체이,康达尔
강초,岗哨
강총서기,江总书记
강춘운,姜春云
강침,钢针
강타,强打
강타자,强打者
강타정신,强打精神
강탈,强夺
강태,康泰
강태공,姜太公
강태다,强太多
강택민,江泽民
강토,疆土
강투,奋斗
강투종신,奋斗终身
강파,姜波; 江波
강판,姜板; 钢板
강퍅,刚愎
강퍅자용,刚愎自用
강편,钢鞭
강평,讲评; 江平; 康平
강포,江布; 江浦
강폭,强暴
강풍,强风; 江枫
강풍명월,江风明月
강필,钢笔
강필질서,奋笔疾书
강핍,强逼
강하,降下; 江河; 江夏
강하구,江夏区
강하일하,江河日下
강학,讲学
강한,强悍; 江汉
강한구,江汉区
강한로,江汉路
강한평원,江汉平原
강항,强项
강해,讲解; 降解; 姜海; 江海
강해원,讲解员
강해천,江海天
강행,强行
강행군,强行军
강험보,强险保
강현,绛县
강호,强豪; 江湖; 刚好; 糨糊
강호연파,江湖烟波
강호편자,江湖骗子
강혹,强或
강홍,江洪
강화,强化; 讲和; 讲话; 僵化; 江华; 姜华; 钢花; 钢化
강화책,强化策
강화파리,钢化玻璃
강활,羌活
강황,姜黄
강회,江淮; 钢盔
강횡,强横
강효,强效
강효봉,江晓峰
강효부,江晓芙
강휘,康辉
강흔,姜昕
강희,康熙
강희제,康熙帝
개,个; 开; 改; 价; 概; 介; 盖; 凯; 岂; 慨; 丐; 尬; 钙; 磕; 恺; 溉; 揩; 芥; 铠; 闿; 锴; 忾; 疥; 蚧; 锎; 剀; 喈; 恝; 戤; 葢; 稭; 蒈; 垲; 衸; 個; 皆; 開; 嘅; 嗰; 蓋; 凱; 玠
개가,凯歌; 改嫁; 开价; 开架
개가식,开架式
개각,改阁; 开脚
개각설,改阁说
개간,开垦; 开间
개갑,铠甲; 开闸
개강,开讲; 开腔; 开江
개강척토,开疆拓土
개개,个个; 开开; 磕磕
개개반반,磕磕绊绊
개개심심,开开心心
개개안,开开眼
개개인,个个人
개개팽팽,磕磕碰碰
개건,改建
개경,开镜
개계,开启
개고,个股; 改稿
개공,开工
개공률,开工率
개과,改过; 开课; 盖过; 开锅
개과자신,改过自新
개과천선,改过迁善
개관,开馆; 概观; 改观; 槪观
개관식,开馆式
개관일,开馆日
개관정론,盖棺定论
개괄,概括
개괄성,概括性
개괄적,概括的; 槪括的
개광,开光; 开矿
개교,个校; 开校
개교기념일,开校记念日
개교회,个教会
개구,开口; 开具; 开球; 改口; 个旧; 开沟
개구시,个旧市
개구즉착,开口即错
개구폐구,开口闭口
개국,个国; 开国; 开局
개국원훈,开国元勋
개굴,开掘
개궁몰유회두전,开弓没有回头箭
개권,开卷
개권유득,开卷有得
개권유익,开卷有益
개규,开窍; 改叫
개금,开禁; 开襟
개기,改期; 凯奇
개기래,盖起来
개낙,凯诺
개년,个年; 开年
개념,概念; 槪念
개념성,概念性
개념적,概念的; 槪念的
개념화,概念化; 槪念化
개단,开端
개당,开膛
개당고,开裆裤
개대,开台
개대환희,皆大欢喜
개덕,盖德; 凯德
개덕광장,凯德广场
개도,开到; 开刀; 改掉; 开导; 开道; 改道
개도국,开途国
개도차,开倒车
개동,改动; 开动
개동기기,开动机器
개두,开头; 个头; 磕头; 盖头
개두아,个头儿
개두환면,改头换面
개등,开灯
개라,开罗; 开锣
개락,凯乐
개락보,盖洛普
개란,开滦; 芥兰
개람,概览; 芥蓝
개랑,开朗
개략,概略
개략적,概略的; 槪略的
개량,改良
개량적,改良的
개량종,改良种
개량주의,改良主义
개량품종,改良品种
개량형,改良型
개량화,改良化
개려,凯丽
개력,改历
개렬,开裂; 开列
개렴,开镰
개로,开路; 开颅; 开炉
개로선봉,开路先锋
개록등,开绿灯
개론,概论
개뢰,凯雷
개뢰집단,凯雷集团
개룡,凯龙
개류,开溜
개률,概率
개률론,概率论
개륵,凯勒
개리,凯里; 凯利; 凯莉
개리시,凯里市
개막,开幕
개막능외,概莫能外
개막사,开幕词
개막식,开幕式
개막일,开幕日
개막작,开幕作
개막전,开幕战
개막전례,开幕典礼
개만군도,开曼群岛
개말,芥末
개명,开明; 改名
개명화,开明化
개명환성,改名换姓
개모,概貌
개문,开门; 凯文
개문견산,开门见山
개문납적,开门纳贼
개문판학,开门办学
개문홍,开门红
개미린비,钙镁磷肥
개박,开拍
개반,开盘; 开饭; 盖饭
개반가,开盘价
개발,开发; 开拔
개발계통,开发系统
개발과정,开发过程
개발구,开发区
개발단,开发团
개발도상국,开发途上国
개발량,开发量
개발류,开发类
개발부,开发部
개발부장,开发部长
개발비,开发费
개발사,开发社
개발서,开发书
개발설,开发说
개발성,开发性
개발식,开发式
개발실장,开发室长
개발업,开发业
개발원,开发员
개발은행,开发银行
개발자,开发者
개발학과,开发学科
개발형,开发型
개방,开房; 开放; 丐帮; 开方
개방간,开房间
개방계,开放系
개방계통,开放系统
개방론,开放论
개방론자,开放论者
개방률,开放率; 开放率
개방미,开放美
개방성,开放性
개방식,开放式
개방자,盖房子
개방적,开放的
개방형,开放形; 开放型
개방화,开放化
개벽,开辟
개변,改变
개변자,改变者
개별,个别
개별단위,个别单位
개별령도,个别领导
개별성,个别性
개별인,个别人
개별자,个别者
개별적,个别的
개별지구,个别地区
개별체,个别体
개별현상,个别现象
개별화,个别化
개병,开屏
개병기,开瓶器
개보,开宝; 开步
개보돈,开普敦
개복구,开福区
개본,开本
개봉,开封
개봉관,开封馆
개봉성,开封城
개봉시,开封市
개봉작,开封作
개부,开赴
개분,个体
개분공상호,个体工商户
개분성,个体性
개분호,个体户
개분화,个体化
개사,个社; 改词; 改写; 介词; 凯斯
개사귀정,改邪归正
개산,开山; 概算
개산비조,开山鼻祖
개살,凯撒
개살대제,凯撒大帝
개상,盖上
개새,开赛
개색,改色
개서,凯西; 盖瑞
개석,开石
개선,凯旋; 改善; 改选; 开船; 改线; 开线; 疥癣
개선광정,改善匡正
개선률,改善率
개선문,凯旋门
개선성,改善性
개선안,改善案
개선이귀,凯旋而归
개선책,改善策
개선하,开先河
개선형,改善型
개설,开设; 开说
개설서,概说书; 槪说书
개설적,概说的; 槪说的
개성,个性; 改性; 开城; 开成
개성공업원구,开城工业园区
개성미,个性美
개성적,个性的
개성제,改性剂
개성파,个性派
개성포공,开诚布公
개성화,个性化
개세,盖世
개세영웅,盖世英雄
개세지재,盖世之才
개세태보,盖世太保
개소,个所; 介绍; 开关; 开销
개소개소,介绍介绍
개소궤,开关柜
개소비,介绍费
개소신,介绍信
개소인,介绍人
개소차,开小差
개쇄,开涮
개수,个数; 改修; 开水
개술,概述
개슬림,凯瑟琳
개시,开始; 开市
개시기,开始期
개시론,开始论
개시일,开始日
개시채단,开始菜单
개식형,个式型
개신교,改新教
개신교계,改新教界
개심,改心; 开心; 开审
개아,个我; 个儿
개악,改恶
개안,开眼; 个案; 开颜
개안계,开眼界
개알,开挖
개야차,开夜车
개약,开药
개양,开阳; 开洋
개양현,开阳县
개언,开言
개업,开业
개연,盖然; 开演; 慨然
개연성,盖然性
개연적,盖然的
개옥개행,改玉改行
개완,盖碗
개완소,开玩笑
개왕,开往
개외,开外
개요,概要; 槪要
개요란,概要栏; 槪要栏
개용,改用
개우,介于; 慨叹
개원,开院; 开元; 开园; 开远; 改元; 开原
개원구,开元区
개원사,开元寺
개원절류,开源节流
개원집단,开元集团
개월,个月
개위,开胃; 个位
개위채,开胃菜
개유,揩油
개은,开垦; 凯恩; 开恩
개은사,凯恩斯
개의,介意
개이,凯尔; 盖伊; 盖尔
개이삼기흥,盖尔森基兴
개이특,凯尔特
개인,个人; 皆因; 盖印
개인계산기,个人计算机
개인고,个人股
개인기,个人技
개인별,个人别
개인사,个人史
개인새,个人赛
개인소득,个人所得
개인용품,个人用品
개인장,个人奖
개인저축,个人储蓄
개인적,个人的
개인전,个人展; 个人战
개인전뇌,个人电脑
개인주의,个人主义
개인주의적,个人主义的
개인차,个人差
개인화,个人化
개일,改日
개일만,凯日曼
개임,改任
개입,介入
개입설,介入说
개입성,介入性
개자,个子; 盖茨; 盖子; 芥子; 介子
개자기,芥子气
개자기금회,盖茨基金会
개자유,芥子油
개작,改作
개작권,改作权
개장,开场; 改装; 开张; 开奖; 盖章
개장백,开场白
개재,介在
개재절,开斋节
개적,凯迪
개적랍극,凯迪拉克
개전,开战; 改悛; 开展
개전상수,介电常数
개점,开店
개정,改定; 改正; 改订; 开庭; 开征
개정권,改定权
개정안,改正案
개정판,改订版
개제,改制; 开除
개조,个条; 开祖; 改造; 改组
개조환대,改朝换代
개족마력,开足马力
개종,改宗; 改种
개종명의,开宗明义
개죄,开罪
개주,开走; 盖住
개중,个中
개지,开支
개진,开陈; 改进; 开进
개진형,改进型
개질,介质
개차,开车; 开衩
개착,开凿; 改错
개찬,开钻
개찰,改札
개찰구,改札口
개창,开创; 开枪; 个唱; 开敞; 疥疮
개창성,开创性
개창자,开创者
개채,开采; 芥菜
개채권,开采权
개채량,开采量
개채업,开采业
개척,开拓
개척성,开拓性
개척자,开拓者
개척적,开拓的
개천,改天
개천절,开天节
개천피지,开天辟地
개천환지,改天换地
개체,个体; 改替; 凯蒂; 芥蒂
개체격,凯达格
개체성,个体性
개체이,盖达尔
개체적,个体的
개체화,个体化
개초,开初
개촌,开村
개최,开催
개최지,开催地
개추,改锥
개축,改筑
개춘,开春
개칭,改称; 开秤
개쾌차,开快车
개타,开打
개탄,慨叹
개탄조,慨叹调
개탈,开脱
개탈죄책,开脱罪责
개태,开泰
개택사로등,凯泽斯劳滕
개토,改土
개통,开通
개통식,开通式
개특,凯特
개파,开播; 个把
개파편,盖玻片
개판,开办; 改版; 改判
개판비,开办费
개판자,开办者
개팽,磕碰
개편,改编; 开篇; 开遍
개편안,改编案
개평,开平
개평시,开平市
개폐,开闭; 改废
개폐식,开闭式
개포,开炮
개표,开票; 开标
개피,开辟
개하,开河
개학,开学
개항,开港; 开航
개해,开解
개행,开行; 改行
개헌,改宪
개헌선,改宪线
개헌안,改宪案
개혁,改革
개혁가,改革家
개혁개방,改革开放
개혁론,改革论
개혁안,改革案
개혁자,改革者
개혁적,改革的
개혁파,改革派
개혁풍,改革风
개현,开县
개현경장,改弦更张
개현역철,改弦易辙
개협,个协
개형,改型
개호,开户; 介乎
개호비,开户费
개화,开化; 开花; 改化; 开火; 钙化
개화결과,开花结果
개화기,开化期; 开花期
개화파,开化派
개화현,开化县
개환,改换; 开环
개환문정,改换门庭
개활,开豁; 开阔
개활지,开豁地; 开阔地
개황,概况; 开荒; 开皇
개회,开会; 开怀; 介怀
개회사,开会辞
개회식,开会式
개회창음,开怀畅饮
개후문,开后门
개훈,开荤
개휴,介休
객,客; 喀; 塥; 碦
객가,客家
객가인,客家人
객가화,客家话
객객기기,客客气气
객거,客居
객경,客卿
객관,客观; 客串; 客官
객관성,客观性
객관식,客观式
객관적,客观的
객관제,客观题
객관주의,客观主义
객관화,客观化
객기,客气; 客机
객기화,客气话
객대,客队
객류,客流
객류량,客流量
객륜,客轮
객만,客满
객맥륭,喀麦隆
객맥륭대,喀麦隆队
객반위주,客反为主
객방,客房
객분,客体
객사,客死; 客舍
객사특,喀斯特
객상,客商
객석,客席
객선,客船
객실,客室
객십,喀什
객십시,喀什市
객십지구,喀什地区
객운,客运
객운량,客运量
객운참,客运站
객원,客员; 客源
객위,客位
객인,客人
객인문,客人们
객잔,客栈
객장,客场
객점,客店
객좌,客座
객좌교수,客座教授
객좌률,客座率
객주,客主
객중보체,客中宝体
객지,客地
객차,客车
객찰,喀嚓
객창,客舱
객창한등,客窗寒灯; 客窓寒灯
객청,客厅
객체,客体
객체적,客体的
객체화,客体化
객추사,喀秋莎
객토목,喀土穆
객투,客套
객투화,客套话
객포이,喀布尔
객표,客票
객호,客户
객호문,客户们
객화,客货
객화운,客货运
갯,㖋; 㖎
갱,更; 坑; 赓; 羹; 铿; 粳; 硁; 秔; 羮
갱갱와와,坑坑洼洼
갱구,坑口
갱년기,更年期; 更年期
갱도,坑道; 粳稻
갱목,坑木
갱몽괴편,坑蒙拐骗
갱미,粳米
갱생,更生; 更生
갱신,更新; 更新
갱와,坑洼
갱유분서,坑儒焚书
갱인,坑人
갱장,铿锵
갱장유력,铿锵有力
갱탕,羹汤
갱편,坑骗
갱해,坑害
갹,噱; 醵; 臄; 谻
갹두,噱头
갹출,醵出
거,去; 据; 车; 举; 居; 巨; 距; 拒; 键; 柜; 渠; 锯; 炬; 踞; 遽; 祛; 钜; 榉; 苣; 莒; 倨; 讵; 裾; 醵; 蕖; 璩; 蘧; 磲; 琚; 菃; 袪; 椐; 虡; 胠; 鐻; 秬; 筥; 簴; 艍; 粔; 佢; 舉; 據
거가,居家; 举家; 巨贾
거가대족,巨家大族
거가생활,居家生活
거간,居间
거개,举皆; 擧皆; 锯开
거거,去去
거거익심,去去益甚
거결장,巨结肠
거경,巨鲸
거경궁리,居敬穷理
거고부하,居高不下
거고임하,居高临下
거골,距骨
거공,居功; 键控
거공자오,居功自傲
거관,巨款; 去官; 居官
거구,巨躯; 巨口
거국,举国
거국상하,举国上下
거국적,举国的; 擧国的
거극화,去极化
거금,巨金; 巨金
거기,举起
거기부정,举棋不定
거기조박,去其糟粕
거년,去年
거니적,去你的
거다,居多
거단,锯断
거대,巨大
거대화,巨大化
거도,渠道; 去掉
거동,举动; 擧动
거동금춘,去冬今春
거두,巨头; 举头
거두문,巨头们
거두절미,去头截尾
거랑,巨浪
거래,去来
거래량,去来量
거래선,去来先
거래세,去来税
거래액,去来额
거래자,去来者
거래점,去来店
거래제,去来制
거래처,去来处
거량,巨量; 渠梁
거련,举联
거례,举例
거례설명,举例说明
거로,去路
거록,巨鹿
거론,举论; 擧论
거료,去了
거룡,巨龙
거류,去留; 居留; 巨流
거류권,居留权
거륜,巨轮
거리,距离; 居里; 据理
거리감,距离感
거리력쟁,据理力争
거만,倨慢
거말,锯末
거명,举名; 擧名
거목,巨木; 举目
거목무친,举目无亲
거무정소,居无定所
거무종,去无踪
거무패,巨无霸
거문불납,拒门不纳; 拒门不纳
거물,巨物
거민,居民
거민구,居民区
거민루,居民楼
거민문,居民们
거민위원회,居民委员会
거민점,居民点
거반,键盘; 去斑
거배,举杯; 拒赔
거범,举凡
거벽,巨擘
거변,巨变
거병,举兵; 去病
거보,举报; 举步
거보유간,举步维艰
거보자,举报者
거보중심,举报中心
거봉,巨峰
거부,巨富; 拒否; 拒付; 巨斧
거부감,拒否感
거부권,拒否权
거부승거,举不胜举
거사,居士; 巨事; 举事
거산,巨山
거상,巨像; 巨商
거서,祛暑
거서간,居西干
거석,巨石; 巨蜥
거석진,巨石阵
거선,巨船
거설,据说
거성,居城; 巨星; 去声
거성문,巨星们
거세,去势; 去世; 举世; 去岁; 巨细
거세공인,举世公认
거세당,去势当
거세무쌍,举世无双
거세문명,举世闻名
거세촉목,举世瞩目
거소,居所
거수,巨兽; 举手; 渠首; 擧手; 居首; 据守; 渠水
거수경례,举手敬礼; 擧手敬礼
거수지로,举手之劳
거수투족,举手投足
거시,巨视; 踞侍
거시적,巨视的
거식증,拒食症
거실,居室; 据悉; 据实
거심,居心
거심부량,居心不良
거심파측,居心叵测
거쌍수찬성,举双手赞成
거안사위,居安思危
거안제미,举案齐眉; 擧案齐眉
거액,巨额
거업,居业
거여,巨与
거역,拒逆
거연,居然; 遽然
거연련,居然连
거오,倨傲
거용소,居庸关
거우,居于
거웅,去雄
거위,键位
거위기유,据为己有
거위존진,去伪存真
거위회,居委会
거유,据有
거의,去意
거이,居尔
거인,巨人; 举人
거인국,巨人国
거인우천리지외,拒人于千里之外
거일반삼,举一反三; 擧一反三
거자,巨资; 巨子; 锯子; 举子
거자물추,去者勿追
거자일소,去者日疎
거자필반,去者必反
거장,巨匠; 巨奖
거재두량,车载斗量; 車载斗量
거재마전,车在马前; 車在马前
거저,巨著
거전,据传
거절,拒绝
거절당,拒绝当
거점,据点
거정,巨晶
거제,去除; 巨制
거제도,巨济岛
거제률,去除率
거조,举措; 锯条
거조취정,去粗取精
거족경중,举足轻重
거주,居住
거주구,居住区
거주류,居住类
거주민,居住民
거주자,居住者
거주지,居住地
거주촉객,举酒属客; 擧酒属客
거중,举重; 居中
거중약경,举重若轻
거지,举止
거지문외,拒之门外
거지반,居之半
거직,去职
거차,据此
거창,巨创
거채,举债
거처,居处; 去处
거척,拒斥
거천,举荐
거축,居祝
거출,举出
거취,去就
거치,锯齿
거칭,据称
거판,举办
거판자,举办者
거폐생폐,去弊生弊
거포,拒捕
거폭,巨幅
거해좌,巨蟹座
거핵,去势
거행,举行; 擧行
거향,去向; 巨响
거향부명,去向不明
거현,举贤; 莒县; 渠县
거형,巨型
거화,去火; 举火
걱,巪
건,建; 件; 干; 健; 键; 巾; 虔; 骞; 謇; 腱; 蹇; 愆; 犍; 褰; 搴; 毽; 鞬; 囝; 踺; 楗; 鰬; 乾; 鍵
건각,健脚
건강,健康; 建康
건강검사,健康检查
건강관리,健康管理
건강미,健康美
건강분검자,健康体检者
건강성,健康性
건강식,健康食
건강식품,健康食品
건강자,健康者
건강정,健康证
건강체,健康体
건강학,健康学
건건,件件
건경,虔敬
건계,干季
건곤,乾坤
건곤일척,乾坤一掷
건공,建功
건공립업,建功立业
건공집단,建工集团
건과,干果
건괵,巾帼
건괵영웅,巾帼英雄
건교,建交; 建校
건구,建构; 建瓯
건구시,建瓯市
건구역,干呕逆
건국,建国
건국로,建国路
건국문,建国门
건국자,建国者
건군,建军
건기,建起
건냉소,干冷所; 干冷所
건녕,建宁
건녕로,建宁路
건뇌,健脑
건뇌제,建脑剂
건달,干达
건담,健谈
건답법,干畓法
건당,建党
건덕,建德
건덕시,建德市
건덕현,建德县
건도,建都; 乾道
건랑,健朗
건력보,健力宝
건력보구락부,健力宝俱乐部
건력보대,健力宝队
건력보집단,健力宝集团
건륭,乾隆
건륭제,乾隆帝
건릉,乾陵
건립,建立
건막,腱膜
건망,健忘
건망증,健忘症
건무,建武
건문,建文
건문제,建文帝
건물,建物
건물주,建物主
건미,健美
건미조,健美操
건반,键盘
건반사,腱反射
건방,建房
건방자,建房者
건배,干杯
건보,健步
건보여비,健步如飞
건색,腱索
건설,建设
건설공채,建设公债
건설국채,建设国债
건설기,建设期
건설기적,建设期的
건설부,建设部
건설비,建设费
건설성,建设性
건설업,建设业
건설업계,建设业界
건설업자,建设业者
건설유중국특색사회주의,建设有中国特色社会主义
건설은행,建设银行
건설자,建设者
건설자문,建设者们
건설적,建设的
건설처장,建设处长
건설청,建设厅
건설호,建设好
건성,干性; 建成; 虔诚; 建省
건소,建所
건수,件数; 建树; 建水
건시,建始
건식,干食
건신,健身
건신구,健身球
건신방,健身房
건신조,健身操
건실,健实
건아,健儿
건아문,健儿们
건안,建安
건양,建阳
건어물,干鱼物
건언,建言
건업,建业
건업구,建邺区
건염,建炎
건원,建院; 乾元; 建元
건위,建委; 犍为
건위현,犍为县
건의,建议
건의문,建议文
건자,毽子
건장,健壮; 健将; 建账
건재,健在; 建材
건재업,建材业
건전,健全
건전도,健全度
건전성,健全性
건전지,干电池
건제,建制
건조,干燥; 建造
건조기,干燥期
건조물,建造物
건조실,干燥室
건조자,建造者
건조증,干燥症
건조지,干燥地
건준,建准
건중,建中
건중탕,建中汤
건지황,干地黄
건창,建厂; 建昌
건초,干草; 腱鞘; 建初
건축,建筑
건축가,建筑家
건축계,建筑界
건축관,建筑观
건축군,建筑群
건축대,建筑队
건축류,建筑类
건축물,建筑物
건축미,建筑美
건축법,建筑法
건축비,建筑费
건축사,建筑士; 建筑师
건축사문,建筑师们
건축사학,建筑史学
건축사학자,建筑史学者
건축업,建筑业
건축인,建筑人
건축적,建筑的
건축주,建筑主
건축학,建筑学
건축학가,建筑学家
건축학계,建筑学界
건축학과,建筑学科
건치,健齿; 建置
건투,健鬪
건특,健特
건평,建坪; 建平
건포도,干葡萄
건필,健笔
건행,建行
건현,乾县
건호현,建湖县
건화,建和
건흥,建兴
걸,杰; 乞; 桀; 偈; 傑
걸가,杰哥
걸개,乞丐
걸교,乞巧
걸구,乞求
걸규림,杰奎琳
걸극,杰克
걸극손,杰克逊
걸녕,杰宁
걸랍덕,杰拉德
걸륜,杰伦
걸리,杰里
걸리과,杰里科
걸마야륵,杰马耶勒
걸미,杰米
걸부,杰夫
걸부사,杰夫斯
걸불리,杰弗里
걸불병행,乞不竝行; 乞不竝行
걸불손,杰弗逊
걸비손,杰斐逊
걸삼,杰森
걸서,杰西
걸서잡,杰西卡
걸식,乞食
걸신,乞神
걸아,乞儿
걸오,桀骜
걸오부순,桀骜不驯
걸인,乞人
걸작,杰作
걸작품,杰作品
걸출,杰出
걸출공헌장,杰出贡献奖
걸토,乞讨
걸토자,乞讨者
걸특,杰特
걸포,杰布
걸합덕,杰哈德
검,脸; 检; 剑; 捡; 俭; 睑; 黔; 钤; 芡; 臉; 檢; 劍; 撿
검각,剑阁
검강,黔江
검강구,黔江区
검객,剑客
검거,检举; 检擧
검거망,检举网; 检擧网
검거인,检举人
검검청,检检厅
검경,检警
검계,黔桂
검공,脸孔
검공관,检控官
검교,剑桥; 检校
검교대학,剑桥大学
검기,捡起
검남,黔南
검남자치주,黔南自治州
검남주,黔南州
검남춘,剑南春
검남포의족묘족자치주,黔南布依族苗族自治州
검단,脸蛋
검당,脸膛
검도부,剑道部
검동,黔东
검동남,黔东南
검동남묘족동족자치주,黔东南苗族侗族自治州
검동남자치주,黔东南自治州
검동남주,黔东南州
검란,剑兰
검려기궁,黔驴技穷
검렬,睑裂
검령공원,黔灵公园
검루,检漏
검마,剑麻
검면,脸面
검무,剑舞
검문,检问
검문검색,检问检索
검문소,检问所
검미,剑眉
검박,俭朴
검반,脸盘
검발노장,剑拔弩张
검방,脸庞
검보,脸谱
검보화,脸谱化
검부,脸部
검분,脸盆
검비,检费
검사,检事; 检查
검사검사,检查检查
검사공,检查工
검사기,检查机
검사단,检查团
검사대,检查台; 检查队
검사물,检查物
검사법,检查法
검사비,检查费
검사소,检查所
검사실,检查室
검사역,检查役
검사원,检查员
검사인원,检查人员
검사자,检查者
검사장,检事长
검사점,检查点
검사제,检查制
검사조,检查组
검사참,检查站
검사청장,检查厅长
검산,检算
검상,脸上; 脸相
검상무광,脸上无光
검상첩금,脸上贴金
검색,检索; 脸色
검색기,检索机
검색당,检索当
검색대,检索台
검색원,检索员
검서,黔西
검서남,黔西南
검서남주,黔西南州
검서현,黔西县
검소,俭素
검속,检束
검수,检修
검술,剑术
검습,捡拾
검시,检视
검식관,检食官
검심,检审
검역,检疫
검역소,检疫所
검역원,检疫员
검열,检阅
검열난,检阅难
검용,脸容
검인,钤印
검자,脸子
검점,检点
검정,检定
검정고시,检定考试
검증,检证
검진,检诊
검찰,检察
검찰관,检察官
검찰관문,检察官们
검찰관법,检察官法
검찰권,检察权
검찰력,检察力
검찰부,检察部
검찰원,检察院; 检察员
검찰장,检察长
검찰청,检察厅
검출,检出
검출률,检出率
검출한,检出限
검측,检测
검측기,检测器
검측법,检测法
검측비,检测费
검측선,检测线
검측의,检测仪
검토,检讨
검토자,检讨者
검토회,检讨会
검투사,剑鬪士
검파란,捡破烂
검판,睑板
검편의,捡便宜
검표,检票
검표구,检票口
검피,脸皮
검피박,脸皮薄
검피후,脸皮厚
검하,剑河
검하현,剑河县
검험,检验
검험량,检验量
검험법,检验法
검험비,检验费
검험성,检验性
검험실,检验室
검험원,检验员
검험화,检验和
검협,脸颊; 剑侠; 剑叶
검형,脸型; 脸形
검홍,脸红
검홍발자조,脸红脖子粗
겁,极; 劫; 怯; 砝; 袷; 蜐
겁기,劫机
겁기범,劫机犯
겁기자,劫机者
겁나,怯懦
겁난,劫难
겁략,劫掠
겁마,砝码
겁부제빈,劫富济贫
겁비,劫匪
겁생생,怯生生
겁수,劫数
겁약,怯弱
겁옥,劫狱
겁장,怯场
겁지,劫持
겁지자,劫持者
겁탈,劫夺
겁탈당,劫夺当
겁후여생,劫后余生
것,唟
게,揭; 偈; 憩
게간이기,揭竿而起
게개,揭开
게단,揭短
게로,揭露
게막,揭幕
게발,揭发
게방,揭榜
게부개과,揭不开锅
게비,揭秘; 揭批
게시,揭示
게시판,揭示板
게실,憩室
게양,揭扬; 揭阳
게양대,揭扬台
게양시,揭阳市
게재,揭载
게천,揭穿
게파,揭破
게패,揭牌
게효,揭晓
격,格; 击; 激; 隔; 缴; 骼; 嗝; 檄; 缂; 阒; 搿; 膈; 墼; 觋; 翮; 鬲; 䴗; 绤; 薂; 礊; 閴; 擊; 撃
격간,隔间
격감,激减
격강,激奋
격강천리,隔江千里
격개,隔开
격검,击剑
격검대,击剑队
격격,格格
격격부입,格格不入
격계,缴械
격고,击鼓
격고명금,击鼓鸣金; 击鼓鸣金
격광,激光
격광기,激光器
격광무기,激光武器
격광속,激光束
격광제도,激光制导
격광타인기,激光打印机
격구,击毬; 击球
격국,格局
격궤,击溃
격기,激起
격납,缴纳
격년,隔年
격년제,隔年制
격노,激怒
격단,隔断
격도,击倒
격돌,激突
격동,激动
격동기,激动期
격동부이,激动不已
격동인심,激动人心
격라사,格罗斯
격라사양,格罗斯让
격라색,格罗索
격라자니,格罗兹尼
격라제,格罗提
격락,击落
격란,格兰
격란걸,格兰杰
격란사,格兰仕
격란사공조,格兰仕空调
격란특,格兰特
격랍납,格拉纳
격랍단,格拉段
격랍부,格拉芙; 格拉夫
격랍사,格拉斯
격랍사가,格拉斯哥
격랍유삼,格拉维森
격랍택,格拉泽
격랍한모,格拉汉姆
격랑,激浪
격려,激励
격려금,激励金; 激励金
격려사,激励辞
격려성,激励性
격렬,激烈
격렬부,格列夫
격령,激灵
격로,激怒
격로길아,格鲁吉亚
격론,激论
격뢰,格雷; 格蕾
격뢰격,格雷格
격뢰사,格蕾丝
격뢰액모,格雷厄姆
격뢰자락부,格雷兹洛夫
격뢰택,格雷泽
격류,激流
격륜,格伦
격률,格律
격륭곽모,格隆霍姆
격릉란,格陵兰
격릉란도,格陵兰岛
격리,隔离
격리감,隔离感
격리구,隔离区
격리대,隔离带
격리돈,隔离墩
격리분,格里芬
격리비사,格里菲斯
격리성,隔离性
격림,格林
격림가이,格林柯尔
격림납체,格林纳达
격림니치,格林尼治
격림백격,格林伯格
격림사반,格林斯潘
격림위치시간,格林威治时间
격림잡,格林卡
격막,隔膜
격멸,击灭
격무,激务
격문,檄文
격물,格物
격물치지,格物致知
격발,激发; 击发
격발태,激发态
격벽,隔壁
격변,激变
격변기,激变期
격부,缴付
격분,激忿; 激愤
격비,缴费
격사,格斯
격산,隔山
격살,格杀
격살물론,格杀勿论
격살이,格萨尔
격삼차오,隔三差五
격상,格上; 击伤; 格桑; 激赏
격세,缴税; 隔世
격세지감,隔世之感
격소,激素
격소류,激素类
격수,击水
격식,格式
격식화,格式化
격신경,膈神经
격심,激甚
격안,隔岸
격안관화,隔岸观火
격앙,激昻; 激昂
격애,隔阂
격야,隔夜
격양,激扬
격양가,击壤歌
격양문자,激扬文字
격언,格言
격열,隔热
격열층,隔热层
격와랍,格瓦拉
격외,格外
격월,隔月; 激越
격월간,隔月刊
격음,隔音
격의,隔意
격이,格尔
격이목,格尔木
격이목시,格尔木市
격일,隔日
격일제,隔日制
격자,格子
격자형,格子形
격장,击掌; 隔墙; 激将
격장법,激将法
격장지린,隔墙之隣
격전,激战
격전지,激战地
격절,隔绝; 击节
격정,激情
격정만회,激情满怀
격정적,激情的
격정팽배,激情澎湃
격조,格调; 隔阻
격중,击中
격중요해,击中要害
격증,激增
격진,激进; 隔振
격진형,激进型
격차,隔差
격찬,激赞
격창,缴枪
격천,击穿; 隔天
격추,击坠
격치,格致
격침,击沈; 击沉
격타,击打
격탕,激荡
격태,激肽
격퇴,击退
격투,格鬪; 格斗
격투기,格鬪技
격파,击破
격판,隔板
격패,击败
격폐,击毙
격하,格下
격하상망,隔河相望
격해상망,隔海相望
격행,隔行
격행여격산,隔行如隔山
격화,激化
격화소양,隔靴搔疡; 隔靴搔痒
격확,缴获
격활,激活
격활제,激活剂
격훼,击毁
견,见; 坚; 肩; 牵; 遣; 纤; 绢; 谴; 犬; 鹃; 茧; 甄; 笕; 掮; 蠲; 鄄; 狷; 缱; 趼; 畎; 鵳; 枧; 钘; 鲣; 睊; 麉; 鋻; 蚈; 罥; 銒; 蠒; 蜸; 岍; 見; 堅; 牽
견갑,肩胛
견갑골,肩胛骨
견강,坚强; 牵强
견강부굴,坚强不屈
견강부회,牵强附会
견객,见客; 掮客
견거,坚拒
견견,见见
견견면,见见面
견견세면,见见世面
견결,坚决
견경,坚硬
견계,牵系
견고,坚固
견고성,坚固性
견공,犬公
견과,坚果; 见过
견과류,坚果类
견과세면,见过世面
견괘,牵挂
견괴,见怪
견괴부괴,见怪不怪
견교,见教
견권,缱绻
견귀,见鬼
견금여석,见金如石; 见金如石
견기,见机
견기이작,见机而作
견기행사,见机行事
견념,牵念
견다신광,见多识广
견당사,遣唐使
견대,肩带
견도,见到
견동,牵动
견두,牵头; 肩头
견득,见得
견량,见谅
견련,牵连
견로,见老
견루,牵累
견리망의,见利忘义
견리사의,见利思义
견마지로,犬马之劳
견마지치,犬马之齿
견면,见面
견면례,见面礼
견문,见闻
견문발검,见蚊拔剑
견물생심,见物生心
견미지저,见微知著
견반,遣返; 牵绊
견방,肩膀; 见方
견벽청야,坚壁清野
견별,甄别
견병견,肩并肩
견보,见报
견복,甄宓
견본,见本
견본시,见本市
견봉,肩峰
견봉삽침,见缝插针
견부,肩负
견부가최,坚不可摧
견부득,见不得
견부득인,见不得人
견분효,见分晓
견비통,肩臂痛
견사,绢丝; 绢纱; 茧丝
견사부구,见死不救
견사조구,遣词造句
견산,遣散
견선,牵线; 甄选
견선탑교,牵线搭桥
견섭,牵涉
견성성불,见性成佛
견세면,见世面
견세우,甄世宇
견소,见笑
견소미견,见所未见
견소절,肩关节
견송,遣送
견수,坚守
견습,见习
견습공,见习工
견습기,见习期
견습기자,见习记者
견습원,见习员
견신,见识; 坚信; 见新; 牵伸
견신부의,坚信不疑
견실,坚实
견씨,甄氏
견아교착,犬牙交错
견아상제,犬牙相制
견여금석,坚如金石; 坚如金石
견여반석,坚如磐石
견염왕,见阎王
견외,见外
견우,见于; 牵牛
견우직녀,牵牛织女
견우화,牵牛花
견원지간,犬猿之间
견위수명,见危授命
견의,坚毅
견의용위,见义勇为
견의용위자,见义勇为者
견이사천,见异思迁
견인,牵引; 见人; 坚韧; 坚忍
견인견지,见仁见智
견인력,牵引力
견인부발,坚韧不拔; 坚忍不拔
견인불발,坚忍不拔; 坚忍不拔
견인차,牵引车
견일발이동전신,牵一发而动全身
견자,茧子; 犬子
견자단,甄子丹
견장,肩章; 见长
견장괘두,牵肠挂肚
견적,见积
견적서,见积书
견전안개,见钱眼开
견전제,遣奠祭
견정,坚定; 见证; 坚挺; 坚贞
견정부굴,坚贞不屈
견정부이,坚定不移
견정성,坚定性
견정인,见证人
견정자,见证者
견제,牵制; 见诸
견제력,牵制力
견제보단,见诸报端
견주염,肩周炎
견지,坚持; 见地; 犬只
견지견지,坚持坚持
견지부해,坚持不懈
견직,绢织
견직물,绢织物
견진,坚振
견차,牵扯
견착비자주,牵着鼻子走
견책,谴责
견천,见天
견천일,见天日
견칭,坚称
견토지쟁,犬兔之争; 犬兎之争
견포,绢布
견풍사타,见风使舵
견하문,见下文
견학,见学
견해,见解
견해차,见解差
견현사제,见贤思齐
견호,见好
견호취수,见好就收
견홍,见红
견화,绢花
견효,见效
결,结; 决; 缺; 洁; 诀; 抉; 拮; 阕; 炔; 絜; 觖; 觼; 芵; 鴂; 赽; 趹; 鐑; 結; 決; 潔
결가,结痂
결각,缺刻
결각상,缺刻状
결감,缺憾
결강,缺讲
결격,缺格
결결실실,结结实实
결결파파,结结巴巴
결계,结界; 决计
결곤,决棍
결과,结果; 缺课; 结伙
결과론,结果论
결과론적,结果论的
결과물,结果物
결과적,结果的
결과지,结果枝
결괴,结块
결교,结交
결구,结构; 缺口; 洁具; 决口; 结仇
결구도,结构图
결구면,结构面
결구성,结构性
결구식,结构式
결구층,结构层
결구화,结构化
결국,结局
결규,诀窍
결근,缺勤
결근단량,缺斤短两
결근소량,缺斤少两
결납,结纳
결단,决断; 结团
결단력,决断力
결당영사,结党营私
결대,结队
결덕,缺德
결렬,决裂
결례,缺礼
결론,结论
결론성,结论性
결론적,结论的
결루,缺漏
결막,结膜
결막낭,结膜囊
결막염,结膜炎
결말,结末
결말부,结末部
결맹,结盟
결명자,决明子
결묘,缺苗
결미,结尾
결박,结缚
결반,结伴
결배,结拜
결백,洁白
결백무하,洁白无瑕
결백여옥,洁白如玉
결벽,洁癖
결벽증,洁癖症
결별,诀别
결부,结付; 决不
결부긍,决不肯
결부능,决不能
결부수병,决不收兵
결부재,决不再
결부회,决不会
결빙,结冰; 结氷
결사,决死; 结社
결사문,结社文
결사반대,决死反对
결사적,决死的
결산,决算; 结算
결산서,决算书
결새,决赛
결새권,决赛圈; 决赛权
결석,缺席; 结石
결석계,缺席届
결석병,结石病
결석생,缺席生
결석자,缺席者
결석판결,缺席判决
결선,决选
결성,结成; 缺省
결성식,结成式
결소,缺少
결속,结束
결속력,结束力
결속어,结束语
결속체,结束体
결손,缺损
결손증,缺损症
결승,决胜; 结绳
결승부,决胜负
결승선,决胜线
결승전,决胜战
결승점,决胜点
결승천리,决胜千里
결식,结息
결식아동,缺食儿童
결신,结识; 洁身
결신자애,洁身自爱
결신자호,洁身自好
결실,结实; 缺失
결실률,结实率
결심,决心; 结审
결심안,缺心眼
결안,结案
결안률,结案率
결액,缺额
결양,缺氧
결양성,缺氧性
결어,结语
결업,结业
결여,缺如; 结余
결여론,缺如论
결여론자,缺如论者
결여설,缺如说
결연,决然; 结缘
결원,缺员; 结怨
결위,缺位
결의,决意; 决议; 结义
결의문,决议文
결의서,决意书
결의소약,缺医少药
결의안,决议案
결의요,决意要
결의형제,结义兄弟
결일부가,缺一不可
결일사전,决一死战
결자,结子
결자해지,结者解之
결장,缺场; 结肠; 结账
결장암,结肠癌
결장염,结肠炎
결재,决裁
결재란,决裁栏
결전,决战; 缺电
결절,结节; 决绝
결절병,结节病
결절성,结节性
결절점,决折点
결점,缺点; 结点
결정,决定; 结晶; 洁净
결정권,决定权
결정기,结晶器
결정력,决定力
결정론,决定论
결정론자,决定论者
결정론적,决定论的
결정문,决定文
결정분,结晶体
결정성,决定性
결정자,决定者
결정적,决定的
결정전,决定战
결정체,结晶体
결제,决济; 决堤
결존,结存
결집,结集
결집력,结集力
결집체,结集体
결찰,结扎
결책,决策
결책인,决策人
결책자,决策者
결책자문,决策者们
결책층,决策层
결처,决处
결청,结清
결체조직,结缔组织
결초,结焦
결초보은,结草报恩
결친,结亲
결탁,结托
결택,抉择
결투,决鬪; 决斗
결파,结巴; 结疤
결판,决判
결핍,缺乏
결핍성,缺乏性
결핍증,缺乏症
결함,缺陷
결함률,缺陷率
결합,结合
결합능,结合能
결합력,结合力
결합률,结合率
결항,缺航
결핵,结核
결핵간균,结核杆菌
결핵균,结核菌
결핵병,结核病
결핵성,结核性
결혼,结婚
결혼관,结婚观
결혼기념일,结婚记念日
결혼설,结婚说
결혼식,结婚式
결혼식장,结婚式场
결화,缺货
결휘,结汇
결흠,缺欠
겸,兼; 歉; 谦; 钳; 镰; 箝; 慊; 缣; 鹣; 蒹; 鳒; 趝; 謙
겸겸군자,谦谦君子
겸고,兼顾
겸공,谦恭; 钳工
겸과,兼课
겸구,歉疚
겸득,兼得
겸병,兼并; 兼倂
겸비,兼备; 谦卑
겸사,谦辞
겸상,兼床
겸손,谦逊
겸수,歉收; 兼收
겸수병축,兼收并蓄
겸시,兼施
겸애,兼爱
겸양,谦让
겸양지덕,谦让之德
겸업,兼业
겸연,慊然; 歉然
겸영,兼营
겸용,兼用; 兼容
겸용병축,兼容并蓄
겸용병포,兼容并包
겸용선,兼用线
겸용성,兼容性
겸유,兼有
겸의,歉意
겸이유지,兼而有之
겸인지용,兼人之勇
겸임,兼任
겸자,钳子
겸정,兼程
겸제,钳制
겸직,兼职
겸청칙명,兼听则明
겸허,谦虚
겸허감,谦虚感
겸허근신,谦虚谨慎
겸화,谦和
겹,掐; 郏
겹가,掐架
겹단,掐断
겹산,掐算
겹주,掐住
겹현,郏县
경,经; 更; 轻; 京; 境; 惊; 警; 竟; 景; 竞; 硬; 敬; 镜; 倾; 庆; 径; 劲; 耕; 卿; 颈; 琼; 鲸; 氢; 茎; 耿; 顷; 梗; 擎; 庚; 痉; 憬; 哽; 胫; 埂; 泾; 迳; 儆; 罄; 烃; 磬; 鲠; 颎; 炅; 獍; 檠; 茕; 黥; 扃; 绠; 刭; 謦; 褧; 苘; 麖; 𬳶; 鹒; 蟼; 藑; 骾; 睘; 赹; 竸; 綗; 瞏; 囧; 經; 輕; 鏡; 慶; 璟; 勁; 傾; 競; 頸; 冏; 畊; 徑; 垧
경가,更加; 竞价; 镜架
경가만무,轻歌曼舞
경가탕산,倾家荡产
경각,顷刻; 警觉; 倾角; 惊觉; 硬壳
경각간,顷刻间
경각성,警觉性
경각심,警觉心
경각지간,顷刻之间
경간,轻看
경감,警监; 轻减; 竟敢
경강,京腔
경강산,景岗山
경개,梗概; 更改; 梗槪
경개구,经开区
경거,氢键
경거망동,轻举妄动; 轻擧妄动
경건,敬虔; 硬件
경견,警犬
경결,硬结
경경,轻轻; 硬硬; 庆庆; 耿耿
경경송송,轻轻松松
경경아아,卿卿我我
경경우회,耿耿于怀
경경지,轻轻地
경계,境界; 经界; 警戒; 惊悸; 警械
경계경보,警戒警报
경계령,警戒令
경계론,警戒论
경계망,警戒网
경계부,境界部
경계선,境界线; 警戒线
경계심,警戒心
경고,警告; 警固; 敬告
경고문,警告文
경고성,警告性
경곡,景谷
경곤,警棍; 京昆
경골,胫骨
경골두,硬骨头
경공,惊恐; 轻工; 庆功; 硬功
경공만상,惊恐万状
경공업,轻工业
경공업품,轻工业品
경공연,庆功宴
경과,经过
경관,景观; 警官; 经管; 京官
경관화,景观化
경광,轻狂; 镜框; 京广
경광선,京广线
경광철로,京广铁路
경굉,景宏
경교,轻巧
경구,警句; 景区; 经久; 惊惧; 警区
경구금,经拘禁
경구내용,经久耐用
경구부식,经久不息
경구선,京九线
경구철로,京九铁路
경국,经国
경국경성,倾国倾城
경국지색,倾国之色
경국지재,经国之才
경궁지조,惊弓之鸟
경권,经卷
경궐,惊厥
경규,惊叫
경극,京剧
경극계,京剧界
경극단,京剧团
경극원,京剧院
경금,经锦
경기,惊气; 景气; 竞技; 经纪; 惊奇; 经期; 氢气; 轻骑; 京畿; 劲气; 硬气; 京基
경기공,硬气功
경기관총,轻机关铳
경기도,京畿道
경기력,竞技力
경기병,轻骑兵
경기상,竞技赏; 经纪商
경기성,竞技性
경기소유,倾其所有
경기인,经纪人
경기장,竞技场
경기화,竞技化
경난,经难
경난이,更难以
경낭,倾囊
경내,境内
경년,经年
경년기,更年期
경년루월,经年累月
경녕,景宁
경뇌막,硬脑膜
경다,更多
경단,琼团
경담,倾谈
경당,经堂
경당목,惊堂木
경당문노,耕当问奴
경대,镜台
경대매소,庆大霉素
경대부,卿大夫
경대하시,更待何时
경덕,敬德; 景德
경덕진,景德镇
경덕진시,景德镇市
경도,倾倒; 倾度; 轻度; 京都; 硬度; 经度; 竞渡
경도대학,京都大学
경도력,倾度力
경도해랑,惊涛骇浪
경독,耕读
경돌,茎突
경동,倾动; 京东; 惊动; 更动
경동방,京东方
경두,镜头; 劲头
경두십족,劲头十足
경득기,经得起
경득주,经得住
경락,竞落; 经络
경랑,硬朗
경략,经略
경량급,轻量级
경량화,轻量化
경려,劲旅
경력,经历; 警力; 倾力; 劲力; 庆历
경력자,经历者
경련,痉挛; 轻链
경련성,痉挛性
경령,轻灵; 警铃
경령인,更令人
경례,敬礼
경로,敬老; 经路
경로당,敬老堂
경로도,经路图
경로사상,敬老思想
경로원,敬老院
경뢰,惊雷
경루,经楼
경류,径流
경륜,经纶
경률,轻率
경리,景利; 经理; 景利; 京里
경리과,经理课
경리문,经理们
경리부,经理部
경리실,经理室
경마,牵马; 竞马
경마장,竞马场
경만,轻慢
경망,敬望
경매,竞卖; 惊呆
경매인,竞买人
경매장,竞卖场
경매제,竞卖制
경맥,经脉
경면,镜面
경멸,轻蔑
경멸적,轻蔑的
경명,更名
경모,倾慕; 敬慕; 耿某
경목,硬木
경몽,惊梦
경묘담사,轻描淡写
경무,经贸; 警务; 劲舞
경무과장,警务课长
경무기,轻武器
경무위,经贸委
경문,经文; 京文
경물,敬物; 景物
경미,轻微
경박,轻薄
경박단소,轻薄短少
경박형,轻薄型
경박호,镜泊湖
경반,硬盘
경반구동기,硬盘驱动器
경반식,硬盘式
경발국,经发局
경방,警方; 轻纺; 轻放; 景芳
경방방,硬邦邦
경배,敬拜
경변,硬变
경보,警报; 京报; 镜报
경보기,警报器
경보음,警报音
경보장치,警报装置
경복,警服; 倾覆; 景福; 敬服; 京福
경복궁,景福宫
경봉,敬奉
경부,颈部; 轻浮; 更夫
경부기,经不起
경부주,经不住
경분,倾盆; 硬体
경분대우,倾盆大雨
경불산,氢氟酸
경비,经费; 警备; 警匪; 更比
경비구,警备区
경비단,警备团
경비단장,警备团长
경비대,警备队
경비망,警备网
경비병,警备兵
경비실,警备室
경비원,警备员
경비행기,轻飞行机
경사,倾斜; 庆事; 经丝; 警查; 京师; 琼斯; 劲射; 梗死; 倾泻; 经史; 警司; 经师; 鲸鲨
경사도,倾斜度
경사로,倾斜路
경사리사회,经社理事会
경산,景山; 京山; 经产; 琼山
경산구,琼山区
경산부,经产妇
경산현,京山县
경상,经常; 轻伤; 景象; 经商; 竞相; 镜像; 硬伤
경상계,庆尚系; 庆尙系
경상도,庆尚道; 庆尙道
경상비,经常费
경상성,经常性
경상일층루,更上一层楼
경상자,轻伤者; 经商者
경상차,硬床车
경상화,经常化
경새,竞赛; 梗塞; 径赛
경색,梗塞; 景色; 梗塞
경생,轻生; 庆生; 更生
경생생,硬生生
경서,经书; 警署; 京西
경서빈관,京西宾馆
경선,竞选; 经线; 惊羡
경선론자,竞选论者
경선자,竞选者
경설,硬说
경성,轻声; 惊醒; 倾城; 硬性; 警醒; 庆城
경성규정,硬性规定
경세,警世; 经世
경세제민,经世济民
경세치용,经世致用
경세해속,惊世骇俗
경소,倾销; 经销; 倾诉; 竞销
경소권,经销权
경소부,经销部
경소상,经销商
경소상문,经销商们
경소이출,倾巢而出
경소자,经销者
경소점,经销点
경소출동,倾巢出动
경솔,轻率
경송,轻松; 惊悚
경송유쾌,轻松愉快
경송활발,轻松活泼
경수,轻水; 经受; 经手; 经售; 竞秀
경수경각,轻手轻脚
경수로,轻水炉
경수로형,轻水炉型
경수인,经手人
경숙평,经叔平
경순,景顺
경술,庚戌; 倾述
경술국치,庚戌国耻
경승,景胜
경승일주,更胜一筹
경승지지,景胜之地
경시,更是; 竞试; 轻视; 竟是; 警示; 硬是; 竞猜; 更始
경신,更新; 轻信; 轻身; 庚申; 警讯
경신세,更新世
경신환대,更新换代
경실,硬实; 镜室
경심,更深; 惊心; 倾心; 景深; 经心
경심동백,惊心动魄
경아,惊讶; 劲儿
경악,惊愕
경안,轻按; 庆安
경알,倾轧
경앙,敬仰; 景仰
경애,敬爱
경양,庆阳; 轻扬; 泾阳
경양시,庆阳市
경양식,轻洋食
경양화갑,氢氧化钾
경양화개,氢氧化钙
경양화납,氢氧化钠
경양화려,氢氧化铝
경어,敬语; 鲸鱼; 警语
경어법,敬语法
경업,敬业; 景业
경업락군,敬业乐群
경역,轻易; 更易
경역우,更易于
경연,竞演; 竟然; 轻软
경연장,竞演场
경영,经营; 轻盈; 警营
경영권,经营权
경영기,经营期
경영난,经营难
경영대,经营大
경영론,经营论
경영부,经营部
경영성,经营性
경영업,经营业
경영인,经营人
경영자,经营者
경영자문,经营者们
경영주,经营主
경영진,经营阵
경영체,经营体
경영학,经营学
경영학과,经营学科
경영형,经营型
경오,庚午
경와,硬卧
경완,轻缓
경외,敬畏
경외감,敬畏感
경요,硬要; 琼瑶; 惊扰
경용,经用; 警用
경우,境遇; 惊叹; 耕牛
경우호,惊叹号
경운,耕耘; 庆云
경원,敬远; 警员; 经院; 庆元
경원암,烃源岩
경원자,氢原子
경원현,庆元县
경위,京位; 经纬; 警卫; 更为; 经委
경위대,警卫队
경위도,经纬度
경위망,经纬网
경위분명,泾渭分明
경위서,经纬书
경위원,警卫员
경위의,经纬仪
경유,经由; 轻油; 轻柔
경유심자,更有甚者
경유지,经由地
경음락,轻音乐
경음악,轻音乐; 轻音樂
경의,敬意; 更衣; 惊疑; 经意; 轻意
경의비마,轻衣肥马
경의생,经医生
경의실,更衣室
경이,惊异
경이감,惊异感
경이역거,轻而易举
경이원지,敬而远之
경이적,惊异的
경인,惊人; 哽咽; 庚寅
경일,景逸
경임무,硬任务
경자,镜子; 径自; 庚子; 竟自; 颈子
경자유전,耕者有田
경작,耕作
경작권,耕作权
경작자,耕作者
경작지,耕作地
경잡,硬币; 轻卡
경장,警长; 硬仗; 轻装; 琼浆
경장상진,轻装上阵
경재,轻财
경쟁,竞争
경쟁국,竞争国
경쟁기,竞争期
경쟁력,竞争力
경쟁률,竞争率; 竞争率
경쟁법,竞争法
경쟁사,竞争社
경쟁성,竞争性
경쟁심,竞争心
경쟁의식,竞争意识
경쟁자,竞争者
경쟁적,竞争的
경적,警笛; 京籍; 经籍
경전,经典; 庆典; 耕田
경전기,经前期
경전성,经典性
경전저작,经典著作
경전철,轻电铁
경전투,轻战鬪
경전하사,鲸战虾死
경점,景点
경정,更正; 硬挺; 硬顶
경정서,警政署
경정화,景正华
경제,京第; 经济
경제계,经济界
경제과월식,经济跨越式
경제관,经济观
경제관념,经济观念
경제구,经济区
경제국,经济国
경제국장,经济局长
경제권,经济圈; 经济权
경제규률,经济规律
경제난,经济难
경제력,经济力
경제론,经济论
경제류,经济类
경제림,经济林
경제법,经济法
경제법규,经济法规
경제복소,经济复苏
경제부,经济部
경제부장,经济部长
경제분제,经济体制
경제사,经济史; 经济师
경제사가,经济史家
경제사적,经济史的
경제사학,经济史学
경제사학계,经济史学界
경제사학자,经济史学者
경제생활,经济生活
경제성,经济性
경제성장률,经济成长率
경제위기,经济危机
경제인,经济人
경제일보,经济日报
경제적,经济的
경제전구화,经济全球化
경제제도,经济制度
경제주의,经济主义
경제창,经济舱
경제특구,经济特区
경제학,经济学
경제학가,经济学家
경제학가문,经济学家们
경제학계,经济学界
경제학과,经济学科
경제학부,经济学部
경제학자,经济学者
경제학장,经济学奖
경제학적,经济学的
경제합동,经济合同
경제합동법,经济合同法
경제형,经济型
경제화,经济化
경제효익,经济效益
경조,梗阻; 耿照; 轻佻
경조부박,轻조浮薄
경조사,庆吊事
경조사비,庆吊事费
경조성,梗阻性
경조적시,更糟的是
경족,京族
경종,警钟; 耕种; 警种
경좌,硬座
경좌차,硬座车
경죄,轻罪
경주,倾注; 庆州; 竞走; 敬酒; 轻舟; 琼州
경주장,竞走场
경주해협,琼州海峡
경죽난서,罄竹难书
경중,轻重; 敬重; 琼中
경중미인,镜中美人
경중완급,轻重缓急
경지,境地; 耕地; 琼脂; 竟至
경지당,琼脂糖
경지산,硬脂酸
경지율,耕地率; 耕地率
경지판,硬纸板
경지표,硬指标
경직,硬直; 径直; 耿直
경직성,硬直性
경진,竞进; 京津; 庚辰
경진당,京津塘
경진성,京津城
경진신성,京津新城
경진일보,更进一步
경진지구,京津地区
경진호,京津沪
경질,更迭; 轻质; 硬质
경차,轻车; 警车
경차간종,轻车简从
경차숙로,轻车熟路
경착두피,硬着头皮
경찰,警察
경찰관,警察官
경찰국,警察局
경찰국장,警察局长
경찰력,警察力
경찰문,警察们
경찰법,警察法
경찰봉,警察棒
경찰서,警察署
경찰서장,警察署长
경찰차,警察车
경찰청,警察厅
경찰청장,警察厅长
경창,竞唱
경채,京菜
경책,警策
경척,警惕
경척막,硬脊膜
경척성,警惕性
경천,景天; 轻贱
경천동지,惊天动地
경천애인,敬天爱人
경천위지,经天纬地
경천주,擎天柱
경천지,惊天地
경첩,轻捷
경청,倾听; 敬请; 耿青
경청자,倾听者
경체,更替
경초,劲草
경촉식,轻触式
경추,颈椎
경추병,颈椎病
경축,庆祝; 竞逐; 耕畜; 敬祝
경축회,庆祝会
경춘,庆春
경춘로,庆春路
경취,轻取; 劲吹
경치,景致; 经治
경칩,惊蛰
경쾌,轻快
경타,惊诧
경타부이,惊诧不已
경탄,惊叹; 敬叹; 氢弹; 鲸吞; 轻瘫
경탐,警探
경태,景泰
경태람,景泰蓝
경탱,硬撑
경토,倾吐
경통,京通
경통화,硬通货
경파,京派; 景颇
경파족,景颇族
경판,经办; 硬板
경패,敬佩
경팽경,硬碰硬
경편,镜片; 轻便
경폭,惊爆
경표,竞标; 耿飚; 轻飘
경표자,竞标者
경표표,轻飘飘
경품,景品
경품부,景品付
경풍,劲风; 轻风; 惊风; 警风
경풍우,经风雨
경피병,硬皮病
경필서법,硬笔书法
경핍,硬逼
경하,惊吓; 庆贺; 泾河
경하황,更何况
경하황시,更何况是
경학,经学
경학가,经学家
경한,硬汉; 轻闲
경한철로,京汉铁路
경함,警衔
경합,竞合; 经合; 京哈
경합자,竞合者
경합조직,经合组织
경항,颈项; 京港
경항운하,京杭运河
경해,惊骇; 琼海
경해시,琼海市
경행,庆幸
경향,京鄕; 倾向; 径向; 更香
경향극,倾向剧
경향성,倾向性
경헌,敬献
경험,经验; 惊险
경험담,经验谈
경험률,经验率; 经验率
경험성,经验性
경험수거,经验数据
경험자,经验者
경험적,经验的
경험주의적,经验主义的
경험지담,经验之谈
경험칙,经验则
경험형,经验型
경현,惊现; 泾县
경혈,经穴; 经血
경협,经协
경형,轻型
경형객차,轻型客车
경호,更好; 警护; 惊呼; 警号; 京胡
경호관,警护官
경호선,京沪线
경호실,警护室
경호실장,警护室长
경호원,警护员
경호처장,警护处长
경호철로,京沪铁路
경혼,惊魂
경혼미정,惊魂未定
경홍,惊鸿; 景洪
경홍시,景洪市
경화,硬化; 硬货; 京华; 氢化
경화물,氢化物
경화성,硬化性
경화수월,镜花水月
경화증,硬化症
경환,更换
경활,劲敌; 轻敌; 轻活
경황,惊惶; 景况; 惊慌; 境况
경황실조,惊慌失措; 惊惶失措
경회,竟会
경회계사사무소,经会计师事务所
경휘,警徽
경희,惊喜; 京戏
경희교집,惊喜交集
경희극,轻喜剧
계,系; 计; 界; 继; 阶; 季; 启; 鸡; 届; 戒; 械; 契; 桂; 溪; 稽; 诫; 悸; 蹊; 髻; 蓟; 癸; 乩; 锲; 瘛; 卟; 筓; 葜; 碶; 谿; 洎; 綮; 禊; 罽; 鯚; 蟿; 稧; 繋; 蓕; 係; 喺; 繼; 計; 雞; 繫; 笄; 啟; 階; 屆; 鷄; 啓
계가기,计价器
계가부,契诃夫
계간,季刊; 溪涧
계건,计件
계견부녕,鸡犬不宁
계견승천,鸡犬升天
계계,季季
계고,戒告
계고장,戒告状; 戒告狀
계곡,溪谷
계공,启功; 鸡公
계공산,鸡公山
계관,桂冠; 鸡冠
계교,计较
계교계조,戒骄戒躁
계구,启口
계구우후,鸡口牛后
계군,季军; 桂军
계극량,季克良
계급,阶级
계급성,阶级性
계급장,阶级章
계급적,阶级的
계급투쟁,阶级鬪争; 阶级斗争
계급투쟁식멸론,阶级斗争熄灭论
계급화,阶级化
계기,契机; 继起; 计器; 季琦
계기성,契机性
계기적,契机的
계긴,系紧
계년,鸡年
계단,阶段; 鸡蛋; 契丹
계단리도골두,鸡蛋里挑骨头
계단성,阶段性
계단식,阶段式
계단청,鸡蛋清
계대,系带
계도,启导; 季度; 戒赌
계도적,启导的
계독,戒毒
계독자,戒毒者
계동,启动; 悸动; 启东; 桂东
계동기,启动器
계동시,启东市
계동자,启动子
계두,鸡头
계락진,季洛辰
계란,鸡卵
계란유골,鸡卵有骨
계란형,鸡卵形
계람,卟啉
계략,计略
계량,计量
계량기,计量器
계량법,计量法
계렬,系列
계렬새,系列赛
계렬소설,系列小说
계렬절목,系列节目
계렬편,系列片
계렬화,系列化
계령,系铃
계령지,季灵芷
계롱,鸡笼
계룡,季龙
계류,溪流; 系留
계류형,溪流型; 溪流型
계률,戒律
계륵,鸡肋
계림,桂林
계림로,桂林路
계림시,桂林市
계막신과,季莫申科
계만,届满
계면,界面; 诫勉
계면조,界面调
계명,阶名; 季明; 启明
계명구도,鸡鸣狗盗
계명사,鸡鸣寺
계명성,启明星
계명의,季铭义
계모,继母; 计谋; 鸡毛
계모산피,鸡毛蒜皮
계모탄자,鸡毛掸子
계몽,启蒙
계몽사상,启蒙思想
계몽사상가,启蒙思想家
계몽자,启蒙者
계몽주의,启蒙主义
계몽주의자,启蒙主义者
계몽주의적,启蒙主义的
계묘,癸卯
계무소출,计无所出
계미,癸未
계미주,鸡尾酒
계미주회,鸡尾酒会
계박,系缚
계발,启发
계발성,启发性
계발식,启发式
계범,季凡
계보,系谱; 季报
계봉,启封
계부,继父
계북,桂北
계분,计分
계비,戒备; 界碑
계비구도,鸡飞狗跳
계비단타,鸡飞蛋打
계비삼엄,戒备森严
계사,稽查; 启事; 鸡舍; 癸巳
계사원,稽查员
계산,计算
계산기,计算器; 计算机
계산기계통,计算机系统
계산기공제,计算机控制
계산기과학,计算机科学
계산기과학여기술,计算机科学与技术
계산기류,计算机类
계산기망락,计算机网络
계산기범죄,计算机犯罪
계산기병독,计算机病毒
계산기보조,计算机辅助
계산기수거,计算机数据
계산기안전,计算机安全
계산기정서,计算机程序
계산기조작,计算机操作
계산기중심,计算机中心
계산기화,计算机化
계산대,计算台
계산량,计算量
계산법,计算法
계산서,计算书
계산소,计算所
계산소장,计算所长
계산적,计算的
계산중심,计算中心
계산표,计算表
계상,计上; 阶上; 季相
계생,计生
계생국,计生局
계생단,鸡生蛋
계생위,计生委
계생협회,计生协会
계서,鸡西
계서시,鸡西市
계서적,阶序的
계서화,阶序化
계석,界石
계선,界线
계선림,季羡林
계선생,季先生
계설,界说
계세,契税
계속,系属; 继续
계속부단,继续不断
계속적,继续的
계수,系数; 计数; 溪水; 计酬; 稽首; 界首
계수기,计数器
계수배,阶手拜
계수법,系数法; 计数法
계수시,界首市
계승,继承
계승권,继承权
계승법,继承法
계승성,继承性
계승인,继承人
계승자,继承者
계승적,继承的
계시,启示; 届时; 鸡翅; 计时
계시기,计时器
계시새,计时赛
계신,戒慎
계신성역,鸡新城疫
계심,戒心; 鸡心
계씨,季氏
계아,季雅
계안,鸡眼
계안평,季雁萍
계압어육,鸡鸭鱼肉
계약,契约
계약고,契约库
계약금,契约金; 契约金
계약서,契约书
계약자,契约者
계약제,契约制
계약형,契约型
계양,桂阳
계양현,桂阳县
계엄,戒严
계엄군,戒严军
계엄령,戒严令
계연,戒烟
계열,系列; 系列
계열사,系列社
계열형,系列型
계열화,系列化
계온,鸡瘟
계와,鸡窝
계왕개래,继往开来
계외구,界外球
계용,启用
계우,季雨
계운,启运
계운동형,系运动型
계원,契员; 桂圆
계위,阶位; 计委
계유,癸酉
계유년,癸酉年
계육,鸡肉
계윤석,季允石
계율,戒律
계의,计议
계이,继而
계이부사,锲而不舍
계임,继任
계임자,继任者
계자,桂子; 鸡子; 继子
계자정,季子汀
계잡,鸡杂
계장,契长; 系长; 鸡场; 界桩
계재,计财
계적,启迪
계전기,继电器
계절,季节
계절병,季节病
계절성,季节性
계절적,季节的
계절풍,季节风
계정,计定; 界定; 启程; 鸡丁; 稽征; 计程; 季婷
계정차,计程车
계제,阶梯; 戒除; 鸡啼
계제상,阶梯状
계제식,阶梯式
계좌,计座
계좌설,计座说
계주,继走; 戒酒; 启奏; 系主
계주생면,契酒生面
계지,戒指; 桂枝; 系指; 阶地
계지탕,桂枝汤
계책,计策
계체량,计体量
계추,癸丑; 鸡雏
계축,癸丑
계측,计测
계층,阶层
계층론,阶层论
계층적,阶层的
계층화,阶层化
계치,启齿
계탕,鸡汤
계통,系统
계통가고성,系统可靠性
계통개발,系统开发
계통공정,系统工程
계통급,系统级
계통대,系统对
계통론,系统论
계통문건,系统文件
계통분석,系统分析
계통설계,系统设计
계통성,系统性
계통신식,系统信息
계통연건,系统软件
계통오차,系统误差
계통유호,系统维护
계통종합,系统综合
계통지지,系统支持
계통측시,系统测试
계통항목,系统项目
계통화,系统化
계통회복,系统恢复
계퇴,鸡腿
계투,械斗
계파,系派; 鸡巴; 鸡婆
계파적,系派的
계평,桂平
계폐,启闭
계포일락,季布一诺; 季布一諾
계표,界标
계품,启禀
계풍,季风
계피,桂皮; 鸡皮
계피흘탑,鸡皮疙瘩
계핏,桂皮
계하,界河
계하수,阶下囚
계한,界限; 季汉
계합,契合
계항,启航
계해,癸亥
계현,蓟县
계혈석,鸡血石
계호,系好
계화,桂花
계화생,桂华生
계회,契会
계획,计划
계획경제,计划经济
계획과,计划课
계획생육,计划生育
계획생육법,计划生育法
계획서,计划书; 计划署
계획성,计划性
계획안,计划案
계획자,计划者
계획적,计划的
계획지,计划纸
계획표,计划表
계획학,计划学
계후,继后
계흉,鸡胸
계희은,桂希恩
고,高; 告; 考; 古; 故; 苦; 股; 靠; 顾; 固; 姑; 库; 鼓; 搞; 估; 孤; 稿; 敲; 雇; 贾; 裤; 枯; 糕; 咕; 辜; 烤; 膏; 叩; 拷; 菇; 呱; 沽; 睾; 羔; 骷; 铐; 箍; 蛊; 锢; 诰; 皋; 挎; 翱; 槁; 胯; 篙; 犒; 轱; 钴; 杲; 鸪; 蛄; 诂; 胍; 崮; 绔; 痼; 牯; 锆; 罟; 哌; 槔; 瞽; 藁; 菰; 觚; 尻; 郜; 袴; 栲; 酤; 鲴; 刳; 臌; 笟; 跍; 菒; 祮; 苽; 鷱; 郀; 祻; 盬; 秙; 筶; 臯; 禞; 鲓; 韟; 祰; 箛; 藳; 羙; 顧; 褲; 庫; 吿; 髙
고가,古家; 高价; 股价; 估价; 高歌; 顾家; 高家; 古街; 告假; 古柯; 辜家
고가격,高价格
고가과인,孤家寡人
고가교,高架桥
고가구,古家具
고가도로,高架道路
고가로,高架路
고가맹진,高歌猛进
고가색,高加索
고가색지구,高加索地区
고가지수,股价指数
고가치,高价值
고가품,高价品
고가화,高价化
고각,裤脚
고간,苦干; 高干; 烤干; 枯干
고갈,枯渴; 枯竭
고감도,高感度
고갑희,高甲戏
고강,高强; 高腔
고강도,高强度
고개,高个; 高开; 高凯
고개고주,高开高走
고개아,高个儿
고개자,高个子
고객,顾客
고객문,顾客们
고객영문,顾客盈门
고객층,顾客层
고거,高举; 高居; 故居; 考据; 故去; 高踞
고거기,古巨基
고거부하,高居不下
고건,稿件; 固件; 高健; 古建; 高建
고건걸,古健杰
고걸,高杰
고검,古剑
고검우,古剑宇
고검원,高检院
고격,敲击; 叩击
고견,高见; 叩见
고결,高洁; 固结
고경,苦境; 鼓劲; 告罄; 告警; 高擎
고경종,敲警钟
고계,估计; 告诫; 烤鸡
고고,孤高; 考古; 高考; 高高; 苦苦; 姑姑; 高估; 股股; 咕咕; 考考; 搞搞; 呱呱; 敲敲; 鼓鼓; 枯槁
고고계,考古界
고고고생,高考考生
고고괘기,高高挂起
고고규,呱呱叫
고고낭낭,鼓鼓囊囊
고고단단,孤孤单单
고고대,考古队
고고대대,高高大大
고고대원,考古队员
고고락지,呱呱落地
고고령정,孤苦伶仃
고고무의,孤苦无依
고고재상,高高在上
고고저저,高高低低
고고적,鼓鼓的
고고제,高考题
고고지성,呱呱之声
고고추지,呱呱坠地
고고타타,敲敲打打
고고학,考古学
고고학가,考古学家
고고학가문,考古学家们
고고학계,考古学界
고고학자,考古学者
고고학적,考古学的
고고흥흥,高高兴兴
고골,股骨; 枯骨; 胯骨
고골경,股骨颈
고골두,股骨头
고공,高空; 雇工; 苦功; 高工; 苦工
고공비행,高空飞行
고공자,高工资
고공작업,高空作业
고공조,高空槽
고과,考课; 苦瓜; 孤寡; 高科; 苦果; 搞垮
고과기,高科技
고관,高官; 考官; 裤管; 告官
고관대작,高官大爵
고관문,高官们
고관후록,高官厚禄
고광,高光
고괘,高挂
고괴,古怪; 古槐
고굉지신,股肱之臣
고교,高校; 高教; 高桥; 高跷; 故交
고교생,高校生
고교수,高教授
고교진,高桥镇
고구,库区; 考究; 古旧; 考区; 苦口; 故旧
고구려,高句丽
고구파심,苦口婆心
고국,故国; 古国
고군,高军
고군강전,孤军奋战
고군분투,孤军奋鬪
고군서,高群书
고군심입,孤军深入
고군요,高群耀
고군작전,孤军作战
고궁,古宫; 故宫
고궁박물원,故宫博物院
고권,股权; 考卷
고귀,高贵; 搞鬼
고극,库克
고극사,考克斯
고근,靠近; 高跟; 考勤
고근혜,高跟鞋
고금,古今; 古琴; 股金
고금독보,古今独步
고금동서,古今东西
고금동연,古今同然
고금리,高金利; 高金利
고금소매,高金素梅
고금중외,古今中外
고급,高级; 顾及; 告急
고급문화,高级文化
고급반,高级班
고급사,高级社
고급어언,高级语言
고급적,高级的
고급품,高级品
고급화,高级化
고기,顾忌; 鼓起; 高崎; 故技; 鼓气; 考期; 故伎
고기국제기장,高崎国际机场
고기능,高技能
고기마,库奇马
고기술,高技术
고기압,高气压
고기압권,高气压圈
고기압부,高气压部
고기용기,鼓起勇气
고기점,高起点
고기중연,故伎重演
고기후,古气候
고길상사,库吉祥纱
고난,苦难
고난도,高难度
고난동작,高难动作
고낭,姑娘
고낭가,姑娘家
고낭문,姑娘们
고내내,姑奶奶
고녀,孤女
고녀사,高女士; 顾女士
고년,高年
고년급,高年级
고념,顾念
고농,咕哝; 雇农
고뇌,苦恼
고능,高能
고능모,高能耗
고능물리,高能物理
고단,高端
고단백,高蛋白
고단백질,高蛋白质
고단수,高段数
고단시장,高端市场
고단화,高端化
고담,固氮
고담영웅,孤胆英雄
고담준론,高谈峻论
고담활론,高谈阔论
고답적,高踏的
고당,高档; 裤裆; 高糖; 高唐
고당차,高档车; 高档次
고당화,高档化
고대,古代; 苦待; 高大; 高台; 裤带; 裤袋
고대가,高大哥
고대광실,高台广室
고대구심,苦大仇深
고대문,古代文
고대문명,古代文明
고대사,古代史
고대사학계,古代史学界
고대산,高大山
고대위,高大卫
고대인,古代人
고대적,古代的
고대전,高大全
고덕,高德; 古德
고덕약한삼,古德约翰森
고덕위이,考德威尔
고도,古都; 孤岛; 高度; 高挑; 古道; 鼓捣; 高徒; 故都; 故道; 咕嘟; 顾到; 高跳
고도고도,咕嘟咕嘟
고도열장,古道热肠
고도화,高度化
고독,孤独; 蛊毒
고독감,孤独感
고독자,孤独者
고동,鼓动; 股东; 古董; 咕咚; 古铜
고동고동,咕咚咕咚
고동권익,股东权益
고동대회,股东大会
고동맥,股动脉
고동문,股东们
고동색,古铜色
고두,苦头; 叩头; 裤兜; 裤头; 搞头
고두대마,高头大马
고두배,叩头拜
고득,考得
고득다,高得多
고득점자,高得点者
고득주,靠得住
고등,高等; 高登; 古登
고등계,高等系
고등법원,高等法院
고등부,高等部
고등중학교,高等中学校
고등학교,高等学校
고등학생,高等学生
고라마,古罗马
고라타고,敲锣打鼓
고락,苦乐; 苦樂; 鼓乐; 古乐
고락부,库洛夫
고락제명,鼓乐齐鸣
고란,搞乱; 高栏; 古兰
고란경,古兰经
고란이,库兰伊
고랄산첨,苦辣酸甜
고람,高岚
고랍,考拉
고랑,古浪
고랑서,鼓浪屿
고랑서구,鼓浪屿区
고래희,古来稀
고랭지,高冷地
고량,高粱; 估量
고량주,高粱酒
고량진미,膏粱珍味
고려,考虑; 顾虑; 高丽; 鼓励; 古丽
고려공사삼일,高丽公事三日
고려공산,高黎贡山
고려류,鼓励类
고려성,鼓励性
고려자기,高丽瓷器
고려장,高丽葬; 鼓励奖
고려조,高丽朝
고려참,高丽参
고려청자,高丽青瓷; 高丽靑瓷
고력,古力; 苦力
고력사,高力士
고련,苦练
고령,高龄; 高领; 高玲
고령령,孤零零
고령롱,古玲珑
고령뢰,高领蕾
고령석,高岭石
고령익,古灵益
고령자,高龄者
고령지,高岭地
고령층,高龄层
고령토,高岭土
고령화,高龄化
고례택,高礼泽
고로,古老; 高炉; 咕噜; 孤老; 烤炉; 告老; 高璐; 辜老
고로결,高露洁
고로고로,咕噜咕噜
고로로,咕噜噜
고로사,高老师; 顾老师
고로환향,告老还乡
고록,轱辘
고록산,高氯酸
고론,高论
고롱,靠拢
고롱현허,故弄玄虚
고뢰,库赖; 高磊
고뢰뢰,高雷雷
고료,稿料
고룡,古龙
고루,固陋; 高楼; 骷髅; 鼓楼; 孤陋
고루과문,孤陋寡闻
고루구,鼓楼区
고루대하,高楼大厦
고륜,库仑; 库伦
고릉,高凌; 高陵
고릉풍,高凌风; 古凌风
고릉현,高陵县
고리,故里; 股利; 高利; 库里
고리대,高利贷
고리률,高利率
고리식,高利息
고리윤,高利润
고림,郜林; 高林
고림밀,高林密
고립,孤立
고립감,孤立感
고립무원,孤立无援
고립성,孤立性
고립웅,顾立雄
고립주의,孤立主义
고립화,孤立化
고마,姑妈
고마랍통가,库马拉通加
고마이간,叩马而谏
고막,鼓膜
고망,考纲
고매,高迈; 高妹
고맹강,高锰钢
고맹산갑,高锰酸钾
고면,高棉
고면포,烤面包
고명,高名; 高明; 苦命; 顾命; 诰命
고명구,高明区
고명사의,顾名思义
고명조예,沽名钓誉
고모,姑母; 高某; 估摸; 顾某; 高帽
고모능,高耗能
고모부,姑母夫
고모자,高帽子
고목,古木; 枯木
고목봉춘,枯木逢春
고목생화,枯木生花
고목참천,古木参天
고묘,古墓; 古庙; 高妙
고무,鼓舞; 古武
고무적,鼓舞的
고문,拷问; 顾问; 敲门; 古文; 叩门; 考问; 高门; 叩问; 高文
고문관,顾问官
고문단,顾问团
고문문,顾问们
고문비,顾问费
고문성,敲门声
고문위원회,顾问委员会
고문자,拷问者; 古文字
고문전,敲门砖
고문헌,古文献
고문화,高文华
고물,古物
고물가,高物价
고물류,高物流
고물상,古物商
고미,苦味
고미지구,古美地区
고민,苦闷; 股民; 高敏
고민녀,苦闷女
고민문,股民们
고밀,告密; 高密
고밀도,高密度
고밀자,告密者
고박,古朴; 靠泊; 库珀; 高博
고박전아,古朴典雅
고반,高攀; 顾盼; 烤盘; 库班
고반응성,高反应性
고발,告发; 高发
고발구,高发区
고발기,高发期
고발인,告发人
고발자,告发者
고발장,告发状; 告发狀
고발지구,高发地区
고방,库房
고방자상,孤芳自赏
고배,高杯; 靠背; 叩拜
고배용,高培勇
고백,告白; 古柏
고백적,告白的
고법,高法; 古法; 搞法
고변,告变; 靠边
고변참,靠边站
고별,告别
고별사,告别辞
고별새,告别赛
고병,糕饼
고보,高普; 古堡; 高保
고보자봉,固步自封; 故步自封
고보진,高保真
고복,高复
고복격양,鼓腹击壤
고본,股本; 稿本
고봉,高捧; 高峰
고봉기,高峰期
고봉준령,高峰峻岭
고부,姑妇; 辜负; 姑父; 姑夫
고부가,高附加
고부가반,高不可攀
고부간,姑妇间
고부감언,苦不堪言
고부과래,顾不过来
고부득,顾不得
고부만,库夫曼
고부성저부취,高不成低不就
고부인,高夫人
고부주,靠不住
고부청,搞不清
고북,古北
고북구,古北口
고분,古坟; 股份; 固体; 高分; 考分; 估分
고분공사,股份公司
고분군,古坟郡
고분유한공사,股份有限公司
고분자,高分子
고분저능,高分低能
고분전양,股份转让
고분제,股份制
고분화,股份化
고붕,高鹏
고붕만좌,高朋满座
고비,稿费; 高飞
고비용,高费用
고비잡,库比卡
고비점,高碑店
고빈,高频; 高斌; 顾彬
고사,古史; 告祀; 固辞; 姑舍; 故事; 枯死; 考查; 敲诈; 告辞; 高师; 高斯; 苦思; 高士; 高射; 固沙; 叩谢
고사기,古士奇
고사륵색,敲诈勒索
고사망,古斯芒
고사명상,苦思冥想
고사부,高师傅
고사성,故事性
고사실,考查室
고사영편,故事影片
고사장,考查场
고사탑부,古斯塔夫
고사편,故事片
고사포,高射砲; 高射炮
고사포병,高射砲兵
고산,高山; 高产; 估算; 靠山; 估产
고산대,高山带
고산류수,高山流水
고산앙지,高山仰止
고산족,高山族
고산진호,敲山震虎
고산출,高产出
고산흘산,靠山吃山
고삼,高三; 古森
고삼성,高渗性
고삽,苦涩
고상,高尚; 考上; 高尙; 高翔; 烤箱; 告状; 翱翔; 固相; 顾上; 高爽
고새,库赛
고새이,高赛尔
고색고향,古色古香
고색창연,古色苍然
고생,考生; 苦生
고생가,考生可
고생계,古生界
고생고생,苦生苦生
고생대,古生代
고생문,考生们
고생물,古生物
고생물학,古生物学
고생물학가,古生物学家
고생물학자,古生物学者
고생물학적,古生物学的
고서,古书
고서광,高西广
고서진,顾瑞珍
고석,考释; 顾惜
고선,古船; 高线
고선생,高先生; 顾先生; 古先生
고선지,高仙芝
고성,固性; 古城; 高声; 高盛; 鼓声; 故城; 告成; 藁城
고성공사,高盛公司
고성낙일,孤城落日; 孤城落日
고성능,高性能
고성대명,高姓大名
고성본,高成本
고성시,藁城市
고성장,高成长
고성장성,高成长性
고성제,苦圣谛
고성집단,高盛集团
고소,告诉; 苦笑; 高烧; 高小; 姑苏
고소계,搞关系
고소권자,告诉权者
고소당,顾少棠
고소동작,搞小动作
고소득,高所得
고소모,高消耗
고소비,高消费
고소성,姑苏城
고소원,固所愿
고소인,告诉人
고소자,告诉者
고소장,告诉状; 告诉狀
고소저,高小姐; 顾小姐
고소절,股关节
고속,古俗; 高速
고속강,高速钢
고속공로,高速公路
고속도,高速度; 高速道
고속도로,高速道路
고속로,高速路
고속완존,高速缓存
고속증장기,高速增长期
고속화,高速化
고송,古松; 枯荣
고수,固守; 苦水; 高手; 鼓手; 稿酬; 枯水; 枯瘦; 叩首; 高寿; 靠手; 姑嫂; 古树
고수기,枯水期
고수련,顾秀莲
고수명목,古树名木
고수문,高手们
고수민,高秀敏
고수부지,高水敷地
고수익,高收益
고수입자,高收入者
고수평,高水平
고숙영,高淑英
고순,高顺; 高淳; 高纯; 固醇
고순도,高纯度
고순현,高淳县
고승,高僧; 高升
고시,告示; 考试; 股市; 高试; 古诗; 古时; 固始; 古尸
고시법,考试法
고시비,考试费
고시생,考试生
고시원,考试院
고시율,考试率; 考试率
고시장,高市长
고시중심,考试中心
고시패,告示牌
고시현,固始县
고시후,古时候
고식,股息; 姑息
고식성,姑息性
고식양간,姑息养奸
고식적,姑息的
고식지계,姑息之计
고식천취,姑息迁就
고신,高薪; 孤身; 高新; 高辛
고신과기,高新科技
고신구,高新区
고신기술,高新技术
고신산업,高新产业
고신산품,高新产品
고심,苦心; 高深
고심경영,苦心经营
고심고예,苦心孤诣
고심막측,高深莫测
고심초사,苦心焦思
고씨,高氏; 顾氏
고아,孤儿; 高雅; 古雅
고아과모,孤儿寡母
고아원,孤儿院
고아적,孤儿的
고안,考案; 靠岸; 高安; 固安
고안시,高安市
고안현,高安县
고압,高压; 烤鸭
고압과,高压锅
고압선,高压线
고압양,高压氧
고압적,高压的
고압전,高压电
고압척,高压脊
고앙,高昂
고액,高额
고앵,高莺
고야,姑爷; 高野
고약,膏药; 顾若
고약금탕,固若金汤
고양,高扬; 羔羊; 高阳; 高洋; 高氧
고양감,高扬感
고양화,高扬化
고어,古语
고언,高彦
고역,苦役
고연,固然; 烤烟; 高燃
고열,高热
고염,高炎
고염무,顾炎武
고염민,郜艳敏
고엽제,枯叶剂
고영양식,高营养食
고영자령,顾影自怜
고영장,古永锵
고오,高傲; 苦熬
고옥건령,高屋建瓴
고온,高温
고완,古玩
고왕,古往
고왕금래,古往今来
고왜,高矮; 库娃
고외,高巍
고요,高腰; 裤腰; 高尧; 高要; 告饶
고요결,高耀洁
고요구,高要求
고용,雇佣; 雇用; 高耸; 高勇; 库容; 高庸; 古榕
고용로동,雇佣劳动
고용분,固溶体
고용소계,雇佣关系
고용인,雇佣人
고용입운,高耸入云
고용자,雇用者
고용주,雇用主
고우,高于; 苦于; 高邮; 故友; 牯牛; 苦雨
고우시,高邮市
고운,高云
고운창,顾云昌
고웅,高雄
고웅시,高雄市
고웅항,高雄港
고원,高原; 雇员; 高远; 固原; 故园
고원시,固原市
고월,古月
고위,高位; 枯萎; 告慰; 高伟; 顾委
고위금용,古为今用
고위급,高位级
고위도,高纬度
고위민,顾卫民
고위병,枯萎病
고위직,高位职
고위층,高位层
고위험,高危险
고유,固有; 高维
고유균,顾维钧
고유성,固有性
고유어,固有语
고유종,固有种
고유층,固有层
고육,烤肉
고육계,苦肉计
고육지계,苦肉之计
고육지책,苦肉之策
고육책,苦肉策
고율,高率; 高率
고은,库恩
고음,高音; 古音
고음계,高音阶
고읍,古邑
고의,故意; 高毅; 靠椅
고의생,高医生
고의적,故意的
고이,高二; 故而; 高尔
고이고,古尔库
고이기,高尔基
고이니과왜,库尔尼科娃
고이덕,库尔德
고이륵,库尔勒
고이륵시,库尔勒市
고이방절,古尔邦节
고이부,高尔夫
고이부구,高尔夫球
고이부구락부,高尔夫俱乐部
고이부구새,高尔夫球赛
고이부구원,高尔夫球员
고이부구장,高尔夫球场
고이사극,库尔斯克
고이유지,古已有之
고이특,库伊特
고익,高翼
고인,古人; 故人; 高人; 高仁
고인류,古人类
고인봉,高人凤
고인쇄,古印刷
고인일등,高人一等
고인일주,高人一筹
고일,高一
고일급,高一级
고일단락,告一段落
고일자,苦日子
고임,高赁
고임국,高赁国
고임금,高赁金; 高赁金
고입,高入
고자,告者; 裤子; 稿子; 股子; 羔子
고자기,考茨基
고자세,高姿势
고자열좌부,库兹涅佐夫
고자열좌왜,库兹涅佐娃
고자질,告者­
고자태,高姿态
고작자태,故作姿态
고잔,孤残
고잡,搞砸
고장,故障; 考场; 鼓掌; 古装; 高墙; 股长; 姑丈; 库藏
고장군,高将军
고장난명,孤掌难鸣
고장률,故障率
고장위,顾长卫
고장지간,股掌之间
고장희,古装戏
고재,靠在; 高才
고재생,高材生; 高才生
고재일기,靠在一起
고쟁,古筝
고저,高低
고저강,高低杠
고저축률,高储蓄率
고적,古迹; 孤寂; 古籍; 高迪; 考绩
고적감,孤寂感
고적기니,库迪奇尼
고적오,高迪奥
고적지,古迹地
고전,古典; 苦战; 古田; 高战; 顾全; 高田; 古钱
고전극,古典剧
고전기,古典期
고전대국,顾全大局
고전무,古典舞
고전물,古典物
고전미,古典美
고전식,古典式
고전음락,古典音乐
고전적,古典的
고전주의,古典主义
고전주의자,古典主义者
고전주의적,古典主义的
고전학파,古典学派
고전현,古田县
고절가률,高折价率
고점,考点; 糕点; 靠垫; 鼓点
고점상,高占祥
고접,高接
고정,固定; 搞定; 考证; 敲定; 高程; 古井; 苦情; 高征; 哌啶; 枯井; 考订
고정간첩,固定间谍
고정관념,固定观念
고정급화,固定给化
고정리률,固定利率
고정맥,股静脉
고정밀도,高精密度
고정불변,固定不变; 固定不变
고정선,固定线
고정성,固定性
고정식,固定式
고정액,固定液
고정장,固定奖
고정적,固定的
고정첨,高精尖
고정화,固定化
고정휘률,固定汇率
고제,考题
고조,高祖; 高调; 高潮; 枯燥; 鼓噪
고조기,高潮期
고조무미,枯燥无味
고조질기,高潮迭起
고족,鼓足; 高足
고족간경,鼓足干劲
고존,库存
고존량,库存量
고졸,高卒; 古拙
고종,姑从; 告终; 高宗
고종명,考终命
고좌,枯坐
고좌우이언타,顾左右而言他
고죄,告罪
고주,雇主; 高州; 高走; 苦酒; 顾主
고주시,高州市
고주일척,孤注一掷
고주임,高主任
고죽강,敲竹杠
고준,高峻
고준위,高准位
고중,高中; 考中
고중급,高中级
고중생,高中生
고중작락,苦中作乐
고중장률,高中奖率
고증,考证
고증학적,考证学的
고지,告知; 故地; 高地; 股指; 枯枝; 稿纸; 高枝; 故知
고지가,高地价
고지능,高智能
고지대,高地带
고지방,高脂肪
고지방질,高脂肪质
고지상,高智商
고지서,告知书
고지중유,故地重游
고지퇴,故纸堆
고지표,高指标
고지혈증,高脂血症
고직,高职
고직위,高职位
고진,叩诊; 高晋
고진감래,苦尽甘来
고진공,高真空
고진보,辜振甫
고질,痼疾
고질량,高质量
고질적,痼疾的
고질화,痼疾化
고집,固执
고집기견,固执己见
고집멸도,苦集灭道
고집불통,固执不通; 固执不通
고집형,固执型
고징,高澄
고차,故此; 姑且; 裤衩; 高差; 库车; 雇车; 苦差
고차사,苦差事
고차실피,顾此失彼
고차원,高次元
고차원적,高次元的
고차적,高次的
고착,固着
고찰,考察; 古刹
고찰단,考察团
고찰대,考察队
고참,古参; 苦参; 高参
고창,高唱; 高涨; 高畅; 高昌; 鼓胀
고창건,高仓健
고창기,高唱期
고처,高处; 苦处
고처부승한,高处不胜寒
고척추동물,古脊椎动物
고천,高天; 古泉
고천락,古天乐
고천호,高天虎
고천흘반,靠天吃饭
고철,古铁; 高铁
고철뢰사,古铁雷斯
고첨원촉,高瞻远瞩
고첩,告捷; 高捷
고청,高清; 雇请; 高青
고청풍,顾青枫
고체,固体; 高达; 古蒂
고초,苦楚; 高超; 高招; 枯草; 烤焦
고초간균,枯草杆菌
고초일,枯焦日
고초판,高招办
고촉,高烛
고촉등,高烛灯
고추평,古秋萍
고축,固缩
고출,敲出
고출력,高出力
고충,苦衷
고취,鼓吹; 考取; 高就; 告吹; 搞臭
고취물,高聚物
고취자,鼓吹者
고측,估测
고층,高层
고층주택,高层住宅
고층차,高层次
고칠,烤漆
고침,靠枕; 高枕
고침단금,孤枕单衾
고침무우,高枕无忧
고침양,高沈阳
고침이와,高枕而卧
고타,敲打; 拷打
고탁,古托
고탄수화물,高炭水化物
고탑,库塔
고탕,高汤; 鼓荡
고태,固态
고태귀수,高抬贵手
고태복맹,故态复萌
고토,故土
고통,苦痛; 高通
고통공사,高通公司
고퇴,裤腿; 告退
고투,苦鬪; 苦斗
고투입,高投入
고특합덕,库特哈德
고파,古巴; 库巴; 姑婆; 高波
고파대,古巴队
고판,古板
고패,拷贝
고평,考评; 古平; 高平
고평가,股评家
고포,挎包; 鼓包
고포제사막,库布齐沙漠
고표,股票
고표기,股票期
고표류,股票类
고표시장,股票市场
고표준,高标准
고표체,高表达
고표형,股票型
고표호,高标号
고품,孤品
고품위,高品位
고품질,高品质
고풍,古风; 高风; 考风; 鼓风
고풍기,鼓风机
고풍량절,高风亮节
고풍문,高丰文
고필,考虑; 顾虑
고필고필,考虑考虑
고필중중,顾虑重重
고하,高下
고하재심,高下在心
고학,苦学
고학년,高学年
고학력,高学历
고학력자,高学历者
고학생,苦学生
고학여,高学余
고한,高寒; 苦寒; 高限; 孤寒
고한월,古寒月
고함,高喊
고항,高亢
고해,告解; 苦海
고해상도,高解像度
고핵,考核
고행,苦行
고행승,苦行僧
고향,故鄕; 故乡; 敲响; 高香
고향고색,古香古色
고헌,顾宪
고헐무상,高歇无常
고험,考验
고현,高悬; 古玄
고혈단신,孤孑单身
고혈당,高血糖
고혈도,库页岛
고혈압,高血压
고혈압성,高血压性
고형,固形
고호,搞好; 高呼
고호성,高虎城
고호송,高浩荣
고혹,蛊惑
고혹인심,蛊惑人心
고혹적,蛊惑的
고혼,孤魂
고혼야귀,孤魂野鬼
고홍,高鸿; 高洪
고홍명,辜鸿铭
고홍파,高洪波
고화,固化; 固话; 古话; 烤火; 高华; 古画
고화제,固化剂
고화질,高画质
고환,睾丸; 高欢
고환동,睾丸酮
고활,搞活; 苦活
고황,枯黄
고황지질,膏황之疾
고회명,顾怀明
고회보률,高回报率
고효,高效
고효능,高效能
고효률,高效率
고효빈,高晓斌
고효성,高效性
고효송,高晓松
고효운,顾晓芸
고효율,高效率; 高效率
고효율화,高效率化; 高效率化
고효익,高效益
고효화,高效化
고훈,古训
고흥,高兴
고흥고흥,高兴高兴
고희,古稀
고희랍,古希腊
고희지년,古稀之年
고희희,高希希
고힐강,顾颉刚
곡,曲; 谷; 哭; 蛐; 鹄; 斛; 梏; 毂; 槲; 觳; 喾; 縠; 牿; 糓
곡가,谷歌; 曲家
곡각,谷壳
곡강,曲江; 哭腔
곡검,哭脸
곡경,曲径
곡경통유,曲径通幽
곡고화과,曲高和寡
곡곡,蛐蛐
곡곡절절,曲曲折折
곡곡제제,哭哭啼啼
곡곤구,曲棍球
곡굉지락,曲肱之乐; 曲肱之樂
곡굉파,曲宏波
곡구,谷口
곡궁,哭穷
곡규,哭叫
곡극,曲剧
곡뇨,哭闹
곡도,谷道
곡락항,曲乐恒
곡령,谷灵
곡로사,曲老师
곡류,曲流; 谷类
곡류천,曲流川
곡률,曲率; 曲率
곡립,谷粒
곡립업,谷立业
곡마다,曲马多
곡매,曲霉
곡면,曲面
곡모,曲某
곡목,曲目; 谷牧
곡물,谷物
곡미,谷米
곡별침,曲别针
곡병,曲柄
곡보,曲谱
곡복사신,谷腹丝身
곡부,曲阜
곡부시,曲阜市
곡비비,曲飞飞
곡비자,哭鼻子
곡상,哭丧
곡상착검,哭丧着脸
곡서옥,谷瑞玉
곡선,曲线
곡선도,曲线图
곡선생,曲先生
곡성,哭声; 谷城
곡성경,曲圣卿
곡소,哭诉
곡소부득,哭笑不得
곡소풍,谷啸风
곡송,曲松
곡수,曲水; 谷穗
곡수부,谷寿夫
곡수유상,曲水流觞; 曲水流觞
곡식,谷食; 曲式
곡안산,谷氨酸
곡양,曲阳
곡예,曲艺
곡예계,曲艺界
곡예단,曲艺团
곡완정,曲婉婷
곡우,谷雨
곡우선,曲优璇
곡원,谷垣
곡원정일,谷垣祯一
곡유소,谷维素
곡읍,哭泣
곡자,曲子; 谷子
곡절,曲折; 曲节
곡정,曲靖
곡정시,曲靖市
곡조,曲调
곡조가,曲兆佳
곡종인산,曲终人散
곡중,谷中
곡중련,谷中莲
곡지,谷地; 曲池
곡지홍,曲志红
곡지화,谷之华
곡직,曲直
곡착곡착,哭着哭着
곡창,谷仓
곡초,谷草
곡축,曲轴
곡파,曲波
곡패,曲牌
곡학아세,曲学阿世
곡한향,谷寒香
곡함,哭喊
곡함허,谷涵虚
곡해,曲解
곤,困; 滚; 昆; 棍; 捆; 坤; 琨; 锟; 髡; 衮; 鲧; 阃; 鲲; 绲; 辊; 磙; 醌; 悃; 謴; 硱; 裈; 鹍; 髠; 裩; 鮌; 蜫; 稇; 睴; 滾; 堃; 丨; 睏; 崐; 崑; 輥
곤각,困觉
곤개,滚开
곤경,困境
곤고,困苦
곤곡,昆曲
곤곤,滚滚
곤곤이래,滚滚而来
곤과란숙,滚瓜烂熟
곤군,困窘
곤궁,困穷
곤권,困倦
곤극,昆剧
곤난,困难
곤난중중,困难重重
곤난호,困难户
곤단,滚蛋
곤덕랍,昆德拉
곤도,滚刀
곤돈,困顿
곤동,滚动
곤동식,滚动式
곤동조,滚动条
곤란,困难
곤란성,困难性
곤룡포,衮龙袍
곤륜,昆仑; 滚轮
곤륜반점,昆仑饭店
곤륜산,昆仑山
곤명,昆明
곤명기장,昆明机场
곤명리공대학,昆明理工大学
곤명시,昆明市
곤명시공안국,昆明市公安局
곤명의학원,昆明医学院
곤명지구,昆明地区
곤명참,昆明站
곤명호,昆明湖
곤목,滚木
곤방,捆绑
곤방식,捆绑式
곤번,滚翻
곤변,滚边
곤봉,棍棒
곤비,困惫
곤사란,昆士兰
곤사란주,昆士兰州
곤산,昆山
곤산시,昆山市
곤설구,滚雪球
곤수,滚水; 困守
곤아,滚儿
곤액,困厄
곤양,昆阳
곤열,滚热
곤요,困扰
곤욕,困辱
곤원,滚圆
곤자,棍子; 滚子; 辊子
곤장,棍杖
곤장선,滚装船
곤존,滚存
곤주,滚珠
곤중,昆仲
곤착,困着
곤찰,捆扎
곤출거,滚出去
곤충,昆虫
곤충학자,昆虫学者
곤탕,滚烫
곤통,滚筒
곤통식,滚筒式
곤포,昆布
곤핍,困乏
곤혹,困惑
곤회거,滚回去
곤훼,昆虫
곤훼학,昆虫学
골,圣; 骨; 滑; 汩; 鹘; 汨; 矻; 蓇; 顝; 馉
골가,骨架
골간,骨干
골격,骨格; 骨骼
골격계,骨格系
골격기,骨骼肌
골골,汩汩
골과,骨科
골기,骨气; 骨器
골기질,骨基质
골다공증,骨多孔症
골동,骨董
골동품,骨董品
골동품계,骨董品界
골동품점,骨董品店
골두,骨头
골두문,骨头们
골라,汨罗
골라강,汨罗江
골록,骨碌
골록록,骨碌碌
골료,骨料
골막,骨膜
골몰,汨没
골반,骨盘
골분,骨盆; 骨粉
골세포,骨细胞
골소량,骨小梁
골수,骨髓
골수류,骨髓瘤
골수여시,骨瘦如柴
골수염,骨髓炎
골육,骨肉
골육류,骨肉瘤
골육분리,骨肉分离
골육상련,骨肉相连
골육상잔,骨肉相残
골자,骨子; 骨刺
골자리,骨子里
골재,骨材
골절,骨折; 骨节
골절상,骨折伤
골조,骨组
골조직,骨组织
골질,骨质
골판,骨板
골패,骨牌
골품,骨品
골품제,骨品制
골품제적,骨品制的
골피질,骨皮质
골혈,骨血
골화,骨化
골회,骨灰
골회급,骨灰级
골회합,骨灰盒
골효원,骨胶原
곱,䯩
곱상,­相
곳,廤; 蒊; 㖛; 㖜
곳간,库间
공,公; 工; 空; 共; 功; 供; 攻; 控; 恐; 孔; 贡; 恭; 巩; 拱; 杠; 龚; 赣; 蚣; 邛; 崆; 蛩; 倥; 跫; 銎; 筇; 珙; 箜; 鞚; 蛬; 釭; 躻; 鵼; 貢; 廾
공가,公家; 空家; 孔家; 龚家; 共价; 工价
공가거,共价键
공가룡,龚家龙
공가자,空架子
공가점,孔家店
공각,空壳
공간,空间; 公干; 工间
공간감,空间感
공간대,空间带
공간적,空间的
공간참,空间站
공갈,恐喝
공갈단,恐喝团
공감,共感
공감대,共感带
공강,空讲; 空降
공강병,空降兵
공강부대,空降部队
공개,公开
공개강좌,公开讲座
공개경쟁,公开竞争
공개념,公概念; 公槪念
공개도,公开度
공개론자,公开论者
공개리,公开里
공개박매,公开拍卖
공개새,公开赛
공개성,公开性
공개신,公开信
공개적,公开的
공개화,公开化
공거,共居
공건,共建; 工件
공건립,共建立
공건평,龚建平
공걸,孔杰
공검법,公检法
공격,攻击; 空格
공격기,攻击机
공격력,攻击力
공격성,攻击性
공격수,攻击手
공격자,攻击者
공격적,攻击的
공격형,攻击型
공견,攻坚
공견전,攻坚战
공결,空缺; 公决
공경,恭敬; 公顷; 孔径; 共庆
공경대부,公卿大夫
공경동,孔庆东
공경부여종명,恭敬不如从命
공계,共计; 公鸡
공고,公告; 工高; 巩固; 控股; 控告; 公股
공고기,公告期
공고률,巩固率
공고일,公告日
공고패,公告牌
공곡유란,空谷幽兰
공공,公共; 公公; 空空; 拱拱
공공건물,公共建物
공공경경,恭恭敬敬
공공과,公共课
공공기차,公共汽车
공공복리,公共福利
공공사업,公共事业
공공설시,公共设施
공공성,公共性
공공소계,公共关系
공공시설,公共施设
공공여야,空空如也
공공연,公公然
공공요금,公共料金; 公共料金
공공용,公共用
공공용지,公共用地
공공위생,公共卫生
공공장소,公共场所
공공재산,公共财产
공공적,公共的
공공정정,工工整整
공공질서,公共秩序
공공측소,公共厕所
공공탕탕,空空荡荡
공과,功课; 功过; 工科
공과금,公课金; 公课金
공과우구,供过于求
공관,公馆; 公款; 共管; 空罐
공관원,公馆员
공광,空旷; 工矿
공광구,工矿区
공광기업,工矿企业
공교,工巧; 工交; 拱桥; 孔教
공교사기,公交司机
공교수,孔教授
공교월표,公交月票
공교육,公教育
공교육비,公教育费
공교인원,公教人员
공교장참,公交场站
공교화,公交化
공구,工具; 恐惧; 供求; 工区; 孔丘; 空口; 孔口
공구란,工具栏
공구상,工具箱
공구서,工具书
공구성,工具性
공구증,恐惧症
공구포,工具包
공군,空军
공군기지,空军基地
공군부대,空军部队
공군연,巩君延
공권력,公权力
공극,攻克; 空隙; 孔隙
공극도,孔隙度
공극률,孔隙率
공극수,孔隙水
공근,公斤; 恭谨
공금,公金; 公金
공금리,公金利; 公金利
공급,供给
공급관,供给管
공급기,供给期
공급난,供给难
공급량,供给量
공급분,供给分
공급원,供给源
공급자,供给者
공급제,供给制
공급책,供给责
공기,空器; 空气; 工期
공기동력학,空气动力学
공기업,公企业
공기업적,公企业的
공기업체,公企业体
공기총,空气铳
공난,供暖; 空难
공난기,供暖期
공난비,供暖费
공납,贡纳
공납금,公纳金; 公纳金
공납적,公纳的
공납제,公纳制
공납제적,公纳制的
공내,孔内
공농,工农
공농련맹,工农联盟
공농병,工农兵
공농업,工农业
공농홍군,工农红军
공능,功能
공능부전자,功能不全者
공능설계,功能设计
공능성,功能性
공능수구,功能需求
공능형,功能型
공능화,功能化
공다,公爹
공단,公团; 工团; 贡缎; 工段; 公断
공단장,工段长
공담,空谈
공당,工党; 空档; 空当; 空挡; 公堂
공대,工大; 恭待
공대공,空对空
공대대,工大队
공대우구,供大于求
공덕,功德; 公德; 孔德
공덕무량,功德无量
공덕심,公德心
공덕원만,功德圆满
공도,公道; 共度; 孔道
공도자재인심,公道自在人心
공독,攻读; 工读
공돈,公吨
공동,共同; 空洞; 崆峒; 孔洞
공동묘지,共同墓地
공동무물,空洞无物
공동분,共同体
공동사,共同社
공동생활,共同生活
공동성,共同性
공동시장,共同市场
공동어,共同语
공동적,共同的
공동점,共同点
공동체,共同体
공동체론,共同体论
공동체원,共同体员
공동체적,共同体的
공동체화,共同体化
공동화,空洞化
공두,空头; 工头
공두지표,空头支票
공등,空等
공락,空落
공람,供览
공래,邛崃
공래시,邛崃市
공략,攻掠; 攻略
공량,公粮
공력,功力; 公历
공련,工联
공령,工龄; 空灵
공령휘,孔令辉
공로,功劳; 公路
공로국,公路局
공로규비,公路规费
공로망,公路网
공로법,公路法
공로부,功劳簿
공로부자,孔老夫子
공로사,孔老师
공로새,公路赛
공론,公论; 空论
공론화,公论化
공룡,恐龙
공룡단,恐龙蛋
공류,公刘
공률,功率
공률보,功率谱
공리,公理; 共利; 功利; 公里; 巩俐; 公厘
공리공론,空理空论
공리성,功利性
공리적,功利的
공리주의,功利主义
공리화,功利化
공림,孔琳
공림나,龚琳娜
공립,公立
공립의원,公立医院
공립학교,公立学校
공막,巩膜
공맹,孔孟
공맹지도,孔孟之道
공면,共勉
공명,公明; 共鸣; 孔明; 功名
공명리록,功名利禄
공명선거,公明选举; 公明选擧
공명정대,公明正大
공모,公募; 共谋; 功耗; 龚某; 孔某; 空耗
공모전,公募展
공모주,公募株
공묘,公墓; 孔庙
공무,公务; 工贸
공무부극,攻无不克
공무원,公务员
공무원문,公务员们
공무원법,公务员法
공무원제,公务员制
공무유력,孔武有力
공무일인,空无一人
공문,公文; 空门; 拱门
공문서,公文书
공문서식,公文书式
공문포,公文包
공문화,公文化
공물,贡物; 公物
공미,工美
공민,公民
공민권,公民权
공민권리,公民权利
공민문,公民们
공박,攻驳
공반,控盘; 工班
공방,攻防; 公房; 空方; 空房; 工房; 公方; 空防
공방웅,龚方雄
공방전,攻防战
공배양,共培养
공백,空白
공백기,空白期
공백점,空白点
공백처,空白处
공번,空翻
공번다,空翻多
공번삼,孔繁森
공벌,攻伐
공범,共犯; 空泛
공범자,共犯者
공법,公法; 工法
공법학자,公法学者
공병,工兵; 空瓶
공보,公报
공보관,公报官
공보사구,公报私仇
공보실장,公报室长
공복,公仆; 公服; 空腹; 工服
공복감,空腹感
공본,工本
공본비,工本费
공봉,供奉; 工蜂
공부,工夫; 贡赋; 功夫; 工部; 孔府
공부가몰,功不可没
공부기,供不起
공부반,工夫班
공부방,工夫房
공부부부유심인,功夫不负有心人
공부응구,供不应求
공부자,孔夫子
공부편,功夫片
공분,公愤; 公分; 工分; 供体
공붓,工夫
공붕,工棚
공비,共匪; 公费
공비생,公费生
공사,公使; 公司; 公社; 公私; 工事; 共事; 公事; 供词; 空驶
공사겸고,公私兼顾
공사공판,公事公办
공사립,公私立
공사법,公司法
공사비,工事费
공사장,工事场
공사채,公司债
공사채권,公司债券
공사채형,公社债型
공사포,公事包
공사합영,公私合营
공사형,公司型
공사화,公司化; 公社化
공산,公算; 共产; 公产
공산국제,共产国际
공산군,共产军
공산권,共产圈
공산당,共产党
공산당원,共产党员
공산당인,共产党人
공산당중앙위원회,共产党中央委员会
공산명월,空山明月
공산물,工产物
공산미,龚山美
공산제,共产制
공산주의,共产主义
공산주의자,共产主义者
공산주의청년단,共产主义青年团
공산품,工产品
공산화,共产化
공상,空想; 工商; 工伤; 共商; 共相
공상계,工商界
공상국,工商局
공상동,孔祥东
공상련,工商联
공상련주택산업상회,工商联住宅产业商会
공상세,工商税
공상소,工商所
공상업,工商业
공상업계,工商业界
공상업련합회,工商业联合会
공상업자,工商业者
공상위,孔祥伟
공상적,空想的
공상행,工商行
공상호,工商户
공상희,孔祥熙
공생,共生
공생균,共生菌
공생산,共生产
공서,工序
공서구,拱墅区
공석,公席; 空席
공선,空船; 公选; 孔宣; 共线; 龚宣
공선대,工宣队
공선생,孔先生; 龚先生
공설,公设
공성,共性; 恭城
공성계,空城计
공성략지,攻城略地; 攻城掠地
공성명취,功成名就
공성신퇴,功成身退
공세,攻势; 贡税
공세식,攻势式
공세형,攻势型
공세화,攻势化
공소,公诉; 公关; 供销; 攻关; 控诉
공소비,公关费
공소소저,公关小姐
공소인,公诉人
공소장,公诉状; 公诉狀
공소합작사,供销合作社
공손,恭逊; 公孙
공손계,公孙启
공손기,公孙奇
공손대낭,公孙大娘
공손매,公孙梅
공손박,公孙璞
공손선생,公孙先生
공손승,公孙胜
공손연,公孙燕
공손우,公孙羽
공손원파,公孙元波
공손책,公孙策
공손홍,公孙弘
공송,共荣
공송림,龚松林
공수,拱手; 攻守; 空输; 供水; 供需; 空手
공수단,空输团
공수도,空手道
공수동맹,攻守同盟
공수래공수거,空手来空手去
공수량,供水量
공수배,空手拜
공수복,空输服
공수양인,拱手让人
공수형,空手形
공순,恭顺
공술,供述
공습,空袭
공습경보,空袭警报
공승,公升; 空乘
공시,公示; 共时; 工时
공시기,公示期
공시비,工时费
공시적,共时的
공식,公式; 共食
공식적,公式的
공식형,公式型
공식화,公式化
공신,功臣; 共识
공신계층,工薪阶层
공신교,拱宸桥
공신력,公信力
공신족,工薪族
공심,空心; 攻心; 公审; 公心
공심돈,空心墩
공심전,空心砖
공심채,空心菜
공심화,空心化
공씨,孔氏
공아려,龚雅丽
공안,公安; 公案
공안간경,公安干警
공안공작,公安工作
공안국,公安局
공안기소,公安机关
공안부,公安部
공안부교통관리국,公安部交通管理局
공안부대,公安部队
공안부소방국,公安部消防局
공안부장,公安部长
공안인원,公安人员
공안청,公安厅
공안현,公安县
공알,攻讦; 贡嘎
공액,共轭
공약,公约; 空约
공약수,公约数
공양,供养; 公羊
공양사,贡洋纱
공양성거,共襄盛举
공언,公言; 空言
공업,工业; 功业
공업계,工业界
공업구,工业区
공업국,工业国
공업국가,工业国家
공업급,工业级
공업대학,工业大学
공업류,工业类
공업부,工业部
공업사,工业史
공업사회,工业社会
공업설계,工业设计
공업성,工业性
공업용,工业用
공업용수,工业用水
공업원구,工业园区
공업적,工业的
공업청,工业厅
공업체,工业体
공업품,工业品
공업학교,工业学校
공업혁명,工业革命
공업화,工业化
공여,供与; 空余; 工余; 公余
공여심,龚如心
공역,公役; 空域
공연,公演; 公然; 共演; 空然
공연단,公演团
공연물,公演物
공연성,公演性
공연장,公演场
공열,供热
공염불,空念佛; 空念佛
공영,公营; 共荣; 公映
공영제,公营制
공영체,孔颖达
공예,工艺; 龚睿
공예관,工艺馆
공예류정,工艺流程
공예미술,工艺美术
공예미술품,工艺美术品
공예성,工艺性
공예실,工艺室
공예품,工艺品
공예학,工艺学
공온,控温
공용,共用; 公用; 功用
공용사업,公用事业
공우,公寓; 公牛; 工友; 工于
공우문,工友们
공우식,公寓式
공우심계,工于心计
공운,空运; 工运
공원,公园; 工员; 公元; 贡院
공원명,龚远明
공원묘지,公园墓地
공원수,公园树
공원화,公园化
공위,工委; 空位; 拱卫
공유,公有; 共有; 恭维
공유덕,孔有德
공유물,公有物
공유제,公有制
공유화,共有化
공윤,公允
공윤성,公允性
공융,孔融
공을,孔乙
공음전시,功荫田柴
공응,供应
공응량,供应量
공응업,供应业
공응자,供应者
공응지,供应地
공응참,供应站
공의,巩义; 共议; 公议; 公意
공의시,巩义市
공이망사,公而忘私
공익,公益; 共益
공익금,公益金
공익류,公益类
공익사업,公益事业
공익성,公益性
공익적,公益的
공익형,公益型
공인,公人; 公认; 共认; 工人; 供认
공인계급,工人阶级
공인규찰대,工人纠察队
공인당,工人党
공인문,工人们
공인분육장,工人体育场
공인운동,工人运动
공일,空日; 工日
공자,公子; 工资; 孔子; 空子
공자가,公子哥
공자가아,公子哥儿
공자성,工资性
공자진,龚自珍
공자학원,孔子学院
공작,公爵; 孔雀; 工作
공작광,工作狂
공작규,工作规
공작단,工作单
공작대,工作队; 工作台; 工作带
공작량,工作量
공작면,工作面
공작무,孔雀舞
공작법,工作法
공작복,工作服
공작비,工作比
공작실,工作室
공작원,工作员
공작인원,工作人员
공작일,工作日
공작자,工作者
공작자문,工作者们
공작전압,工作电压
공작정,工作证
공작제,工作制
공작조,工作组
공작찬,工作餐
공작참,工作站
공작하,孔雀河
공작효률,工作效率
공장,工场; 公章; 工匠; 工装; 空肠; 工长; 空场
공장문,工匠们
공장장,工场长
공재,空载
공저,共著; 空姐; 功底
공저문,空姐们
공적,公的; 共的; 功绩; 工贼; 空寂
공적금,公积金
공전,公田; 公转; 空前; 空转; 供电; 工钱; 空战
공전량,供电量
공전론,公田论
공전미유,空前未有
공전절후,空前绝后
공전제,公田制
공점,攻占
공정,公定; 公正; 工程; 公证; 工整; 拱顶
공정계,工程界
공정교육,工程教育
공정대,工程队
공정렴결,公正廉洁
공정류,工程类
공정무사,公正无私
공정법,公证法
공정병,工程兵
공정부,工程部
공정비,公证费; 工程费
공정사,工程师
공정사문,工程师们
공정서,公证书
공정성,公正性; 工程性
공정원,公证员
공정인,公证人
공정장,工程奖
공정처,工程处
공정학,工程学
공정화,工程化
공제,控制; 控除; 公祭
공제결구,控制结构
공제공능,控制功能
공제구,控制区; 控制球
공제기,控制器
공제단원,控制单元
공제당,控除当
공제대,控制台
공제량,控制量
공제론,控制论
공제률,控制率
공제면판,控制面板
공제법,控制法
공제부주,控制不住
공제성,控制性
공제실,控制室
공제우세,公诸于世
공제자,控制者
공제점,控制点
공제정서,控制程序
공제중심,控制中心
공제참,控制站
공제판,控制板
공조,共助; 空调; 贡租; 公助; 工潮
공조기,空调器; 空调机
공조비,空调费
공조설비,空调设备
공조업,空调业
공존,共存
공존공송,共存共荣
공종,工种
공주,公主
공주령,公主岭
공주령시,公主岭市
공주문,公主们
공주병,公主病
공주분,公主坟
공중,公众; 空中
공중누각,空中楼阁; 空中樓阁
공중도덕,公众道德
공중도덕심,公众道德心
공중루각,空中楼阁
공중목욕탕,公众沐浴汤
공중변소,公众便所; 公众便所
공중분해,空中分解
공중비인,空中飞人
공중소저,空中小姐
공중위생,公众卫生
공중전,空中战
공중전화,公众电话
공중파,公众波
공증인,公证人
공지,公知; 空地; 工地
공지초,龚智超
공직,公职; 供职; 公直
공직자,公职者
공진,共振
공집,空集
공차,公车; 空车; 公差
공찰,公刹
공참,孔惨
공창,工厂
공창화,工厂化
공채,公债; 公采
공책,空册
공처,共处
공처가,恐妻家
공척,公尺
공천,公荐; 孔泉
공천설,公荐说
공천자,公荐者
공청,公听; 恭请
공청단,共青团
공청단원,共青团员
공청부,工青妇
공청회,公听会
공체,空谛; 孔蒂
공초,供招
공추,公推
공축,恭祝
공출,供出; 空出; 公出
공취,共聚; 攻取
공취물,共聚物
공측,公厕
공치,工致
공치률,空置率
공치사,功致辞
공칭,供称; 公称
공타,攻打
공탁,供托; 供桌
공탕,空荡
공탕탕,空荡荡
공통,共通
공통분모,共通分母
공통성,共通性
공통어,共通语
공통적,共通的
공통점,共通点
공투,空投
공파,恐怕; 攻破; 公婆
공판,公判; 公办; 孔板
공판부,公判部
공패수성,功败垂成
공평,公平; 龚平
공평교역,公平交易
공평무사,公平无私
공평성,公平性
공평합리,公平合理
공포,公布; 恐怖; 空包; 空炮
공포감,恐怖感
공포물,恐怖物
공포심,恐怖心
공포우중,公布于众
공포적,恐怖的
공포조직,恐怖组织
공포주의,恐怖主义
공포증,恐怖症
공표,公表; 空表
공표권,公表权
공표죄,公表罪
공품,贡品; 供品
공필,工笔
공핍,空乏
공하,恐吓; 攻下; 恭贺
공하신희,恭贺新禧
공학,共学; 工学
공학과,工学科
공학원,工学院
공학자,工学者
공학적,工学的
공학평,龚学平
공한,公翰; 空闲
공한림,巩汉林
공한시간,空闲时间
공함,攻陷; 公函; 空喊
공항,空港
공해,公害; 公海
공해병,公害病
공핵,攻势
공행,空行
공향,共享
공향성,共享性
공허,空虚
공허감,空虚感
공헌,贡献
공헌도,贡献度
공헌론,贡献论
공헌률,贡献率
공헌장,贡献奖
공현영,龚贤永
공혈,供血; 空穴
공혈래풍,空穴来风
공혈부족,供血不足
공형,拱形; 孔型
공화,供货; 共和; 空话; 共话; 空化
공화국,共和国
공화군,共和军
공화당,共和党
공화량,供货量
공화정,共和政
공화제,共和制
공환,空幻
공환난,共患难
공환희,空欢喜
공활,公敌; 空阔
공황,恐慌
공황성,恐慌性
공황증,恐慌症
공회,公会; 工会; 空怀
공회법,工会法
공회전,空回转
공효,功效; 工效
공효빈,巩晓彬
공후,恭候; 箜篌
공훈,功勋
공훈전,功勋田
공훈탁저,功勋卓著
공휴,公休
공휴일,公休日
공휴일궤,功亏一篑
공희,恭喜
공희발재,恭喜发财
곶,串
과,过; 果; 科; 伙; 课; 颗; 戈; 跨; 瓜; 夸; 锅; 棵; 寡; 裹; 垮; 挝; 蜗; 踝; 猓; 蝌; 窠; 娲; 胯; 剐; 髁; 馃; 稞; 倮; 锞; 侉; 袴; 埚; 蜾; 骒; 簻; 膼; 綶; 骻; 銙; 腂; 菓; 薖; 粿; 過; 課; 夥; 鍋; 顆; 誇
과가,过街; 果可
과가가,过家家
과가로서,过街老鼠
과각,裹脚
과간,课间; 果干
과간조,课间操
과간찬,课间餐
과갈,瓜葛
과감,果敢
과강지즉,过江之鲫
과개,锅盖
과객,过客
과거,科举; 过去; 科擧
과거사,过去事
과거시,过去时
과거식,过去式
과거제,科举制; 科擧制
과거지사,过去之事
과거형,过去形
과건,课件
과격,过激
과격파,过激派
과결,果决
과겸,过谦
과경,过硬; 过境; 跨径
과계,伙计; 过继
과계문,伙计们
과고,过高; 科考
과고대,科考队
과공무,科工贸
과공비례,过恭非礼
과과,跨过; 过过; 瓜果; 科科; 果果; 颗颗; 夸夸; 瓜瓜
과과기담,夸夸其谈
과과문,果果们
과교,科教; 过桥
과교미선,过桥米线
과교비,过桥费
과교편,科教片
과구,夸口; 窠臼
과국,跨国
과국공사,跨国公司
과국은행,跨国银行
과극,科克; 夸克
과급,科级; 过急
과기,科技; 过期
과기계,科技界
과기류,科技类
과기부,科技部
과기장,科技奖
과기절,科技节
과기형,科技型
과기화,科技化
과납극리,科纳克里
과내새,科内塞
과년,过年
과년도,跨年度
과농,果农; 瓜农
과농문,果农们
과니,果泥
과다,过多; 戈多
과단,果断
과단성,果断性
과담,寡淡
과당,过当; 课堂; 果糖; 过堂; 寡糖
과대,夸大; 过大; 科大; 垮台; 锅台
과대기사,夸大其词; 夸大其辞
과대망상,夸大妄想
과대망상적,夸大妄想的
과대평가,过大评价
과덕,科德; 戈德
과덕지인,寡德之人
과도,果刀; 过度; 过渡; 跨度; 过道
과도구,过渡区
과도기,过渡期
과도기간,过渡期间
과도기적,过渡期的
과도대,过渡带
과도성,过渡性
과도시기,过渡时期
과도적,过渡的
과도형,过渡型
과돌,髁突
과동,过冬; 果冻; 伙同
과두,过头; 寡头; 蝌蚪
과득경,过得硬
과등,戈登
과라랍다,科罗拉多
과라랍다주,科罗拉多州
과락,果洛
과란,跨栏
과란고지,戈兰高地
과람,过滥; 戈蓝
과랍,科拉
과래,过来
과래인,过来人
과랭,过冷
과량,过量; 过梁
과려,过滤
과려기,过滤器; 过滤机
과례,过礼
과로,过劳; 锅炉; 过路
과로비,过路费
과록,果绿
과뢰아,科雷亚
과료,科料; 过了
과룡,科龙
과륜파,科伦坡
과륭,科隆
과륵,科勒
과륵문,戈勒文
과리,科里
과리아,科里亚
과리화,科利华
과린산개,过磷酸钙
과림,果林; 科琳; 戈林; 科林
과림사,科林斯
과립,颗粒
과립형,颗粒型
과립화,颗粒化
과마라,科摩罗
과마로,过马路
과만,科曼
과맥사,戈麦斯
과목,科目; 过目; 果木
과목부망,过目不忘
과목주의,科目主义
과묘,果苗; 瓜苗
과묵,寡默
과묵형,寡默型
과문,寡闻; 课文; 过问; 过门
과민,过敏
과민성,过敏性
과민자,过敏者
과밀,过密
과반,过半; 伙伴; 果盘; 科班
과반문,伙伴们
과반수,过半数
과반출신,科班出身
과방,伙房; 过磅
과배이,戈培尔
과벌,过伐
과벽,戈壁
과벽사막,戈壁沙漠
과벽청,戈碧青
과벽탄,戈壁滩
과변,果边
과보,科普
과보호,过保护
과복,果腹
과본,课本
과본비,课本费
과봉,戈锋
과부,寡妇; 夸父; 伙夫
과부거,过不去
과부기연,果不其然
과부댁,寡妇宅
과부적중,寡不敌众
과부활중,寡不敌众
과분,过分; 瓜分; 果粉
과분문,果粉们
과비,科比
과사,戈斯; 过筛; 科斯
과사탑,科斯塔
과사탑고탑,科斯塔库塔
과사특락,科斯特洛
과산,果酸; 锅铲
과산화,过酸化
과살,科萨
과상,跨上
과색옥,科索沃
과생일,过生日
과선교,跨线桥
과세,课税; 过世; 过细
과세기,跨世纪
과소,过关; 过少
과소비,过消费
과소참장,过关斩将
과소평가,过小评价
과속,过速
과수,果树; 过手; 过数; 果穗
과수댁,寡守宅
과수원,果树园
과숙체락,瓜熟蒂落
과승,果蝇
과시,夸示; 过时; 课时; 果时
과식,过食; 伙食
과식비,伙食费
과신,过信
과실,果实; 过失; 科室; 课室
과실상규,过失相规
과실음료,果实飮料
과심,过心; 果心; 过甚
과아,果阿
과안,过眼
과안연운,过眼烟云
과안운연,过眼云烟
과야,过夜
과양화경,过氧化氢
과양화물,过氧化物
과언,过言; 寡言
과언소어,寡言少语
과업,课业; 果业
과여,课余; 果如
과연,果然; 科研
과연소,科研所
과연원소,科研院所
과열,过热
과오,过误; 过午
과오소참륙장,过五关斩六将
과와래녕,科瓦莱宁
과완표분,锅碗瓢盆
과왕,过往
과외,课外
과외비,课外费
과요,夸耀
과욕,过欲; 寡欲
과용,过用
과우,过于
과원,果园; 科员; 科苑
과월,过月; 跨越
과월식,跨越式
과위,科委; 果为
과위이,科威尔
과위특,科威特
과위특대,科威特队
과위특성,科威特城
과유부급,过犹不及
과유불급,过犹不及; 过犹不及
과육,果肉
과은,过瘾; 科恩; 戈恩
과음,过飮
과의,过意
과의부거,过意不去
과이,科尔; 戈尔
과이다와,科尔多瓦
과이만,科尔曼
과이심,科尔沁
과이파교부,戈尔巴乔夫
과인,过人; 寡人; 果仁
과일자,过日子
과임,科任
과입,跨入
과잉,过剩
과잉보호,过剩保护
과자,菓子; 果子; 瓜子; 伙子
과자검,瓜子脸
과자락부,科兹洛夫
과자리,果子狸
과장,夸张; 科场; 科长; 课长; 过长; 夸奖; 过奖; 果酱; 过场; 锅庄
과장적,夸张的
과재,过载; 跨在
과저,锅底
과적오랍,瓜迪奥拉
과전,过钱; 过电
과전불납리,瓜田不纳履; 瓜田不纳履
과전영,过电影
과절,过节; 果节
과절비,过节费
과점,寡占
과점적,寡占的
과정,科程; 课程; 过程
과정공제,过程控制
과정론적,过程论的
과정성,过程性
과정적,过程的
과정표,课程表
과정표준,课程标准
과제,科题; 课题; 科第
과제물,课题物
과제조,课题组
과조,过早; 果照; 锅灶
과족부전,裹足不前
과종,过从
과종심밀,过从甚密
과주,果酒
과중,过重
과즙,果汁
과즙기,果汁机
과지,果枝
과진,果真; 跨进; 果阵
과착,过错
과찬,夸赞
과채,果菜
과채류,果菜类
과천,过天
과첩,锅贴
과체,科达
과초,果醋
과칭,过秤
과탁,课桌
과태료,过怠料
과특,科特
과특륵,科特勒
과특적와,科特迪瓦
과특적와대,科特迪瓦队
과특포사,科特布斯
과특포사대,科特布斯队
과파,锅巴
과파랍,科波拉
과파은,过把瘾
과편,瓜片
과포,果脯
과포화,过饱和
과표,课标; 课表
과품,果品
과풍,过风
과피,果皮; 瓜皮
과필,过虑
과하,过夏
과하탁교,过河拆桥
과하해구,夸下海口
과학,科学
과학가,科学家
과학가문,科学家们
과학계,科学界
과학과,科学科; 跨学科
과학관,科学馆
과학기술,科学技术
과학기술부,科学技术部
과학기술장,科学技术奖
과학도,科学徒
과학류,科学类
과학물,科学物
과학사,科学史
과학사가,科学史家
과학성,科学性
과학실,科学室
과학원,科学院
과학원학보,科学院学报
과학자,科学者
과학장,科学奖
과학적,科学的
과학주의,科学主义
과학주의적,科学主义的
과학학,科学学
과학화,科学化
과합,果盒
과핵,果核
과협,科协
과형,科刑
과호,过户
과호비,过户费
과화,过火; 过话; 科华
과환,科幻
과환편,科幻片
과활,过活
과회,锅盔
과효,果胶
과후,过后; 课后
곽,霍; 郭; 廓; 藿; 镢; 椁; 崞; 䦆; 矡; 躩; 鞟
곽가,郭嘉; 郭家; 霍家
곽가영,郭可盈
곽가학,郭家学
곽거병,霍去病
곽건광,郭建光
곽건화,霍建华
곽검,郭剑
곽경명,郭敬明
곽경무,郭庚茂
곽계강,霍启刚
곽곤,郭鲲
곽곽,霍霍
곽광,霍光
곽광창,郭广昌
곽구현,霍邱县
곽군,郭军
곽극,霍克
곽근해모새도,霍根海姆赛道
곽금,霍金
곽금룡,郭金龙
곽금사,霍金斯
곽남,霍楠
곽녀사,郭女士
곽니아랍,霍尼亚拉
곽다이과부사기,霍多尔科夫斯基
곽대명,郭台铭
곽대악,郭大岳
곽대야,郭大爷
곽덕강,郭德刚
곽덕망,郭德纲
곽덕이,霍德尔
곽도,郭涛; 郭图
곽돈,霍顿
곽동,霍冬
곽동임,郭冬临
곽란,霍乱
곽란덕,霍兰德
곽란영,郭兰英
곽량,郭亮; 郭梁
곽로,郭老
곽로사,郭老师
곽뢰,郭磊
곽릉비,郭凌飞
곽리,霍里
곽리비이덕,霍利菲尔德
곽리이,霍利尔
곽말약,郭沫若
곽매니,霍梅尼
곽모,郭某
곽모사,霍姆斯
곽문,郭文
곽박,郭璞
곽방,郭芳
곽백웅,郭伯雄
곽범생,郭凡生
곽보,霍普
곽보금사,霍普金斯
곽보림,郭宝林
곽보만,霍普曼
곽봉림,郭凤琳
곽부,郭芙
곽부만,霍夫曼
곽부성,郭富城
곽붕,郭鹏
곽비우,郭飞宇
곽빈,郭斌
곽사,霍查
곽사강,郭士强
곽사부,郭师傅
곽사연,霍思燕
곽산,霍山
곽상,郭爽
곽서룡,郭瑞龙
곽선니,郭羡妮
곽선생,郭先生; 霍先生
곽성곤,郭声琨
곽소봉,郭少峰
곽소사,郭小四
곽소옥,霍小玉
곽소저,郭小姐
곽소천,郭小川
곽송령,郭松龄
곽송해,郭松海
곽수경,郭守敬
곽수청,郭树清
곽숭도,郭嵩焘
곽씨,霍氏; 郭氏
곽애제,郭爱娣
곽약,郭跃
곽약화,郭跃华
곽양,郭襄
곽연,霍然; 郭燕
곽염,霍炎
곽영,郭莹; 郭英
곽영동,霍英东
곽용,郭勇
곽운,郭云
곽원갑,霍元甲
곽위,郭伟; 郭为; 郭威
곽위이,霍威尔
곽유,郭瑜
곽유이,霍维尔
곽은,霍恩
곽이,霍尔
곽이과사,霍尔果斯
곽이금나,霍尔金娜
곽이목자해협,霍尔木兹海峡
곽이특,霍尔特
곽일강,郭一江
곽자의,郭子仪
곽장풍,郭长风
곽전용,郭田勇
곽정,郭靖; 郭静
곽정정,郭晶晶
곽주임,郭主任
곽준의,郭俊义
곽지,霍地
곽지하,郭志霞
곽진가,郭振家
곽진동,郭振东
곽진새,郭振玺
곽진안,郭晋安
곽진정,霍震霆
곽천도,霍天都
곽청동,霍青桐
곽체,郭达
곽평,郭萍
곽포사,霍布斯
곽표,郭彪
곽품초,郭品超
곽해생,郭海生
곽향,藿香
곽혁,郭焱
곽화덕,霍华德
곽효군,郭晓军
곽효동,郭晓冬
곽효명,郭晓明
곽휘,郭辉
관,关; 管; 观; 官; 款; 馆; 宽; 惯; 贯; 冠; 串; 灌; 罐; 棺; 鹳; 倌; 莞; 绾; 颧; 盥; 涫; 髋; 掼; 菅; 祼; 鳤; 矔; 筦; 雚; 窾; 罆; 鑵; 蒄; 窤; 関; 關; 觀; 慣; 館; 寬; 貫; 琯
관가,官家; 管家
관가파,管家婆
관간,观看
관간자,观看者
관감,观感
관강,官腔; 串讲
관개,灌溉; 灌漑
관객,观客
관객석,观客席
관객층,观客层
관거,灌渠
관건,关键; 管件
관견,管见
관계,关契; 关系; 官桂; 官界; 官阶
관계국,关系国
관계망,关系网
관계법,关系法
관계사,关系史
관계인,关系人
관계자,关系者
관계적,关系的
관곡,官谷
관골,颧骨; 髋骨
관공,串供
관공서,官公署
관곽,棺椁
관관,款款; 串串; 管管; 罐罐; 宽宽; 贯串
관관문,串串门
관관상호,官官相护
관광,观光; 宽广
관광객,观光客
관광단,观光团
관광단지,观光团地
관광업계,观光业界
관광업체,观光业体
관광전,观光展
관광지,观光地
관광지화,观光地化
관광학과,观光学科
관굉,宽宏
관굉대량,宽宏大量
관교,管教
관교소,管教所
관구,灌区; 髋臼; 串口
관구진,灌口镇
관군,冠军; 官军
관군문,冠军们
관군새,冠军赛
관군장,冠军奖
관궁,颧弓
관권,官权
관규,管窥
관극,观剧
관급,官给
관기,官气
관기래,串起来
관내,管内
관념,观念
관념론,观念论
관념론자,观念论者
관념성,观念性
관념적,观念的
관념주의,观念主义
관녕,管宁
관노,官奴
관능,官能
관능단,官能团
관능미,官能美
관능성,官能性
관능적,官能的
관능주의,官能主义
관대,宽大; 宽待; 款待; 宽带; 管带
관대마,管大妈
관대시장,宽带市场
관대화,宽带化
관도,管道; 宽度; 官道; 官渡; 馆陶
관도공,管道工
관도구,官渡区
관동,关东
관두,罐头
관두창,罐头厂
관두형,贯头型
관등,官等
관락,管乐
관람,观览
관람객,观览客
관람료,观览料
관람자,观览者
관람자적,观览者的
관련,关联; 串联; 串连
관련국,关联国
관련설,关联说
관련성,关联性
관련세,关联税
관련업,关联业
관련자,关联者
관례,冠礼; 惯例; 观礼
관례대,观礼台
관례화,惯例化
관로,管路; 官路
관록,贯禄
관료,官僚
관료문,官僚们
관료배,官僚辈
관료의식,官僚意识
관료자본주의,官僚资本主义
관료적,官僚的
관료전,官僚田
관료전제,官僚田制
관료제,官僚制
관료주의,官僚主义
관료주의적,官僚主义的
관료층,官僚层
관료화,官僚化
관류,贯流
관류율,贯流率; 贯流率
관리,官吏; 管理
관리계,管理系
관리계장,管理系长
관리과,管理科
관리과장,管理科长
관리관,管理官
관리국,管理局
관리국장,管理局长
관리기,管理器
관리령,管理令
관리류,管理类
관리법,管理法
관리부,管理部
관리부장,管理部长
관리비,管理费
관리비률,管理费率
관리비용,管理费用
관리사,管理使
관리성,管理性
관리소,管理所
관리실,管理室
관리실장,管理室长
관리업,管理业
관리원,管理员
관리인,管理人
관리자,管理者
관리자문,管理者们
관리정서,管理程序
관리직,管理职
관리참,管理站
관리책,管理责
관리처,管理处
관리학,管理学
관리학과,管理学科
관리형,管理型
관마,观摩
관망,观望
관망기,观望期
관망자,观望者
관망적,观望的
관면,冠冕
관면당황,冠冕堂皇
관명,官名
관명권,冠名权
관모,冠帽
관목,灌木; 棺木; 款目
관목림,灌木林
관목총,灌木丛
관문,关门; 串门
관미,串味
관민,官民
관반,管饭
관방,官方
관방장관,官房长官
관범,宽泛; 惯犯
관벽,管壁
관변,官边
관병,官兵
관병문,官兵们
관복,冠服; 官服
관복원직,官复原职
관본위,官本位
관부,官府
관부료,管不了
관북,关北
관분,宽体
관비,官婢
관사,冠词; 官纱; 官舍; 官司; 管事; 馆舍
관산,关山
관상,观相; 观赏; 官商; 惯常
관상구,冠状沟
관상대,观象台
관상동맥,冠状动脉
관상두,冠状窦
관상병독,冠状病毒
관상선,管状腺
관상성,观赏性
관상수,观赏树
관상어,观赏鱼
관상용,观赏用
관상자,观赏者
관생원,冠生园
관서,关西; 官署; 宽恕
관서장,官署长
관선,官选; 管线; 官船
관성,惯性
관성구,宽城区
관성력,惯性力
관세,关税; 盥洗
관세국장,关税局长
관세실,盥洗室
관세율,关税率; 关税率
관세음,观世音
관세음보살,观世音菩萨
관세화,关税化
관소절,髋关节
관속,官属; 管束
관송,宽松
관수,灌输; 灌水
관습,惯习
관습법,惯习法
관습적,惯习的
관습화,惯习化
관식,冠饰; 款式
관심,关心; 宽心
관심권,关心圈
관심도,关心度
관심병,冠心病
관심사,关心事
관심자,关心者
관아,官衙
관아군,冠亚军
관아이,管阿姨
관악기,管乐器
관액,款额
관야,款爷
관언충,管彦忠
관엄,管严
관업,管业
관여,关与
관엽,观叶
관영,官营
관왕,冠王
관외,管外
관요,官窑
관용,官用; 宽容; 管用; 惯用; 管涌
관용도,宽容度
관용어,惯用语
관용적,宽容的
관용화,惯用化
관우,惯于
관운,官运
관운형통,官运亨通
관원,官员; 馆员
관원문,官员们
관위,宽慰; 官位
관위회,管委会
관유,宽裕
관은나,官恩娜
관은막,宽银幕
관음,观音
관음보살,观音菩萨
관음적,观淫的
관의,宽衣
관의해대,宽衣解带
관이대인,宽以待人
관인,官人; 宽仁; 官印
관인화,官人化
관입,灌入
관자,贯子; 管子; 罐子; 馆子; 官子; 款子
관작,官爵
관장,官长; 管掌; 馆长; 官场; 馆藏; 灌肠; 灌浆; 灌装; 罐装; 官庄
관장기,灌浆期
관재,官灾; 棺材; 管材
관저,官邸
관전,观战; 官田; 宽甸
관전가,观前街
관전평,观战评
관절,关节
관절염,关节炎
관점,观点
관접,串接
관정,灌顶
관제,官制; 管制; 灌制
관제사,管制士
관제원,管制员
관제탑,管制塔
관조,观照
관조자,观照者
관존민비,官尊民卑
관주,灌注; 串珠; 贯注
관중,观众; 贯众; 管仲
관중규표,管中窥豹
관중문,观众们
관중석,观众席
관직,官职
관직명,官职名
관직자,官职者
관차,罐车; 官差
관착,宽窄
관찬,官撰
관찰,观察
관찰가,观察家
관찰가문,观察家们
관찰국,观察国
관찰기,观察记; 观察期
관찰단,观察团
관찰력,观察力
관찰법,观察法
관찰사,观察使
관찰소,观察所
관찰원,观察员
관찰자,观察者
관찰점,观察点
관찰초,观察哨
관창,宽敞; 宽畅
관창명량,宽敞明亮
관천,贯穿
관철,观彻; 贯彻
관철시종,贯彻始终
관청,官厅
관청가,官厅街
관총,灌丛
관취,灌醉
관측,观测
관측기,观测器
관측소,观测所
관측자,观测者
관측점,观测点
관측참,观测站
관측치,观测值; 观测値
관측통,观测通
관치,官治
관친척,串亲戚
관통,贯通; 串通
관통일기,串通一气
관통형,贯通型
관투,惯偷
관판,官办; 管板
관편,管片
관포,管饱
관포지교,管鲍之交
관폭,宽幅
관품제,官品制
관풍금,管风琴
관핍민반,官逼民反
관학,官学
관학자,官学者
관한,宽限
관한기,宽限期
관한사,管闲事
관할,管辖
관할권,管辖权
관함,官衔
관항,款项
관행,惯行; 串行
관행화,惯行化
관헌,官宪
관혁,管奕
관현,管弦
관현락,管弦乐
관현락대,管弦乐队
관현악과,管弦乐科
관호,管护; 管好
관혼상제,冠婚丧祭
관화,官话
관환,官宦; 串换
관활,宽阔
관회,管会
관후,宽厚
관후감,观后感
괄,适; 括; 刮; 桧; 聒; 鸹; 恝; 栝; 筈
괄거,刮去
괄검,刮脸
괄도,刮倒; 刮刀
괄목,刮目
괄목상간,刮目相看
괄목상대,刮目相对
괄사,刮痧
괄상,刮伤
괄시,恝视
괄약근,括约筋
괄약기,括约肌
괄조,聒噪
괄착,刮着
괄창산,括苍山
괄풍,刮风
괄풍하우,刮风下雨
괄호,括弧; 括号
괄호도,刮胡刀
괄호자,刮胡子
광,光; 广; 狂; 矿; 框; 逛; 旷; 眶; 匡; 筐; 磺; 胱; 诳; 犷; 邝; 诓; 哐; 圹; 纩; 銧; 桄; 鑛; 黋; 邼; 硄; 迋; 廣; 広
광가,框架; 逛街; 狂歌
광가성,框架性
광각,广角; 光脚
광각경두,广角镜头
광간사령,光杆司令
광강,光强
광개,广开
광개언로,广开言路
광갱,矿坑
광거로,广渠路
광거문,广渠门
광견병,狂犬病
광결,光洁
광결도,光洁度
광경,光景
광계통,光系统
광고,广告; 光顾; 旷古
광고계,广告界
광고란,广告栏
광고량,广告量
광고문,广告文
광고물,广告物
광고법,广告法
광고비,广告费
광고사,广告词
광고업,广告业
광고업계,广告业界
광고업체,广告业体
광고인,广告人
광고전,广告展
광고주,广告主
광고탑,广告塔
광고판,广告板
광고패,广告牌
광곤,光棍
광곤문,光棍们
광곤아,光棍儿
광공,矿工; 旷工
광공문,矿工们
광공업,鑛工业
광과,旷课
광과민성,光过敏性
광광,逛逛; 光光; 框框
광괴륙리,光怪陆离
광굉람작,狂轰滥炸
광교회,广交会
광구,光驱; 矿区; 光球
광권,光圈
광궤,广轨
광기,狂气; 光气
광남,广南
광년,光年
광녕,广宁
광능,光能
광대,广大; 光大; 光带; 矿带
광대무변,广大无边
광덕,广德
광도,光度; 广度; 广岛; 框图; 狂涛
광도계,光度计
광도법,光度法
광도섬유,光导纤维
광독,光秃
광독독,光秃秃
광독성,光毒性
광동,广东
광동공사,广东公司
광동공업대학,广东工业大学
광동과룡전기고분유한공사,广东科龙电器股份有限公司
광동굉원대,广东宏远队
광동대,广东队
광동로,广东路
광동미술관,广东美术馆
광동발전은행,广东发展银行
광동분공사,广东分公司
광동상학원,广东商学院
광동새구,广东赛区
광동성,广东省
광동성공상국,广东省工商局
광동성기위,广东省纪委
광동성물가국,广东省物价局
광동성위,广东省委
광동성인민의원,广东省人民医院
광동성정협,广东省政协
광동성중의원,广东省中医院
광동시장,广东市场
광동위시,广东卫视
광동음락,广东音乐
광동의학원,广东医学院
광동전대,广东电台
광동전시대,广东电视台
광동지구,广东地区
광동화,广东话
광두,光头
광등,矿灯
광란,狂乱; 狂澜
광란적,狂乱的
광람,光缆
광랑,哐啷
광량,光亮
광량도,光亮度
광로,狂怒
광로빈,匡鲁彬
광료,光疗
광류,光流
광류류,光溜溜
광릉,广陵
광막,广漠
광망,光芒; 狂妄
광망만장,光芒万丈
광망사사,光芒四射
광망자대,狂妄自大
광맥,矿脉
광면,光面
광명,光明; 广明
광명대도,光明大道
광명로,光明路
광명뢰락,光明磊落
광명일보,光明日报
광명정대,光明正大
광명집단,光明集团
광목,广木
광무,广袤
광무국,矿务局
광무무은,广袤无垠
광물,鑛物; 矿物
광물유,矿物油
광물질,鑛物质; 矿物质
광물학,矿物学
광민,光敏
광박,广博
광반,光盘; 光斑
광반응,光反应
광발은행,广发银行
광발정권고분유한공사,广发证券股份有限公司
광방,狂放
광방자,光膀子
광범,广泛; 广范
광범성,广泛性
광범위,广范围
광범위성,广范围性
광변,广变
광병문,匡炳文
광보,光谱
광보법,光谱法
광보의,光谱仪
광복,光复
광복절,光复节
광부,鑛夫; 匡扶
광분,狂奔; 矿体
광사,矿砂; 矿渣
광산,鑛山; 矿产; 矿山; 磺酸; 匡算; 光山
광산촌,鑛山村
광산품,矿产品
광상,矿床; 狂想
광상곡,狂想曲
광서,广西; 光绪
광서구,广西区
광서대,广西队
광서대학,广西大学
광서사범대학,广西师范大学
광서성,广西省
광서위시,广西卫视
광서의과대학,广西医科大学
광서일보,广西日报
광서자치구,广西自治区
광서장족자치구,广西壮族自治区
광서장족자치구당위,广西壮族自治区党委
광서전시대,广西电视台
광석,鑛石; 矿石
광선,光线; 光鲜
광설,光碟
광섬,光纤
광섬섬,光闪闪
광세,旷世
광소,狂笑
광속,光速; 光束
광송,光荣
광송방,光荣榜
광수,广袖
광순,光顺
광승,狂胜
광신,狂信; 光身
광신도,狂信徒
광신론,狂信论
광신자,狂信者
광신호,光信号
광안,广安
광안문,广安门
광안산,胱氨酸
광안시,广安市
광알,磺胺
광알류,磺胺类
광야,旷野; 狂野; 矿冶
광언,狂言
광업,鑛业; 矿业
광업권,鑛业权
광업소,鑛业所
광역,广域
광역권,广域圈
광역망,广域网
광역시,广域市
광역화,广域化
광열,狂热; 光热
광염,光焰
광오,狂傲
광옥란,广玉兰
광요,光耀
광원,鑛员; 光源; 广元; 广远
광원시,广元市
광위,广为; 匡威
광유,广有
광윤,光润
광음,光阴
광음사전,光阴似箭
광음임염,光阴荏苒
광음허도,光阴虚度
광의,广义
광이고지,广而告之
광인,狂人
광일지구,旷日持久
광임,光临
광자,光子; 框子; 筐子
광장,广场; 矿长; 矿藏; 矿场; 矿浆
광적,狂的
광전,广电; 光电; 矿田
광전부,广电部
광전자,光电子
광전지,光电池
광점,矿点
광정,矿井; 匡正; 框定
광제,广济
광제창생,广济苍生
광조,光照; 狂潮; 狂躁
광종박수,广种薄收
광종요조,光宗耀祖
광주,光州; 广州; 光柱; 广珠
광주공사,广州公司
광주국제회의전람중심,广州国际会议展览中心
광주기의,广州起义
광주대,广州队
광주대학,广州大学
광주동물원,广州动物园
광주로,广州路
광주루,广州楼
광주미술학원,广州美术学院
광주부대,广州部队
광주분공사,广州分公司
광주분행,广州分行
광주산권교역소,广州产权交易所
광주새구,广州赛区
광주성,广州城
광주시,广州市
광주시공상국,广州市工商局
광주시공안국,广州市公安局
광주시교육국,广州市教育局
광주시물가국,广州市物价局
광주시분육국,广州市体育局
광주시시정원림국,广州市市政园林局
광주시위,广州市委
광주시장,广州市场
광주시정협,广州市政协
광주시중급인민법원,广州市中级人民法院
광주시중원,广州市中院
광주시지세국,广州市地税局
광주의약대,广州医药队
광주의학원,广州医学院
광주일보,广州日报
광주전시대,广州电视台
광주주가,广州酒家
광주중심,广州中心
광주지구,广州地区
광주참,广州站
광주항,广州港
광주해소,广州海关
광주화차참,广州火车站
광중,广众
광질,狂跌; 矿质
광차,矿车
광착신자,光着身子
광창,广昌
광창현,广昌县
광채,光彩
광채조인,光彩照人
광채탈목,光彩夺目
광천,矿泉
광천수,矿泉水
광천화일,光天化日
광체,旷达
광초,光秒; 狂草
광최화,光催化
광축,光轴
광층,矿层
광태,狂态
광택,光泽; 光宅
광통량,光通量
광통신,光通信
광파,光波; 广播
광파원,广播员
광파전대,广播电台
광파전영전시부,广播电影电视部
광파절목,广播节目
광판,光板
광편,光片
광평,广平
광폐,狂吠
광포,狂暴; 狂暴
광폭,狂暴
광표,狂飙; 光标
광풍,狂风; 广丰
광풍제월,光风霁月
광풍취우,狂风骤雨
광풍폭우,狂风暴雨
광풍현,广丰县
광하,广厦
광학,光学
광학적,光学的
광한,广汉
광한궁,广寒宫
광합성,光合成
광합작용,光合作用
광호,狂呼
광화,光华; 光和; 矿化; 光火; 光化; 磺化
광화관리학원,光华管理学院
광화도,矿化度
광화로,光华路
광화학,光化学
광환,狂欢; 光环
광활,广阔; 光滑
광활성,广阔性
광활천지,广阔天地
광훈,光晕
광휘,光辉
광휘고분,广汇股份
광휘찬란,光辉灿烂
광희,狂喜
괘,挂; 拐; 卦; 褂; 诖; 呙; 罣; 絓; 掛; 喎
괘고,挂靠
괘과,挂果
괘괘,挂挂
괘념,挂念
괘단,挂断; 挂单
괘담,挂毯
괘도,挂图
괘력,挂历
괘망,挂网
괘면,挂面
괘명,挂名
괘상,挂上
괘상거,挂上去
괘쇄,挂锁
괘수,挂帅
괘실,挂失
괘심,挂心
괘애,挂碍
괘양두매구육,挂羊头卖狗肉
괘일루만,挂一漏万
괘자,褂子
괘재,挂载
괘종,挂钟
괘종시계,挂钟时计
괘직,挂职
괘차,挂车
괘채,挂彩
괘패,挂牌
괘패량,挂牌量
괘포,挂包
괘포형,挂布型
괘호,挂号
괘호비,挂号费
괘호신,挂号信
괘호처,挂号处
괘홍,挂红
괘화,挂画; 挂靴
괴,怪; 块; 坏; 拐; 愧; 乖; 瑰; 魁; 槐; 傀; 蒯; 膭; 阓; 蒉; 壞; 塊
괴각,拐角
괴경,块茎
괴곤,拐棍
괴괴,怪怪; 乖乖; 块块
괴교,乖巧
괴구,愧疚
괴권,怪圈
괴근,块根
괴기,怪奇
괴단,坏蛋
괴담,怪谈
괴대,拐带
괴동서,坏东西
괴두,块头
괴려,瑰丽; 乖戾
괴력,怪力
괴론,怪论
괴뢰,傀儡
괴뢰군,傀儡军
괴료,坏了
괴리,乖离
괴리감,乖离感
괴만,拐弯
괴만말각,拐弯抹角
괴매,拐卖; 块煤
괴멸,坏灭
괴멸적,坏灭的
괴모괴양,怪模怪样
괴물,怪物
괴물문,怪物们
괴벽,怪癖; 怪僻
괴변,怪变
괴보,瑰宝
괴부감당,愧不敢当
괴부득,怪不得
괴북극,魁北克
괴북극성,魁北克省
괴분자,坏分子
괴사,坏死; 坏事; 怪事
괴사성,坏死性
괴상,怪常; 块状
괴상망측,怪常罔测
괴색,愧色
괴석,块石
괴석린순,怪石嶙峋
괴성,怪声; 魁星
괴수,魁首; 怪兽; 槐树; 坏水
괴아,块儿
괴안로,槐安路
괴오,魁梧
괴월,蒯越
괴위,魁伟
괴음,怪音
괴음구,槐荫区
괴이,怪异
괴인,坏人; 怪人
괴자,拐子
괴장,拐杖; 乖张
괴재,怪才; 怪哉
괴저,坏疽
괴점,拐点
괴죄,怪罪
괴주,拐走
괴주의,坏主意
괴처,坏处
괴탄,怪诞
괴태,怪胎
괴투료,坏透了
괴팍,乖愎
괴편,拐骗
괴한,怪汉
괴혈병,坏血病
괴화,槐花; 坏话; 怪话
괵,帼; 虢; 蝈; 掴; 腘; 馘; 聝
괵괵,蝈蝈
굉,轰; 宏; 觥; 咣; 肱; 闳; 訇; 纮; 黉; 翃; 锽; 鍧; 軣; 竤; 轟
굉격,轰击
굉골,肱骨
굉골과,肱骨髁
굉골두,肱骨头
굉관,宏观
굉관경제학,宏观经济学
굉관성,宏观性
굉관조공,宏观调控
굉굉,轰轰; 咣咣
굉굉렬렬,轰轰烈烈
굉당,咣当
굉대,宏大
굉도,宏图
굉동,轰动
굉동맥,肱动脉
굉동성,轰动性
굉동일시,轰动一时
굉량,宏亮
굉론,宏论
굉륭,轰隆
굉명,轰鸣
굉박,宏博
굉연,轰然
굉원,宏远; 宏愿
굉원대,宏远队
굉위,宏伟
굉음,轰音
굉작,轰炸
굉작기,轰炸机
굉장,宏壮
굉주,轰走
굉주교착,觥筹交错
굉지반,宏志班
굉천뢰,轰天雷
굉향,轰响
교,教; 交; 较; 校; 巧; 桥; 乔; 咬; 娇; 胶; 骄; 侨; 郊; 轿; 狡; 绞; 搅; 矫; 翘; 窖; 蛟; 酵; 饺; 跤; 跷; 佼; 橇; 皎; 榷; 啮; 铰; 姣; 荞; 鲛; 邬; 峤; 鞒; 硗; 敫; 茭; 徼; 硚; 挢; 骹; 繑; 簥; 鄡; 窌; 趬; 礉; 䴔; 鴵; 較; 嬌; 橋; 滘; 餃; 膠; 驕; 喬; 翹; 攪; 僑
교가,校歌; 交加; 乔家; 绞架
교각,桥脚; 桥阁; 交角
교각살우,矫角杀牛
교간,巧干; 校刊
교감,交感; 校监; 校勘; 娇憨
교감신경,交感神经
교강,较强
교개,教改
교거,侨居
교건,矫健
교결,皎洁; 交结
교경,交警; 校庆; 较劲; 校警; 巧劲
교경문,交警们
교계,交界; 侨界
교계성,交界性
교계처,交界处
교고,较高
교고람,绞股蓝
교공,教工; 交工; 校工
교과,教果; 教科
교과목,教科目
교과문,教科文
교과문조직,教科文组织
교과서,教科书
교과서적,教科书的
교과원,教科院
교관,教官; 教观; 交款; 娇惯; 校官
교관문,教官们
교관화,乔冠华
교광,骄狂
교교,皎皎; 教教; 乔乔; 佼佼
교교아,咬咬牙
교교자,佼佼者
교교판,跷跷板
교구,教区; 郊区; 教具; 交口; 硚口; 交媾
교구구,硚口区
교구비,教具费
교구장,教区长
교구칭찬,交口称赞
교구현,郊区县
교구화,郊区化
교국자,搅局者
교군,轿军
교권,教权; 侨眷; 交卷
교귀,娇贵
교규,校规; 教规
교극력,巧克力
교극력당,巧克力糖
교기,娇气; 交寄; 骄气; 咬肌
교긴아소,咬紧牙关
교납,交纳
교납삼,乔纳森
교낭,娇娘
교내,校内
교내외,校内外
교녀,娇女
교눈,娇嫩
교니,乔尼
교다,较多
교단,教团; 教坛; 乔丹; 咬断; 侨团
교단생활,教坛生活
교단차대,乔丹车队
교담,交谈
교당,教堂
교대,交代; 教大; 较大; 交待; 交大; 校对; 桥台
교대자,交代者
교대형,较大型
교대회,教代会
교도,教导; 教徒; 交道; 咬掉; 绞刀
교도관,矫导官
교도소,矫导所
교도소장,矫导所长
교도원,教导员
교돈,桥墩
교동,搅动; 桥东; 桥洞; 校董
교동구,桥东区
교두,桥头; 教头
교두리,乔杜里
교두보,桥头堡
교두접이,交头接耳
교란,搅乱
교량,桥梁; 较量
교력,校历
교련,教炼; 教练; 侨联; 交联; 铰链
교련기,教练机
교련문,教练们
교련원,教练员
교련제,交联剂
교련차,教练车
교련화,教炼化
교렬,乔烈
교령,教龄; 侨领
교룡,蛟龙
교류,交流
교류교류,交流交流
교류전,交流电
교류전원,交流电源
교류회,交流会
교리,教理
교리적,教理的
교립명목,巧立名目
교만,骄慢
교만심,骄慢心
교맥,荞麦
교면,桥面
교모,教母; 乔某
교목,乔木; 校木
교목실장,校牧室长
교묘,巧妙
교무,教务; 校务; 侨务
교무과,教务课
교무과장,教务课长
교무실,教务室
교무처,教务处
교무처장,教务处长
교문,校门; 教门
교문작자,咬文嚼字
교미,娇媚; 娇美; 交尾
교민,侨民; 教民
교민회,侨民会
교반,搅拌; 交班; 绞盘
교반기,搅拌机; 搅拌器
교반차,搅拌车
교방,校方; 教坊
교배,交配
교배주,交杯酒
교백,茭白
교백권,交白卷
교범,教范
교법,教法
교변,交变; 狡辩
교보,交保
교복,校服
교본,教本; 桥本
교본룡태랑,桥本龙太郎
교봉,交锋
교부,交付; 教父; 较不; 轿夫; 巧妇
교부급,教父级
교부난위무미지취,巧妇难为无米之炊
교부동,咬不动
교부율,交附率; 交附率
교분,交分
교붕우,交朋友
교비,交费; 交比
교사,教唆; 教师; 校舍; 狡诈; 教士; 绞死; 巧思
교사문,教师们
교사법,教师法
교사음일,骄奢淫逸
교사절,教师节
교사제,教师制
교사회,教师会
교산,桥山
교살,绞杀
교삼,乔森
교삼반,乔森潘
교상,咬上
교상기,较上期
교상휘영,交相辉映
교색,绞索
교생,教生; 侨生
교생관양,娇生惯养
교서,教书; 桥西; 校书
교서구,桥西区
교서육인,教书育人
교서장,教书匠
교석,乔石
교선,教禅; 交线
교선생,乔先生
교설,教说
교설여황,巧舌如簧
교섭,交涉
교섭권,交涉权
교섭사,交涉史
교성,娇声
교세,教势; 交税
교소,较少; 较小; 娇小; 交关
교소령롱,娇小玲珑
교속,侨属
교송거,乔松举
교쇄,咬碎
교수,教授; 交手; 娇羞; 翘首; 交售; 巧手; 咬手; 桥隧; 乔帅
교수급,教授级
교수대,绞首台
교수문,教授们
교수법,教授法
교수실,教授室
교수이대,翘首以待
교수직,教授职
교수진,教授阵
교수형,绞首刑
교술시,教述诗
교습,教习
교시,教示; 校时
교식,矫饰
교신,交信; 较新; 桥身
교실,教室
교심,交心
교아,咬牙
교아절치,咬牙切齿
교악,交恶
교안,教案
교안나,乔安娜
교야,郊野
교약,较弱; 娇弱
교양,教养; 骄阳
교양과,教养科
교양사화,骄阳似火
교양서,教养书
교양인,教养人
교언,巧言
교언령색,巧言令色
교언영색,巧言令色
교역,交易
교역국,交易国
교역단위,交易单位
교역량,交易量
교역법,交易法
교역비,交易费
교역성,交易性
교역세,交易税
교역소,交易所
교역액,交易额
교역원,交易员
교역원문,交易员们
교역일,交易日
교역자,交易者
교역전,交易展
교역형,交易型
교역회,交易会
교연,教研
교연실,教研室
교연원,教研员
교연조,教研组
교열,校阅
교열부,校阅部
교염,娇艳
교오,骄傲
교오자대,骄傲自大
교오자만,骄傲自满
교완,乔婉
교왕,交往
교왕과정,矫枉过正
교왜,娇娃
교외,校外; 郊外
교외별전,教外别传
교요,搅扰
교우,交友; 教友; 校友; 巧遇; 乔羽
교우문,校友们
교우회,校友会
교우회지,校友会志
교운,交运
교원,教员; 校园
교원망,校园网
교위,教委; 较为; 校尉
교유,交游; 郊游
교유조작,矫揉造作
교육,教育; 绞肉
교육가,教育家
교육감,教育监
교육계,教育界
교육과,教育科
교육관,教育观
교육교육,教育教育
교육국,教育局
교육권,教育权
교육기,绞肉机
교육령,教育令
교육류,教育类
교육법,教育法
교육보,教育报
교육부,教育部
교육부장,教育部长
교육비,教育费
교육서,教育书
교육성,教育性
교육세,教育税
교육세율,教育税率; 教育税率
교육실,教育室
교육열,教育热
교육원,教育院
교육자,教育者
교육자적,教育者的
교육장,教育场; 教育长
교육적,教育的
교육정도,教育程度
교육지,教育志
교육청,教育厅
교육학,教育学
교육학가,教育学家
교육학과,教育学科
교육학자,教育学者
교육회,教育会
교융,交融
교은,乔恩
교의,教义; 交椅; 校医; 交谊
교의무,交谊舞
교이,乔伊; 乔尔
교이사,乔伊斯
교이체사,乔尔达斯
교이타,咬耳朵
교익,教益
교인,教人; 骄人; 咬人
교일구,咬一口
교임량,乔任梁
교자,轿子; 饺子; 骄子; 咬字; 侨资
교장,校葬; 校长; 较长; 乔装; 校场; 窖藏; 巧匠; 较场
교장구,较场口
교장기,较长期
교장단,教长团
교장도감,教藏都监
교장론,教长论
교장문,校长们
교장실,校长室
교장직,教长职
교장타분,乔装打扮
교재,教材
교재비,教材费
교재원,教材园
교저,交底
교적적,娇滴滴
교전,交战
교점,交点; 校点
교접,交接; 桥接; 铰接
교접반,交接班
교정,校庭; 校正; 校订; 矫正; 教程; 矫情; 交情; 教廷; 咬定
교제,交际; 校际
교제비,交际费
교제화,交际花
교조,教祖; 教条; 交租
교조식,教条式
교조적,教条的
교조주의,教条主义
교조주의자,教条主义者
교조주의적,教条主义的
교조화,教条化
교종,教宗; 骄纵; 娇纵
교주,教主; 咬住; 校注
교주고슬,胶柱鼓瑟
교준,校准
교지,校志; 校纸; 校址; 交趾
교직,教职; 交织
교직공,教职工
교직원,教职员
교직원공,教职员工
교진,较真; 娇嗔
교진뇌즙,绞尽脑汁
교진우,乔振宇
교집,交集
교차,交叉; 轿车; 校车; 较差; 交差; 绞车; 巧借
교차로,交叉路
교차새,交叉赛
교차성,交叉性
교차점,交叉点
교차화,轿车化
교착,交着; 胶着; 交错
교처,娇妻
교천,乔迁
교천지희,乔迁之喜
교첩,矫捷
교체,交替
교체기,交替期
교체법,交替法
교체설,交替说
교총,娇宠
교출,交出
교취호탈,巧取豪夺
교치,乔治; 矫治
교치기,矫治器
교치아,乔治亚
교치아주,乔治亚州
교치용,乔致庸
교칙,校则
교탁,教卓
교탈천공,巧夺天工
교태,娇态
교통,交通; 绞痛
교통경,交通警
교통경찰,交通警察
교통공구,交通工具
교통관제,交通管制
교통난,交通难
교통도,交通图
교통량,交通量
교통로,交通路
교통망,交通网
교통법,交通法
교통부,交通部
교통부장,交通部长
교통비,交通费
교통사고,交通事故
교통사고율,交通事故率; 交通事故率
교통선,交通线
교통수단,交通手段
교통순경,交通巡警
교통안전,交通安全
교통안전법,交通安全法
교통운수업,交通运输业
교통원,交通员
교통은행,交通银行
교통은행고분유한공사,交通银行股份有限公司
교통정리,交通整理
교통지,交通支
교통지옥,交通地狱
교통질서,交通秩序
교통차,交通车
교통참,交通站
교통편,交通便
교파,教派; 咬破; 乔巴
교판,交办; 侨办
교판공창,校办工厂
교패,桥牌
교편,教鞭
교포,侨胞
교포문,侨胞们
교포사,乔布斯
교풍,校风
교하,咬下; 交河
교하시,蛟河市
교학,教学
교학계획,教学计划
교학대망,教学大纲
교학법,教学法
교학비,交学费
교학상장,教学相长
교학새,教学赛
교학처장,教学处长
교할,交割
교함,桥涵
교합,咬合; 巧合; 交合; 啮合
교핵,校核
교행,交行
교향,侨乡
교향곡,交响曲
교향락,交响乐
교향락단,交响乐团
교향시,交响诗
교향악단,交响乐团; 交响樂团
교향음락회,交响音乐会
교헌,乔轩
교험,校验; 交验
교협,教协
교형,绞刑; 矫形; 桥型
교호,交好; 较好; 交互; 姣好; 娇好
교호성,交互性
교호식,交互式
교호작용,交互作用
교혼,搅浑
교홍,乔洪; 乔红
교화,教化; 校花; 交货; 交火; 搅和
교화기,交货期
교화력,教化力
교화치,交货值
교환,交换; 交还; 交欢
교환기,交换机
교환대,交换台
교환망,交换网
교환소,交换所
교환원,交换员
교환전,交换展
교활,狡猾
교황,教皇
교회,教会; 交会; 教诲
교회당,教会堂
교회사,教会史
교회사가,教会史家
교회학교,教会学校
교횡,骄横
교훈,教训; 校训
교훈적,教训的
교휘,交汇; 侨汇; 校徽
교휘점,交汇点
교힐,狡黠
구,口; 区; 求; 具; 究; 九; 构; 够; 球; 久; 句; 欧; 救; 旧; 购; 狗; 驱; 仇; 沟; 惧; 扣; 俱; 丘; 勾; 拘; 矩; 钩; 躯; 舅; 龟; 邱; 寇; 呕; 裘; 苟; 疚; 咎; 垢; 瞿; 殴; 鸥; 鸠; 驹; 灸; 岖; 臼; 抠; 飓; 蚯; 厩; 韭; 篝; 衢; 媾; 柩; 枸; 蠼; 讴; 阄; 诟; 妪; 沤; 佝; 玖; 劬; 瓯; 笱; 彀; 朐; 癯; 蔻; 俅; 艽; 晷; 逑; 窭; 岣; 𬶋; 鞲; 鸲; 伛; 缑; 巯; 桕; 糗; 钆; 鼩; 犰; 觏; 眍; 屦; 赇; 訄; 袧; 遘; 筘; 犋; 氍; 絿; 蝺; 胊; 耈; 蔲; 蛷; 脙; 蠷; 雊; 簼; 鷇; 臞; 訽; 蒟; 訅; 翑; 跔; 肍; 耇; 褠; 觓; 鰸; 韮; 葋; 夠; 區; 舊; 購; 歐; 嘔; 溝; 牞; 榘; 懼; 龜; 構; 鳩; 埧; 驅
구가,讴歌; 构架; 俱佳; 仇家; 救驾; 邱家; 欧家
구가극,区柯克
구가낙부,久加诺夫
구각,口角; 躯壳
구간,区间; 驱赶; 口干; 躯干
구간설조,口干舌燥
구간장생,久间章生
구갈,口渴
구감,口感; 扣减; 沟坎
구갑,龟甲
구강,口腔; 九江; 瓯江
구강과,口腔科
구강시,九江市
구강암,口腔癌
구강현,九江县
구개부료흘시,狗改不了吃屎
구거,沟渠; 旧居
구건,构建; 构件
구걸,求乞
구검,勾芡
구격,扣缴; 够格; 区隔
구견,求见
구결,勾结; 口诀; 具结
구결막,球结膜
구경,口径; 究竟; 久经; 够劲; 球茎
구경각,究竟觉
구경고험,久经考验
구경리,区经理
구경사장,久经沙场
구고,求告
구고구난,救苦救难
구곡,沟谷
구곡간장,九曲肝肠
구공,口供
구공분,欧共体
구공소,区公所
구관,旧馆; 欧冠; 扣款; 球罐
구관소조,欧冠小组
구광원,欧广源
구교,旧桥; 求教; 狗咬
구교구,狗咬狗
구구,区区; 久久; 舅舅; 求救; 救救; 求求; 句句; 求购; 扣球; 沟口; 口区; 旧旧
구구단,九九段
구구상전,口口相传
구구성성,口口声声
구구식,九九式
구구절절,句句节节
구국,救国
구국간성,救国干城
구국구민,救国救民
구군,句群
구군복,具军服
구궁산,九宫山
구균,球菌
구극적,究极的
구근,拘谨; 欧芹
구금,拘禁; 口琴
구금당,拘禁当
구금산,旧金山
구금산시,旧金山市
구금자,拘禁者
구금죄,拘禁罪
구급,救急; 区级
구급도장,狗急跳墙
구급약,救急药
구급차,救急车
구기,球技; 口气; 枸杞; 救起; 巯基; 口技; 勾起; 口器
구길,裘吉
구길이,丘吉尔; 邱吉尔
구내,构内
구내매점,构内卖店
구내방송,构内放送
구내식당,构内食堂
구내전화,构内电话
구녀사,邱女士
구년,狗年; 旧年
구년급,九年级
구뇌,丘脑
구니,拘泥; 欧尼
구단,球团; 九段; 区段
구단백,球蛋白
구단주,球团主
구단협,旧团协
구당,勾当
구당서,旧唐书
구당협,瞿塘峡
구대,球队; 口袋; 球台; 区队; 球带; 扣带; 九台
구대시,九台市
구대종,邱大宗
구덕,口德
구덕녕,欧德宁
구덕락,裘德洛
구도,构图; 求道; 扣掉; 旧都
구도독부,九都督府
구도자,求道者
구도적,求道的
구독,购读; 句读
구독료,购读料
구독자,购读者
구돌,钩突
구동,驱动; 球童; 苟同; 勾动
구동기,驱动器
구동력,驱动力
구동정서,驱动程序
구동존이,求同存异
구두,口头; 龟头; 狗头; 勾头
구두상,口头上
구두선,口头禅
구두어,口头语
구두점,句读点; 句讀点
구두조,九头鸟
구득,购得
구득난,求得难
구득상,够得上
구득착,够得着
구등,久等
구라파,欧罗巴
구락,丘乐
구락부,俱乐部; 俱樂部
구란,勾栏
구람,扣篮
구랍,旧腊; 欧拉
구래아,欧莱雅
구래아집단,欧莱雅集团
구량,口粮
구력,旧历
구련,勾连
구렬,龟裂
구령,口令; 球龄
구례,旧例
구로미,丘露薇
구로사,邱老师
구뢰석,仇磊石
구료,够了
구룡,九龙
구룡강,九龙江
구룡산,九龙山
구룡파,九龙坡
구룡파구,九龙坡区
구룡호,九龙湖
구루,佝偻
구루병,佝偻病
구류,句留; 拘留; 扣留; 球类; 久留; 九流
구류소,拘留所
구류형,拘留刑
구륵,钩勒; 勾勒
구릉,丘陵
구릉성,丘陵性
구릉지,丘陵地
구릉지대,丘陵地带
구리,口里; 区里; 久利
구립,球粒
구마,舅妈; 口蘑
구마기,球磨机
구만,九万; 欧曼
구말,口沫
구망,救亡; 球网
구망도존,救亡图存
구매,购买
구매량,购买量
구매력,购买力
구매률,购买率
구매사,购买社
구매선,购买线
구매설,购买说
구매자,购买者
구맹,欧盟
구맹리사회,欧盟理事会
구맹시장,欧盟市场
구맹위원회,欧盟委员会
구맹총부,欧盟总部
구맹통계국,欧盟统计局
구면,旧面; 球面
구면지기,旧面知己
구명,救命; 具名; 狗命
구명대,救命带
구명도초,救命稻草
구명선,救命船
구명은인,救命恩人
구명정,救命艇
구명지은,救命之恩
구모,邱某; 舅母; 欧姆; 旧貌; 欧某
구모자,扣帽子
구모환신안,旧貌换新颜
구묵주철,球墨铸铁
구문,构文; 球门; 欧文; 口吻; 抠门; 旧闻; 口门
구물,购物; 旧物
구물광,购物狂
구물자,购物者
구물중심,购物中心
구미,口味; 欧美; 球迷; 够味; 求美
구미가,欧米茄
구미강대,欧美强队
구미문,球迷们
구미범,欧美范
구미속초,狗尾续貂
구미아,够味儿
구미일,欧美日
구민,区民
구민주주의,旧民主主义
구밀복검,口蜜腹剑
구박,驱迫; 球拍; 寇博
구발,扣发
구방,欧方
구배사,丘拜斯
구백팔십,九百八十
구법,旧法; 句法
구법조,裘法祖
구별,区别; 久别
구별중봉,久别重逢
구병,购并; 久病; 救兵
구병복발,旧病复发
구병성의,久病成医
구보,驱步; 欧宝; 久保
구보창,邱宝昌
구보흥,仇保兴
구복,口服; 口福
구복심복,口服心服
구복액,口服液
구복지욕,口腹之欲
구본,够本
구봉,球棒
구부,舅父; 旧部
구부득고,求不得苦
구부상,够不上
구부성명,久负盛名
구부착,够不着
구부택언,口不择言
구북,口北
구북구,旧北区
구분,区分; 具体; 躯体; 球体
구분론,区分论
구분법,区分法
구분성,具体性
구분작법,具体作法
구분적,区分的
구분화,具体化; 躯体化
구붕우,够朋友
구비,具备; 口碑; 狗屁; 厩肥; 沤肥; 购备
구비부통,狗屁不通
구비재도,口碑载道
구비특,丘比特
구사,驱使; 构思; 旧事; 驱邪
구사대,救社队
구사랑,欧司朗
구사력,驱使力
구사부상,救死扶伤
구사일생,九死一生
구사중제,旧事重提
구사회,旧社会
구사회주의,旧社会主义
구산,九山; 驱散; 龟山; 口算
구산선문,九山禅门
구살,仇杀; 扣杀
구삼학사,九三学社
구상,具象; 构想; 球状; 欧尚; 构象
구상도,构想图
구상류층,旧上流层
구상안,构想案
구상유취,口尚乳臭; 口尙乳臭
구상초,欧尚超
구새,球赛
구새이,欧塞尔
구색,具色; 求索; 惧色
구생,求生; 救生
구생권,救生圈
구생벌,救生筏
구생부득,求生不得
구생원,救生员
구생의,救生衣
구생정,救生艇
구서,购书; 旧书
구서단,欧舒丹
구서당,九誓幢
구석기,旧石器
구석기시대,旧石器时代
구석기인,旧石器人
구선,求仙
구선생,邱先生
구설,口舌
구설수,口舌数
구성,构成; 球星; 九成; 救星; 求成
구성극,构成剧
구성동,丘成桐
구성력,构成力
구성문,球星们
구성물,构成物
구성법,构成法
구성비,构成比
구성선,构成线
구성원,构成员
구성적,构成的
구성체,构成体
구성체론,构成体论
구성체적,构成体的
구세계,旧世界
구세대,旧世代
구세주,救世主
구세훈,寇世勋
구소,购销; 九霄
구소량왕,购销两旺
구소운,邱少云
구소운외,九霄云外
구속,拘束; 球速; 旧俗
구속력,拘束力
구속성,拘束性
구속자,拘束者
구수,口水; 勾手; 口授; 够受; 够数
구수회의,鸠首会议
구술,口述
구술시험,口述试验
구습,旧习
구시,旧时; 仇视; 球市; 口试; 区时
구시대,旧时代
구시대적,旧时代的
구시력,欧时力
구시심비,口是心非
구식,旧式; 句式
구신,求新; 口信; 求神; 旧识
구신검,欧新黔
구신배불,求神拜佛
구실,口实; 求实
구심,求心; 球心; 呕心
구심력혈,呕心沥血
구심성,求心性
구심점,求心点
구심지,邱心志
구심체,求心体
구심투각,勾心斗角
구십,九十
구십구,九十九
구십사,九十四
구십삼,九十三
구십오,九十五
구십육,九十六; 九十六
구십일,九十日
구십춘광,九十春光
구십칠,九十七
구씨,欧氏
구아,欧亚; 口儿; 欧雅
구아국,邱娥国
구아대륙,欧亚大陆
구아대륙교,欧亚大陆桥
구안,口岸; 欧安; 旧案; 苟安; 邱雁
구안간인저,狗眼看人低
구안왜사,口眼歪斜
구안투생,苟安偷生; 苟安偸生
구안회,欧安会
구압,扣押; 拘押; 扣压
구앙,久仰
구앙대명,久仰大名
구애,拘碍; 求爱
구야,欧耶
구약,旧约
구약현하,口若悬河
구양,欧阳
구양강강,欧阳奋强
구양곤,欧阳鲲
구양극,欧阳克
구양덕,欧阳德
구양봉,欧阳锋
구양상림,欧阳常林
구양선생,欧阳先生
구양설,欧阳雪
구양소,欧阳昭
구양수,欧阳修
구양여천,欧阳予倩
구양운,欧阳云
구양자원,欧阳自远
구양정,欧阳婷
구양진화,欧阳震华
구양춘,欧阳春
구양평,欧阳平
구양하단,欧阳夏丹
구양해,欧阳海
구양호연,欧阳浩然
구양효방,欧阳晓芳
구어,口语
구어체,口语体
구어화,口语化
구업,旧业
구여현하,口如悬河
구역,区域; 呕逆; 拘役; 口译
구역성,区域性
구역제,区域制
구역화,区域化
구연,口演; 旧缘; 枸橼; 九渊
구연동화,口演童话
구연잔천,苟延残喘
구염,区冉
구엽,欧烨
구영,瞿颖
구영걸,寇英杰
구영쟁,邱永峥
구예,球艺
구오,口误
구왕,球王
구외,口外
구요,求饶
구용,够用; 句容; 购用
구우,求偶; 旧友; 求雨; 邱雨
구우이호지력,九牛二虎之力
구우일모,九牛一毛
구웅,狗熊
구원,救援; 球员; 欧元; 久远; 求援; 仇怨
구원문,球员们
구원자,救援者
구월,九月
구월분,九月份
구위,久违; 区委; 口围
구위회,欧委会
구유,具有; 口谕
구유성,具有性
구유자취,咎由自取
구육,狗肉
구음,口音
구읍,旧邑
구의,球衣; 求医; 邱毅
구의사,够意思
구의인,邱义仁
구이,久已
구이가,邱贻可
구이공신,九二共识
구이구지,久而久之
구이상전,口耳相传
구이지학,口耳之学
구이진,欧伊辰
구이흡니,久尔恰尼
구인,拘引; 求人; 勾引; 仇人; 蚯蚓; 口咽
구인부여구기,求人不如求己
구인심현,扣人心弦
구인일명,救人一命
구인자,救人者
구일,旧日
구일팔사변,九一八事变
구입,求入; 购入
구입난,求入难
구입비,求入费
구입자,求入者
구입처,求入处
구입품,求入品
구자,句子; 口子; 扣子; 狗子; 苟子; 求子; 舅子
구자격,够资格
구자대,狗仔队
구장,区长; 球场; 旧账; 久长; 救场
구장인핵,狗仗人势
구재,救灾; 口才; 求才
구적분,欧迪芬
구전,口传; 俱全; 欧典; 求全; 欧战; 扣钱; 求战; 拘传
구전책비,求全责备
구절,句节
구절양장,九折羊肠
구절초,九节草
구점,句点; 口占
구정,旧正; 求证; 求情; 旧情; 九鼎; 求精
구정치인,旧政治人
구제,救济; 驱除; 扣除; 旧制; 区际
구제관,救济款
구제금,救济金
구제량,救济粮
구제역,口蹄疫
구제책,救济策
구제품,旧制品
구조,救助; 构造; 求助; 口罩; 区组; 沟槽
구조론,构造论
구조론적,构造论的
구조물,构造物
구조연,仇兆燕
구조우,求助于
구조이,裘祖贻
구조자,求助者; 救助者
구조적,构造的
구조주의,构造主义
구조주의자,构造主义者
구조주의적,构造主义的
구조학,构造学
구조화,构造化
구족,九族
구족계,具足戒
구좌,口座
구주,九州; 救主; 欧洲; 衢州; 驱走; 钩住; 欧州
구주경제공동분,欧洲经济共同体
구주공동분,欧洲共同体
구주공사,欧洲公司
구주교역소,欧洲交易所
구주구,欧洲区
구주구락부,欧洲俱乐部
구주대,欧洲队
구주도,九州岛
구주법원,欧洲法院
구주성,欧洲城
구주시,衢州市; 欧洲市
구주시장,欧洲市场
구주위원회,欧洲委员会
구주은행,欧洲银行
구주의회,欧洲议会
구주인,欧洲人; 狗主人
구주중심,欧洲中心
구주지구,欧洲地区
구주참,欧洲站
구주필벌,口诛笔伐
구주화잡,欧洲货币
구준,邱峻; 寇准
구중,寇仲; 九重; 欧中; 区中; 口重
구중국,旧中国
구중궁궐,九重宫阙
구즉득지,求则得之
구지,旧址; 求知; 旧地; 旧知
구지부득,求之不得
구지욕망,求知欲望
구지중유,旧地重游
구직,求职
구직자,求职者
구진,购进; 矩阵; 丘疹
구진식,矩阵式
구진해,寇振海
구질,球质
구차,苟且; 驱车; 求借
구차투생,苟且偷生
구창,够呛; 口疮
구채,韭菜; 口彩
구채구,九寨沟
구채화,韭菜花
구책,驱策
구천,九千; 九泉; 勾践; 勾天
구천지하,九泉之下
구첨,求签
구첩반상,九-饭床
구청,区厅
구청장,区厅长
구청장실,区厅长室
구체,具体
구체성,具体性
구체적,具体的
구체제,旧体制
구체화,具体化
구초,口哨
구초량,区楚良
구총경리,区总经理
구추백,瞿秋白
구축,构筑; 驱逐; 龟缩
구축물,构筑物
구축승,球轴承
구축업,构筑业
구축출경,驱逐出境
구축함,驱逐舰
구출,救出
구출광언,口出狂言
구충보,邱忠保
구취,口臭
구치,救治; 购置; 口齿; 灸治; 久治
구치리,邱致理
구치부유,久治不愈
구치부청,口齿不清
구치비,购置费
구치소,拘置所
구치소장,拘置所长
구친,求亲
구침,钩针; 钩沉
구칭,口称
구쾌,求快; 口快
구타,殴打
구탑,勾搭
구태,旧态; 勾兑
구태의연,旧态依然
구택,旧宅; 邱泽
구토,呕吐
구토증,呕吐症
구통,沟通; 勾通
구통거도,沟通渠道
구퇴자,狗腿子
구투,殴斗
구파,惧怕; 欧派
구파상,欧巴桑
구판,龟板
구판장,购贩场
구패극,欧佩克
구팽,狗烹
구포,拘捕
구표,购票
구표자,购票者
구품,九品
구풍,飓风; 口风; 球风
구피,裘皮; 狗皮
구피고약,狗皮膏药
구필,口笔
구학,求学; 沟壑
구학자,求学者
구학종횡,沟壑纵横
구한,仇恨; 驱寒
구한감우,久旱甘雨
구한말,旧韩末
구함,构陷
구해,求解
구해구,瓯海区
구향당,口香糖
구헌,欧宪
구헌법,旧宪法
구현,具现; 区县; 邱县; 衢县
구현급,区县级
구현약갈,求贤若渴
구혈,呕血
구혈림두,狗血淋头
구혈분두,狗血喷头
구협,欧叶
구형,旧型; 求刑; 球形; 矩形; 句型; 构型; 口型; 球型; 口形
구형량,求刑量
구혜,球鞋
구호,口号; 救护; 句号; 区号
구호대,救护队
구호도,欧胡岛
구호물자,救护物资
구호미,救护米
구호성,救护性
구호차,救护车
구호품,救护品
구혼,求婚; 勾魂; 拘魂
구혼장,求婚状; 求婚狀
구홍,口红
구홍걸,邱红杰
구화,口画; 救火; 篝火; 勾画; 旧货; 求和; 九华; 媾和; 欧化
구화산,九华山
구화지문,口祸之门
구화차,救火车
구활,救活; 仇敌
구황,救荒; 韭黄
구회작,邱会作
구획,区划
구효화,邱晓华
구후,久后; 久候
구휘,购汇
구휼,救恤
구흘,口吃
구흘시,狗吃屎
구흥화,邱兴华
국,国; 局; 曲; 菊; 鞠; 掬; 鞫; 锔; 跼; 踘; 粷; 閰; 輂; 國; 焗; 囗; 麴; 囯
국가,国家; 国歌
국가경무위,国家经贸委
국가경제무역위원회,国家经济贸易委员会
국가계위,国家计委
국가계획,国家计划
국가고,国家股
국가고시,国家考试
국가급,国家级
국가대,国家队
국가대사,国家大事
국가론,国家论
국가민위,国家民委
국가발전계획위원회,国家发展计划委员会
국가법,国家法
국가사,国家史
국가사무,国家事务
국가사상,国家思想
국가사업,国家事业
국가설,国家说
국가성,国歌声
국가세무국,国家税务局
국가세무총국,国家税务总局
국가수반,国家首班
국가안전국,国家安全局
국가안전부,国家安全部
국가외휘관리국,国家外汇管理局
국가은행,国家银行
국가적,国家的
국가주석,国家主席
국가주석직,国家主席职
국가주의,国家主义
국가지진국,国家地震局
국가질검총국,国家质检总局
국가학설,国家学说
국가화,国家化
국각,国脚
국각문,国脚们
국강,国强
국개행,国开行
국격,国格
국경,国境; 国庆
국경선,国境线
국경일,国庆日
국경절,国庆节
국계,国界; 国计
국계민생,国计民生
국고,国库; 国故
국고권,国库券
국공,国共; 国公
국공립,国公立
국공주,国公主
국공합작,国共合作
국과,菊科
국광,国光
국괴,国槐
국교,国交; 国教
국교생,国校生
국구,国球; 国舅
국군,国军; 国君
국궁,鞠躬
국궁진췌,鞠躬尽瘁
국권,国权
국금,国金
국금중심점,国金中心店
국급,局级
국기,国基; 国旗; 国企
국기반,国旗班
국난,国难
국난당두,国难当头
국내,国内; 局内
국내계,国内系
국내기,国内期
국내무역,国内贸易
국내법,国内法
국내법적,国内法的
국내산,国内产
국내생산총치,国内生产总值
국내선,国内线
국내외,国内外
국내외적,国内外的
국내인,国内人; 局内人
국내적,国内的
국내파,国内派
국대당,国大党
국대표,国代表
국도,国道; 国度; 国都
국동,国栋
국등,国腾
국락,国乐
국량,局量
국려,国旅
국려총사,国旅总社
국력,国力; 国历
국련,国联
국례,国礼
국록,国禄
국론,国论
국리민복,国利民福
국리민복적,国利民福的
국립,国立
국립공원,国立公园
국립대,国立大
국립대학,国立大学
국마,局麻
국맥,国脉
국면,局面
국명,国名; 局名
국모,国母
국무,国务
국무경,国务卿
국무부장,国务部长
국무원,国务院
국무원기소사무관리국,国务院机关事务管理局
국무원대만사무판공실,国务院台湾事务办公室
국무원발전연구중심,国务院发展研究中心
국무원신문판공실,国务院新闻办公室
국무원연구실,国务院研究室
국무원판공청,国务院办公厅
국무위원,国务委员
국무총리,国务总理
국무총리상,国务总理赏
국무총리실,国务总理室
국무회의,国务会议
국문,国文; 国门
국문과,国文科
국문학,国文学
국문학계,国文学界
국문학자,国文学者
국미,国美
국미집단,国美集团
국민,国民
국민감정,国民感情
국민경제,国民经济
국민교육,国民教育
국민군,国民军
국민당,国民党
국민대회,国民大会
국민생산총치,国民生产总值
국민성,国民性
국민운동,国民运动
국민의회,国民议会
국민장,国民章; 国民葬
국민적,国民的
국민정부,国民政府
국민주,国民株
국민학교,国民学校
국민학교생,国民学校生
국민학교장,国民学校长
국민학생,国民学生
국민혁명군,国民革命军
국민회의,国民会议
국방,国防
국방과공위,国防科工委
국방과학기술공업위원회,国防科学技术工业委员会
국방군,国防军
국방대학,国防大学
국방력,国防力
국방부,国防部
국방부장,国防部长
국방비,国防费
국방위원회,国防委员会
국번,局番
국법,国法
국보,国宝
국보급,国宝级
국복,国服
국본,国本
국부,国富; 局部; 国父
국부론,国富论
국부민강,国富民强
국부성,局部性
국부적,局部的
국부화,国富化; 局部化
국분,国体
국붕,鞠鹏
국빈,国宾
국빈관,国宾馆
국사,国事; 国史; 国师; 国士
국사무쌍,国士无双
국산,国产
국산품,国产品
국산화,国产化; 国产货
국산화률,国产化率
국산화율,国产化率; 国产化率
국상,国丧; 国相; 国殇; 国象
국색,国色
국색천향,国色天香
국서,国书; 国瑞
국서성,国瑞城
국선,国选
국세,国税
국세국,国税局
국소,局所
국수,国手; 国寿
국수문,国手们
국수적,国粹的
국수주의,国粹主义
국수주의자,国粹主义者
국수주의적,国粹主义的
국술,国术
국시,国是
국신,国信
국신정권유한책임공사,国信证券有限责任公司
국악,国乐
국악과,国乐科
국악단,国乐团
국악풍,国乐风
국안,国安
국안구락부,国安俱乐部
국안국,国安局
국안대,国安队
국약,国药
국어,国语
국어과,国语科
국어사전,国语辞典
국어학,国语学
국어학계,国语学界
국어학자,国语学者
국역,国役; 国译
국역망,局域网
국연,国宴
국영,国营
국영화,国营化
국오대,国奥队
국오선,国奥选
국왕,国王
국외,国外; 局外
국외인,局外人
국외자,局外者
국외적,国外的
국우,国优
국운,国运
국원,国元; 菊园
국위,国威
국유,国有
국유경제,国有经济
국유고,国有股
국유기업,国有企业
국유론,国有论
국유론자,国有论者
국유림,国有林
국유자산,国有资产
국유자산법,国有资产法
국유제,国有制
국유제론,国有制论
국유제적,国有制的
국유토지,国有土地
국유화,国有化
국유화론,国有化论
국음,国音
국읍,国邑
국의,国医
국익,国益
국인,国人
국자,国子
국자감,国子监
국자위,国资委
국자위당위,国资委党委
국자위연구중심,国资委研究中心
국장,局长; 国葬
국장군,国将军
국장문,局长们
국장부국,国将不国
국적,国籍; 国贼
국적선,国籍船
국전,国展
국정,国定; 国情; 国政
국제,国际
국제가,国际歌
국제간,国际间
국제공항,国际空港
국제관,国际馆
국제금융시장,国际金融市场
국제급,国际级
국제기구,国际机构
국제무대,国际舞台
국제무역,国际贸易
국제문전전신사,国际文传电讯社
국제법,国际法
국제법적,国际法的
국제부,国际部
국제상기,国际象棋
국제새,国际赛
국제선,国际线
국제성,国际性
국제인,国际人
국제장,国际奖
국제적,国际的
국제전,国际战
국제전련,国际电联
국제주의적,国际主义的
국제파,国际派
국제학교,国际学校
국제형,国际型
국제화,国际化
국제회의,国际会议
국제회의실,国际会议室
국제회의장,国际会议场
국조,国祖; 国鸟
국조권,国调权
국조신,国祖神
국졸,国卒
국주,国主
국중,国中
국지,国志; 局地; 国之
국지적,局地的
국지전,局地战
국채,国债
국책,国策
국청,国青
국청대,国青队
국촉,局促
국촉부안,局促不安
국총리,国总理
국총통,国总统
국치,国耻
국치민욕,国耻民辱
국태,国泰
국태군,国泰君
국태군안정권고분유한공사,国泰君安证券股份有限公司
국태군안정권연구소,国泰君安证券研究所
국태금,国泰金
국태민안,国泰民安
국토,国土
국토자원부,国土资源部
국통구,国统区
국파가망,国破家亡
국평,鞠萍
국표,国标; 国票
국표무,国标舞
국풍,国风
국풍파,国风派
국학,国学
국한,局限
국한문,国汉文
국한성,局限性
국항,国航
국핵,局势; 国势
국호,国号
국혼,国婚; 国魂
국홍기,国洪起
국화,国花; 菊花; 国画; 国货; 国华
국화가,国画家
국화과,菊花科
국회,国会
국회의원,国会议员
국회의원직,国会议员职
국회직,国会职
국휘,国徽; 国辉
국흥,国兴
군,军; 群; 君; 郡; 裙; 窘; 皲; 捃; 鲪; 蜠; 軍; 珺; 輑
군가,军歌
군거,群居; 裙裾
군견,军犬
군견병,军犬兵
군경,军警; 窘境
군계,郡界; 军械; 军界
군계일학,群鸡一鹤
군고,裙裤
군곤,窘困
군공,军工; 军功
군공장,军功章
군공창,军工厂
군관,军官; 军管
군관문,军官们
군교,军校
군구,军区; 群殴
군국,军国; 郡国
군국주의,军国主义
군국주의자,军国主义者
군국주의화,军国主义化
군권,军权; 君权
군규,军规
군급,军级
군기,军气; 军纪; 军机; 军旗; 群起; 军器; 军棋
군기이공지,群起而攻之
군기인호정전,军其人户丁田
군기처,军机处
군납업,军纳业
군내,郡内
군단,军团; 群团
군단장,军团长
군대,军队; 裙带
군대소계,裙带关系
군대식,军队式
군도,群岛; 郡都; 军刀
군둔,军屯
군락,群落; 军乐
군락단,军乐团
군락대,军乐队
군락상,群落状
군란,军乱
군량,军粮
군량미,军粮米
군려,军旅
군력,军力; 群力
군렬속,军烈属
군령,军令; 军龄
군령상,军令状
군령여산,军令如山
군례,军礼
군룡무수,群龙无首
군루,裙楼
군림,君临
군림자,君临者
군마,军马
군마란무,群魔乱舞
군명,郡名
군모,军帽
군무,群舞; 军务
군무원,军务员
군문,军门
군민,郡民; 军民
군민공건,军民共建
군박,窘迫; 军博
군방,军方; 群芳
군번,军番
군벌,军阀
군법,军法
군병종,军兵种
군보포,军保布
군복,军服
군봉,群峰
군부,军夫; 军部
군부대,军部队
군분,群体
군분구,军分区
군분성,群体性
군비,军备; 军费
군사,军事; 军司; 军士; 军师; 军史
군사가,军事家
군사관제,军事管制
군사력,军事力
군사령관,军司令官
군사령부,军司令部
군사문,军士们
군사범,军事犯
군사부일체,君师父一体
군사비,军事费
군사적,军事的
군사주의,军事主义
군사탄정보,君士坦丁堡
군사화,军事化
군산,军产; 群山; 君山
군산환포,群山环抱
군상,群像; 群相
군성,群星
군소,群小
군속,军属
군수,军需; 郡守; 军嫂
군수과장,军需课长
군수실,军需室
군수용,军需用
군수품,军需品
군신,君臣
군신유의,君臣有义
군심,军心
군역,军役
군연,军演
군영,军营
군영회,群英会
군오,军伍
군왕,君王; 郡王
군용,军用; 军容
군용기,军用机
군용물,军用物
군용지,军用地
군용차,军用车
군운,军运
군웅,群雄
군웅축록,群雄逐鹿
군웅할거,群雄割据
군원,军援
군위,军委; 军威
군은,军垦
군의,军医; 军衣
군의관,军医官
군의회,郡议会
군인,军人
군인문,军人们
군인전,军人田
군임,君临
군임천하,君临天下
군자,君子; 裙子; 军姿; 军资
군자국,君子国
군자란,君子兰
군자삼락,君子三乐; 君子三樂
군자지교,君子之交
군자지교담여수,君子之交淡如水
군자협정,君子协定
군자호구,君子好逑
군장,军装; 君长; 军长; 群桩
군장국,君长国
군적,军籍
군전민,军转民
군정,军情; 军政; 群情
군정격강,群情激奋
군정격앙,群情激昂
군정관,军政官
군정국,军情局
군정부,军政府
군정오처,军情五处
군정청,军政厅
군제,郡制; 军制
군조,军曹; 群雕
군졸,军卒
군종,军宗; 军种
군주,君主
군주립헌,君主立宪
군주립헌제,君主立宪制
군주제,君主制
군중,群众; 军中
군중대회,群众大会
군중문,群众们
군중성,群众性
군중소계,群众关系
군중운동,群众运动
군중조직,群众组织
군중집회,群众集会
군지,郡志
군지량용인재,军地两用人才
군직,军职
군집,群集
군차,军车
군책군력,群策群力
군청,郡厅
군청색,群青色; 群靑色
군축,军缩
군축국장,军缩局长
군취,群聚
군치소,郡治所
군태,窘态
군통,军统
군포,军布
군품,军品
군풍,军风
군필,军必
군함,军舰; 军衔
군항,军港
군항제,军港祭
군향,军饷
군현,郡县
군현제,郡县制
군현제적,郡县制的
군호,军号
군혼,群婚
군화,军靴; 军火
군화상,军火商
군홧,军靴
군황,窘况
군훈,军训
굴,屈; 掘; 窟; 崛; 倔; 堀; 诎; 矻; 袦
굴강,倔强
굴거,屈居
굴곡,屈曲
굴광,屈光
굴광도,屈光度
굴기,崛起; 屈肌
굴륭,窟窿
굴묘인,掘墓人
굴복,屈伏; 屈服
굴복당,屈服当
굴사,屈死
굴삭기,掘削机
굴슬,屈膝
굴신,屈伸; 屈臣
굴욕,屈辱
굴욕사,屈辱史
굴욕적,屈辱的
굴원,屈原
굴자,屈子
굴재,屈才
굴절,屈折
굴절력,屈折力
굴존,屈尊
굴종,屈从
굴종적,屈从的
굴지,屈指
굴지가수,屈指可数
굴진,掘进
굴착,掘凿
굴착기,掘凿机
굴취,屈就
굴타성초,屈打成招
굴풍,屈风
굿,㖌
궁,宫; 穷; 弓; 躬; 穹; 芎; 䓖; 宮; 窮
궁강경,宫腔镜
궁개심,穷开心
궁경,宫颈; 躬耕
궁경암,宫颈癌
궁경염,宫颈炎
궁고,穷袴; 穷苦
궁곤,穷困
궁곤료도,穷困潦倒
궁공주,宫公主
궁광단,穷光蛋
궁구,穷究; 穷寇
궁국,穷国
궁궐,宫阙
궁귀,穷鬼
궁극,穷极
궁극적,穷极的
궁극점,穷极点
궁금,宫禁
궁금운,宫锦云
궁기,穷气; 宫崎
궁내,宫内
궁내수,宫内水
궁내천,宫内川
궁녀,宫女
궁녀문,宫女们
궁노,弓弩
궁대,穷队
궁도말로,穷途末路
궁등,宫灯
궁령우,宫灵雨
궁로명,宫鲁鸣
궁륭,穹隆
궁리,穷理; 宫里
궁망,穷忙
궁문구,宫门口
궁미인,宫美人
궁배,弓背
궁병독무,穷兵黩武
궁본,宫本
궁사극욕,穷奢极欲
궁산,穷酸
궁산악수,穷山恶水
궁상,穷状
궁색,穷塞; 穷塞
궁서,宫书
궁성,宫城
궁쇄주,宫锁珠
궁시,宫时
궁신,躬身
궁실,宫室
궁아,宫娥
궁여지책,穷余之策
궁외잉,宫外孕
궁우,穷于
궁원,宫苑
궁위,宫闱
궁을,弓乙
궁인,穷人; 宫人
궁장,宫墙; 宫装
궁전,宫殿; 弓箭
궁정,宫廷; 穹顶
궁정식,宫廷式
궁조,宫调
궁중,宫中; 宫重
궁지,穷地; 宫之
궁진,穷尽
궁추,穷追
궁추맹타,穷追猛打
궁추부사,穷追不舍
궁칙사변,穷则思变
궁택,宫泽
궁핍,穷乏
궁한,宫寒; 穷汉
궁합,宫合
궁행,躬行
궁향벽양,穷乡僻壤
궁현,弓弦
궁형,宫刑; 弓形
궁흉극악,穷凶极恶
궉,鴌
권,权; 卷; 圈; 券; 劝; 拳; 倦; 眷; 蜷; 绻; 鬈; 锩; 踡; 睠; 絭; 箞; 鬳; 權; 劵; 捲; 勸
권가,劝架
권각,拳脚
권각상향,拳脚相向
권간,劝谏
권강,劝降
권격,拳击
권격새,拳击赛
권격수,拳击手
권계수,权系数
권고,劝告; 眷顾
권고안,劝告案
권곡,卷曲; 蜷曲
권권,圈圈; 卷卷; 劝劝; 拳拳
권귀,权贵
권귀문,权贵们
권기,卷起
권기래,卷起来; 圈起来
권념,眷念
권농,劝农
권능,权能
권단,拳坛
권도,劝导
권두,卷头; 拳头
권두산품,拳头产品
권량,圈梁
권력,权力
권력관계,权力关系
권력자,权力者
권력적,权力的
권력체,权力体
권력층,权力层
권력형,权力型
권련,眷恋
권렴,卷帘
권렴문,卷帘门
권뢰,权磊
권리,权利
권리금,权利金; 权利金
권리화의무,权利和义务
권면,卷面
권모,权谋; 劝募
권모술수,权谋术数
권문,权门
권문세가,权门势家
권문세족,权门势族
권발,卷发
권법,拳法; 权法
권변,权变
권병,权柄
권본,卷本
권부,权府
권불십년,权不十年; 权不十年
권비,圈肥
권사,劝士; 圈舍; 拳师
권상우,权相宇
권새,拳赛
권선,劝善
권선징악,劝善惩恶
권설,劝说
권세,权势
권속,权属; 眷属
권수,拳手; 权数
권술,权术; 拳术
권신,权臣
권심채,卷心菜
권아,圈儿
권양,圈养
권양기,卷扬机
권업,劝业
권역,圈域
권연,卷烟
권연초,卷烟草
권왕,拳王
권외,圈外
권용,倦容
권위,权威; 劝慰; 权位
권위민,权为民
권위성,权威性
권위자,权威者
권위적,权威的
권위주의,权威主义
권위주의적,权威主义的
권위주의화,权威主义化
권위지,权威纸
권위화,权威化
권유,劝诱; 劝谕
권의,倦意; 权宜
권의지계,权宜之计
권익,权益
권익류,权益类
권익법,权益法
권익성,权益性
권입,卷入
권자,圈子; 卷子
권장,劝奖; 权杖
권장량,劝奖量
권재,卷材
권적,卷积
권전,圈钱
권점,圈占; 圈点
권정,权证; 圈定
권조,劝阻
권종,卷宗
권좌,权座
권주,劝酒
권중,权重
권지,圈地; 劝止
권지룡,权志龙
권진,劝进
권차,权且
권책,权责
권척,卷尺
권총,拳铳
권총식,拳铳式
권축,蜷缩; 卷轴; 卷缩
권타각척,拳打脚踢
권태,倦怠
권태감,倦怠感
권태기,倦怠期
권토중래,卷土重来
권통,卷筒
권퇴,劝退
권투,拳鬪; 圈套
권폐,圈闭
권학,劝学
권한,权限
권해,劝解
권핵,权势
권형,权衡
권형리폐,权衡利弊
권화,劝和
궐,厥; 阙; 獗; 撅; 蕨; 蹶; 噘; 橛; 镢; 劂; 孓; 鳜; 蹷; 蟨; 孒
궐기,蹶起
궐내,阙内
궐두,镢头
궐석,阙席
궐어,鳜鱼
궐여,阙如
궐채,蕨菜
궤,机; 几; 轨; 溃; 柜; 跪; 诡; 馈; 匮; 撅; 蹶; 麂; 匦; 篑; 愦; 缋; 劂; 簋; 鱥; 祪; 阓; 籄; 餽; 潰; 櫃; 軌; 詭
궤결,溃决
궤계,诡计
궤계다단,诡计多端
궤대,柜台
궤도,轨道; 跪倒; 溃逃
궤도선,轨道线
궤란,溃烂
궤멸,溃灭
궤배,跪拜
궤변,诡辩
궤병,溃兵
궤부성군,溃不成军
궤분,柜体
궤비,诡秘
궤사,诡诈
궤산,溃散
궤상,柜上
궤선,馈线
궤소,诡笑
궤송,馈送
궤양,溃疡
궤양병,溃疡病
궤양성,溃疡性
궤양형,溃疡型
궤이,诡异
궤자,柜子
궤적,轨迹
궤제,溃堤
궤조,柜组
궤증,馈赠
궤취,撅嘴
궤퇴,溃退
궤패,溃败
궤핍,匮乏
궤하,跪下
궤휼,诡谲
귀,句; 贵; 归; 鬼; 龟; 皈; 宄; 岿; 晷; 刿; 聭; 瞆; 腃; 貴; 歸; 帰
귀가,归家
귀간,贵干
귀감,龟鉴; 龜鉴
귀갓,归家
귀강,归降
귀객,贵客
귀거,归去
귀검,鬼脸
귀결,归结
귀경,归京
귀계,贵溪
귀곡랑호,鬼哭狼嚎
귀곡성,鬼哭声
귀공,归功; 归公
귀공사,贵公司
귀공자,贵公子
귀공자풍,贵公子风
귀공자형,贵公子型
귀괴,鬼怪
귀교,贵校; 归侨
귀구,归咎; 归口
귀국,归国; 贵国
귀국화교,归国华侨
귀귀수수,鬼鬼祟祟
귀근,归根
귀근결저,归根结底
귀근결체,归根结蒂
귀근도저,归根到底
귀금속,贵金属; 贵金属
귀기,归期
귀납,归纳
귀납법,归纳法
귀납적,归纳的
귀당,归档
귀대,归队
귀덕,贵德
귀도,归途; 鬼道
귀두,鬼头
귀래,归来
귀로,归路
귀류,归类
귀매,鬼魅
귀면,鬼面
귀문소,鬼门关
귀물,贵物
귀미심규,鬼迷心窍
귀배괄모,龟背刮毛; 龜背刮毛
귀법,归法
귀병,归并
귀부,贵妇; 归附
귀부신공,鬼斧神工
귀부인,贵妇人
귀비,贵妃
귀빈,贵宾
귀빈관,贵宾馆
귀빈문,贵宾们
귀빈실,贵宾室
귀사신차,鬼使神差
귀산,归山
귀선,归船
귀성,归省; 贵姓
귀성객,归省客
귀소,归巢
귀소형,归巢型
귀속,归属
귀수,鬼祟
귀숙,归宿
귀순,归顺
귀순자,归顺者
귀신,鬼神
귀심,归心
귀심사전,归心似箭
귀아뢰,归亚蕾
귀안,归案
귀양,贵阳
귀양광산기기창,贵阳矿山机器厂
귀양기장,贵阳机场
귀양면방창,贵阳棉纺厂
귀양시,贵阳市
귀양시공안국,贵阳市公安局
귀양시중급인민법원,贵阳市中级人民法院
귀양의학원,贵阳医学院
귀양지구,贵阳地区
귀양참,贵阳站
귀양철로분국,贵阳铁路分局
귀양화차참,贵阳火车站
귀옥,鬼屋
귀와,归卧
귀우,归于
귀원사,归元寺
귀위,归为
귀은,归隐
귀의,归依; 皈依
귀인,贵人; 归人; 归因
귀인우,归因于
귀일,归一
귀일화,归一化
귀입,归入
귀자,鬼子
귀자문,鬼子们
귀장,归葬
귀재,鬼才
귀전,归田
귀절,鬼节
귀점자,鬼点子
귀정,贵定; 归程
귀정현,贵定县
귀족,贵族
귀족문,贵族们
귀족식,贵族式
귀족적,贵族的
귀족주의,贵族主义
귀족주의적,贵族主义的
귀족층,贵族层
귀족화,贵族化
귀죄우,归罪于
귀주,贵州; 贵胄
귀주고원,贵州高原
귀주공학원,贵州工学院
귀주농학원,贵州农学院
귀주대,贵州队
귀주대학,贵州大学
귀주려창,贵州铝厂
귀주사범대학,贵州师范大学
귀주성,贵州省
귀주성위,贵州省委
귀주위시,贵州卫视
귀주의,鬼主意
귀주인민출판사,贵州人民出版社
귀주일보,贵州日报
귀주전시대,贵州电视台
귀중,贵重
귀중품,贵重品
귀집,归集
귀착,归着
귀책,归责
귀척,贵戚
귀천,贵贱; 归天
귀추,归趋
귀축,鬼畜
귀취등,鬼吹灯
귀파희,鬼把戏
귀하,贵下
귀항,归港; 贵港
귀항시,贵港市
귀항지,归港地
귀항집단,贵航集团
귀향,归鄕
귀향객,归鄕客
귀향기,归鄕记
귀향형,归鄕型
귀혼,鬼魂; 鬼混
귀화,归化; 鬼话; 鬼火
귀환,归还
귀회,归回
규,规; 叫; 纠; 奎; 窥; 窍; 缪; 硅; 闺; 圭; 葵; 逵; 睽; 虬; 鲑; 妫; 赳; 揆; 馗; 畦; 芤; 暌; 岿; 喹; 跬; 蝰; 邽; 紤; 沩; 袿; 聧; 闚; 訆; 鬶; 蹞; 瞡; 糾; 規; 閨; 珪
규각,闺阁
규갈,纠葛
규강,硅钢
규강편,硅钢片
규격,规格
규격성,规格性
규격안,规格案
규격적,规格的
규격화,规格化
규견,窥见
규견일반,窥见一斑
규결,纠结
규고,叫苦
규고련천,叫苦连天
규고부질,叫苦不迭
규곡,硅谷
규구,规矩
규구준승,规矩准绳
규굴,叫屈
규권,规劝
규규,叫叫
규규구구,规规矩矩
규녀,闺女
규녕,奎宁
규둔,奎屯
규률,规律
규률성,规律性
규매,叫卖; 叫骂
규명,纠明
규명론,纠明论
규모,规模
규모망,规模网
규모성,规模性
규모화,规模化
규문,窍门; 叫门
규방,闺房
규범,规范
규범류,规范类
규범성,规范性
규범적,规范的
규범화,规范化
규분,纠纷
규사,窥伺
규산,硅酸
규산염,硅酸盐
규상효,硅橡胶
규성,叫声; 叫醒
규소,硅素
규수,闺秀
규시,窥视
규아나,圭亚那
규약,规约
규양,叫嚷
규연부동,岿然不动
규염,虬髯
규완,硅烷
규율,规律; 规律
규인,奎因
규작,叫作
규장,规章
규전,纠缠
규전부청,纠缠不清
규절,叫绝
규정,纠正; 规定; 规程; 规整
규정력,规定力
규정성,规定性
규정자,规定者
규정적,规定的
규정화,规定化
규제,规制
규제력,规制力
규제법,规制法
규제책,规制策
규조,硅藻
규조토,硅藻土
규좌,叫座
규주,叫做
규진,叫真; 叫阵
규질암,硅质岩
규집,纠集
규차,叫车
규착,纠错
규찰,纠察
규찰대,纠察队
규측,窥测
규칙,纠饬; 规则
규칙성,规则性
규칙적,规则的
규칙화,规则化
규탄,纠弹
규탐,窥探
규판,叫板
규편,纠偏; 硅片
규풍,纠风
규피,规避
규함,叫喊
규합,纠合
규호,叫好; 叫号
규화,葵花; 硅化
규화목,硅化木
규화자,葵花子; 叫花子; 叫化子
규환,叫唤
규획,规划
규획기,规划期
규획법,规划法
규획서,规划署
규획자,规划者
규효,叫嚣; 硅胶
균,均; 菌; 龟; 钧; 匀; 筠; 麇; 麕; 稛; 袀; 箘; 碅; 麏; 覠
균군,菌群
균균,均匀
균균성,均匀性
균근,菌根
균등,均等
균등화,均等化
균락,菌落
균류,菌类
균리,菌痢
균묘,菌苗
균방,均方
균분,均分
균사,菌丝
균사분,菌丝体
균속,匀速
균열,龟裂; 龜裂
균온,均温
균유,均有
균일,均一
균일가,均一价
균일성,均一性
균전,均田
균전제,均田制
균점,均沾; 均霑
균정,匀净
균제성,均齐性
균종,菌种
균주,菌株
균질,均质
균질화,均质化
균치,均值
균칭,匀称
균탄,均摊
균핵,均势; 菌核
균혈증,菌血症
균형,均衡
균형기,均衡器
균형미,均衡美
균형성,均衡性
균형적,均衡的
균형화,均衡化
균환,菌环
귤,橘
귤색,橘色
귤자주,橘子洲
귤피,橘皮
귤홍,橘红
극,克; 极; 剧; 隙; 棘; 亟; 戟; 屐; 氪; 殛; 郤; 郄; 茍; 裓; 劇; 極; 剋
극격발,克格勃
극광,极光
극구,极口; 克扣
극구변명,极口辨明
극권주의,极权主义
극근극검,克勤克俭
극기,克己; 极其
극기복례,克己复礼
극기봉공,克己奉公
극난,克难
극단,剧团; 极端; 剧坛
극단론,极端论
극단적,极端的
극단화,极端化
극대,极大; 亟待
극대치,极大值
극대해결,亟待解决
극대화,极大化
극도,极度
극독,剧毒
극독물,极毒物
극돌,棘突
극돌기,极突起
극동,极东
극라지아,克罗地亚
극라지아대,克罗地亚队
극락,极乐; 极樂
극락사,克洛斯
극락세계,极乐世界; 极樂世界
극락왕생,极乐往生; 极樂往生
극락전,极乐殿; 极樂殿
극락정토,极乐净土; 极樂净土
극락택,克洛泽
극랍,克拉
극랍극,克拉克
극랍마의,克拉玛依
극랍마의시,克拉玛依市
극랍모,克拉姆
극랍모니극,克拉姆尼克
극랍소사,克拉苏斯
극랍하마주,克拉荷马州
극랑,克朗
극래,克莱
극래덕만,克莱德曼
극래문특,克莱门特
극래사륵,克莱斯勒
극래사륵공사,克莱斯勒公司
극래사륵집단,克莱斯勒集团
극래은,克莱恩
극래이,克莱尔
극래인,克莱因
극량,极量
극려사,克丽丝
극려산나,克丽珊娜
극력,极力
극렬,极烈; 剧烈
극렬분자,极烈分子
극로,克劳
극로기,克劳奇
극로니,克鲁尼
극로덕,克劳德
극로복덕,克劳福德
극로사,克鲁斯; 克劳斯
극로이부,克鲁伊夫
극로자,克鲁兹
극뢰,克雷
극뢰격,克雷格
극뢰사파,克雷斯波
극뢰체안,克雷蒂安
극륭,克隆
극륵,克勒
극리,克里
극리모림궁,克里姆林宫
극리미아,克里米亚
극리부란,克利夫兰; 克里夫兰
극리사,克里斯
극리사체,克里斯蒂
극리사체나,克里斯蒂娜
극리사체안,克里斯蒂安
극리사탁불,克里斯托弗
극리사특이사,克里斯特尔斯
극리특,克里特
극리특도,克里特岛
극림,克林
극림돈,克林顿
극림사만,克林斯曼
극명,克明
극목,极木; 剧目; 极目
극미,极微
극미량,极微量
극벌원욕,克伐怨欲
극변,剧变
극복,克复; 克服
극본,剧本
극봉,隙缝
극부,克夫
극비,极秘
극빈,极贫
극빈자,极贫者
극빈층,极贫层
극사,克斯; 克死
극산,克山
극산병,克山病
극성,极盛; 克星; 极性
극성파,极盛派
극소,极小
극소수,极少数
극소치,极小值
극소화,极小化; 极少化
극수,棘手; 亟需
극심,极甚
극십미이,克什米尔
극십미이지구,克什米尔地区
극악,极恶
극약,剧药
극언,极言
극영화,剧映画
극와희열부사기,克瓦希涅夫斯基
극우,极右
극우파,极右派
극원,剧院
극위,极为
극의,极意
극이,克尔
극일,克日
극작,剧作
극작가,剧作家
극작술,剧作术
극장,剧场
극장가,剧场街
극장난,剧场难
극장용,剧场用
극장제,剧场制
극적,剧的
극점,极点
극정,剧情
극정류,剧情类
극제,克制
극조,剧组; 剧照
극족,克族
극종,剧种
극좌,极左
극중극,剧中剧
극중인,剧中人
극증,剧增
극지,极地; 极至; 戟指
극지방,极地方
극진,极尽
극초단파,极超短波
극치,极致
극통,剧痛
극판,极板
극품,极品
극한,极限
극한적,极限的
극협,剧协
극형,极刑; 极型
극호,极好
극화,剧化; 剧画; 极化
극활,克敌
극활제승,克敌制胜
근,根; 近; 仅; 跟; 勤; 斤; 谨; 筋; 芹; 瑾; 靳; 觐; 馑; 槿; 蕲; 堇; 哏; 卺; 廑; 觔; 菫; 蓳; 菦; 𬬱; 僅; 謹
근간,根干; 勤恳
근강,勤奋
근강호학,勤奋好学
근거,根据
근거리,近距离
근거지,根据地
근검,勤俭
근검건국,勤俭建国
근검절약,勤俭节约
근검지가,勤俭持家
근견,觐见
근경,近景; 根茎
근경류,根茎类
근계,根系
근고,勤苦
근골,筋骨; 跟骨
근공검학,勤工俭学
근공조학,勤工助学
근교,近郊; 近交
근교계,近交系
근근,仅仅; 勤勤; 近近; 根根
근근간간,勤勤恳恳
근근계교,斤斤计较
근근자자,勤勤孜孜
근기,根气; 近期; 根基; 谨记; 近畿
근기년,近几年
근년,近年
근년래,近年来
근능보졸,勤能补拙
근니,跟你
근대,近代
근대극,近代剧
근대사,近代史
근대성,近代性
근대식,近代式
근대인,近代人
근대적,近代的
근대주의적,近代主义的
근대화,近代化
근도,近道; 筋道
근독,跟读
근동,近洞; 近东
근두,跟头
근득상,跟得上
근래,近来
근량,斤两
근력,筋力
근로,勤劳; 近路
근로용감,勤劳勇敢
근로자,勤劳者
근로제,勤劳制
근로치부,勤劳致富
근류,根瘤
근류균,根瘤菌
근린,近隣; 近邻
근막,筋膜
근막통,筋膜痛
근만,近万
근망,跟网
근맥,筋脉
근면,勤勉; 根面
근면성,勤勉性
근모,根毛
근목록,根目录
근묘,根苗
근무,勤务
근무병,勤务兵
근무소,勤务所
근무원,勤务员
근무자,勤务者
근무조,勤务组
근무지,勤务地
근무처,勤务处
근묵자흑,近墨者黑
근문,近闻
근반,跟班
근방,近方; 谨防; 近旁
근백,近百
근백만,近百万
근백억,近百亿
근본,根本
근본상,根本上
근본성,根本性
근본적,根本的
근본주의,根本主义
근본주의적,根本主义的
근본책,根本策
근부상,跟不上
근붕,靳鹏
근비훼,跟屁虫
근사,近似; 近些
근사년,近些年
근사치,近似值; 近似値
근상,跟上
근상의,靳尚谊
근성,根性
근세,近世; 近岁
근세사,近世史
근소,仅少
근소세,勤所税
근소신미,谨小慎微
근속,勤续
근수,跟随; 根须; 谨守
근수루대,近水楼台
근수루대선득월,近水楼台先得月
근수자,跟随者
근시,近视
근시률,近视率
근시안,近视眼
근시안경,近视眼镜
근시안적,近视眼的
근식,根植
근신,谨慎; 谨愼; 近臣
근신성,谨慎性
근실,勤实
근심체고,根深蒂固
근심협무,根深叶茂
근십,近十
근십만,近十万
근아,跟我; 跟儿
근안,近岸
근억,近亿
근언신행,谨言慎行
근엄,谨严
근엄화,谨严化
근연,近缘
근연종,近缘种
근왕주의,勤王主义
근우,近于; 近忧
근우서,靳羽西
근원,根源
근원적,根源的
근월,近月
근위군,近卫军
근위축증,筋萎缩症
근유,根由
근육,筋肉
근육계,筋肉系
근육질,筋肉质
근육통,筋肉痛
근인,跟人; 近人; 近因
근일,近日
근일점,近一点
근자,近者; 根子
근작,近作
근잡,勤杂
근잡공,勤杂工
근재안전,近在眼前
근재지척,近在咫尺
근저,根底
근전,跟前; 近前; 近战
근절,根绝
근절안,根绝案
근절책,根绝策
근접,近接
근정,勤政; 近程
근정위민,勤政为民
근제,根除
근조,近照; 根雕
근종,跟踪; 跟从
근주자적,近朱者赤
근지구력,筋持久力
근지점,近地点
근진,跟进
근착,跟着
근착근착,跟着跟着
근채,芹菜
근처,近处
근천,近千
근천가,近千家
근천만,近千万
근천억,近千亿
근치,根治; 谨致
근치성,根治性
근친,近亲
근친상간적,近亲相奸的
근쾌,勤快
근투,筋斗; 跟斗
근풍자,跟风者
근피력진,筋疲力尽
근하신년,谨贺新年
근학,勤学
근학고련,勤学苦练
근해,近海
근현대,近现代
근호,近乎; 根号
근홍외,近红外
근황,近况
글,契; 讫
금,金; 今; 禁; 琴; 锦; 禽; 襟; 擒; 噤; 噙; 芩; 钤; 衾; 妗; 钅; 衿; 檎; 軡; 齽; 砛; 肣; 蠄; 鈙; 菳; 錦
금가,金家; 金哥
금갑,金甲
금강,金刚; 金刚; 锦江
금강구,锦江区
금강락원,锦江乐园
금강반점,锦江饭店
금강산,金刚山; 金刚山
금강석,金刚石; 金刚石
금강좌,金刚座; 金刚座
금강주점,锦江酒店
금강찬,金刚钻
금거,琴键
금건,金健
금검,金黔; 金剑
금견,锦绢
금경아,金景娥
금계,金鸡; 金桂; 锦鸡; 金溪
금계독립,金鸡独立
금계장,金鸡奖
금계지,金戒指
금계포란형,金鸡抱卵型; 金鸡抱卵型
금계현,金溪县
금고,禁锢; 金库; 金库
금곡,金曲
금공,金工
금과,琴科; 金瓜; 金戈; 金科
금과실업,金果实业
금과옥률,金科玉律
금과옥조,金科玉条; 金科玉条
금과철마,金戈铁马
금관,金冠; 金冠
금관장,金馆长
금광,金光; 金光; 金矿
금광찬란,金光灿烂
금교교,金巧巧
금교서,金桥瑞
금교수,金教授
금교점,金桥店
금구,禁区; 金口; 金龟; 金瓯
금구자,金龟子
금구장,金球奖
금국,金国
금군,禁军; 金军
금궁,禁宫
금권,金权; 金权
금궤요략,金匮要略
금귀,金贵
금귤,金橘
금금,金金
금기,禁忌; 锦旗
금기담,禁忌谈
금기덕,金基德
금기라,锦绮罗
금기범,金基范
금기서화,琴棋书画
금기시,禁忌视
금기증,禁忌症
금나,擒拿
금나격투,擒拿格斗
금남,禁男
금낭,锦囊
금낭묘계,锦囊妙计
금녀,禁女
금녀사,金女士
금년,今年
금년도,今年度
금년저,今年底
금년초,今年初
금단,禁断; 金丹; 禽蛋; 金坛; 锦缎
금단기,金丹期
금단시,金坛市
금당,金堂; 金堂
금당현,金堂县
금대,金代
금대룡,金大龙
금대중,金大中
금대협,金大侠
금덕,金德
금덕구락부,金德俱乐部
금덕대,金德队
금도,襟度; 琴岛; 金涛; 金都
금도금,金镀金; 金镀金
금독,禁毒
금독법,禁毒法
금동,金铜; 金铜; 金东; 金童
금동명춘,今冬明春
금동옥녀,金童玉女
금란,金兰
금란전,金銮殿
금란지계,金兰之契; 金兰之契
금려,金荔
금력,金力; 金力
금련,金莲
금련화,金莲花
금령,禁令; 金玲; 金翎
금로사,金老师
금로집단,金路集团
금뢰,金磊
금룡,金龙
금룡어,金龙鱼
금룡장,金龙奖
금류,禽类
금륜,锦纶
금릉,金陵
금릉만보,金陵晚报
금릉반점,金陵饭店
금릉성,金陵城
금릉중학,金陵中学
금리,金利; 金利
금리래,金利来
금립,金立
금립붕,金立鹏
금마,金马
금마장,金马奖
금만,今晚; 金湾
금매소,金霉素
금맥,金脉; 金脉
금명,金明
금명간,今明间
금모,金某; 金毛
금목수화토,金木水火土; 金木水火土
금무,金茂
금무대하,金茂大厦
금문,金门; 金文
금문도,金门岛
금문현,金门县
금물,禁物
금미림,金美林
금박,金箔; 金箔
금반,金盘
금반지,金半指; 金半指
금발,金发; 金发
금발벽안,金发碧眼
금방,今方; 金榜
금방금방,今方今方
금방제명,金榜题名
금배,金杯; 金杯
금번,今番
금벽,金碧
금벽휘황,金碧辉煌
금변,金边
금병,金兵; 锦屏
금병매,金瓶梅
금병현,锦屏县
금보,琴谱; 金宝
금본위,金本位
금봉,金凤
금부도사,禁府都事
금부여석,今不如昔
금부인,金夫人
금부주,禁不住
금부환,金不换
금분,金粉; 金盆
금붕,金鹏
금비석비,今非昔比
금사,金丝; 金丝; 金沙; 金狮; 金莎; 琴师; 禽舍; 金斯
금사강,金沙江
금사강로,金沙江路
금사돈,金斯顿; 金士顿
금사살,金沙萨
금사작,金丝雀
금사탄,金沙滩
금사현,金沙县
금사후,金丝猴
금산,金山
금산공사,金山公司
금산구,金山区
금산령,金山岭
금산사,金山寺
금삼각,金三角
금삼순,金三顺
금상,金相
금상군,金湘军
금상로,金尚路
금상소구,金尚小区
금상자,金嗓子
금상장,金像奖
금상첨화,锦上添花
금새,禁赛
금새기,禁赛期
금색,金色; 金色
금생,今生
금생금세,今生今世
금생사직창,锦生丝织厂
금서,禁书; 金瑞; 琴书
금석,金石; 今昔
금석맹약,金石盟约; 金石盟约
금석문,金石文; 金石文
금석지감,今昔之感
금석지교,金石之交; 金石之交
금석하석,今夕何夕
금석학,金石学; 金石学
금선,金仙
금선생,金先生
금선탈각,金蝉脱壳
금섬섬,金闪闪
금성,金星; 金星; 金城; 噤声; 金成
금성옥진,金声玉振; 金声玉振
금성탕지,金城汤池; 金城汤池
금세,今世; 金税; 金世
금세기,今世纪
금세기인,今世纪人
금소,今宵
금소연,金素妍
금소저,金小姐
금속,金属; 金属
금속기,金属器; 金属器
금속류,金属类
금속사,金属丝
금속성,金属声; 金属声
금속판,金属板; 金属板
금속형,金属型
금속화,金属化
금송,金松
금송령,禁松领
금수,禁输; 锦绣; 禽兽; 金水; 金秀; 金穗
금수강산,锦绣江山
금수교,金水桥
금수구,金水区
금수로,金水路
금수부여,禽兽不如
금수전정,锦绣前程
금수하산,锦绣河山
금순,金盾
금슬,琴瑟
금슬지락,琴瑟之乐; 琴瑟之樂
금시,今时
금시계,金时计; 金时计
금시초문,今始初闻; 今时初闻
금식,禁食; 金饰
금신,金身; 金信
금신로,金新路
금실,琴瑟
금심수구,锦心绣口
금씨,金氏
금아,今儿; 金牙
금아개,今儿个
금악림,金岳霖
금안,金安
금액,金额; 金额
금야,今夜
금약시,金钥匙
금약한선,噤若寒蝉
금양,金阳
금어,禁语; 金鱼; 禁渔
금어기,禁渔期
금언,金言; 金言
금업,金业
금역,金易
금연,禁烟
금연법,禁烟法
금영남,金永南
금영삼,金泳三
금오,金乌
금오옥토,金乌玉兔; 金乌玉兎
금옥,金玉; 金屋
금옥군자,金玉君子; 金玉君子
금옥량언,金玉良言
금옥만당,金玉满堂; 金玉满堂
금옥장교,金屋藏娇
금올술,金兀术
금완,金碗
금왕,金王
금요일,金曜日; 金曜日
금요환,金曜焕
금욕,禁欲
금욕적,禁欲的
금욕주의,禁欲主义
금용,金庸; 禁用; 金蓉
금우,金宇
금우구,金牛区
금우문,金牛们
금우좌,金牛座
금우중,金宇中
금우집단,金宇集团
금우차성,金宇车城
금운,禁运
금운희,金云熙
금웅장,金熊奖
금원,金元; 金源
금원권,金圆券
금원보,金元宝
금월,金越; 金月
금위,金威; 禁卫
금위군,禁卫军
금유,金维
금육송,金育松
금융,金融; 金融
금융가,金融街; 金融家; 金融街
금융경제,金融经济
금융계,金融界; 金融界
금융공구,金融工具
금융과두,金融寡头
금융국장,金融局长; 金融局长
금융권,金融圈; 金融圈
금융기,金融机
금융류,金融类
금융사,金融社; 金融社; 金融司
금융상품,金融商品
금융성,金融城; 金融性
금융시장,金融市场
금융업,金融业; 金融业
금융업계,金融业界; 金融业界
금융인,金融人; 金融人
금융자산,金融资产
금융적,金融的; 金融的
금융조임,金融租赁
금융중심,金融中心
금융채권,金融债券
금융학,金融学
금은,金银; 金恩
금은기,金银器
금은동,金银铜
금은방,金银房; 金银房
금은수식,金银首饰
금은재보,金银财宝
금은화,金银花; 金银华
금응,金鹰
금응장,金鹰奖
금의,锦衣; 金义
금의야행,锦衣夜行
금의옥식,锦衣玉食
금의위,锦衣卫
금의환향,锦衣还鄕
금인,今人
금인경,金人庆
금인중,金仁重
금일,今日; 金逸; 琴日; 金一; 金日
금일봉,金一封; 金一封
금일성,金日成
금자,金子
금자초패,金字招牌
금자탑,金字塔; 金字塔
금자탑식,金字塔式
금자탑형,金字塔型
금잔화,金盏花
금잡,金币; 金卡
금장,金装; 金装; 金奖
금장군,金将军
금적선금왕,擒贼先擒王
금전,锦典; 金钱; 金钱; 金田; 金殿
금전만능,金钱万能; 金钱万能
금전적,金钱的; 金钱的
금전초,金钱草
금전표,金钱豹
금절,禁绝
금점,金店
금정,金鼎; 金正; 金晶
금정은,金正恩
금정일,金正日
금정헌,金鼎轩
금정훈,金正勋
금제,禁制
금조,今朝; 金条
금조유주금조취,今朝有酒今朝醉
금족,禁足
금종,金钟
금종려장,金棕榈奖
금종운,金钟云
금종장,金钟奖
금종조,金钟罩
금종현,金钟铉
금주,今周; 锦州; 金珠; 金柱; 金酒
금주구,金州区
금주시,锦州市
금주주의,金主主义; 金主主义
금주항,锦州港
금준수,金俊秀
금지,禁止; 禁地
금지곡,禁止曲
금지국,金志国
금지당,禁止当
금지령,禁止令
금지류,禁止类
금지법,禁止法
금지성,禁止性
금지안,禁止案
금지양,金志扬
금지옥엽,金枝玉叶; 金枝玉叶
금지옥협,金枝玉叶
금지흡연,禁止吸烟
금진,金珍
금질,金质
금찬송,金灿荣
금찬찬,金灿灿
금창,金昶; 金昌
금창마이대하,金昌摩尔大厦
금창어,金枪鱼
금채,金寨
금채로,金寨路
금채현,金寨县
금천,今天; 金川
금청한,金清寒
금체,金达
금총,金总
금추,金秋
금치산자,禁治产者
금침,金针
금침고,金针菇
금탑,金塔
금탕,金汤
금태,金泰
금태연,金泰妍
금태희,金泰熙
금통,金通
금퇴성,金堆城
금파,金波
금패,金牌; 金牌
금평,金平; 金萍
금평구,金平区
금폐,禁闭
금포,金蒲
금표,锦标; 金表
금표비,禁标碑
금표새,锦标赛
금품,金品; 金品
금풍,金丰; 金风
금풍역거,金丰易居
금피,金皮
금필,金笔
금하나,金荷娜
금한사,金汉斯
금항련,金项链
금해,金海
금행,金行
금향,金乡
금현중,金贤重
금협,金叶
금협자,金叶子
금형,金型; 金型; 金亨
금호,金湖; 金琥
금혼,金婚
금홍,金红
금홍석,金红石
금화,金华; 金靴
금화시,金华市
금화장,金靴奖
금화화퇴,金华火腿
금확,擒获
금환,金环
금황,金黄
금황색,金黄色
금회,襟怀
금후,今后; 金猴
금훈화,金训华
금휘,金辉
금흘,禁吃
금흠,金鑫
금흠기지,金鑫基地
금희,金希
금희덕,金熙德
금희선,金喜善
금희애,金熙爱
급,给; 及; 级; 急; 圾; 汲; 笈; 岌; 芨; 礘; 給; 級
급가,给假
급강하,急降下
급거,急遽
급건,急件
급격,急激; 及格
급격률,及格率
급경사,急倾斜
급공근리,急功近利
급괴료,急坏了
급구,急救
급구상,急救箱
급구차,急救车
급극,急剧
급극상승,急剧上升
급급,汲汲; 急急
급급가위,岌岌可危
급급망망,急急忙忙
급기,及其
급기야,及其也
급기직추,急起直追
급난,急难
급난지풍,急难之风
급니,给你
급등,急腾
급등세,急腾势
급락,急落
급련,级联
급료,给料
급류,急流
급류용퇴,急流勇退
급만,急弯
급망,急忙
급매물,急卖物
급면자,给面子
급모,急募
급무,急务
급박,急迫
급반등,急反腾
급반등세,急反腾势
급배수,给排水
급변,急变
급별,级别
급병,急病
급보,急步
급복증,急腹症
급부,给付
급부가내,急不可耐
급부가대,急不可待
급부상,急浮上
급사,急死; 给仕; 急事
급사면,急斜面
급상승,急上升
급선,急先
급선무,急先务
급선봉,急先锋
급선회,急旋回
급성,急性
급성괴사성,急性坏死性
급성병,急性病
급성자,急性子
급성장,急成长
급성화농성,急性化脓性
급소,急所
급속,急速
급속도,急速度
급수,级数; 给水; 急需; 汲水
급습,急袭
급시,及时
급시성,及时性
급시우,及时雨
급시행락,及时行乐
급식,给食
급신장,急伸张
급아,给我
급안,急眼
급양,给养
급여,给与; 给予
급여지지,给予支持
급용,急用
급우,级友; 急于; 及于
급우구성,急于求成
급위,给位
급유,给油
급이,给以
급전,急钱; 急转; 急电
급전만,急转弯
급전직하,急转直下
급절,急切
급정거,急停车; 急停車
급제,及第
급제동,急制动
급조,急造; 及早; 急躁
급중생지,急中生智
급증,急增; 急症
급증가,急增加
급지,级地; 及至; 急智
급진,急进; 急诊
급진실,急诊室
급진적,急进的
급진전,急进展
급진주의,急进主义
급진주의자,急进主义者
급차,级差
급차지조,级差地租
급찰차,急刹车
급체,急滞
급촉,急促
급총총,急匆匆
급취,汲取; 急骤
급치,急驰
급타,给他
급탕비,急汤费
급파,急派
급팽창,急膨胀
급팽창론,急膨胀论
급풍폭우,急风暴雨
급행군,急行军
급행열차,急行列车
급회전,急回转
긍,肯; 兢; 矜; 亘; 矝; 肻; 縆; 殑
긍구,兢惧
긍귀,矜贵
긍긍업업,兢兢业业
긍니,肯尼
긍니아,肯尼亚
긍니아항공공사,肯尼亚航空公司
긍니적,肯尼迪
긍니적기장,肯尼迪机场
긍니적항천중심,肯尼迪航天中心
긍덕기,肯德基
긍덕기찬청,肯德基餐厅
긍부긍,肯不肯
긍양,肯扬
긍정,肯定
긍정론,肯定论
긍정적,肯定的
긍지,矜持
긍탑기,肯塔基
긍탑기주,肯塔基州
긍특,肯特
긍특군,肯特郡
기,起; 其; 机; 己; 几; 气; 期; 基; 记; 技; 器; 企; 奇; 纪; 既; 弃; 汽; 骑; 旗; 寄; 欺; 岂; 忌; 肌; 歧; 棋; 玑; 饥; 乞; 祈; 冀; 崎; 妓; 鳍; 讥; 嗜; 琪; 畸; 叽; 矶; 琦; 羁; 伎; 祁; 祺; 绮; 暨; 衹; 耆; 沂; 杞; 骥; 岐; 淇; 夔; 箕; 畿; 庋; 芪; 觊; 麒; 圻; 颀; 祇; 枳; 芰; 蕲; 綦; 亓; 虮; 芑; 欹; 锜; 桤; 跽; 骐; 萁; 忮; 碁; 蜞; 鱾; 穊; 剞; 𬺈; 踦; 鲯; 掎; 跂; 諆; 羇; 鄿; 禥; 臮; 屺; 鬐; 觭; 鬿; 簯; 鐖; 蚑; 竒; 鞿; 鵋; 稘; 粸; 覊; 邔; 螧; 禨; 氣; 機; 記; 幾; 棄; 紀; 攰; 玘; 気; 騎; 埼; 綺; 豈; 嘰; 丌
기가,起家; 起价; 岂可; 起驾
기각,弃却; 起脚
기간,其间; 基干; 期间; 期刊; 旗杆
기간민병,基干民兵
기간병,基干兵
기간산업,基干产业
기간산업체,基干产业体
기갈,饥渴
기감,岂敢; 肌苷
기감부문,技监部门
기감성,嗜碱性
기강,纪纲; 起降; 綦江; 基冈
기강현,綦江县
기개,气概; 几个; 技改; 气槪; 起开
기개득승,旗开得胜
기갱,基坑
기거,寄居; 起居
기거실,起居室
기건,基建; 器件; 肌腱; 机件
기건인,寄件人
기검,纪检
기검조,纪检组
기겁,气怯
기격,技击
기견,绮绢; 起见; 己见; 歧见
기결,奇缺; 气结
기경,几经; 起劲; 机警; 奇景; 机耕; 起更
기계,器械; 机械
기계공정,机械工程
기계공정계,机械工程系
기계과,机械科
기계관,机械观
기계능,机械能
기계론,机械论
기계론적,机械论的
기계류,机械类
기계성,机械性
기계수,机械手
기계식,机械式
기계어,机械语
기계인,机械人
기계적,机械的
기계주의,机械主义
기계창,机械厂
기계화,机械化
기고,奇古; 寄稿; 期考; 旗鼓; 机考
기고가,寄稿家
기고고,气鼓鼓
기고만장,气高万丈
기고상당,旗鼓相当
기고일주,技高一筹
기골,气骨
기골장대,气骨壮大
기공,技工; 起工; 气功; 气孔; 奇功; 机工; 记功; 记工
기공무,技工贸
기공물,技工物
기공식,起工式
기공위,纪工委
기과,记过
기관,器官; 机关; 汽罐; 气管; 奇观
기관부,机关部
기관부원,机关部员
기관사,机关士
기관실,机关室
기관염,气管炎
기관원,机关员
기관장,机关长
기관지,机关志; 机关纸; 气管支
기관지염,气管支炎
기관차,机关车
기관총,机关铳
기관화,机关化
기괘,记挂
기괴,奇怪
기괴망측,奇怪罔测
기굉,祁宏
기교,技巧; 技校; 奇巧; 机巧
기교성,技巧性
기교적,技巧的
기교주의,技巧主义
기교파,技巧派
기구,器具; 崎岖; 机构; 祈求; 气球; 机具; 记仇; 忌口; 企求
기구부평,崎岖不平
기구업,器具业
기구업자,器具业者
기구화,机构化
기국,棋局
기군,机群
기군망상,欺君罔上
기권,弃权; 气圈
기궤,机柜; 奇诡
기극,气隙; 奇克
기근,饥馑; 几近
기근막,肌筋膜
기금,基金; 寄金; 基金; 寄金
기금공사,基金公司
기금관리공사,基金管理公司
기금관리유한공사,基金管理有限公司
기금기금,基金基金
기금문,基金们
기금법,基金法
기금시,基金市
기금시장,基金市场
기금업,基金业
기금위,基金委
기금인,基金因
기금중창,基金重仓
기금중창고,基金重仓股
기금회,基金会
기금흥업,基金兴业
기급,企及; 气急
기급패괴,气急败坏
기긍,岂肯
기기,机器; 记起; 叽叽; 基期; 奇奇; 期冀
기기괴괴,奇奇怪怪
기기묘묘,奇奇妙妙
기기번역,机器翻译
기기사사,叽叽喳喳
기기설비,机器设备
기기애애,期期艾艾
기기인,机器人
기낙,基诺; 奇诺
기낙족,基诺族
기남,冀南; 沂南
기남대학,暨南大学
기남대학의학원,暨南大学医学院
기낭,气囊
기내,机内; 其内
기내식,机内食
기내아,几内亚
기내아비소,几内亚比绍
기녀,妓女
기녀문,妓女们
기년,纪年
기년래,几年来
기년전,祈年殿
기념,记念; 纪念
기념관,记念馆; 纪念馆
기념당,纪念堂
기념림,纪念林
기념물,记念物
기념봉,纪念封
기념비,记念碑; 纪念碑
기념비적,记念碑的
기념사,记念辞
기념사업,记念事业
기념사업회,记念事业会
기념사진,记念写真
기념성,纪念性
기념식,记念式
기념식장,记念式场
기념엽서,记念叶书
기념일,记念日; 纪念日
기념잡,纪念币
기념장,纪念章; 纪念奖
기념조,纪念照
기념주화,记念铸货
기념책,纪念册
기념탑,记念塔; 纪念塔
기념품,记念品; 纪念品
기념품점,纪念品店
기념행사,记念行事
기념호,记念号
기념회,记念会
기뇌,气馁; 气恼
기능,技能; 机能; 岂能
기능공,技能工
기능사,技能士
기능성,机能性
기능신,机能神
기능인,机能人
기능적,机能的
기능주의,机能主义
기능주의적,机能主义的
기능직,技能职
기능형,技能型
기니,基尼
기니사,基尼斯
기다,几多; 基多
기단,基坛; 气短; 基团; 棋坛; 气团
기단부,基坛部
기담,奇谈
기담괴론,奇谈怪论
기담괴설,奇谈怪说
기대,期待; 基带; 奇台
기대감,期待感
기대과,记大过
기대주,期待株
기대치,期待值; 期待値
기대현,奇台县
기덕,基德
기도,企图; 气道; 祈祷; 起到; 几度; 气度; 起跳; 歧途; 奇道
기도문,祈祷文
기도원,祈祷院
기도회,祈祷会
기독,基督
기독교,基督教
기독교과학잠언보,基督教科学箴言报
기독교도,基督教徒
기독교식,基督教式
기독교인,基督教人
기독교적,基督教的
기독교회,基督教会
기독도,基督徒
기동,机动; 起动; 气动; 冀东
기동남보,冀东南堡
기동대,机动队
기동력,机动力
기동성,机动性
기동차,机动车
기두,起头
기두상,气头上
기득,记得
기득권,既得权
기득권자,既得权者
기득권적,既得权的
기득권층,既得权层
기득리익,既得利益
기득리익자,既得利益者
기등규,纪登奎
기라,绮罗
기라성,绮罗星
기락,起落; 器乐
기락가,起落架
기락무궁,其乐无穷
기락융융,其乐融融
기랍,基拉
기랑,气浪
기래,起来; 寄来
기래지,既来之
기랭,气冷
기량,器量; 技俩; 气量; 伎俩
기려,绮丽
기력,气力
기련,汽联; 祁连
기련산,祁连山
기련해,纪连海
기령,机灵; 纪灵
기령귀,机灵鬼
기로,岐路; 歧路; 棋路
기로예,冀鲁豫
기록,记录; 纪录
기록기,记录器
기록물,记录物
기록부,记录簿
기록실,记录室
기록원,记录员
기록의,记录仪
기록자,记录者
기록적,记录的
기록편,纪录片; 记录片
기록화,记录画
기론,气论
기뢰,记牢
기루,骑楼
기류,气流; 肌瘤
기륜,汽轮
기륜기,汽轮机
기률,纪律; 几率; 机率
기률검사,纪律检查
기률성,纪律性
기륭,基隆
기륭시,基隆市
기릉,欺凌
기리,机理; 肌理
기리고랍,叽里呱啦
기리고로,叽里咕噜; 叽哩咕噜
기리단금,其利断金
기리련과,基里连科
기린,麒麟
기린아,麒麟儿
기립,起立
기마,骑马; 起码
기마전,骑马战
기막,基膜; 肌膜
기만,几万; 欺瞒; 期满
기만적,欺瞒的
기만책,欺瞒策
기말,期末
기망,期望; 寄望; 企望; 祈望; 起网; 纪纲
기망치,期望值
기매,寄卖
기명,器皿; 起名; 记名
기모,机谋; 欺侮; 起毛; 奇谋; 纪某
기모부양,其貌不扬
기모비계,奇谋秘计
기몽,沂蒙
기몽산,沂蒙山
기묘,奇妙; 己卯; 起锚
기무,机务; 起舞; 气雾
기무단,机务段
기무력,肌无力
기무사,机务司
기문,气门; 奇闻; 祁门
기문기문기문기문기문,奇文奇文奇文奇文奇文
기문둔갑,奇门遁甲
기물,器物
기미,几微; 气味; 棋迷; 己未
기미상합,气味相合
기민,机敏; 饥民; 气闷
기민가,纪敏佳
기밀,机密; 气密
기밀문서,机密文书
기밀성,气密性
기박기,起搏器
기박회,汽博会
기반,基盘; 期盼; 棋盘; 企盼; 羁绊; 祈盼
기반암,基盘岩
기발,奇拔
기방,妓房; 机房; 己方; 寄放
기백,几百; 气魄
기백륜,纪伯伦
기백만,几百万
기백억,几百亿
기벌,气阀
기범선,机帆船
기법,技法
기법적,技法的
기벽,奇癖
기변,畸变; 机变
기변률,畸变率
기별,奇别
기병,起兵; 骑兵; 奇兵; 肌病
기병문,骑兵们
기보,起步; 基辅; 棋谱
기보성,纪宝成
기복,忌服; 祈福; 起伏; 气腹
기복량,起伏量
기복부정,起伏不定
기복성,祈福性
기본,基本
기본공,基本功
기본권,基本权
기본급,基本给
기본기,基本技
기본내용,基本内容
기본로선,基本路线
기본료,基本料
기본립자,基本粒子
기본법,基本法
기본상,基本上
기본선,基本线
기본예절,基本礼节; 基本禮节
기본요금,基本料金; 基本料金
기본원리,基本原理
기본적,基本的
기본형,基本形; 基本型
기봉,奇峰; 机锋
기봉대수,棋逢对手
기부,寄附; 肌肤; 欺负; 岂不; 岐阜
기부가실,机不可失
기부과,气不过
기부금,寄附金; 寄附金
기부득,记不得
기부청,记不清
기부택식,饥不择食
기분,气分; 气氛; 气体; 几分; 机体; 气愤; 记分; 肌体; 气忿
기분원,记分员
기불,基弗
기비,起飞; 岂非; 基肥; 机费
기빈,基频
기빙,气泵
기사,技士; 技师; 棋士; 记事; 骑士; 欺诈; 气死; 纪事; 起事; 奇事; 骑射; 机师; 己巳; 骑师; 肌丝
기사구,祈使句
기사문,骑士们
기사본,记事本
기사성,欺诈性
기사업,企事业
기사업단위,企事业单位
기사화,记事化
기사회생,起死回生
기산,肌酸; 起算; 岐山
기산성,嗜酸性
기산일,起算日
기산점,起算点
기삿,记事
기상,气像; 气象; 起床; 机床; 奇想; 气相
기상국,气象局
기상대,气象台
기상도,气象图
기상만천,气象万千
기상만하,欺上瞒下
기상위성,气象卫星
기상천외,奇想天外
기상청,气象厅
기상학,气象学
기상학가,气象学家
기새,棋赛
기색,气色; 起色; 基色
기색혼절,气塞昏绝; 气塞昏绝
기생,妓生; 寄生; 期生
기생적,寄生的
기생충,寄生虫
기생충적,寄生虫的
기생훼,寄生虫
기서,记叙; 起誓
기서공사,奇瑞公司
기서교차,奇瑞轿车
기서문,记叙文
기석,基石
기선,机先; 汽船; 起先; 基线; 气旋; 其先
기선생,纪先生
기설과,机设科
기섬유,肌纤维
기성,奇声; 既成; 记性; 气盛; 棋圣; 气性
기성사실,既成事实
기성세대,既成世代
기성암,基性岩
기성품,既成品
기세,气势
기세도명,欺世盗名
기세등등,气势腾腾
기세양난,其势两难; 其势兩难
기세포,肌细胞
기소,起诉; 机关; 讥笑
기소보,机关报
기소산진,机关算尽
기소서,起诉书
기소장,起诉状; 起诉狀
기소창,机关枪
기소포,机关炮
기속,羁束
기수,旗手; 机首; 棋手; 基数; 汽水; 汽修; 奇数; 机修; 骑手; 气数; 寄售; 沂水
기수문,棋手们
기숙,寄宿
기숙사,寄宿舍
기숙생,寄宿生
기술,技术; 记述; 骑术
기술계,技术界
기술공,技术工
기술과,技术科
기술과학,技术科学
기술력,技术力
기술류,技术类
기술서,技术书
기술성,技术性
기술원,技术员
기술인원,技术人员
기술자,技术者
기술적,技术的; 记述的
기술주의,技术主义
기술지,记述志
기술직,技术职
기술진,技术阵
기술파,技术派
기술형,技术型
기술화,技术化
기습,奇袭
기습당,奇袭当
기습용,奇袭用
기습적,奇袭的
기승,气胜; 气升
기승전결,起承转结
기승전합,起承转合
기시,既是; 歧视; 几时; 起始; 岂是; 期市; 记时; 基施
기시성,歧视性
기시일,起始日
기식,寄食; 气息; 忌食
기식엄엄,气息奄奄
기신,气神; 机身; 起身; 寄信; 起薪; 纪信
기신격,基辛格
기신수,纪晨修
기실,其实; 纪实; 记实
기실성,纪实性
기심,机芯
기십,几十
기십내이,基什内尔
기십만,几十万
기십억,几十亿
기아,饥饿; 企鹅; 气儿; 弃儿
기아국,饥饿国
기아선상,饥饿线上
기아종,基亚种
기아차대,基亚车队
기악과,器乐科; 器樂科
기안,几案
기암,基岩
기암괴석,奇岩怪石
기암절벽,奇岩绝壁
기암투명,弃暗投明
기압,气压; 羁押; 欺压
기압군방,技压群芳
기앙앙,气昂昂
기야,起夜
기약,期约
기양,寄养; 祁阳; 技痒
기어,期于; 寄语; 旗语
기억,记忆; 几亿
기억력,记忆力
기억법,记忆法
기억유신,记忆犹新
기언연,纪嫣然
기업,企业; 基业
기업가,企业家
기업가문,企业家们
기업계,企业界
기업군,企业群
기업급,企业级
기업명,企业名
기업문,企业们
기업발행,企业发行
기업법,企业法
기업법인,企业法人
기업소,企业所
기업인,企业人
기업자,企业者
기업적,企业的
기업주,企业主
기업집단,企业集团
기업채권,企业债券
기업체,企业体
기업화,企业化
기여,寄与; 其余; 寄予
기여보비,寄与补裨
기연,既然; 旣然; 机缘; 奇缘
기연령,纪燕玲
기연여차,既然如此
기연파경,欺软怕硬
기염,气焰
기염만장,气焰万丈
기염효장,气焰嚣张
기예,技艺; 棋艺
기옥민,祁玉民
기온,气温
기온차,气温差
기왕,既往; 棋王
기왕부구,既往不咎
기왕새,棋王赛
기외,其外
기요,纪要; 机要; 记要
기요비,机要费
기욕,欺辱
기용,起用
기용효,气溶胶
기우,基于; 杞忧; 机遇; 奇遇; 奇偶; 寄寓; 棋友
기우기,机遇期
기우제,祈雨祭
기우헌앙,气宇轩昂
기욱,气郁
기운,气运; 气韵; 机运; 起运
기운효,纪云晓
기원,棋院; 祈愿; 纪元; 起源; 妓院; 沂源
기원론,起源论
기원설,起源说
기원우,起源于
기원전,纪元前
기원현,沂源县
기원후,纪元后
기위,纪委
기위축,肌萎缩
기유,汽油; 既有; 机油; 觊觎; 岂有; 己酉
기유기,汽油机
기유문,机油们
기유비,汽油费
기유차리,岂有此理
기유탄,汽油弹
기육,肌肉
기윤,纪昀
기율,纪律; 纪律
기은,企稳; 基恩
기의,起义; 歧义; 起疑; 起意; 机宜
기의군,起义军
기의심,起疑心
기의자,起义者
기이,奇异; 其二; 既而; 基尔; 歧异
기이고극,基尔库克
기이적,奇异的
기익,机翼
기인,其人; 奇人; 起因; 基因; 气人; 旗人
기인고,基因库
기인공정,基因工程
기인리하,寄人篱下
기인변이,基因变异
기인분형,基因分型
기인역,其人役
기인우천,杞人忧天
기인전,其人田
기인제,其人制
기인조,基因组
기인지우,杞人之忧
기인취물,欺人取物
기인태심,欺人太甚
기인형,基因型
기일,忌日; 期日; 其一
기일원론,气一元论
기임,己任
기입,记入
기입장,记入帐
기자,记者; 棋子; 机子; 旗子; 纪子; 起子; 讥刺
기자감식,饥者甘食
기자단,记者团
기자문,记者们
기자상,记者赏
기자실,记者室
기자재,机资材
기자정,记者证
기자직,记者职
기자초대회,记者招待会
기작용,起作用
기장,期长; 机长; 机场; 记账; 颀长; 气藏; 骑墙
기장로,机场路
기장록록,饥肠辘辘
기장산하,气壮山河
기장식,记账式
기장이복,奇装异服
기장지무,既张之舞
기재,记载; 器材; 奇才; 纪才
기재창,器材厂
기저,基底
기저막,基底膜
기저면,基底面
기저부,基底部
기저적,基底的
기저층,基底层
기적,奇迹; 汽笛
기적반,奇迹般
기적적,奇迹的
기전,绮典; 机电; 气田; 寄钱; 起电
기전도,肌电图
기전부장,起电部长
기전체,纪传体
기절,气绝; 气节; 奇绝
기절초풍,气绝-风; 气绝­风
기점,几点; 起点; 基点; 气垫
기점선,气垫船
기정,既定; 起程; 机井; 寄情; 气井; 汽艇
기정사실,既定事实
기정사실화,既定事实化
기정신한,气定神闲
기정정책,既定政策
기정합,机顶盒
기제,机制; 气提
기제성,机制性
기제지,机制纸
기제화,机制化
기조,基调; 机组; 起吊; 气粗; 讥嘲
기조모흑,起早摸黑
기조실장,基调室长
기조연설,基调演说
기조직,肌组织
기조탐흑,起早贪黑
기존,既存; 寄存
기존기,寄存器
기종,机种
기좌,基座; 机座
기주,记住; 肌注; 冀州; 寄主; 嗜酒; 寄住; 夔州; 纪珠
기주여명,嗜酒如命
기준,基准
기준계,基准系
기준면,基准面
기준선,基准线
기준점,基准点
기준치,基准值; 基准値
기중,其中; 期中; 器重; 起重; 冀中
기중기,起重机
기중력,起重力
기중지일,其中之一
기증,寄赠; 几曾
기증자,寄赠者
기지,基地; 机智; 岂止; 起止; 基址; 岂只
기지가석,弃之可惜
기지국,基地局
기지조직,基地组织
기지촌,基地村
기지화,基地化
기진,气尽
기진맥진,气尽脉尽
기진이보,奇珍异宝
기진장,寄进状; 寄进狀
기질,基质; 气质
기질성,气质性
기질적,气质的
기질층,基质层
기차,汽车; 其次; 机车
기차간,汽车间
기차계,汽车界
기차대,汽车队
기차려관,汽车旅馆
기차류,汽车类
기차산업,汽车产业
기차삼번,几次三番
기차상,汽车商
기차업,汽车业
기차업계,汽车业界
기차역,汽车驿
기착,记错
기착지,寄着地
기찰,讥察
기참,基站; 起站
기찻,汽车
기창,机枪; 机舱; 气枪; 气窗
기처,其妻
기천,几千; 几天; 气喘
기천만,几千万
기천억,几千亿
기천우우,气喘吁吁
기체,机体; 气体; 气滞; 寄达
기초,基础; 起草; 起初; 讥诮
기초과,基础课
기초과학,基础科学
기초반,基础班
기초성,基础性
기초식품,基础食品
기초자,起草者
기초적,基础的
기초화장,基础化粧
기촉,气促
기총,机铳
기추,己丑
기축,基轴; 机轴
기충충,气冲冲
기취,记取; 奇趣
기층,基层; 肌层; 气层
기층문화,基层文化
기층사,基层社
기층조직,基层组织
기치,旗帜; 弃置
기치대욕,奇耻大辱
기치선명,旗帜鲜明
기타,其他; 其它; 起打
기타류,其他类; 其它类
기타장,其他奖
기탁,寄托
기탁금,寄托金; 寄托金
기탄,忌惮
기탄산하,气吞山河
기태,气态; 基态
기태류,畸胎瘤
기통,气筒; 肌痛
기투,忌妒
기특,奇特
기파,奇葩; 气派; 基波
기판,基板
기편,欺骗; 基片
기편성,欺骗性
기포,气泡; 旗袍; 起跑; 起泡; 汽包
기포선,起跑线
기포화,气泡化
기폭,起爆
기폭제,起爆剂
기표,机票; 期票; 气表
기표소,记票所
기품,气品; 气禀
기풍,气风; 讥讽; 起风; 棋风
기풍제,祈豊祭
기피,忌避
기피성,忌避性
기피증,忌避症
기필,期必; 起笔
기하,几何; 记下; 沂河
기하급수,几何级数
기하급수적,几何级数的
기하분,几何体
기하학,几何学
기하학적,几何学的
기학,气学
기한,期限; 记恨; 饥寒; 忌恨; 气焊
기한교박,饥寒交迫
기한부,期限附
기함,旗舰
기함급,旗舰级
기함형,旗舰型
기합,气合
기항,寄港; 起航; 气缸; 汽缸
기항지,寄港地
기해,气海; 己亥; 汽海
기핵,气势
기핵방박,气势磅礴
기핵흉흉,气势汹汹
기행,奇行; 纪行; 起行
기행문,纪行文
기행패시,欺行霸市
기허,气虚; 几许; 期许
기현,祁县; 杞县
기현상,奇现象
기혈,气穴; 气血; 嗜血
기협,记协
기형,畸形; 机型
기형괴상,奇形怪状
기형률,畸形率
기형아,畸形儿
기형적,奇形的
기형형,气哼哼
기형화,畸形化
기호,几乎; 嗜好; 记号; 旗号
기호공사,奇虎公司
기호난하,骑虎难下
기호론적,记号论的
기호물,嗜好物
기호성,记号性
기호지세,骑虎之势
기호품,嗜好品
기호학,记号学
기호학적,记号学的
기호학파,畿湖学派
기호호,气呼呼
기호화,记号化
기혼,既婚
기혼자,既婚者
기홍,起哄
기화,奇货; 气化; 期货; 起火; 气话; 汽化; 机化; 起花
기화가거,奇货可居
기화기,期货期
기화매,歧化酶
기화시장,期货市场
기화신령,气化神灵
기화업,期货业
기화이초,奇花异草
기화점,起火点
기화지신,气化之神
기확,起获
기환,奇幻
기황,饥荒
기회,机会
기회균등,机会均等
기회주의,机会主义
기회주의자,机会主义者
기회주의적,机会主义的
기획,企划
기획과,企划课
기획국,企划局
기획국장,企划局长
기획단,企划团
기획력,企划力
기획사,企划社
기획서,企划书
기획실,企划室
기획실장,企划室长
기획원,企划院
기획자,企划者
기효,奇效
기효람,纪晓岚
기후,气候; 其后; 棋后
기후구,气候区
기후적,气候的
기후학,气候学
기후학자,气候学者
기휘,忌讳
기흉,气胸
기흘,起讫
기희,己烯
긴,紧; 菣; 緊
긴간만간,紧赶慢赶
긴결,紧缺
긴고주,紧箍咒
긴근,紧跟
긴급,紧急
긴급소두,紧急关头
긴급회의,紧急会议
긴긴,紧紧
긴라밀고,紧锣密鼓
긴린,紧邻
긴밀,紧密
긴밀감,紧密感
긴밀형,紧密型
긴밀화,紧密化
긴박,紧迫
긴박감,紧迫感
긴박성,紧迫性
긴붕,紧绷
긴소,紧俏
긴수,紧随
긴신,紧身
긴신의,紧身衣
긴실,紧实
긴악,紧握
긴요,紧要
긴요성,紧要性
긴요소두,紧要关头
긴장,紧张
긴장감,紧张感
긴장미,紧张味
긴장성,紧张性
긴접,紧接
긴접착,紧接着
긴주,紧凑
긴주형,紧凑型
긴첩,紧贴
긴추부사,紧追不舍
긴축,紧缩; 紧蹙
긴축성,紧缩性
긴파파,紧巴巴
길,吉; 洁; 桔; 拮; 咭; 佶; 蛣; 鲒; 鞊; 趌
길거,拮据
길걸,吉杰
길격사,吉格斯
길견찬,吉坚赞
길경,桔梗; 吉庆
길괘,吉卦
길기,吉气
길길,吉吉
길나,吉娜
길낙비리,吉诺比利
길니사,吉尼斯
길니사세계,吉尼斯世界
길랍덕,吉拉德
길랍적낙,吉拉迪诺
길렬,吉列
길룡,吉龙; 吉龍
길륭파,吉隆坡
길리,吉利
길리기차,吉利汽车
길리대학,吉利大学
길리집단,吉利集团
길림,吉林
길림대,吉林队
길림대학,吉林大学
길림석화공사,吉林石化公司
길림성,吉林省
길림성위,吉林省委
길림시,吉林市
길림시공안국,吉林市公安局
길림통,吉林通
길림통강대,吉林通钢队
길마,吉马
길마량사,吉马良斯
길매내사,吉梅内斯
길모,吉姆
길미,吉米
길보,吉普
길보새,吉普赛
길보차,吉普车
길복,吉福
길복력,吉卜力
길복새인,吉卜赛人
길사,吉斯; 吉士
길상,吉相; 吉祥
길상물,吉祥物
길상사,吉祥纱
길상삼,吉祥三
길상여의,吉祥如意
길새이,吉赛尔
길성,吉星
길성고조,吉星高照
길수,吉首; 吉水
길수시,吉首市
길수현,吉水县
길시,吉时
길신붕,吉新鹏
길안,吉安
길안시,吉安市
길안지구,吉安地区
길안현,吉安县
길언,吉言
길오,吉奥
길오삼,吉奥森
길운,吉运
길은,吉恩
길이,吉尔
길이길사,吉尔吉斯
길이길사사탄,吉尔吉斯斯坦
길이백탁,吉尔伯托
길이백특,吉尔伯特
길인,吉人
길일,吉日
길전,吉田
길조,吉兆
길지,吉地
길지성,吉地性
길체,吉达
길타,吉他; 吉它
길포낙,吉布诺
길포삼,吉布森
길포제,吉布提
길현,吉县
길홍창,吉鸿昌
길화공사,吉化公司
길황색,桔黄色
길흉,吉凶
길흉사,吉凶事
길흉화복,吉凶祸福
김,金
김포공항,金浦空港
꽃향유,香유@
끗,㖝
끝,唜
끽,吃
끽긴,吃紧
끽연,吃烟
나,那; 罗; 拿; 哪; 娜; 逻; 奈; 裸; 挪; 懒; 螺; 喇; 萝; 懦; 傩; 糯; 癞; 镎; 稬; 蒘; 誽; 乸; 嗱
나가,那可
나개,哪个; 那个; 拿开; 挪开
나거,拿去
나견,罗绢
나곡,那曲
나곡지구,那曲地区
나과래,拿过来
나구자,那口子
나근,那根
나금,那金
나기,拿起
나기래,拿起来
나나,娜娜
나년,那年
나능,哪能; 那能
나다,那多
나대,拿大
나대장,拿大奖
나도,拿到; 那道
나도수,拿到手
나동,挪动
나득,那得
나득기방득하,拿得起放得下
나락,那落
나랍,娜拉
나랍씨,那拉氏
나랍제,那拉提
나랍제와,那拉提瓦
나래,拿来
나래주의,拿来主义
나리,哪里; 那里
나리득,那里得
나마,那么
나마사,那么些
나마점,那么点
나마점아,那么点儿
나말,罗末; 羅末
나문자,哪门子
나미,糯米
나반,那般; 哪般; 那班
나발,喇叭; 喇叭
나방,那方
나변,那边; 哪边
나병,癞病; 癩病
나본,那本
나부,懦夫
나부동,拿不动
나부륵사,那不勒斯
나부주,拿不住
나부출수,拿不出手
나사,哪些; 螺丝; 那些; 罗纱; 羅纱; 螺丝
나사개,那些个
나사체극,那斯达克
나선,螺旋
나선적,螺旋的
나선형,螺旋形
나수,拿手
나수호희,拿手好戏
나시,那时; 那是
나시쾌,那时快
나신,裸身; 裸身
나아,哪儿; 那儿
나약,懦弱
나양,那样; 哪样
나양자,那样子
나얼,哪儿
나열,罗列
나영,那英
나옥미,糯玉米
나왕,罗王
나용,挪用
나위,挪威; 哪位
나위대,挪威队
나유,哪有
나이,挪移
나인,拿人
나일,那日
나일장,那一场
나전,螺钿; 螺钿
나조가,那条街
나조로,那条路
나종,那种; 哪种
나주,拿走; 拿住
나주의,拿主意
나진,那阵
나차,那次; 哪次
나천,那天
나청,那青
나청년,那青年
나체,裸体
나체모,那达慕
나체화,裸体画
나출,拿出
나출래,拿出来
나취,那就
나취시설,那就是说
나침반,罗针盘; 羅针盘
나타,哪吒
나타뇨해,哪吒闹海
나탑려,娜塔丽
나탑리,娜塔莉
나탑사,娜塔莎
나태,懒怠; 懶怠
나태심,懒怠心; 懶怠心
나파,哪怕
나파륜,拿破仑
나파리,那波利
나팔,喇叭
나팔관,喇叭管; 喇叭管
나팔수,喇叭手
나편,那片
나환용설,那还用说
나회,拿回; 哪会
나회아,那会儿
나흑,那黑
나희,傩戏
낙,落; 乐; 诺; 洛; 骆; 烙; 酪; 珞
낙감보,诺坎普
낙관,乐观; 樂观
낙관론,乐观论; 樂观论
낙관성,乐观性; 樂观性
낙관적,乐观的; 樂观的
낙관주의,乐观主义; 樂观主义
낙극애생,乐极哀生; 樂极哀生
낙기아,诺基亚
낙기아공사,诺基亚公司
낙낙,诺诺
낙농,酪农; 酪农
낙농업,酪农业; 酪农业
낙담,落胆
낙도,落岛
낙돈,诺顿
낙락장송,落落长松; 落落长松
낙란,诺兰
낙랍,诺拉
낙려,诺丽
낙렬가,诺列加
낙리사,诺里斯
낙만,诺曼
낙만저,诺曼底
낙망,落望; 落望
낙미지액,落眉之厄; 落眉之厄
낙방,落榜
낙백,落魄; 落魄
낙사,诺斯
낙상,落伤
낙서,落书
낙서장,落书帐
낙선,落选
낙선자,落选者
낙성,落成; 落成
낙승,乐胜; 樂胜
낙심,落心
낙심천만,落心千万; 落心千万
낙아,诺亚
낙아방주,诺亚方舟
낙안,诺安
낙안기금관리유한공사,诺安基金管理有限公司
낙양지가귀,洛阳纸价贵; 洛阳纸价贵
낙언,诺言
낙역부절,络绎不绝
낙엽,落叶
낙엽송,落叶松; 落叶松
낙오,落伍
낙오자,落伍者
낙와극,诺瓦克
낙원,乐园; 樂园
낙월옥량,落月屋梁; 落月屋梁
낙유기,诺维奇
낙유사기,诺维斯基
낙유자기,诺维茨基
낙이,诺尔
낙인,烙印
낙장,落张
낙장불입,落张不入; 落张不入
낙점,落点; 落点
낙점설,落点说; 落点说
낙정산,诺丁山
낙정한,诺丁汉
낙정한대학,诺丁汉大学
낙제,落第
낙제점,落第点
낙조,落照
낙조어,乐钓鱼; 樂钓鱼
낙차,落差; 落差
낙착,落着
낙찰,落札; 落札
낙찰자,落札者; 落札者
낙천적,乐天的; 樂天的
낙타,骆驼; 駱驼
낙타초,骆驼草; 駱驼草
낙태,落胎; 落胎
낙태죄,落胎罪
낙토,乐土; 樂土
낙패이,诺贝尔
낙패이장,诺贝尔奖
낙패이장금,诺贝尔奖金
낙폭,落幅; 落幅
낙하,落下
낙하산,落下伞
낙하산병,落下伞兵
낙하산식,落下伞式
낙향,落鄕
낙화,落花; 诺华
낙화생,落花生; 落花生
낙화유수,落花流水; 落花流水
낙후,落后
난,难; 兰; 乱; 暖; 烂; 卵; 栏; 鸾; 赧; 難
난각,暖阁
난간,栏干; 难看; 欄干
난감,难堪
난경,难境
난공불락,难攻不落; 难攻不落
난과,难过
난관,难关; 卵管; 卵管
난괴,难怪
난교,难侨
난국,乱局; 难局
난기,暖气
난기류,乱气流; 亂气流
난기비,暖气费
난기편,暖气片
난난,暖暖
난내,难耐
난능,难能
난능가귀,难能可贵
난당,难当
난대성,暖带性
난도,乱刀; 暖度; 难道; 难度; 难倒
난도질,乱刀­
난동,乱动; 暖冬
난득,难得
난로,暖炉
난롯,暖炉
난료,难料
난류,暖流; 乱流; 亂流
난륜,乱伦; 亂伦
난리,乱离; 亂离
난립,乱立
난립상,乱立相
난만,烂漫
난망,难忘
난맥상,乱脉相; 亂脉相
난멱,难觅
난면,难免; 难眠
난무,乱舞
난문,难闻
난문제,难问题
난민,难民
난민문,难民们
난민영,难民营
난민촌,难民村
난방,暖房
난방법,暖房法
난방비,暖房费
난병,暖瓶
난보,难保
난분난사,难分难舍
난분난해,难分难解
난붕,暖棚
난비,乱飞; 亂飞
난사,难事
난사기구,难辞其咎
난사난분,难舍难分
난산,难产
난삽,难澁
난상,卵状; 卵状
난상가난,难上加难
난상토의,烂商讨议; 爛商讨议
난색,暖色; 难色
난생,卵生; 卵生
난선,难船
난설,难说
난세,乱世
난소,卵巢; 卵巢; 难关
난수,难受
난수병,暖水瓶
난숙,烂熟; 爛熟
난습기류,暖湿气流
난시청,难视听
난신적자,乱臣贼子; 亂臣贼子
난양양,暖洋洋
난언지은,难言之隐
난연,赧然
난연성,难燃性
난열,暖热
난오,难熬
난우,难于; 难友
난우상청천,难于上青天
난위,难为
난위수,难为水
난위정,难为情
난융융,暖融融
난의,暖意
난이,难以
난이계치,难以启齿
난이도,难易度; 难易度
난이상신,难以相信
난이위계,难以为继
난이인수,难以忍受
난이치신,难以置信
난이형용,难以形容
난인,难人
난입,乱入
난자,乱刺; 卵子; 亂刺; 卵子
난잡,乱杂
난장,乱场; 亂场
난적,难敌
난전,难缠
난점,难点
난제,难题
난조,难找
난처,难处
난청,难听
난초,兰草; 蘭草
난치성,难治性
난타,乱打
난타전,乱打战
난투극,乱鬪剧
난파,难破
난파선,难破船
난판,难办
난폭,乱暴; 亂暴
난항,难航
난해,难解
난해난분,难解难分
난행,乱行
난형난제,难兄难弟
난호,暖壶
난호호,暖呼呼
난홍홍,暖烘烘
난화,暖和
날,涅; 捏; 捺; 陧; 苶
날날,捏捏
날비자,捏鼻子
날염,捺染
날인,捺印
날일파한,捏一把汗
날조,捏造
날합,捏合
남,南; 男; 蓝; 喃; 滥; 岚; 楠; 褴; 罱; 蝻; 腩
남가,男家
남가수장,男歌手奖
남가일몽,南柯一梦
남가촌,南街村
남강,南疆; 南钢; 南康; 南江; 南岗
남강구,南岗区
남강북조,南腔北调
남강시,南康市
남개,南开
남개구,南开区
남개대학,南开大学
남개중학,南开中学
남경,南京
남경공업대학,南京工业大学
남경녀직,男耕女织
남경농업대학,南京农业大学
남경대도살,南京大屠杀
남경대학,南京大学
남경동로,南京东路
남경동로점,南京东路店
남경로,南京路
남경루,南京楼
남경리공대학,南京理工大学
남경림업대학,南京林业大学
남경박물원,南京博物院
남경부대,南京部队
남경분공사,南京分公司
남경분행,南京分行
남경비아특,南京菲亚特
남경사범대학,南京师范大学
남경새구,南京赛区
남경서로,南京西路
남경서로점,南京西路店
남경성,南京城
남경시,南京市
남경시공안국,南京市公安局
남경시물가국,南京市物价局
남경시위,南京市委
남경시제일의원,南京市第一医院
남경시중급인민법원,南京市中级人民法院
남경예술학원,南京艺术学院
남경오,南京奥
남경은행,南京银行
남경의과대학,南京医科大学
남경일보,南京日报
남경재경대학,南京财经大学
남경전시대,南京电视台
남경조약,南京条约
남경지구,南京地区
남경참,南京站
남경항,南京港
남경항공항천대학,南京航空航天大学
남경화차참,南京火车站
남계,南溪
남고부,男高部
남고생,男高生
남고음,男高音
남곡,南曲
남곤,南昆
남과,南瓜; 男科
남교,南郊
남구,南区; 南口; 南欧
남국,南国
남국적,南国的
남군,南郡; 南军
남궁,南宫
남권,南拳
남귤북지,南橘北枳
남극,南极
남극고찰대,南极考察队
남극주,南极洲
남극지구,南极地区
남근,男根
남기,南绮
남기북두,南箕北斗
남기수,男棋手
남남,喃喃; 南南
남남녀녀,男男女女
남남동,南南东
남남북녀,南男北女
남남서,南南西
남남자어,喃喃自语
남녀,男女
남녀관,男女观
남녀노소,男女老少
남녀동등,男女同等
남녀로소,男女老少
남녀로유,男女老幼
남녀문,男女们
남녀별,男女别
남녀상열지사,男女相悦之词
남녀성,男女性
남녀수수부친,男女授受不亲
남녀유별,男女有别
남녀칠세부동석,男女七岁不同席
남녀평등,男女平等
남녀평등관,男女平等观
남녕,南宁
남녕시,南宁市
남노인,男老人
남니만,南泥湾
남단,南端; 男单; 南丹
남당,南唐
남대,男大; 男队
남대문,南大门
남대문시장,南大门市场
남대문입납,南大门入纳
남대부,男大部
남도,南道; 南都; 南渡
남도녀창,男盗女娼
남도주간,南都周刊
남동,南东; 男童
남동류,南东流
남동부,南东部
남동성련자,男同性恋者
남동포문,男同胞们
남락,南乐
남람,男篮
남래북왕,南来北往
남령,南岭
남로,南路
남록,南麓
남루,褴褛; 襤褛; 南楼
남류,南流
남릉,南陵
남리,南里
남만,南湾; 南满
남만북적,南蛮北狄
남매,男妹
남매간,男妹间
남면,南面
남면지존,南面之尊
남명,南明
남명구,南明区
남명하,南明河
남목,楠木
남무,南无
남문,南门
남미,南美
남미구,南美区
남미주,南美洲
남반강,南盘江
남반구,南半球
남발,滥发
남방,南方; 男方
남방고과,南方高科
남방기금,南方基金
남방기금관리공사,南方基金管理公司
남방기금관리유한공사,南方基金管理有限公司
남방대,南方队
남방도시보,南方都市报
남방시장,南方市场
남방의과대학,南方医科大学
남방의원,南方医院
남방인,南方人
남방일보,南方日报
남방전시대,南方电视台
남방지구,南方地区
남방항공공사,南方航空公司
남배,男排
남배각장,男配角奖
남백화,南白华
남벌,滥伐
남변,南边
남보,南堡
남부,南部
남부권,南部圈
남부현,南部县
남북,南北
남북국,南北国
남북국론,南北国论
남북극,南北极
남북문제,南北问题
남북전쟁,南北战争
남북조,南北朝
남북통일,南北统一
남분녀장,男扮女装
남붕우,男朋友
남비,南非
남비대,南非队
남빈로,南滨路
남사,男士; 南沙; 南社
남사구,南沙区
남사군도,南沙群岛
남사랍부,南斯拉夫
남사랍부대,南斯拉夫队
남사문,男士们
남사항,南沙港
남산,南山
남산구,南山区
남산로,南山路
남삼환,南三环
남상,男相; 滥觞; 濫觞; 南翔
남색,蓝色
남생,男生
남생문,男生们
남서,南西; 南瑞
남서린,南瑞麟
남서부,南西部
남선,南仙
남선북마,南船北马
남성,男声; 男性; 南城; 南星
남성기,南性器
남성미,男性美
남성복,男性服
남성성,男性性
남성적,男性的
남성현,南城县
남성화,男性化
남소,南关
남소구,南关区
남송,南宋
남수북조,南水北调
남순,南巡
남시,南市
남시구,南市区
남쌍,男双
남아,男儿; 南亚
남아유루부경탄,男儿有泪不轻弹
남아지구,南亚地区
남악,南岳
남안,南岸; 南安
남안구,南岸区
남안보돈,南安普敦
남안시,南安市
남안현,南安县
남야문,南也门
남양,南阳; 南洋
남양시,南阳市
남연,南延; 南燕
남연원장,男演员奖
남영,男婴
남예,南艺
남오,南澳
남오도,南澳岛
남오새,南奥塞
남오현,南澳县
남왜북로,南倭北虏
남용,滥用; 南勇; 男用
남용죄,滥用罪; 濫用罪
남우,男优
남운하,南运河
남웅,南雄
남원,南苑; 南院
남원기장,南苑机场
남원북철,南辕北辙
남월,南越; 南粤
남위,南纬
남위이사주,南威尔士州
남음,南音
남인,男人; 南人
남인가,男人家
남인문,男人们
남일,南日
남자,男子
남자관계,男子关系
남자부,男子部
남자조,男子组
남자한,男子汉
남자한대장부,男子汉大丈夫
남작,男爵
남잡라래납주,南卡罗来纳州
남장,男装
남저음,男低音
남전북답,南田北畓
남정,男丁; 南靖; 南征; 南郑
남정북전,南征北战
남정현,南靖县
남제,南齐
남제운,南霁云
남조,南朝; 南诏
남조선,南朝鲜
남조선대,南朝鲜队
남족,男足
남존녀비,男尊女卑
남존여비,男尊女卑; 男尊女卑
남존휘,南存辉
남좌녀우,男左女右
남좌여우,男左女右; 男左女右
남주,南州
남주각,男主角
남주작,南朱雀
남죽,楠竹
남중음,男中音
남중일색,男中一色
남진,南进
남참,南站
남창,南昌
남창대학,南昌大学
남창로,南昌路
남창성,南昌城
남창시,南昌市
남창시공안국,南昌市公安局
남창지구,南昌地区
남창철로국,南昌铁路局
남창현,南昌县
남창화차참,南昌火车站
남천,南川; 南茜
남천시,南川市
남청년,男青年
남초,南楚
남충,南充
남충시,南充市
남측,南侧; 男厕
남측소,男厕所
남침,南侵
남탑,南塔
남탕,男汤
남태평양,南太平洋
남통,南通
남통사,南通社
남통시,南通市
남특,南特
남파,南派; 南坡
남편,男便
남평,南平; 南坪
남평시,南平市
남포,南浦
남포대교,南浦大桥
남풍,南风; 南丰
남풍현,南丰县
남피,南皮
남하,南下; 南河
남학교,男学校
남학생,男学生
남한,南韩
남항,南航
남항집단,南航集团
남해,男孩; 南海
남해공원,南海公园
남해구,南海区
남해문,男孩们
남해시,南海市
남해안,南海岸
남해자,男孩子
남해자문,男孩子们
남해제도,南海诸岛
남행,南行
남향,南向
남현,南县
남호,南湖
남호공원,南湖公园
남홍문,南洪门
남화,南华; 南和
남화대학,南华大学
남환녀애,男欢女爱
남회근,南怀瑾
남획,滥获; 濫获
남휘,南汇
남휘구,南汇区
남흉노,南匈奴
남희,南希; 南戏
납,拉; 纳; 腊; 蜡; 钠; 衲; 靹; 納
납간,纳谏
납걸부,纳杰夫
납금,纳金
납기,纳期
납길,纳吉
납니,纳尼
납니아,纳尼亚
납덕,纳德
납득,纳得
납등,钠灯
납란,纳兰
납량,纳凉
납막,腊膜; 臘膜
납매,纳呆
납목착,纳木错
납미,纳米
납미비아,纳米比亚
납민,纳闷
납민아,纳闷儿
납반,纳班
납복,纳福
납부,纳付
납북,拉北
납북당,拉北当; 拉北当
납사,纳斯
납사로랍,纳斯鲁拉
납사잡,纳斯卡
납사체극,纳斯达克
납사체극시장,纳斯达克市场
납사호,纳斯湖
납새이,纳赛尔
납서,纳西
납서족,纳西族
납세,纳税
납세인,纳税人
납세자,纳税者
납수,纳粹
납수당,纳粹党
납십,纳什
납옹,纳雍
납옹현,纳雍县
납와라,纳瓦罗
납와랍련대,纳瓦拉联队
납월,腊月; 臘月
납이,纳尔
납이미,纳伊米
납이반적안,纳尔班迪安
납이손,纳尔逊
납입,纳入
납입금,纳入金; 纳入金
납자,衲子
납찰이파야부,纳扎尔巴耶夫
납첩,纳妾
납체이,纳达尔
납치,拉致
납치당,拉致当
납치범,拉致犯
납탄자,纳坦兹
납특,纳特
납파리탑낙,纳波利塔诺
납포로사,纳布卢斯
납품,纳品
납한,纳罕
납향,腊享; 臘享
낭,娘; 浪; 朗; 郎; 狼; 囊; 廊; 囔; 馕; 曩; 攮
낭가,娘家
낭괄,囊括
낭구,娘舅
낭낭,娘娘
낭낭강,娘娘腔
낭독,朗读
낭독회,朗读会
낭랑,朗朗; 朗朗
낭만,浪漫
낭만성,浪漫性
낭만적,浪漫的
낭만주의,浪漫主义
낭만주의자,浪漫主义者
낭만주의적,浪漫主义的
낭만파,浪漫派
낭문아,娘们儿
낭미유,囊尾蚴
낭배,囊胚
낭불,郎佛; 郞佛
낭비,浪费
낭비벽,浪费癖
낭비적,浪费的
낭선류,囊腺瘤
낭선암,囊腺癌
낭설,浪说
낭송,朗诵
낭송회,朗诵会
낭아량,娘儿俩
낭아문,娘儿们
낭인,浪人; 浪人
낭자,娘子; 狼藉; 狼藉
낭자군,娘子军
낭자소,娘子关
낭종,囊肿
낭중수삽,囊中羞涩
낭중지추,囊中之锥
낭중취물,囊中取物
낭태,娘胎
낭패,狼狈; 狼狈
낭패감,狼狈感
낭훼,囊虫
낭훼병,囊虫病
내,来; 内; 乃; 奶; 耐; 奈; 氖; 鼐; 萘; 柰; 镎; 迺; 螚; 釢; 褦; 內
내가,内可
내가덕,内贾德
내각,内角; 内阁
내각제,内阁制
내각총리,内阁总理
내간,内奸; 耐看; 内间
내강,内江
내강시,内江市
내격라봉특,内格罗蓬特
내경,内镜; 内景
내고,内裤; 耐苦; 奶糕
내곤,内昆
내공,内攻; 内功; 内孔
내과,内科; 内踝
내구,耐久; 内疚
내구성,耐久性
내국,内国
내국세,内国税
내국인,内国人
내권,内卷
내규,内规
내규경,内窥镜
내근,内勤
내급,内急
내기금,内基金
내낭,奶娘; 内囊
내내,奶奶; 内内
내년,来年
내년도,来年度
내능,内能
내단,内丹
내당,内堂; 奶糖
내덕유덕,内德维德
내독소,内毒素
내두,奶头
내라필,内罗毕
내락,内诺; 内諾; 奶酪
내란,内乱
내량,奈良
내량미지,奈良美智
내력,来历; 内力; 耐力
내력담,来历谈
내력새,耐力赛
내련,内联
내로,内涝; 耐劳
내류,内流
내륙,内陆
내리,内里
내림파,内淋巴
내마,耐磨; 奶妈
내마성,耐磨性
내마찰,内摩擦
내막,内幕; 内膜
내막소식,内幕消息
내막증,内膜症
내면,内面
내면세계,内面世界
내면적,内面的
내면화,内面化
내모,内耗
내몽,内蒙
내몽고,内蒙古
내몽고대학,内蒙古大学
내몽고위시,内蒙古卫视
내몽고자치구,内蒙古自治区
내몽고자치구당위,内蒙古自治区党委
내몽고지구,内蒙古地区
내무,内务; 内贸
내무과,内务课
내무과장,内务课长
내무반,内务班
내무부,内务部; 内务府; 内贸部
내무실,内务室
내미,奶味
내밀,内密
내방,内房
내방자,来访者; 來访者
내배태,内啡肽
내번,内翻; 耐烦
내벽,内壁
내병,奶瓶
내복,内服
내복약,内服药
내본기금,内本基金
내부,内部; 内附; 内府
내부자,内部者
내부적,内部的
내부화,内部化
내분,内纷; 奶粉; 内分
내분비,内分泌; 内分泌
내사,内查; 内史
내사탑,内斯塔
내산,耐酸
내삽,内插
내상,内伤; 内商
내색,­色
내생,内生
내선,内线
내선교역,内线交易
내선알,内酰胺
내선알류,内酰胺类
내성,内圣; 内城; 耐性; 内省
내성내기,奶声奶气
내성외왕,内圣外王
내성적,内省的
내성종,耐性种
내세,来世; 來世
내세관,来世观; 來世观
내소,内销
내수,内水; 内需; 耐受; 奶水; 内秀
내수도문,内修道文
내수성,耐水性; 耐受性
내습,来袭
내시,乃是
내시경,内视镜
내식,内饰
내식성,耐蚀性
내신,内申
내실,内实; 内室
내실패자,乃失败者
내실화,内实化
내심,内心; 耐心
내심세치,耐心细致
내압,耐压
내야진,内野阵
내약,耐药
내약률,耐药率
내약성,耐药性
내역,内译
내역서,内译书
내연,内燃; 内缘
내연기,内燃机
내연기차,内燃机车
내열,耐热; 内热
내열성,耐热性
내온,内蕴; 奈温
내왕,来往
내왜,奶娃
내외,内外
내외과,内外科
내외교곤,内外交困
내외국,内外国
내외신,内外信
내외유별,内外有别
내용,内容; 耐用
내용물,内容物
내용성,内用性; 耐用性
내용소비품,耐用消费品
내용적,内容的
내용품,耐用品
내우,内忧; 奶牛
내우업,奶牛业
내우외환,内忧外患
내우장,奶牛场
내원,来院; 來院
내유,奶油
내유외강,内柔外刚
내유이,内维尔
내응,内应
내응력,内应力
내의,内衣
내의고,内衣裤
내의적,内衣的
내이,内耳
내인,内人; 内因
내인가,内认可
내인심미,耐人寻味
내인외련,内引外联
내일,来日; 來日
내자,内子; 内资; 奶子
내장,内脏; 内藏; 内装; 内场; 内墙
내장객,来场客; 來场客
내장재,内装材
내장형,内藏型
내재,内在
내재미,内在美
내재적,内在的
내재화,内在化
내쟁,内争
내적,内的; 内积
내전,内战; 内殿; 内传; 内转
내전근,内转筋
내전적,内战的
내절,内切
내점,内点
내정,内定; 内廷; 内政; 内情; 奶精
내정부,内政部
내정부장,内政部长
내정설,内定说
내정자,内定者
내제,内弟; 内制
내제품,奶制品
내조,内助; 内阻
내존,内存
내주,来周; 來周; 内主
내중,内中
내즙,奶汁
내지,乃至; 内地; 内酯; 内支
내지류,内酯类
내지우,乃至于
내직기,内直肌
내질,内质
내질망,内质网
내차,奶茶
내참,内参; 奶站
내채,内债
내천,耐穿
내출혈,内出血
내취,奶嘴
내취력,内聚力
내측,内侧
내측벽,内侧壁
내치,内痔
내치식,内置式
내칙,内则
내탑니아호,内塔尼亚胡
내태,内胎
내택,内宅
내통,内通
내투,来投; 來投
내특,奈特
내판,内板
내편,内篇
내포,内包
내품,奶品
내피,内皮; 奶皮
내피소,内皮素
내핍,耐乏
내하,奈何; 内河
내하부득,奈何不得
내한,来韩; 耐寒; 耐旱
내함,内涵; 内含; 内陷
내함식,内涵式
내함자,内含子
내항,内港
내해,内海
내핵,内核
내행,内行
내행인,内行人
내향,内向
내향적,内向的
내향현,内乡县
내호,内湖
내홍,内讧
내화,耐火
내화재료,耐火材料
내화전,耐火砖
내화체주,内华达州
내환,内患
내환경,内环境
내황,内黄
내후년,来后年; 來后年
내후성,耐候性
내훈서,内训书
냉,冷
냉각,冷却
냉각수,冷却水
냉기,冷气
냉기류,冷气流; 冷气流
냉난방,冷暖房; 冷暖房
냉담,冷淡
냉대,冷待; 冷带; 冷带
냉동,冷冻
냉동량,冷冻量
냉동선,冷冻船
냉동실,冷冻室
냉랭,冷冷
냉량,冷凉; 冷凉
냉매,冷媒; 冷媒
냉면,冷面
냉방,冷房
냉방병,冷房病; 冷房病
냉병,冷病; 冷病
냉소,冷笑
냉소적,冷笑的
냉소주의,冷笑主义; 冷笑主义
냉수,冷水
냉습,冷湿; 冷湿
냉식,冷食; 冷食
냉엄,冷严
냉연,冷延; 冷延
냉온방기,冷温房机
냉온풍기,冷温风机
냉우유,冷牛乳; 冷牛乳
냉장,冷藏; 冷藏
냉장고,冷藏库
냉전,冷战; 冷战
냉정,冷情; 冷静
냉증,冷症; 冷症
냉채,冷菜; 冷菜
냉철,冷彻; 冷彻
냉탕,冷汤
냉탕식,冷汤式
냉해,冷害
냉혹,冷酷; 冷酷
냑,蹃; 逽
냥,娘
너,呢
녀,女; 钕; 袽
녀가,女家
녀가수장,女歌手奖
녀각,女角
녀강인,女强人
녀걸,女杰
녀경,女警
녀고음,女高音
녀공,女工
녀공문,女工们
녀교,女校
녀권,女权; 女眷
녀기수,女棋手
녀노,女奴
녀단,女单
녀대,女队
녀대십팔변,女大十八变
녀동,女童
녀동포문,女同胞们
녀람,女篮
녀랑,女郎
녀랑문,女郎们
녀루,女垒
녀류,女流
녀명성문,女明星们
녀무,女巫
녀방,女方
녀배,女排
녀배각장,女配角奖
녀배새,女排赛
녀범,女犯
녀병,女兵
녀병문,女兵们
녀복,女仆
녀분남장,女扮男装
녀붕우,女朋友
녀사,女士
녀사문,女士们
녀사주,女事主
녀상,女相
녀색,女色
녀생,女生
녀생문,女生们
녀서,女婿; 女书
녀성,女性; 女声
녀성문,女星们; 女性们
녀성성,女性性
녀성화,女性化
녀시,女尸; 女侍
녀신,女神
녀쌍,女双
녀아,女儿
녀아문,女儿们
녀연원,女演员
녀영,女婴
녀와,女娲
녀왕,女王
녀용,女佣; 女用
녀우,女友
녀우문,女友们
녀인,女人
녀인가,女人家
녀인문,女人们
녀자,女子
녀자문,女子们
녀자조,女子组
녀작가,女作家
녀장,女装; 女将
녀정,女贞
녀족,女足
녀족새,女足赛
녀주각,女主角
녀주인,女主人
녀중음,女中音
녀중호걸,女中豪杰
녀진,女真
녀측,女厕
녀측소,女厕所
녀해,女孩
녀해문,女孩们
녀해아,女孩儿
녀해아문,女孩儿们
녀해자,女孩子
녀해자문,女孩子们
녀홍,女红
녀화가,女画家
녀황,女皇
녁,惄; 疒; 䭆
년,年; 碾; 鼰; 撚
년가,年假
년간,年间; 年刊
년감,年鉴
년경,年轻; 年景
년경기성,年轻气盛
년경력장,年轻力壮
년경모미,年轻貌美
년경유위,年轻有为
년경인,年轻人
년경화,年轻化
년고,年糕
년과고희,年过古稀
년과반백,年过半百
년과화갑,年过花甲
년구실수,年久失修
년균,年均
년근,年根
년근고희,年近古稀
년근화갑,年近花甲
년금,年金
년급,年级
년기,年期; 年纪
년년,年年
년년세세,年年岁岁
년대,年代
년대구원,年代久远
년대생,年大生
년대적,年代的
년도,年度
년도기,年度期
년도장,年度奖
년두,年头
년력,年历
년령,年龄
년령단,年龄段
년령최소자,年龄最小者
년로,年老
년로분쇠,年老体衰
년륜,年轮
년리,年利
년리률,年利率
년말,年末
년매,年迈
년미,年尾; 碾米
년미기,碾米机
년반,年饭
년보,年报; 年谱
년보비,年保费
년복일년,年复一年
년부력강,年富力强
년분,年分; 年份
년사,年史; 年事
년사이고,年事已高
년산,年产
년산량,年产量
년산치,年产值
년생,年生
년성,年成
년세,年岁
년소,年少; 年关
년소무지,年少无知
년쇄,碾碎
년수입,年收入
년식,年式; 年息
년신,年薪
년심,年审
년야,年夜
년야반,年夜饭
년월,年月
년유,年幼
년유고희,年逾古稀
년유무지,年幼无知
년유화갑,年逾花甲
년자,碾子; 年资
년장,年长
년장자,年长者
년저,年底
년전,年前
년절,年节
년제,年制
년종,年终
년종장,年终奖
년종장금,年终奖金
년채,年菜
년청,年青
년초,年初
년출구량,年出口量
년판,年板
년표,年表
년하,年下
년한,年限
년형,年形
년호,年号
년화,年华; 年货; 年画
년회,年会
년회보률,年回报率
녈,涅
념,念; 捻; 拈; 恬; 鲇; 埝
념경,念经
념구,念旧
념급,念给
념념,念念
념념부망,念念不忘
념념유사,念念有词
념담,恬淡
념도,念叨
념두,念头
념백,念白
념부지치,恬不知耻
념불,念佛
념서,念书
념송,念诵
념연,恬然
념정,恬静
념주,念珠
념청당고랍산,念青唐古拉山
념화야초,拈花惹草
녑,镊; 捻
녑군,捻军
녕,宁; 拧; 狞; 泞; 柠; 咛; 佞; 聍; 苎; 矃; 甯; 檸
녕가,宁可; 宁家
녕가신기유,宁可信其有
녕강,宁冈
녕개,拧开
녕결무람,宁缺毋滥
녕결물람,宁缺勿滥
녕국,宁国
녕긍,宁肯
녕남,宁南
녕녕,宁宁
녕덕,宁德
녕덕시,宁德市
녕덕지구,宁德地区
녕도,宁都
녕도현,宁都县
녕릉,宁陵
녕명,宁明
녕무,宁武
녕무현,宁武县
녕변,宁边
녕사부굴,宁死不屈
녕성,宁城
녕성일고승,拧成一股绳
녕심,宁心
녕안,宁安
녕안시,宁安市
녕양,宁阳
녕원,宁愿; 宁远
녕위,宁炜
녕이현,宁洱县
녕일,宁日
녕정,宁静
녕종,宁钟
녕주,宁州
녕파,宁波
녕파대학,宁波大学
녕파만보,宁波晚报
녕파시,宁波市
녕파은행,宁波银行
녕파일보,宁波日报
녕파지구,宁波地区
녕파참,宁波站
녕파항,宁波港
녕파해소,宁波海关
녕표,宁彪
녕하,宁夏; 宁河
녕하대학,宁夏大学
녕하일보,宁夏日报
녕하자치구,宁夏自治区
녕하현,宁河县
녕하회족자치구,宁夏回族自治区
녕해,宁海
녕해현,宁海县
녕향,宁乡
녕향현,宁乡县
녕현,宁县
녕형,宁馨
녕호,宁浩; 宁沪
녕화,宁化
녘,榒
녜,祢
노,老; 路; 劳; 露; 鲁; 努; 怒; 奴; 卢; 炉; 虏; 芦; 瑙; 掳; 弩; 橹; 鹭; 呶; 帑; 驽; 孥; 猱; 胬; 臑; 粩; 蛯; 镥; 砮
노거수,老巨树; 老巨树
노계,老鸡; 老鸡
노고,劳苦
노곤,劳困; 勞困
노골적,露骨的; 露骨的
노골화,露骨化
노교수,老教授; 老教授
노구,老躯
노궁,弩弓
노기,怒气; 弩机
노기등등,怒气腾腾
노년,老年
노년기,老年期; 老年期
노년자,老年者; 老年者
노년층,老年层; 老年层
노대감,老大监; 老大监
노도,怒涛
노동,劳动; 勞动
노동계,劳动界
노동관,劳动观
노동국,劳动局
노동권,劳动圈; 劳动权
노동량,劳动量
노동력,劳动力; 勞动力
노동요,劳动谣; 勞动谣
노동일,劳动日
노동자,劳动者
노동자회,劳动者会
노동장,劳动场
노동절,劳动节
노동조합,劳动组合; 勞动组合
노동조합주의,劳动组合主义
노략,掳掠; 擄掠
노략질당,掳掠-当
노력,努力; 劳力; 勞力
노력노력,努力努力
노력비,努力费
노련,老炼
노령,老龄
노령자,老龄者; 老龄者
노령층,老龄层; 老龄层
노령화,老龄化; 老龄化
노례,奴隶
노례문,奴隶们
노례사회,奴隶社会
노례제,奴隶制
노례주,奴隶主
노로,瑙鲁
노마지지,老马之智; 老马之智
노망,老妄; 老妄
노망기,老妄气
노면,路面
노모,老母
노무,劳务; 勞务
노무비,劳务费; 勞务费
노무사,劳务士; 勞务士
노무직,劳务职; 勞务职
노문학,露文学; 露文学
노문학계,露文学界; 露文学界
노병,弩兵
노복,奴仆
노부모,老父母; 老父母
노부부,老夫妇; 老夫妇
노부인,老妇人; 老妇人
노비,奴婢
노사,老死; 劳使; 勞使
노사정,劳使政
노산,老产; 老产
노상,路上; 路上
노상강도,路上强盗
노생지몽,卢生之梦; 盧生之梦
노선,路线
노성,奴性
노소,老少; 老少
노송,老松; 老松
노쇠,老衰
노수,路需; 路需
노숙,露宿
노숙자,露宿者
노시인,老诗人; 老诗人
노신사,老绅士; 老绅士
노심초사,劳心焦思; 勞心焦思
노약자,老弱者; 老弱者
노역,劳役; 勞役; 奴役
노예,奴隷; 奴隸
노예군,奴隷军; 奴隸军
노예론자,奴隷论者; 奴隸论者
노예적,奴隷的; 奴隸的
노예제,奴隷制; 奴隸制
노예제론자,奴隷制论者; 奴隸制论者
노예제설,奴隷制说; 奴隸制说
노예제적,奴隷制的; 奴隸制的
노예주,奴隷主; 奴隸主
노예화,奴隷化; 奴隸化
노운전기사,老运转技士; 老运转技士
노이,努尔
노이합적,努尔哈赤
노인,老人
노인장,老人丈
노인정,老人亭
노인촌,老人村
노인층,老人层
노인회,老人会
노임,劳赁
노자,劳资; 路资; 路资
노작,劳作
노잣,路资
노장,老庄; 老将; 老长; 老将; 老长
노재,奴才
노전,弩箭
노점,露店
노점상,露店商
노정,路程; 路程
노제,路祭; 路祭
노조,劳组; 勞组
노조원,劳组员
노처녀,老处女; 老处女
노천,露天
노총각,老总角; 老总角
노추,老丑; 老丑
노출,露出
노출미,露出美
노출형,露出型
노취,努嘴
노파,老婆
노폐물,老废物
노포,老铺; 老铺
노폭,路幅
노형,老兄
노화,老化; 老化; 奴化
노회,老狯; 老狯
노후,老后; 老朽
노후관,老朽管
녹,录; 绿; 鹿; 禄; 碌; 菉
녹각,鹿角; 鹿角
녹각교탕,鹿角胶汤; 鹿角胶汤
녹과전,禄科田; 祿科田
녹금,绿锦
녹내장,绿内障; 綠内障
녹두,绿豆; 綠豆
녹라,绿罗
녹록,碌碌; 碌碌
녹말,绿末; 綠末
녹말기,绿末机
녹봉,禄俸; 祿俸
녹비왈자,鹿皮曰字; 鹿皮曰字
녹색,绿色
녹색등,绿色灯
녹수,绿水; 綠水
녹양방초,绿杨芳草; 綠杨芳草
녹용,鹿茸; 鹿茸
녹원,鹿苑; 鹿苑
녹음,录音; 绿阴
녹음기,录音器
녹읍,禄邑; 祿邑
녹읍민,禄邑民; 祿邑民
녹읍제,禄邑制; 祿邑制
녹의홍상,绿衣红裳; 綠衣红裳
녹즙,绿汁; 綠汁
녹즙기,绿汁机; 綠汁机
녹지,绿地; 綠地
녹지과,绿地课; 綠地课
녹차,绿茶; 綠茶
녹청색,绿青色; 綠靑色
녹화,录画; 绿化
녹화장,录画场
녹황색,绿黄色; 綠黄色
녹회색,绿灰色; 綠灰色
논,论; 嫩
논거,论据
논고,论告
논고문,论告文
논공행상,论功行赏; 論功行赏
논구,论究; 論究
논난,论难; 論难
논단,论坛
논란,论难
논리,论理; 論理
논리성,论理性; 論理性
논리적,论理的; 論理的
논리학,论理学; 論理学
논문,论文
논문성,论文性
논문적,论文的
논문집,论文集
논박,论驳
논법,论法
논설,论说
논설문,论说文
논설위원,论说委员
논술,论述
논외,论外
논의,论意; 论议
논자,论者
논쟁,论争; 論争
논쟁적,论争的; 論争的
논쟁점,论争点; 論争点
논저,论著
논전,论战; 論战
논점,论点
논제,论题; 論题
논조,论调
논증,论证; 論证
논지,论之; 论旨; 論之; 論旨
논파,论破
논평,论评
놀,㐐; 㐗
놈,㖈
농,农; 弄; 浓; 笼; 垄; 聋; 侬; 脓; 哝; 秾; 𬪩; 襛; 咔; 農; 濃; 儂
농가,农家
농가락,农家乐
농가비,农家肥
농가성진,弄假成真; 弄假成真
농간,弄奸
농개,农凯
농경,农耕
농경문화,农耕文化
농경민족,农耕民族
농경적,农耕的
농경제,农耕制
농경지,农耕地
농계,农械
농고,农高
농공,农工
농공민주당,农工民主党
농공상,农工商
농과,农科
농과소,农科所
농과원,农科院
농구,笼球; 农具; 籠球
농군,农军
농기,农机; 农技
농기계,农机械
농기구,农器具; 农机具
농기원,农技员
농기화,农机化
농노,农奴
농노적,农奴的
농노제,农奴制
농노제설,农奴制说
농노제적,农奴制的
농노주,农奴主
농농,浓浓; 咔咔
농단,垄断; 壟断
농달,咔哒
농담,弄谈; 浓淡
농대,农大; 农贷
농덕맹,农德孟
농도,浓度
농락,笼络
농량,农粮
농력,农历
농력년,农历年
농력신년,农历新年
농렬,浓烈
농록,浓绿
농류산,浓硫酸
농림,农林
농림목부어,农林牧副渔
농림청,农林厅
농막,农幕; 农膜
농망,农忙
농목,农牧
농목구,农牧区
농목민,农牧民
농목업,农牧业
농무,浓雾; 农贸
농무시장,农贸市场
농묵,浓墨
농묵중채,浓墨重彩
농미,浓眉
농미대안,浓眉大眼
농민,农民
농민공,农民工
농민공문,农民工们
농민극,农民剧
농민문,农民们
농민시장,农民市场
농민층,农民层
농민회,农民会
농민회원,农民会员
농밀,浓密
농박회,农博会
농발행,农发行
농번기,农繁期
농법,农法
농본,农本
농부,农夫; 农妇; 农副
농부산품,农副产品
농부업,农副业
농사,农事; 农舍
농사법,农事法
농사일,农事­
농산물,农产物
농산품,农产品
농삿,农事
농상,农桑
농성,笼城
농성장,笼城场
농수산,农水产
농수산물,农水产物
농시,农时
농신사,农信社
농아,聋哑; 聋儿; 聾儿
농악,农乐; 农樂
농악대,农乐队
농안현,农安县
농약,农药
농어가,农渔家
농어민,农渔民
농어촌,农渔村
농언,农谚
농업,农业
농업공인,农业工人
농업과학원,农业科学院
농업구,农业区
농업국,农业国
농업기계화,农业机械化
농업대학,农业大学
농업류,农业类
농업법,农业法
농업부,农业部
농업부장,农业部长
농업사,农业社
농업사회,农业社会
농업사회화,农业社会化
농업세,农业税
농업용수,农业用水
농업은행,农业银行
농업자,农业者
농업집분화,农业集体化
농업청,农业厅
농업합작화,农业合作化
농업현,农业县
농연,浓烟
농염,浓艳
농예,农艺
농예사,农艺师
농와지경,弄瓦之庆; 弄瓦之庆
농외소득,农外所得
농요,农谣
농용,农用
농우,农牛
농욱,浓郁
농운회,农运会
농원,农园
농위,农委
농은,农垦
농음,浓荫
농인,农人
농자,农者; 农资
농자재,农资材
농작,农作
농작물,农作物
농작업,农作业
농잠,农蚕
농장,农场; 农庄; 浓妆
농장염말,浓妆艳抹
농장주,农场主
농장지경,弄璋之庆; 弄璋之庆
농전,农田
농전관,农展馆
농전비,农转非
농전수리,农田水利
농정,农政
농조연운,笼鸟恋云; 籠鸟戀云
농종,脓肿
농주,农酒
농중,浓重; 农中
농지,农地
농집,浓集
농찰,咔嚓
농찰농찰,咔嚓咔嚓
농창,脓疮
농채,浓彩
농촌,农村
농촌신용합작사,农村信用合作社
농촌호구,农村户口
농축,浓缩; 农畜
농축산물,农畜产物
농축유,浓缩铀
농탕,浓汤
농토,农土
농포,脓包
농학,农学
농학원,农学院
농한,农闲
농한기,农闲期
농합,农合
농해,农害
농행,农行
농향,浓香
농향형,浓香型
농협,农协
농호,农户
농호문,农户们
농활,农活
농회,农会
농후,浓厚
농흉,脓胸
놔,雫
놜,豽; 貀
뇌,脑; 雷; 牢; 恼; 赂; 磊; 馁; 垴; 鮾; 脳; 鯘; 腦; 惱
뇌각,脑壳
뇌결혈,脑缺血
뇌경사,脑梗死
뇌과,脑科; 脑瓜
뇌관,雷管
뇌교,脑桥
뇌근,脑筋
뇌대,脑袋
뇌대과,脑袋瓜
뇌대과자,脑袋瓜子
뇌대장소,脑大肠小
뇌동맥,脑动脉
뇌력,脑力
뇌로,恼怒
뇌류,脑瘤
뇌리,脑里
뇌막,脑膜
뇌막염,脑膜炎
뇌문,脑门
뇌문자,脑门子
뇌물,赂物
뇌물성,赂物性; 賂物性
뇌물죄,赂物罪
뇌병원,脑病院
뇌빈혈,脑贫血
뇌사,脑死
뇌사망,脑死亡
뇌사자,脑死者
뇌성,脑性; 雷声; 雷声
뇌성벽력,雷声霹雳; 雷声霹雳
뇌세포,脑细胞
뇌쇄,恼杀; 恼殺
뇌수,脑髓
뇌수성로,恼羞成怒
뇌수종,脑水肿
뇌신경,脑神经
뇌신경외과,脑神经外科
뇌실,脑室
뇌암,脑癌
뇌염,脑炎
뇌인,恼人
뇌일혈,脑溢血
뇌자,脑子
뇌장,脑浆
뇌적수,脑积水
뇌전도,脑电图
뇌전새,脑栓塞
뇌전파,脑电波
뇌제,脑际
뇌졸중,脑卒中
뇌종양,脑肿疡
뇌즙,脑汁
뇌진탕,脑震荡
뇌척액,脑脊液
뇌출혈,脑出血
뇌탄,脑瘫
뇌파,脑波
뇌하수체,脑下垂体
뇌한,恼恨
뇌해,脑海
뇌혈관,脑血管
뇌혈전,脑血栓
뇌화,恼火
뇨,闹; 尿; 挠; 溺; 袅; 淖; 脲; 桡; 娆; 嬲; 硇; 铙
뇨격매,尿激酶
뇨고자,尿裤子
뇨귀,闹鬼
뇨극,闹剧
뇨나,袅娜
뇨낭,尿囊
뇨낭액,尿囊液
뇨뇨,尿尿; 袅袅
뇨도,尿道
뇨도염,尿道炎
뇨독증,尿毒症
뇨동방,闹洞房
뇨두자,闹肚子
뇨등,闹腾
뇨로결석,尿路结石
뇨번,闹翻
뇨별뉴,闹别扭
뇨부습,尿不湿
뇨붕증,尿崩症
뇨비기,闹脾气
뇨빈,尿频
뇨사,闹事
뇨사자,闹事者
뇨산,尿酸
뇨상,尿床
뇨소,尿素
뇨소화,闹笑话
뇨시,闹市
뇨실금,尿失禁
뇨액,尿液
뇨양,尿样
뇨의,尿意
뇨저류,尿潴留
뇨정서,闹情绪
뇨종,闹钟
뇨중취정,闹中取静
뇨착완,闹着玩
뇨통,尿痛
뇨포,尿布
뇨혁명,闹革命
뇨혈,尿血
뇨홍홍,闹哄哄
누,楼; 泪; 累; 漏; 垒; 屡; 陋; 缕; 耨; 羺
누각,楼阁
누계,累计
누관,泪管; 淚管
누누,累累; 累累
누대,累代; 累代
누락,漏落; 漏落
누락분,漏落分; 漏落分
누란,累卵; 累卵
누란지세,累卵之势; 累卵之势
누명,陋名
누문,楼门; 樓门
누상,垒上; 楼上; 壘上; 樓上
누설,漏泄; 漏泄
누설량,累雪量; 累雪量
누수,漏水
누적,累积
누적적,累积的
누전,漏电; 漏电
누증,累增
누진,累进; 累进
누진세,累进税
누진제,累进制; 累进制
누추,陋丑; 陋丑
누출,漏出
눈,嫩
눈강,嫩江
눈눈,嫩嫩
눈록,嫩绿
눈황,嫩黄
눌,呐; 讷; 肭; 吶
눌눌,讷讷
눌함,呐喊
눌함조위,呐喊助威
뉴,纽; 扭; 钮; 妞; 忸; 狃; 靵; 紐
뉴개,扭开
뉴곡,扭曲
뉴구,扭矩; 纽扣; 钮扣
뉴날,扭捏
뉴뉴,妞妞; 扭扭
뉴뉴날날,扭扭捏捏
뉴니,忸怩
뉴단,扭断
뉴대,纽带
뉴돈,纽顿
뉴동,扭动
뉴두,扭头
뉴래뉴거,扭来扭去
뉴력,扭力
뉴륜보,纽伦堡
뉴만,纽曼
뉴상,扭伤
뉴송,扭送
뉴신,扭身
뉴아,妞儿
뉴아문,妞儿们
뉴앙가,扭秧歌
뉴약,纽约
뉴약교역소,纽约交易所
뉴약니극사대,纽约尼克斯队
뉴약대학,纽约大学
뉴약련합국총부,纽约联合国总部
뉴약만합돈,纽约曼哈顿
뉴약상업교역소,纽约商业交易所
뉴약성,纽约城
뉴약시,纽约市
뉴약시보,纽约时报
뉴약시장,纽约市场
뉴약은행,纽约银行
뉴약정교소,纽约证交所
뉴약정권교역소,纽约证券交易所
뉴약주,纽约州
뉴약지구,纽约地区
뉴유,纽维
뉴자,妞子
뉴잡,纽卡
뉴잡사이,纽卡斯尔
뉴잡사이련대,纽卡斯尔联队
뉴전,扭转
뉴전건곤,扭转乾坤
뉴전형,扭转型
뉴타,扭打
뉴휴,扭亏
뉴휴위영,扭亏为盈
뉴휴증영,扭亏增盈
뉴흑문,纽黑文
뉵,忸; 衄; 恧; 衂
늑,勒; 肋
늑골,肋骨; 肋骨
늑막,肋膜; 肋膜
늑막염,肋膜炎; 肋膜炎
늠,凛
늠름,凛凛; 凜凛
능,能; 凌; 陵; 菱; 棱; 绫
능가,凌驾; 凌驾
능가선무,能歌善舞
능간,能干
능견도,能见度
능곡지변,陵谷之变; 陵谷之变
능공교장,能工巧匠
능구,能够
능굴능신,能屈能伸
능급,能级
능내,能耐
능대,能带
능동,能动
능동성,能动性
능동적,能动的
능란,能烂
능량,能量
능력,能力
능력자,能力者
능류,能流
능률,能率; 能率
능률성,能率性; 能率性
능률적,能率的; 能率的
능멸,凌蔑; 凌蔑
능모,能耗
능문능무,能文能武
능부,能否
능부능,能不能
능사,能事
능상능하,能上能下
능서불택필,能书不择笔; 能书不择笔
능선,棱线; 稜线
능선부,棱线部
능설회도,能说会道
능소능대,能小能大
능수,能手
능수능란,能手能烂
능숙,能熟
능언선변,能言善辩
능욕,凌辱; 凌辱
능원,能源
능원류,能源类
능원법,能源法
능원위기,能源危机
능유기회,能有机会
능인,能人
능자다로,能者多劳
능정선전,能征善战
능지능문능,绫地绫文绫
능지부문능,绫地浮文绫
능지처참,陵迟处斩; 陵迟处斩
능직,绫织; 綾织
능참봉,陵参奉; 陵参奉
능통,能通
능행,陵幸; 陵幸; 能行
늦,莻
니,你; 呢; 尼; 您; 泥; 妮; 腻; 怩; 旎; 祢; 铌; 坭; 妳; 伱; 膩
니가,妮可
니가랍과,尼加拉瓜
니가이,你可以
니각득,你觉得
니강,尼康
니갱,泥坑
니고,尼姑
니고랍,尼古拉
니고랍사,尼古拉斯
니고암,尼姑庵
니고정,尼古丁
니공,泥工
니구,泥垢
니극,尼克
니극로사,尼克劳斯
니극사,尼克斯
니극사대,尼克斯队
니극송,尼克松
니기탑,尼基塔
니나,妮娜; 尼娜
니남,呢喃
니녕,泥泞
니녕부감,泥泞不堪
니뇨,泥淖
니능,你能
니니,妮妮; 腻腻
니담,泥潭
니당,泥塘
니두차,泥头车
니라하,尼罗河
니래아왕,你来我往
니뢰이,尼雷尔
니룡,尼龙
니룡선,尼龙线
니마,尼玛; 尼摩
니마갱,尼玛坑
니매,泥煤
니문,你们
니문량,你们俩
니미,腻味
니미자,尼米兹
니박이,尼泊尔
니번,腻烦
니봉,泥封
니분계,泥盆系
니분기,泥盆纪
니사,泥沙; 尼斯
니사구하,泥沙俱下
니사아활,你死我活
니사호,尼斯湖
니상,你想; 尼桑
니석류,泥石流
니설,你说
니소,泥沼; 泥塑
니송,尼松
니수,泥水
니수장,泥水匠
니시,你是
니아,尼亚
니아가랍,尼亚加拉
니아사도,尼亚斯岛
니아좌부,尼亚佐夫
니암,泥岩
니야,你也
니오,尼奥
니와장,泥瓦匠
니왜,腻歪
니왜왜,泥娃娃
니요,你要
니우입해,泥牛入海
니융,呢绒
니응해,你应该
니이,尼尔
니이삼,尼尔森
니인,泥人
니인장,泥人张
니일리아,尼日利亚
니일리아대,尼日利亚队
니일언아일어,你一言我一语
니일이,尼日尔
니일이삼각주,尼日尔三角洲
니일이하,尼日尔河
니자,呢子; 妮子; 腻子
니장,泥浆
니재,你在
니쟁아탈,你争我夺
니적,你的; 您的
니조,您早
니중유아,你中有我
니채,尼采
니추,泥鳅
니추아간,你追我赶
니취,你就
니탄,泥炭
니토,泥土
니퇴자,泥腿子
니파,泥巴; 尼派
니혁로,尼赫鲁
니호,你好
니환,泥丸
니회,你会
닉,匿; 溺; 搦
닉명,匿名
닉명신,匿名信
닉사,溺死
닉수,溺水
닉수자,溺水者
닉애,溺爱
닉장,匿藏
닉적,匿迹
닉폐,溺毙
닐,昵
닐칭,昵称
님,拰; 䌾
닙,囡
닙닙,囡囡
다,多; 茶; 爹; 嗲
다가,多哥; 多加
다가대,多哥队
다각도,多角度
다각적,多角的
다각형,多角形
다각화,多角化
다갈색,茶褐色
다감,多感
다강조성,多强调性
다개,多个
다거도,多渠道
다고,多高
다공,多孔
다공능,多功能
다과,多寡; 茶菓
다과점,茶菓店
다관,茶罐
다관제하,多管齐下
다관한사,多管闲事
다구,多久; 茶具
다국,多国
다국어,多国语
다국적,多国籍
다국적군,多国籍军
다규제,多规制
다극,多极
다극화,多极化
다급,多急
다기,茶器
다기망양,多岐亡羊
다기인,多基因
다길,多吉
다낙만,多诺万
다난,多难
다납다니,多纳多尼
다낭,爹娘
다낭신,多囊肾
다년,多年
다년간,多年间
다년래,多年来
다년생,多年生
다년초,多年草
다노하,多瑙河
다니,多尼
다다,爹爹
다다소소,多多少少
다다익선,多多益善
다다익선조,多多益善组
다다포함,多多包涵
다단,多段; 多端
다단계,多段阶
다단계적,多段阶的
다당,多糖
다당제,多党制
다대,多大; 多对
다덕,多德
다도실,茶道室
다도해,多岛海
다독,多读
다동증,多动症
다두,多头
다득,多得
다득다,多得多
다득점,多得点
다랍,多拉
다량,多量
다로다득,多劳多得
다료,多了
다류,多留
다륜,多伦
다륜다,多伦多
다륜다대학,多伦多大学
다륜다맹룡대,多伦多猛龙队
다륜로,多伦路
다리,多利
다마,多么; 爹妈
다만사기,多曼斯基
다망,多忙
다매내극,多梅内克
다매분,多媒体
다매체,多媒体
다면분,多面体
다면성,多面性
다면수,多面手
다면적,多面的
다명과,多明戈
다목적,多目的
다목표,多目标
다문,多闻
다문박식,多闻博识
다미낙,多米诺
다미낙골패,多米诺骨牌
다미니가,多米尼加
다미니가공화국,多米尼加共和国
다미니가대,多米尼加队
다미니극,多米尼克
다반,多半
다반사,茶饭事
다반회,多半会
다발,多发
다발구,多发区
다발기,多发期
다발병,多发病
다발성,多发性
다발적,多发的
다발형,多发型
다방,茶房; 多方
다방면,多方面
다배분,多倍体
다변,多变; 多辩; 多边
다변성,多变性
다변형,多边形
다변화,多边化; 多变化
다보륵,多普勒
다보체,多普达
다부,多夫
다분,多分; 多酚
다분류,多酚类
다비,茶毘
다사,多谢; 多些; 多事
다사다난,多事多难
다사다사,多谢多谢
다사제제,多士济济
다사지추,多事之秋
다산,多产
다산성,多产性
다산형,多产型
다색,多色
다선,多选
다선적,多线的
다성다기,嗲声嗲气
다세대,多世带
다소,多少
다소간,多少间
다소유점,多少有点
다수,多数
다수결,多数决
다수당,多数党
다수선감,多愁善感
다수인,多数人
다수파,多数派
다수표,多数票
다수확,多收获
다습,多湿
다시,多时
다신교,多神教
다신론적,多神论的
다실,茶室
다심,多心
다알,多胺
다양,多样
다양성,多样性
다양화,多样化
다언혹중,多言或中
다여우모,多如牛毛
다연발탄,多连发弹; 多連发弹
다용도,多用途
다용호,多用户
다우,多雨; 多于
다우지,多雨地
다운,多云
다운간음,多云间阴
다운간청,多云间晴
다원,多元; 多远
다원론적,多元论的
다원적,多元的
다원주의,多元主义; 多院主义
다원주의적,多元主义的
다원화,多元化
다유,多维
다음자,多音字
다의,多疑
다이,多尔
다이곤,多尔衮
다이과,多尔科
다인,多因
다인소,多因素
다일,多日
다일사부여소일사,多一事不如少一事
다임무,多任务
다임무처리,多任务处理
다자,多者; 多姿
다자간,多者间
다자다채,多姿多彩
다작업,多作业
다재다난,多灾多难
다재다능,多才多能
다재다예,多才多艺
다적,多迪
다정,多情
다정다감,多情多感
다제,多提
다조,多条
다종,多种
다종경영,多种经营
다종다양,多种多样
다주택,多住宅; 多住宅
다중,多众; 多重
다중성,多重性
다중심,多中心
다중적,多重的
다지,多址
다지표,多指标
다차,多次
다차원적,多次元的
다차일거,多此一举
다채,多彩
다채다자,多彩多姿
다천,多舛
다체,多达
다축,多轴
다취,多嘴
다취다설,多嘴多舌
다층적,多层的
다층차,多层次
다쾌호성,多快好省
다탁,茶卓
다탄두,多弹头
다태,多肽
다태성,多态性
다태아,多胎儿
다특,多特
다특몽덕,多特蒙德
다특몽덕대,多特蒙德队
다파,多巴
다파알,多巴胺
다포함,多包涵
다품종,多品种
다필,多虑
다합,多哈
다항,多项
다항식,多项式
다행,多幸
다행부의필자폐,多行不义必自毙
다혈질,多血质
다혈질적,多血质的
다형,多型
다형성,多形性
다형식,多形式
다형핵,多形核
다화,多话
다회아,多会儿
다휴,多亏
단,但; 单; 团; 断; 段; 担; 短; 端; 丹; 旦; 胆; 蛋; 坛; 锻; 缎; 檀; 坍; 袒; 湍; 郸; 靼; 踹; 抟; 椴; 煅; 莼; 箪; 澶; 钽; 彖; 襢; 瘅; 蜑; 袇; 駳; 耑; 葮; 貒; 單; 斷; 團; 壇; 鍛
단가,单价; 单家; 段家
단각,蛋壳; 旦角
단간,单干; 单间
단간부,团干部
단간호,单干户
단갈,断喝
단강,单杠; 丹江
단강구,丹江口
단강구시,丹江口市
단개,断开
단갱,蛋羹
단거,单据; 单键
단거리,短距离
단건,锻件
단검,短剑; 单剑
단검청,段剑青
단격,单击
단견,短见
단결,团结; 短缺
단결권,团结权
단결력,团结力
단결심,团结心
단결정,单结晶
단결체,团结体
단결호,团结湖
단계,段阶; 蛋鸡; 丹桂
단계도,单季稻
단계론,段阶论
단계설,段阶说
단계적,段阶的
단계화,段阶化
단고,蛋糕; 短裤
단곡,单曲
단곤,段鲲
단공,锻工; 短工
단과,单科; 团伙; 单果; 单过; 团课
단과대,单科大
단관,短款
단괴,团块
단교,断交
단구,端口; 断口; 短句; 断句; 单句
단구상성,单口相声
단구생,丹丘生
단구호,端口号
단국학,段国学
단군,短裙
단궤,单轨
단극,短剧; 段克
단근,断根
단근결량,短斤缺两
단금,蛋禽
단금지교,断金之交; 断金之交
단급,湍急
단기,檀纪; 短期; 单机; 单骑; 断气
단기간,短期间
단기국채,短期国债
단기서,段祺瑞
단기성,短期性
단기일,短期日
단기적,短期的
단기전,短期战
단기지계,断机之戒
단기채권,短期债券
단기화,短期化
단내,断奶
단념,断念
단녕,单宁
단녕산,单宁酸
단니,丹妮; 丹尼
단니사,丹尼斯
단니이,丹尼尔
단니이사,丹尼尔斯
단단,短短; 单单; 团团; 蛋蛋; 丹丹; 断断
단단속속,断断续续
단단전,团团转
단단정정,端端正正
단당,断档; 单糖
단대,单大; 团队; 缎带; 断代; 坍台
단대의,短大衣
단도,单刀; 短途; 短道; 单涛; 丹徒
단도부회,单刀赴会
단도직입,单刀直入
단도직입적,单刀直入的
단독,单独; 丹毒
단독정부,单独政府
단독형,单独型
단동,丹东
단동시,丹东市
단두,断头; 短头
단두대,断头台
단락,段落
단락도,坍落度
단란,团栾
단량,断粮
단련,锻炼; 单恋; 团练; 单链
단련단련,锻炼锻炼
단렬,断裂; 单列
단렬시,单列市
단령,团领
단로,短路; 袒露; 断路
단로기,断路器
단류,断流; 湍流
단림희,段林希
단막,单幕
단막극,短幕剧
단말,短袜
단말기,端末机
단말마,断末摩; 断末魔
단말마적,断末摩的
단맥,丹麦
단맥대,丹麦队
단면,断面; 单面; 端面
단면도,断面图
단면적,断面的
단명,短命; 单名
단명걸,单明杰
단모,段某; 单模
단목,端木; 檀木
단목홍,端木红
단문,短文
단미,断尾
단박,单薄
단발,单发; 断发; 短发
단발령,断发令
단발사격,单发射击
단발성,单发性
단방,单方; 端放
단방면,单方面
단방약,单方药
단배,团拜
단배분,单倍体
단백,蛋白
단백뇨,蛋白尿
단백매,蛋白酶
단백질,蛋白质
단번,单番
단범,但凡
단벽,断壁
단벽잔원,断壁残垣
단변,单边
단변시,单边市
단변주의,单边主义
단병,单兵
단병상접,短兵相接
단봉,丹凤; 单峰
단분,团体; 单体
단분새,团体赛
단분조,团体操
단분표,团体票
단불,丹佛
단비,单臂; 短臂; 单飞; 段菲
단비우,段飞羽
단사,单词; 单斜
단사표음,箪食瓢飮
단산,断产; 单产
단삼,短衫
단상,坛上; 断想; 端详; 单相; 端相
단상사,单相思
단색,单色
단서,但书; 端緖
단석,旦夕
단선,单线; 短线; 断线; 团扇
단선단정,单选单政
단선생,段先生
단선적,单线的
단설,单说
단섬유,短纤维
단성,单声; 单性
단성위,团省委
단성현,郸城县
단세걸,段世杰
단세포,端细胞; 单细胞
단세포적,单细胞的
단소,短箫; 短小; 煅烧; 短少
단소정한,短小精悍
단속,团束; 断续
단속반,团束班
단속반원,团束班员
단송,断送
단수,单数; 断水; 但须; 段首
단수적,单数的
단순,单纯
단순성,单纯性
단순형,单纯型
단순호치,丹唇皓齿
단순화,单纯化
단시,但是; 短视
단시간,短时间
단시위,团市委
단시일,短时日
단식,单式; 断食
단신,单身; 短信; 短身; 短讯
단신비,短信费
단신자,单身者
단신한,单身汉
단심,丹心
단씨,段氏
단아,但我; 端雅
단안,断案; 单眼
단안피,单眼皮
단압,蛋鸭; 锻压
단애,断崖
단양,丹阳; 端阳
단양시,丹阳市
단어,单语; 短语; 断语
단어적,单语的
단언,断言
단역,端役
단연,断然; 端砚
단연조시,断然措施
단열,断热
단열재,断热材
단영기,段永基
단영평,段永平
단예,端倪
단오,端午
단오절,端午节
단옥,段玉
단옷,端午
단용호,端用户
단우,单于
단우충,檀羽冲
단욱,段旭
단웅신,单雄信
단원,单元; 团员; 但愿; 团圆
단원격,单元格
단원년,团圆年
단원루,单元楼
단원문,团员们
단원식,单元式
단원여차,但愿如此
단월,单月; 檀越
단위,单位; 团委; 段位
단위제,单位制
단위체,单位体
단위회,团委会
단유,断乳
단음계권,短音阶圈
단의,单衣
단인상,单人床
단일,单一; 单日; 团日
단일성,单一性
단일형,单一型
단일화,单一化
단임,单任
단자,单子; 短资; 段子; 端子; 坛子; 单字; 缎子
단자사,端子社
단자절손,断子绝孙
단잠,短暂
단잠성,短暂性
단장,丹粧; 团长; 端庄; 断肠; 短长; 短装
단장실,团长室
단장취의,断章取义
단장형,丹粧型
단적,端的; 短笛
단전,丹田; 断电; 短传; 单传
단전방,单田芳
단전압,端电压
단전호흡,丹田呼吸
단전호흡법,丹田呼吸法
단절,断绝; 断折
단절적,断绝的
단점,短点; 单店; 断点; 端点
단정,断定; 端正; 单程; 短程; 但丁; 单晶; 团丁
단정규,单晶硅
단정론,单政论
단정미,端正美
단정순,段正淳
단정적,断定的
단정표,单程票
단정학,丹顶鹤
단제상,单霁翔
단조,单调; 锻造; 团组; 短粗
단조직,团组织
단좌,端坐
단죄,断罪
단주,单株
단중앙,团中央
단지,但只; 团地; 单只; 短池; 断肢
단지부,团支部
단직,端直
단질,单质
단차,单车
단참,丹参
단창,短枪
단창필마,单枪匹马
단채,丹寨
단채현,丹寨县
단처,短处
단천,段天; 短浅
단청,丹青; 丹靑; 蛋清
단체,团体
단체장,团体长
단체적,团体的
단체전,团体战
단체정신,团体精神
단초,端初
단초적,端初的
단촉,短促
단총지,团总支
단축,短缩; 单轴
단축법,短缩法
단취,团聚; 断炊
단층,单层; 断层
단친,单亲
단칸방,单-房
단타,单打; 短打; 锻打
단타독투,单打独斗
단타일,单打一
단탑,坍塌
단파,短波; 丹巴; 单摆
단편,断片; 短篇
단편성,断片性
단편소설,短篇小说
단편적,断片的
단편집,短篇集
단편화,断片化
단평,短评; 端平
단평쾌,短平快
단포,短跑
단표,段表
단품,断品; 单品; 蛋品
단풍,丹枫
단피,丹皮; 蛋皮
단피이,丹皮尔
단하산,丹霞山
단학,丹学
단합,团合
단항,单项; 单缸
단항새,单项赛
단항장,单项奖
단행,断行; 短行; 单行
단행도,单行道
단행본,单行本
단행선,单行线
단향,单向; 檀香
단향목,檀香木
단향산,檀香山
단현,单县; 断弦
단현위,团县委
단협,单叶
단호,断乎; 段虎; 单号; 短号; 袒护
단혼,断魂
단화,短靴
단화탕,蛋花汤
단황,蛋黄
단황관,单簧管
단후,断后
단훈반,短训班
달,达; 哒; 鞑; 靼; 獭; 挞; 疸; 闼; 妲; 笪; 怛; 跶; 㳠; 荙; 達; 噠; 撻
달관,达观
달기,妲己
달달,哒哒; 鞑靼
달달달,哒哒哒
달도,达道
달벌,挞伐
달변,达辩
달불리도,达不离道; 达不离道
달성,达成
달인,达人
담,谈; 担; 淡; 胆; 坛; 谭; 毯; 潭; 痰; 湛; 氮; 坍; 忐; 荨; 澹; 昙; 覃; 郯; 啖; 聃; 儋; 锬; 萏; 蟫; 醰; 霮; 禫; 饏; 藫; 聸; 黮; 薝; 髧; 談; 擔; 膽; 譚; 噉
담가,担架; 谭家
담갈색,淡褐色
담감,胆碱; 胆敢
담강,湛江
담강시,湛江市
담강항,湛江港
담걸희,谭杰希
담겁,胆怯
담결석,胆结石
담경수파,担惊受怕
담계,淡季
담고론금,谈古论今
담고순,胆固醇
담관,胆管
담관염,胆管炎
담교장,谭校长
담국,谭国
담급,谈及
담기,谈起; 氮气; 胆气
담낭,胆囊
담낭관,胆囊管
담낭암,胆囊癌
담낭염,胆囊炎
담녀사,谭女士
담녹색,淡绿色
담담,淡淡; 谈谈
담담면,担担面
담담심,谈谈心
담당,担当
담당관,担当官
담당관실,担当官室
담당부기,担当不起
담당자,担当者
담당층,担当层
담대,胆大; 担待
담대망위,胆大妄为
담대심세,胆大心细
담대포천,胆大包天
담도,谈到; 谭涛
담람,湛蓝
담략,胆略
담량,胆量
담력,胆力
담로사,谭老师
담론,谈论
담론적,谈论的
담마진,荨麻疹
담막,淡漠
담망,淡忘; 担纲
담망숭,谭望嵩
담모,谭某; 覃某
담박,淡薄; 淡泊
담백,淡白; 胆魄
담보,担保
담보물,担保物
담보법,担保法
담보비,担保费
담부,担负
담비,氮肥; 谭飞
담빈,谭斌
담사동,谭嗣同
담산,胆酸
담색,淡色
담생의,谈生意
담선생,谭先生
담설,谭雪
담성,谭星
담세층,担税层
담소,谈笑; 胆小; 谭啸
담소귀,胆小鬼
담소여서,胆小如鼠
담소자,胆小者
담소자약,谈笑自若
담소파사,胆小怕事
담소풍생,谈笑风生
담수,淡水; 湛水
담수어,淡水鱼
담수호,淡水湖
담순,谭盾
담시,谭诗
담식,淡食
담신,胆识
담신목,谭新木
담심,担心; 谈心
담씨,谭氏
담아,淡雅
담애령,谭爱玲
담언미중,谈言微中
담연,淡然; 谭延
담연처지,淡然处之
담영린,谭咏麟
담요문,谭耀文
담우,担忧; 痰盂
담욱광,谭旭光
담월화,谭月华
담유유,谭维维
담의,谭意
담이무미,淡而无味
담일,谈一
담일장,谈一场
담임,担任
담임교사,担任教师
담임선생,担任先生
담입,淡入
담자,胆子; 担子; 毯子; 谈资
담자사,潭柘寺
담장,淡妆
담쟁영,谭峥嵘
담전심경,胆战心惊; 胆颤心惊
담정,淡静; 谭晶; 谭政; 谈情
담정설애,谈情说爱
담정정,谭晶晶
담종량,谭宗亮
담주,儋州; 潭州
담주시,儋州市
담중지,谭仲池
담즙,胆汁
담즙산,胆汁酸
담즙성,胆汁性
담지,担持
담지자,担持者
담지체,担持体
담진림,谭震林
담천,昙天; 谈天
담천론지,谈天论地
담천설지,谈天说地
담첩,谭捷
담청,淡青
담총관,胆总管
담출,淡出
담토,谈吐
담특,谈特
담판,谈判
담판자,谈判者
담판탁,谈判桌
담평형,氮平衡
담하,谈何
담하용역,谈何容易
담한,胆寒
담합,谈合
담호,谈好
담호색변,谈虎色变
담호호지,谈虎虎至
담홍,淡红
담홍소,胆红素
담화,谈话; 淡化; 氮化
담화류,谈话类
담화문,谈话文
담황색,淡黄色
담황적갈색,淡黄赤葛色
담회갈색,淡灰葛色
담효송,谭晓松
담휘,覃辉
담흠배,谭鑫培
담흥,谈兴
답,答; 踏; 蹋; 沓; 褡; 荅; 遝; 蹹; 誻; 龘
답가,踏歌
답감,踏勘
답강,答腔
답권,答卷
답답,踏踏
답답실실,踏踏实实
답대,答对
답련,褡裢
답례,答礼
답례품,答礼品
답리,答理
답문,答问
답방,答访; 踏访
답배,答拜
답변,答辩
답보,踏步
답복,答复
답비소문,答非所问
답사,踏查; 答谢; 答词
답설,踏雪
답습,踏袭
답신,答信
답실,踏实
답안,答案
답안지,答案纸
답언,答言
답윤,答允
답응,答应
답의,答疑
답장,答状; 答狀
답전,踏典
답제,答题
답청,踏青
답파,踏破
답파철혜무멱처,踏破铁鞋无觅处
답판,踏板
답화,答话
당,当; 党; 唐; 堂; 撞; 躺; 糖; 档; 挡; 倘; 塘; 棠; 幢; 膛; 瞠; 搪; 裆; 螳; 铛; 傥; 饧; 谠; 瑭; 凼; 蹚; 戆; 溏; 镗; 螗; 矘; 鼞; 耥; 闛; 鞺; 磄; 礑; 當; 黨; 筜; 醣; 檔; 噹; 擋; 氹; 垱
당가,当家; 当街; 唐家; 挡驾; 堂哥
당가선,唐家璇
당가작주,当家作主
당가주주,当家做主
당간,党刊; 撞杆
당감,糖苷
당감류,糖苷类
당감매,糖苷酶
당강,唐钢; 唐康
당객,堂客
당건,党建; 唐建
당걸충,唐杰忠
당격,撞击
당견,撞见
당경,唐敬
당경천,唐经天
당계례,唐季礼
당고,塘沽
당고구,塘沽区
당고랍,唐古拉
당고랍산,唐古拉山
당고모,堂姑母
당고조,唐高祖
당고종,唐高宗
당고진,塘古镇
당공,当空
당공홍,唐功红
당과,糖果; 党课; 唐果; 糖瓜
당관,当官
당괴,撞坏; 党魁
당교,党校
당구,撞球; 当口
당구장,撞球场
당구풍월,堂狗风月
당국,当国; 当局
당국강,唐国强
당국자,当局者
당국자미,当局者迷
당군,唐军; 党群
당군소계,党群关系
당권,党权; 当权
당권자,当权者
당권파,当权派
당귀,当归
당규,党规
당금,当今
당기,当期; 党纪; 档期; 党旗
당기립단,当机立断
당기사건,撞机事件
당기위,党纪委
당길,唐吉; 堂吉
당길개,唐吉凯
당나,唐娜
당납,唐纳
당납덕,唐纳德
당납삼,唐纳森
당내,党内
당내지친,堂内至亲
당녀사,唐女士
당년,当年
당념초,唐念楚
당녕,唐宁
당녕가,唐宁街
당뇨,糖尿
당뇨병,糖尿病
당뇨병성,糖尿病性
당뇨병자,糖尿病者
당니,塘泥
당단,党团
당단백,糖蛋白
당단부단,当断不断
당단원,党团员
당단풍,唐丹枫
당당,堂堂; 当当; 当堂; 唐唐; 幢幢
당당당당,当当当当
당당정정,堂堂正正
당대,当代; 唐代
당대류,糖甙类
당대사,当代史
당대운,撞大运
당대인,当代人
당대적,当代的
당대표,党代表
당대회,党大会; 党代会
당도,当到; 当道; 糖度; 撞到; 撞倒; 唐都; 党徒; 当涂
당도현,当涂县
당돈장원,唐顿庄园
당돌,唐突
당동,唐同
당동벌이,党同伐异
당두,当头
당두봉갈,当头棒喝
당두일봉,当头一棒
당등걸,唐登杰
당락,当落
당랑,螳螂; 当啷
당랑거철,螳螂拒辙
당랑규선,螳螂窥蝉
당략,党略
당량,当量
당렬,唐烈
당령,党龄; 当令
당로사,唐老师
당로압,唐老鸭
당론,党论
당뢰,唐磊
당료,党僚; 糖料
당룡,唐龙
당류,糖类
당률,唐律
당리당략,党利党略
당리적,党利的
당림,唐琳
당만,当晚
당만신,唐万新
당망,党纲
당면,当面
당명,党命; 唐明
당명황,唐明皇
당모,唐某
당목,瞠目
당목결설,瞠目结舌
당몽미,唐梦美
당몽주,唐梦周
당무,党务; 唐无
당무지급,当务之急
당문,唐门
당민,唐敏
당밀,糖蜜
당반,当班
당백호,唐伯虎
당번,当番
당법,党法
당변,塘边
당병,当兵; 唐兵
당보,党报
당부,当付; 当否
당부기,当不起
당부주,挡不住
당분,糖分
당분간,当分间
당붕,唐鹏
당비,党费; 唐飞
당비서,党秘书
당비서장,党秘书长
당사,党舍; 当社; 撞死; 当事; 党史; 倘使; 唐史
당사국,当事国
당사인,当事人
당사자,当事者
당사주,唐四柱
당사증,唐师曾
당산,堂山; 唐山; 党产
당산목,堂山木
당산시,唐山市
당삼,唐森
당삼채,唐三彩
당상,堂上; 撞上; 撞伤; 镗床
당상관,堂上官
당새,搪塞
당색,党色
당생지,唐生智
당서기,唐书记
당선,当选; 当先; 唐璇
당선권,当选圈
당선생,唐先生
당선자,当选者
당선작,当选作
당선종,唐宣宗
당성,当成; 党性; 唐成
당성문,唐成文
당성세,唐盛世
당세,党势; 当世
당세지풍,当世之风
당소,唐笑
당소의,唐绍仪
당소저,唐小姐
당소조,党小组
당송,唐宋
당수,党首; 糖水
당숙,堂叔
당숙모,堂叔母
당승,唐僧
당시,唐诗; 当时; 唐时
당시송사,唐诗宋词
당신,当身
당심,当心
당쌍녕,唐双宁
당씨,唐氏
당아,当儿; 唐雅
당아니,唐亚妮
당악,唐乐
당안,档案
당안법,档案法
당안원,档案员
당애명,唐爱明
당야,当夜
당약,倘若
당양,当阳
당업,糖业
당연,当然; 唐衍
당연시,当然视
당연지사,当然之事
당영년,唐英年
당오,当午
당옥,堂屋
당옥룡,唐玉龙
당완,唐婉
당외,党外
당요동,唐尧东
당용,唐勇
당우,党羽
당우주마,当牛做马
당우철,唐禹哲
당욱,唐旭
당운,唐云
당웅,当雄
당원,党员; 糖原; 糖元
당원문,党员们
당월,当月; 唐月; 唐越
당위,当为; 党委; 唐伟
당위군,党卫军
당위론적,当为论的
당위성,当为性
당위회,党委会
당의,唐衣; 躺椅; 糖衣
당의원,党议员
당의정,糖衣锭
당의포탄,糖衣炮弹
당이황지,堂而皇之
당인,党人; 唐人; 唐寅; 糖人
당인가,唐人街
당인부양,当仁不让
당일,当日; 唐逸
당일교역,当日交易
당일권,当日券
당자,当者; 搪瓷; 堂子
당자량,唐子良
당작,当作
당잡,唐卡
당장,堂长; 当场; 党章; 撞墙; 糖浆; 唐装
당쟁,党争
당저,堂姐
당적,党籍
당적기본로선,党的基本路线
당전,当前
당전패,挡箭牌
당정,党政; 当庭; 糖精; 当政
당정군,党政军
당정동,唐正东
당정자,当政者
당제,唐制; 堂弟; 唐帝
당조,党组; 唐朝; 当朝
당조직,党组织
당종송조,唐宗宋祖
당좌,当座
당주,堂主; 挡住
당주임,唐主任
당준,唐骏
당중,当中; 当众
당중앙,党中央
당중앙위원회,党中央委员会
당중종,唐中宗
당즉,当即
당지,当地; 糖纸; 唐之
당지무괴,当之无愧
당지부,党支部
당지인,当地人
당직,党职; 当直
당직자,党职者; 当直者
당진,当真
당질,糖质
당질대사,糖质代谢
당차,档次; 撞车; 当差; 挡车
당차공,挡车工
당참,党参
당창,糖厂
당창사,当枪使
당천,当天
당천우,唐天宇
당천호,唐天豪
당첨,当签
당첨자,当签者
당초,当初; 糖醋
당총지,党总支
당총통,党总统
당치,当值
당태종,唐太宗
당토장,挡土墙
당파,党派; 塘坝
당파성,党派性
당파적,党派的
당판,挡板
당포,当铺
당포회,当炮灰
당풍,党风; 挡风; 唐风
당풍운,唐风云
당풍파리,挡风玻璃
당하,当下; 躺下
당항,党项
당해,当该; 唐海
당해인,当该人
당허,当许
당헌,党宪
당현,唐县
당현종,唐玄宗
당형,堂兄
당호,唐浩
당호로,糖葫芦
당호명,唐浩明
당혹,当惑; 倘或
당혹감,当惑感
당홍,当红
당화,糖化; 唐华
당황,唐慌; 堂皇
당회,堂会
당효란,唐晓澜
당효완,唐晓婉
당효해,糖酵解
당훼,撞毁
당휘,党徽
당흔,唐欣
당희종,唐僖宗
대,大; 对; 代; 队; 带; 台; 待; 戴; 袋; 抬; 贷; 隶; 黛; 苔; 岱; 怼; 碓; 玳; 甙; 憝; 𬭚; 轪; 镦; 祋; 艜; 襶; 簤; 對; 帶; 隊; 臺; 薹; 対
대가,代价; 大哥; 大家; 大街; 对家; 大驾; 对歌; 对街; 戴家
대가과,大家伙
대가과아,大家伙儿
대가규수,大家闺秀
대가대,大哥大
대가률,对价率
대가문,大哥们
대가부장적,大家父长的
대가부필,大可不必
대가소항,大街小巷
대가이고,待价而沽
대가정,大家庭
대가족,大家族
대가풍범,大家风范
대각,对角; 大脚; 大角
대각사,大觉寺
대각선,对角线
대간,大干
대갈일성,大喝一声
대감,大监
대감층,大监层
대강,大纲; 大江; 待岗; 台江; 带钢; 大康
대강구,台江区
대강기,对讲机
대강남북,大江南北
대강당,大讲堂
대강대강,大纲大纲
대강동거,大江东去
대강현,台江县
대개,大概; 大槪; 对开
대개대합,大开大合
대개방편지문,大开方便之门
대개벽,大开辟
대개살계,大开杀戒
대개아,大个儿
대개안계,大开眼界
대개자,大个子
대개편,大改编
대객,待客
대객차,大客车
대거,大举; 大擧
대거진공,大举进攻
대건,大件
대검,对脸
대겁,大劫
대견,待见
대결,对决
대결사,对决史
대결산,大决算
대결상,对决相
대결장,对决场
대경,大庆; 对劲; 带劲; 代耕; 戴镜
대경석유관리국,大庆石油管理局
대경소괴,大惊小怪
대경시,大庆市
대경식,大庆式
대경실색,大惊失色
대경아,带劲儿
대계,大计; 台阶
대계도,戴季陶
대계량,戴季良
대계통,大系统
대고,大姑; 大考; 大鼓; 大沽; 台股; 待考
대고남로,大沽南路
대고낭,大姑娘
대고락,戴高乐
대고락기장,戴高乐机场
대고모,大姑母
대고수입자,对高收入者
대곡,大曲
대곡대뇨,大哭大闹
대공,对共; 对空; 大功; 代工; 大公; 对攻; 大孔
대공고성,大功告成
대공률,大功率
대공망,对空网
대공무사,大公无私
대공보,大公报
대공사,大工事; 大公司
대공원,大公园
대공장,大工场
대과,大科; 大伙; 代课; 大过; 对过; 大课
대과반,大锅饭
대과아,大伙儿
대과업,大课业
대관,贷款; 大款; 大官; 大观; 代管
대관기,贷款期
대관리자,对管理者
대관원,大观园
대관자,贷款者
대관절,大关节
대관측가,大观测家
대광,对光
대광장,大广场
대괘,大褂
대괴,大块; 带坏
대괴두,大块头
대교,待教; 大桥; 大校
대교당,大教堂
대교차,大轿车
대구,大口; 大邱; 代购; 台球; 对口; 带球; 代沟; 大沟
대구고,大口袴
대구실,台球室
대구원문,对球员们
대구자,大舅子
대구장,大邱庄
대구청,台球厅
대구형,对口型
대국,大国; 大局; 对局
대국사문주의,大国沙文主义
대국화,大国化
대군,大军; 大君; 台军; 戴军; 代郡
대군구,大军区
대굿,大口
대권,大权
대권독람,大权独揽
대권자,大权者
대권재악,大权在握
대궐,大阙
대귀,大贵
대규,大叫
대규모,大规模
대규모적,大规模的
대균,带菌
대균자,带菌者
대극,大戟; 对极; 戴克
대극장,大剧场
대금,代金; 代金; 对襟
대금권,代金券
대기,大气; 待机; 大器; 队旗; 台基
대기권,大气圈
대기대락,大起大落
대기록,大记录
대기론자,待机论者
대기만성,大器晩成; 大器晚成
대기방박,大气磅礴
대기붕,大气棚
대기소용,大器小用
대기실,待机室
대기압,大气压
대기압력,大气压力
대기업,大企业
대기업체,大企业体
대기자,待机者
대기자문,对记者们
대기질,大气质
대기층,大气层
대기후,大气候
대길,大吉
대길대리,大吉大利
대나,大拿; 黛娜
대난,大难
대난부사,大难不死
대난임두,大难临头
대남,对南; 台南
대남관,对南观
대남시,台南市
대남현,台南县
대납,代纳
대납제,代纳制
대낭,大娘
대내,对内
대내외,对内外
대내외적,对内外的
대내적,对内的
대녀사,戴女士
대년,大年
대년삼십,大年三十
대년야,大年夜
대년초일,大年初一
대녕,大宁
대녕점,大宁店
대농,大农
대농가,大农家
대농업,大农业
대농장주,大农场主
대뇌,大脑
대뇌피층,大脑皮层
대다,大多
대다수,大多数
대다시,大多是
대단결,大团结
대단원,大团圆
대단위,大单位
대담,大胆; 对谈
대담성,大胆性
대답,对答
대답보,大踏步
대답여류,对答如流
대당,大堂; 对撞
대당기,对撞机
대대,代代; 大大; 大队; 对待; 带队; 对对; 队队; 台对; 袋袋
대대렬렬,大大咧咧
대대로,大对卢
대대로제,大对卢制
대대방방,大大方方
대대상전,代代相传
대대소소,大大小小
대대손손,代代孙孙
대대원문,对队员们
대대인마,大队人马
대대장,大队长
대대적,大大的
대대지,大大地
대덕,大德; 戴德
대도,大道; 大都; 大度; 大刀; 待到; 台岛
대도구구,大渡口区
대도리,大道理
대도무문,大道无门
대도살,大屠杀
대도시,大都市
대도하,大渡河
대도활부,大刀阔斧
대도회,大都会
대동,大同; 带同; 带动; 台东
대동간과,大动干戈
대동간화,大动肝火
대동계,大同系; 大洞契
대동구,大东区
대동단결,大同团结
대동맥,大动脉
대동성,带动性
대동소이,大同小异
대동시,大同市
대동중학,大同中学
대동탕,大动荡
대동현,台东县
대두,大豆; 抬头; 带头; 大头; 对头; 大肚
대두기,大豆期
대두유,大豆油
대두인,带头人
대두자,大肚子
대두채,大头菜
대두침,大头针
대득기,对得起
대등,对等; 台灯
대락사,大乐事
대란,大乱
대랑,大浪
대랑구,大狼狗
대랑도사,大浪淘沙
대래,带来
대략,大略
대략적,大略的
대량,大量; 大梁
대량산,大凉山
대량생산,大量生产
대량적,大量的
대량화,大量化
대려현,大荔县
대력,大力; 台历; 大历
대력사,大力士
대력신,大力神
대력지지,大力支持
대련,大连; 对联; 台联
대련기장,大连机场
대련대,大连队
대련로,大连路
대련리공대학,大连理工大学
대련만,大连湾
대련만보,大连晚报
대련만체대,大连万达队
대련시,大连市
대련시공안국,大连市公安局
대련시장,大连市场
대련실덕구락부,大连实德俱乐部
대련실덕대,大连实德队
대련의과대학,大连医科大学
대련일보,大连日报
대련지구,大连地区
대련항,大连港
대련해사대학,大连海事大学
대렬,队列
대렬렬,大咧咧
대령,大领; 待令; 带领
대령산,大岭山
대령청년,大龄青年
대례,大礼
대례당,大礼堂
대례식,大礼式
대로,大路; 带路; 对路; 代劳
대로변,大路边
대로사,戴老师
대로야문,大老爷们
대로조,大老粗
대로파,大老婆
대로화,大路货
대록,大绿
대록모,戴绿帽
대뢰,大牢
대료,对了; 大料
대룡,大龙
대루,大楼; 对垒
대류,对流
대류성,对流性
대류수,大柳树
대류층,对流层
대륙,大陆
대륙가,大陆架
대륙법,大陆法
대륙성,大陆性
대륙성기후,大陆性气候
대륙식,大陆式
대륙적,大陆的
대륙표이,大陆漂移
대리,代理; 大理
대리권,代理权
대리백족자치주,大理白族自治州
대리비,代理费
대리사,大理寺
대리상,代理商
대리석,大理石
대리시,大理市
대리암,大理岩
대리업,代理业
대리인,代理人
대리자,代理者
대리전,代理战
대리점,代理店
대리제,代理制
대리주,大理州
대림,戴琳
대림사,大林寺
대립,对立; 戴笠
대립기,对立期
대립면,对立面
대립적,对立的
대립통일,对立统一
대마,代码; 大麻; 大妈
대마문,大妈们
대마사혁,大马士革
대마초,大麻草
대막,大漠
대만,台湾
대만가,台湾街
대만공사,台湾公司
대만구,台湾区
대만대학,台湾大学
대만도,台湾岛
대만동삼전시대,台湾东森电视台
대만성,台湾省
대만시장,台湾市场
대만원,大满员
대만인,台湾人
대만지구,台湾地区
대만해협,台湾海峡
대만해협지구,台湾海峡地区
대망,大望; 待望; 大纲; 大忙
대망로,大望路
대망론,待望论
대망막,大网膜
대망서,戴望舒
대매,大卖; 对骂; 大买
대매출,大卖出
대맥,大麦
대맹,台盟
대면,对面; 台面
대면적,大面积
대명,大名; 待命
대명궁,大明宫
대명대방,大鸣大放
대명로,大明路
대명부,大名府
대명사,代名词
대명사적,代名词的
대명산,大明山
대명정정,大名鼎鼎
대명천지,大明天地
대명호,大明湖
대모,大母; 玳瑁; 戴某; 代某
대모대양,大模大样
대모륵,戴姆勒
대모자,戴帽子; 大帽子
대모집,大募集
대목,大木
대무외,大无畏
대무지,大拇指
대문,大文; 大门; 对门
대문간,大门间
대문구,大门口
대문라,大纹罗
대문자,大文字
대미,大尾; 对美; 大米; 对味
대미동,戴美瞳
대민,对民
대민주,大民主
대반,大半; 大班; 对半; 带班; 大盘
대반격,大反击
대반점,大饭店
대반후시,大盘后市
대발,大发; 代发
대발뢰정,大发雷霆
대발비기,大发脾气
대발자비,大发慈悲
대발작,大发作
대발횡재,大发横财
대방,对方; 大方; 大房; 贷方
대방궐사,大放厥词
대방식,贷方式
대방이채,大放异彩
대방향,大方向
대방현,大方县; 大坊县
대배,代培
대배당,大排档
대배량,大排量
대배우,大俳优
대배행,大排行
대백,对白; 大白; 大伯
대백서,大白鼠
대백우천하,大白于天下
대백채,大白菜
대백천,大白天
대백화,大白话
대범,大泛; 大凡
대법,大法
대법관,大法官
대법원장,大法院长
대변,代辩; 大便; 对边
대변론,大辩论
대변신,大变身
대변여눌,大辩如讷
대변인,代辩人
대변인단,代辩人团
대변자,代辩者
대변칙,大变则
대변혁,大变革
대변환,大变换
대별,大别
대별산,大别山
대별산구,大别山区
대병,大兵; 带兵; 大饼; 带病
대병국,戴秉国
대병단,大兵团
대보,大辅; 大步; 大宝; 代步; 大报; 台步
대보류성,大步流星
대보초,大堡礁
대복편편,大腹便便
대본,台本; 大本
대본급,对本级
대본소,贷本所
대본영,大本营
대봉,大棒
대봉차,大篷车
대부,代父; 大富; 贷付; 对付; 大夫; 大部; 大副; 代付; 队部; 对部; 戴夫
대부경,大不敬
대부계,贷付系
대부공당,对簿公堂
대부금,贷付金; 贷付金
대부기,对不起
대부대,大部队
대부대귀,大富大贵
대부두,大部头
대부렬전,大不列颠
대부료,大不了
대부문,大夫们
대부분,大部分
대부주,对不住
대북,对北; 台北
대북시,台北市
대북지검서,台北地检署
대북지방법원,台北地方法院
대북차참,台北车站
대북현,台北县
대분,大体; 大粪
대분류,大分类
대분망천,戴盆望天
대분상,大体上
대분자,大分子
대불기,对不起
대붕,大鹏; 大棚
대비,大妃; 对备; 对比; 大批; 戴妃
대비기,对备期
대비도,对比度
대비무,大比武
대비법,对比法
대비색,对比色
대비성,对比性
대비적,对比的
대비책,对备策
대비판,大批判
대사,代谢; 台词; 大事; 大使; 大师; 大肆; 大赦; 大写; 代词; 待查
대사건,大事件
대사관,大使馆
대사관원,大使馆员
대사급,大师级; 大使级
대사기,大事记
대사량,代谢量
대사령,大赦令
대사률,代谢率
대사륵,代斯勒
대사마,大司马
대사면,大赦免
대사문,大师们
대사물,代谢物
대사법,台词法
대사부,大师傅
대사부대인,对事不对人
대사상가,大思想家
대사선전,大肆宣传
대사성,代谢性
대사왕,戴思旺
대사용자,对使用者
대사자모,大写字母
대사전,大辞典
대사직,大使职
대사찰,大寺刹
대사천하,大赦天下
대사헌,大司宪
대사화소,大事化小
대산,大蒜; 大山; 台山; 待产; 岱山
대산시,台山市
대산자,大山子
대살풍경,大煞风景
대삼,戴森
대상,大赏; 对象; 带状; 台上; 戴上; 台商; 大象; 大祥
대상경정,大相径庭
대상국,对象国
대상룡,戴相龙
대상물,对象物
대상성,对象性
대상신,对象神
대상인,大商人
대상자,对象者; 对伤者
대상작,大赏作
대상적,对象的
대상지,对象地
대상층,对象层
대상화,对象化
대새,大赛
대생,对生
대생축,大牲畜
대서,大暑; 袋鼠; 大书; 代书
대서마혁,大舒马赫
대서북,大西北
대서사시,大敍事诗
대서산,大屿山
대서양,大西洋
대서특서,大书特书
대서특필,大书特笔
대석교,大石桥
대선,大选; 大仙
대선거구제,大选举区制; 大选擧区制
대선배,大先辈
대선생,戴先生
대설,大说; 大雪
대설두,大舌头
대설산,大雪山
대섬멸전,大歼灭战
대성,大姓; 大成; 大声; 大城
대성공,大成功
대성당,大圣堂
대성성,大猩猩
대성시,大城市
대성악,大晟乐
대성장,代省长
대성전,大成殿
대성질호,大声疾呼
대성통곡,大声痛哭
대성황,大盛况
대세,大势
대세계,大世界
대세론,大势论
대소,大小; 大笑; 大关; 代销
대소림,代小琳
대소변,大小便; 大小便
대소사,大小事; 大昭寺
대소설가,大小说家
대소야,大少爷
대소절,对关节
대소점,代销店
대소제,大扫除
대소편,大小便
대속,待续; 台属
대손,代孙
대수,代数; 台数; 大数; 对手; 大帅; 大修; 大水; 代收; 大嫂; 代售; 对数; 大寿
대수대각,大手大脚
대수리,大修理
대수문,对手们
대수비,代收费
대수술,大手术
대수필,大手笔
대수학자,大数学者
대숙,大叔
대숙문,大叔们
대순,大顺
대순환,大循环
대승,大乘
대승기,大乘期
대승리,大胜利
대승적,大乘的
대시,对视
대시대비,大是大非
대시인,大诗人
대시장,代市长
대식,大食
대식구,大食口
대식기,台式机
대신,代身; 大臣; 大新; 带信; 大神
대신문,大臣们
대실,大失
대실소망,大失所望
대실험성,对实验性
대심,大婶; 对心
대아,大我; 对我; 对儿; 大牙; 大雅
대아만,大亚湾
대아만핵전참,大亚湾核电站
대아장,台儿庄
대아지당,大雅之堂
대악,大乐
대안,代案; 对案; 对岸; 大雁; 对眼; 大安; 台安
대안경,戴眼镜
대안나,戴安娜; 黛安娜
대안란,戴安澜
대안요안,大案要案
대안적,代案的
대애,大爱
대야,大爷; 大冶
대야공통,大野功统
대야문,大爷们
대야시,大冶市
대야합,大野合
대약,大约
대약방,大药房
대약진,大跃进
대양,大洋; 代养; 大样
대양주,大洋洲
대어,大鱼; 带鱼; 台语
대어대육,大鱼大肉
대언,代言
대언부참,大言不惭
대언인,代言人
대업,大业; 待业
대여,贷与; 大余
대여금,贷与金; 贷与金
대여당,大与党
대여료,贷与料
대여업,贷与业
대여업소,贷与业所
대여현,大余县
대역,代役; 大逆; 带域; 对易
대역부도,大逆不道
대역사,大历史; 大役事
대역전극,大逆战剧
대연,大烟
대연합,大联合
대열,队列
대열성,大悦城
대열성점,大悦城店
대영,大英
대영박물관,大英博物馆
대예,大鲵
대오,大悟; 队伍
대옥,黛玉
대옥강,戴玉强
대완,大腕
대완문,大腕们
대왕,大王; 带往
대왕제,大王制
대외,对外
대외무역경제합작부,对外贸易经济合作部
대외무역법,对外贸易法
대외비,对外秘
대외수,大外水
대외우협,对外友协
대외적,对外的
대외전,对外战
대요,大要; 大姚
대요대파,大摇大摆
대요만,大窑湾
대용,代用; 大用
대용량,大容量
대용품,代用品
대우,对于; 待遇; 大于; 队友; 大雨; 大禹; 大宇; 对偶
대우경분,大雨倾盆
대우난자,对遇难者
대우문,队友们
대우방타,大雨滂沱
대우법,大于法
대우주,大宇宙
대우집단,大宇集团
대우탄금,对牛弹琴
대운하,大运河
대운회,大运会
대웅묘,大熊猫
대웅보전,大雄宝殿
대웅전,大雄殿
대원,队员; 大院; 大员; 大圆; 戴远
대원문,队员们
대원수,大元帅
대원칙,大原则
대월,大月
대위,大尉; 大卫; 代为; 对位
대위권,代位权
대위흘경,大为吃惊
대유,大有; 戴维; 大儒; 大油
대유가위,大有可为
대유래두,大有来头
대유문장,大有文章
대유비익,大有裨益
대유사,戴维斯
대유사배,戴维斯杯
대유삼,戴维森
대유영,戴维营
대유익처,大有益处
대유인재,大有人在
대유작위,大有作为
대유지년,大有之年
대유행,大流行
대육,大肉
대은,大恩
대은대덕,大恩大德
대은막,大银幕
대음,对饮
대읍,大邑
대읍현,大邑县
대응,对应
대응물,对应物
대응책,对应策
대의,代议; 大义; 大衣; 大意; 队医
대의름연,大义凛然
대의멸친,大义灭亲
대의명분,大义名分
대의원,代议员
대의제,代议制
대이,戴尔; 大姨
대이공사,戴尔公司
대이동,大移动
대이무당,大而无当
대이원,大二院
대이전,大而全
대이전뇌,戴尔电脑
대이화지,大而化之
대인,大人; 对人; 待人; 大印
대인문,大人们
대인물,大人物
대인적,大人的
대인접물,待人接物
대일,对日
대일변,大一变
대일원,大一院
대일점,大一点
대일통,大一统
대입,大入; 带入; 代入
대입식,代入式
대자,大字; 袋子; 对子; 带子; 台子; 带刺
대자규중,待字闺中
대자대비,大慈大悲
대자보,大字报
대자부신,大字不识
대자산계급,大资产阶级
대자연,大自然
대작,代作; 大作; 对酌
대작가,大作家
대작물,大作物
대작전,大作战
대잠,对潜
대잡,大卡; 台币
대잡원,大杂院
대잡회,大杂烩
대장,台帐; 大将; 大肠; 大奖; 队长; 台长; 袋装; 大酱; 对仗
대장간균,大肠杆菌
대장경,大藏经
대장경판,大藏经版
대장군,大将军
대장균,大肠菌
대장기고,大张旗鼓
대장부,大丈夫
대장상,大将相
대장새,大奖赛
대장성,大藏省
대장암,大肠癌
대장염,大肠炎
대장원,大庄园
대장정,大长程
대장진,大庄镇
대장풍도,大将风度
대재난,大灾难
대재벌,大财阀
대재소용,大材小用
대저,大抵; 大姐
대저택,大邸宅; 大邸宅
대적,对敌; 台籍
대전,大典; 大战; 大田; 对战; 大专; 大全; 大殿; 台前; 带电; 带钱
대전굉도,大展宏图
대전구화,对全球化
대전시실,大展示室
대전원교,大专院校
대전자,大转子
대전제,大前提
대전천,大前天
대전향,大转向
대전홍자,大田弘子
대전환,大转换
대절,贷切; 对折; 大节
대절낙기,大切诺基
대접,待接; 对接
대접론,待接论
대접전,大接战
대정,大定; 对证; 大政; 代征
대정광중,大庭广众
대정급,大顶级
대정방침,大政方针
대정치가,大政治家
대제,大帝; 大堤; 大题; 对齐; 代际; 大弟
대제국,大帝国
대제금,大提琴
대제전,大祭典
대제학,大提学
대조,对照; 大潮; 大枣; 大鸟; 大调; 对调
대조대판,大操大办
대조사,大祖师
대조적,对照的
대조표,对照表
대조품,对照品
대조화,大造化
대족,大族; 大足
대족현,大足县
대존량,对存量
대졸,大卒
대졸자,大卒者
대종,大宗
대종사,大钟寺
대종회,大宗会
대좌,台座; 对坐
대죄립공,戴罪立功
대주,贷株; 带走; 台州; 大洲; 大周; 台柱
대주교,大主教
대주당가,对酒当歌
대주루,大酒楼
대주문장,大做文章
대주시,台州市
대주업,大主业
대주임,代主任
대주자,台柱子
대주점,大酒店
대주주,大株主
대죽,大竹
대죽현,大竹县
대준,对准
대중,大众; 对中; 台中
대중가요,大众歌谣
대중공사,大众公司
대중교통,大众交通
대중극,大众剧
대중기차공사,大众汽车公司
대중기차집단,大众汽车集团
대중론,大众论
대중마,大仲马
대중목욕탕,大众沐浴汤
대중문화,大众文化
대중문화론,大众文化论
대중문화적,大众文化的
대중문화화,大众文化化
대중서,大众书
대중성,大众性
대중성시,大中城市
대중소,大中小
대중시,台中市
대중시장,大众市场
대중오락,大众娱乐; 大众娱樂
대중음악,大众音乐
대중음악가,大众音乐家; 大众音樂家
대중음악인,大众音乐人; 大众音樂人
대중일보,大众日报
대중적,大众的
대중전,大中专
대중전파,大众传播
대중주,大众酒
대중지,大众志
대중집단,大众集团
대중차대,大众车队
대중탕,大众汤
대중학교,大中学校
대중현,台中县
대중형,大中型
대중화,大众化
대중화주의,大众化主义
대증,对症
대증하약,对症下药
대지,台地; 垈地; 大地; 大志; 大指
대지강,戴志康
대지대용,大智大勇
대지약우,大智若愚
대지이,代之以
대지진,大地震
대지휘자,大指挥者
대직,对直; 代职
대진,对阵; 大秦; 戴震
대진도,大陈岛
대진선,大秦线
대진철로,大秦铁路
대진표,对阵表
대질,对质
대질안경,大跌眼镜
대집단,大集团
대집분,大集体
대집행,代执行
대차,大差; 贷借; 对此; 大车; 台车
대착,带着; 大错
대착간,对着干
대착특착,大错特错
대찬,大餐
대참,大站
대참사,大惨事
대창,大厂; 对唱; 大枪; 大氅
대채,大寨; 大菜
대채대대,大寨大队
대채식,大寨式
대채현,大寨县
대책,对策
대책란,大栅栏
대책반,对策班
대책안,对策案
대책위,对策委
대처,大处; 对处
대처착안,大处着眼
대척적,对跖的; 对蹠的
대천발서,对天发誓
대천세계,大千世界
대천지원수,戴天之怨讐
대철대오,大彻大悟
대첩,大捷
대청,大厅
대청산,大青山
대청소,大清扫; 大淸扫
대청조,大清早
대청천,大晴天
대청협,大青叶
대체,代替; 大体
대체물,代替物
대체적,大体的
대체품,代替品
대초,对焦
대초대뇨,大吵大闹
대초원,大草原
대총,大葱
대총리,代总理
대총통,大总统; 代总统
대추,大锤; 大秋
대축제,大祝祭
대축척,大缩尺
대춘,大春
대춘화,戴春华
대출,贷出
대출금,贷出金; 贷出金
대출력,贷出力
대출분,贷出分
대출액,贷出额
대출자,贷出者
대출풍두,大出风头
대출혈,大出血
대취락,大聚落
대층,代层
대치,代置; 对峙; 大致
대치물,代置物
대치상,大致上
대친,对亲
대침,大针
대칭,对称; 代称; 台秤
대칭성,对称性
대칭적,对称的
대칭축,对称轴
대쾌인심,大快人心
대쾌타이,大快朵颐
대타,代打; 对打
대타론,代打论
대타출수,大打出手
대탁,大拆
대탄비용,待摊费用
대탄압,大弹压
대탈출,大脱出
대택,大宅
대토론회,大讨论会
대토지,大土地
대통,大通; 大统
대통력,大统历
대통령,大统领
대통령령,大统领令
대통령상,大统领赏
대통령제,大统领制
대통령직,大统领职
대통령학,大统领学
대퇴,大腿
대투매,大投卖
대투쟁,大鬪争
대투형,大套型
대파,大破; 大巴; 大坝; 大把
대파산,大巴山
대파차,大巴车
대판,代办; 大阪; 台办; 大办
대판강파대,大阪钢巴队
대판원,代办员
대판처,代办处
대패,大败; 大牌
대패니,戴佩妮
대패문,大牌们
대팽창기,大膨胀期
대편,大片; 大便
대평원,大平原
대포,大砲; 大包; 大炮; 台胞; 台布; 大埔
대포간,大包干
대포구복,大饱口福
대포대람,大包大揽
대포동,大浦洞
대포안복,大饱眼福
대폭,大幅
대폭도,大幅度
대폭발,大爆发
대폭작,大爆炸
대폭적,大幅的
대표,代表
대표곡,代表曲
대표권,代表权
대표단,代表团
대표대,代表队
대표대회,代表大会
대표문,代表们
대표부,代表部
대표성,代表性
대표위원문,代表委员们
대표인,代表人
대표인사,代表人士
대표자,代表者
대표작,代表作
대표적,代表的
대표제,代表制
대표직,代表职
대표처,代表处
대풍,台风; 大风; 大丰
대풍대랑,大风大浪
대풍설,大风雪
대풍수,大丰收
대풍시,大丰市
대풍은행,大丰银行
대피,待避
대피소,待避所
대필,代笔; 大笔
대필생,代笔生
대필일혼,大笔一挥
대하,大河; 带下; 大厦; 对虾; 大虾
대하보,大河报
대하증,带下症
대학,大学
대학가,大学街
대학교,大学校
대학교수,大学教授
대학로,大学路
대학문,大学问
대학사,大学士
대학살,大虐杀
대학생,大学生
대학생문,大学生们; 对学生们
대학원,大学院
대학원생,大学院生
대한,大寒; 大旱; 大汉; 大汗; 大限
대한림리,大汗淋漓
대한민국,大韩民国
대할인,大割引
대함,大喊
대함대규,大喊大叫
대합,大蛤; 对合
대합실,待合室
대합창,大合唱
대항,对抗; 大港
대항구,大港区
대항새,对抗赛
대항성,对抗性
대항오,台港澳
대항적,对抗的
대항전,对抗战
대해,大海
대해로침,大海捞针
대해류,对该类
대해자문,对孩子们
대해지구,台海地区
대핵,大势; 大核
대핵소추,大势所趋
대핵이거,大势已去
대행,代行; 大幸
대행기,代行期
대행사,代行社
대행성,大行星
대행업,代行业
대행업체,代行业体
대행자,代行者
대행정구,大行政区
대행진,大行进
대혁,对弈
대혁명,大革命
대현,代县
대현신수,大显身手
대혈,大穴
대혈전,大血战
대혈투,大血鬪
대협,大侠
대협곡,大峡谷
대협작,大协作
대형,大型; 大亨; 队形; 大兄
대형기업,大型企业
대형선,大型船
대형차,大型车
대형화,大型化
대호,大户; 大好; 代号; 大号; 带好; 大湖; 对号
대호소규,大呼小叫
대호입좌,对号入座
대호족,大豪族
대호하산,大好河山
대호형,大户型
대호황,大好况
대혹부해,大惑不解
대혼란,大混乱
대홍,大红
대홍대록,大红大绿
대홍대자,大红大紫
대홍면포,大红绵布
대홍문,大红门
대홍수,大洪水
대홍인,大红人
대화,对话; 大火; 大话; 大和; 大化; 对火; 带花
대화검,大花脸
대화광,对话框
대화민족,大和民族
대화방,对话房
대화방식,对话方式
대화법,对话法
대화어아금,大花鱼牙锦
대화임두,大祸临头
대화자,对话者
대화재,大火灾
대화집단,大华集团
대화체,对话体
대화합,大和合
대화해,大和解
대화형,对话型
대화회,对话会
대확전승,大获全胜
대환,大环; 大患; 对换
대환경,大环境
대환혈,大换血
대활,对敌; 大敌
대활당전,大敌当前
대활투쟁,对敌斗争
대황,大黄
대황봉,大黄蜂
대황어,大黄鱼
대회,大会; 带回; 代会
대회당,大会堂
대회신,大会新
대회아,待会儿
대회의실,大会议室
대회장,大会场
대회전,大回战; 大会战
대후방,大后方
대후천,大后天
대훈장,大勋章
대훼,大虫
대흉근,大胸筋
대흉년,大凶年
대흘대갈,大吃大喝
대흘일경,大吃一惊
대흥,大兴
대흥구,大兴区
대흥안령,大兴安岭
대흥안령지구,大兴安岭地区
대흥토목,大兴土木
대희,大喜; 大戏
대희과망,大喜过望
댁,宅
덕,德; 徳
덕갑제,德甲第
덕강,德江
덕강현,德江县
덕격,德格
덕경,德庆
덕고망중,德高望重
덕과,德科
덕굉,德宏
덕굉주,德宏州
덕국,德国
덕국공사,德国公司
덕국국가대,德国国家队
덕국대,德国队
덕국상업은행,德国商业银行
덕국서문자공사,德国西门子公司
덕국시장,德国市场
덕국인,德国人
덕국정교소,德国证交所
덕국족협,德国足协
덕국참,德国站
덕국총부,德国总部
덕군,德军
덕극,德克
덕극사,德克士
덕극살사,德克萨斯
덕극살사주,德克萨斯州
덕근,德勤
덕담,德谈
덕도,德都
덕라서,德罗西
덕라파,德罗巴
덕란,德兰
덕랍,德拉
덕랍길,德拉吉
덕랍라살,德拉罗萨
덕력서,德力西
덕로,德鲁
덕로극,德鲁克
덕로이,德鲁伊
덕뢰극,德雷克
덕뢰극사륵,德雷克斯勒
덕룡,德龙
덕루사돈,德累斯顿
덕륭,德隆
덕륵,德勒
덕리,德里
덕리극,德里克
덕리체,德里达
덕림,德林
덕망,德望; 德纲
덕망가,德望家
덕명,德明
덕목,德目
덕문,德文
덕문체야왜,德门蒂耶娃
덕반,德班
덕방,德方; 德邦
덕법,德法
덕보,德普; 德保
덕복,德福
덕부,德芙
덕분,德分
덕비,德比
덕비사,德菲丝
덕사,德斯
덕사말체,德斯帕蒂
덕사탄,德斯坦
덕삼,德森
덕상,德尚
덕새,德赛
덕새리,德塞利
덕서,德西
덕선생,德先生
덕성,德性; 德盛
덕수궁,德寿宫
덕승,德胜
덕승문,德胜门
덕신사,德新社
덕안,德安
덕안동니,德安东尼
덕안현,德安县
덕약과유기,德约科维奇
덕양,德阳
덕양시,德阳市
덕어,德语
덕업,德业
덕업상권,德业相劝
덕예쌍,德艺双
덕오,德奥
덕왜,德娃
덕용,德容
덕운사,德云社
덕유이반,德维尔潘
덕육,德育
덕육과,德育课
덕은,德银
덕을,德乙
덕의,德意
덕의지,德意志
덕이,德尔
덕이가다,德尔加多
덕이복,德尔福
덕이탑,德尔塔
덕인,德仁
덕자,德子; 德者
덕재,德才
덕재겸비,德才兼备
덕적,德籍
덕정,德政; 德鼎
덕종,德宗
덕주,德州
덕주시,德州市
덕주의기,德州仪器
덕지,德之
덕지분,德智体
덕지전,德之战
덕창,德昌
덕천,德川
덕청,德清
덕청현,德清县
덕치,德治
덕택,德泽
덕표서,德彪西
덕항,德恒
덕행,德行
덕혜,德惠
덕혜시,德惠市
덕호윤,德豪润
덕화,德化; 德华
덕화현,德化县
덕회특,德怀特
덕흑란,德黑兰
덕흠,德钦
덕흥,德兴
덧칠,­漆
도,到; 道; 都; 度; 导; 图; 倒; 岛; 掉; 逃; 跳; 徒; 刀; 途; 挑; 渡; 陶; 盗; 涂; 桃; 赌; 涛; 屠; 萄; 掏; 堵; 祷; 淘; 兜; 稻; 睹; 蹈; 捣; 滔; 嘟; 叨; 悼; 焘; 韬; 荼; 镀; 饕; 啕; 杲; 绦; 菟; 氘; 洮; 鼗; 忉; 棹; 阇; 覩; 迯; 绹; 酴; 鋾; 蓞; 蜪; 醄; 稌; 飸; 鱽; 稲; 謟; 衟; 隝; 鷵; 祹; 軇; 縚; 圖; 刂; 導; 島; 弢; 盜; 塗; 賭; 禱; 濤; 嶋; 捯
도가,道家; 都家; 到家; 度假; 刀架; 掉价; 陶家
도가구,度假区
도가촌,度假村
도각,跳脚; 稻壳; 倒角
도간,挑拣; 陶侃
도감,图鉴; 都监
도강,渡江
도강언,都江堰
도강언시,都江堰市
도개,涂改; 逃开; 跳开
도검,刀剑
도격랍사,道格拉斯
도격열부,屠格涅夫
도겸,道歉; 陶谦
도경,道警; 途径; 途经; 到京; 图景; 道经; 道琼
도경사,道琼斯
도경사공사,道琼斯公司
도경사통신사,道琼斯通讯社
도경화종,刀耕火种
도계시,倒计时
도계천,陶启泉
도고,跳高; 祷告; 捣鼓; 道姑; 图库; 叨咕
도고수,倒苦水
도곡,稻谷
도곤,赌棍
도공,跳空; 掏空; 徒工
도과,度过; 渡过; 逃课; 跳过; 倒戈; 图科
도과난소,渡过难关
도과래,倒过来
도관,导管; 道观; 陶罐; 倒灌; 道宽
도관암,导管癌
도광,道光
도광검영,刀光剑影
도광소,屠光绍
도광양회,韬光养晦
도괘,倒挂
도굉개,陶宏开
도교,道教; 渡桥
도교수,陶教授
도교적,道教的
도구,道具; 刀具; 导购; 道口; 渡口; 刀口; 倒扣; 赌具; 堵口; 稻区
도구상,刀口上
도구소저,导购小姐
도구원,导购员
도구적,道具的
도국,岛国
도국근성,岛国根性
도군자지복,度君子之腹
도굴,盗掘
도권,图卷
도궤,导轨
도귀,捣鬼; 赌鬼
도균,都匀
도균시,都匀市
도균현,都匀县
도금,镀金; 淘金; 镀金
도금자,淘金者
도급,都给; 跳级
도기,到期; 挑起; 淘气; 赌气; 陶器; 道奇; 跳棋
도기일,到期日
도길길,陶吉吉
도난,盗难; 逃难
도난당,盗难当
도난품,盗难品
도낭,嘟囔
도내,道内; 岛内
도녀사,陶女士
도념,悼念; 叨念
도농,都农; 嘟哝
도뇨,导尿
도능,都能
도닉,逃匿
도단,捣蛋
도달,到达
도담,挑担
도당,徒党; 渡唐; 道党
도대,跳台; 倒台; 掉队; 倒带; 道台; 导带
도대량,挑大梁
도대체,都大体
도덕,道德
도덕감,道德感
도덕군자연,道德君子然
도덕규범,道德规范
도덕성,道德性
도덕심,道德心
도덕인,道德人
도덕적,道德的
도덕주의,道德主义
도덕주의자,道德主义者
도덕주의적,道德主义的
도도,滔滔; 道都; 嘟嘟; 赌徒; 道道; 跳跳; 叨叨; 屠刀; 陶陶; 挑挑; 图图
도도간간,挑挑拣拣
도도무,跳跳舞
도도문,赌徒们
도도부절,滔滔不绝
도독,都督; 导读; 荼毒
도동,跳动; 挑动; 陶冬; 盗洞
도두,掉头; 到头; 挑逗; 刀豆; 挑头
도두래,到头来
도두성,挑逗性
도두취수,倒头就睡
도둔,逃遁
도득이,都得以
도등,图腾; 倒腾; 挑灯; 捣腾
도등숭배,图腾崇拜
도등야전,挑灯夜战
도락,掉落; 镀铬
도란,捣乱
도란타,图兰朵
도랄급,倒垃圾
도랍,图拉
도랍모,图拉姆
도래,到来; 渡来
도래도거,跳来跳去
도래인,渡来人; 渡來人
도략,韬略
도량,道场; 度量; 陶亮
도량소추,跳梁小丑
도량형,度量衡
도련,导联
도령,都灵
도령대,都灵队
도례,图例
도로,道路; 徒劳; 叨唠; 嘟噜
도로국장,道路局长
도로나,陶璐娜
도로망,道路网
도로무공,徒劳无功
도로무익,徒劳无益
도로변,道路边
도로사,陶老师
도로이목,道路以目
도로자,图卢兹
도록,图录
도뢰,图雷
도료,到了; 涂料
도룡,屠龙
도룡지기,屠龙之技
도루,盗垒; 跳楼; 掉泪; 堵漏
도루왕,盗垒王
도류,倒流; 导流
도류단,桃榴缎
도륙,屠戮
도륜,渡轮
도리,道理; 逃离; 桃李; 图利; 道里
도리구,道里区
도리만천하,桃李满天下
도립,道立; 倒立; 陶粒
도마,跳马
도마단,刀马旦
도말,涂抹
도망,逃亡
도망자,逃亡者
도매,都卖; 倒霉; 倒卖; 盗卖
도매상,都卖商
도매업,都卖业
도매업자,都卖业者
도면,图面
도명,盗名; 逃命; 挑明
도명사,道明寺
도모,图谋; 陶某
도모병,挑毛病
도모부궤,图谋不轨
도모안연,道貌岸然
도목수,都木手
도몰,都没
도묘,盗墓; 稻苗
도묘자,盗墓者
도묘적,盗墓贼
도무,跳舞
도문,道门; 图文; 图们
도문강,图们江
도문대작,屠门大嚼
도문병무,图文并茂
도물사인,睹物思人
도미,渡美; 稻米; 淘米; 倒楣
도미려,陶美丽
도민,道民
도박,赌博; 道博
도박장,赌博场
도반,道班; 倒反; 倒班
도발,挑发; 挑拨
도발리간,挑拨离间
도발적,挑发的
도방,倒放
도방자,跳房子
도배,涂褙; 刀背
도배여류,倒背如流
도배지,涂褙纸
도백,道白
도백림,都柏林
도벌,盗伐
도범,逃犯
도법,刀法; 道法
도벽,盗癖
도별,道别
도병,逃兵; 刀柄
도보,徒步; 淘宝; 图谱; 图报
도복,倒伏
도봉,刀锋
도봉삼,屠奉三
도부,到付; 都不; 屠夫; 挑夫
도부도,逃不掉
도부동,道不同
도부동부상위모,道不同不相为谋
도부시,道不是
도부여,倒不如
도분,导体; 逃奔
도불습유,道不拾遗; 道不拾遗
도비,盗匪; 倒飞; 道比; 陶菲
도비간수,挑肥拣瘦
도비극,陶菲克
도비슬,稻飞虱
도사,道使; 道士; 导师; 道谢; 悼词; 涂写; 挑唆
도사자,菟丝子
도삭면,刀削面
도산,倒产; 跳伞; 刀山; 逃散; 倒算
도산화해,刀山火海
도살,屠杀
도삼,道森
도삼간사,挑三拣四
도삽문,倒插门
도상,道上; 图像; 涂上; 跳上; 倒像; 刀伤
도상문건,图像文件
도상적,图像的
도상처리,图像处理
도새,堵塞
도색,桃色; 涂色; 掉色
도생,逃生
도생주의,图生主义
도서,图书; 岛屿; 倒叙
도서관,图书馆
도서관장,图书馆长
도서관장실,图书馆长室
도서관학,图书馆学
도서관학과,图书馆学科
도서실,图书室
도서장,图书奖
도선,渡船; 挑选; 导线
도선기장,桃仙机场
도선생,陶先生
도선장,渡船场
도설,图说
도성,都城; 涛声; 稻城; 屠城
도성제,道圣谛
도세,道税; 逃税
도소,屠苏; 桃酥
도소지양,屠所之羊
도손,徒孙
도솔천,兜率天
도쇄,涂刷
도수,刀手; 度数; 到手; 倒数; 跳水; 徒手; 挑水; 倒水; 桃树; 导数; 稻穗; 倒手
도수새,跳水赛
도승,跳绳
도시,倒是; 都市; 都是; 到时; 图示
도시공원,都市公园
도시과,都市课
도시국장,都市局长
도시극,都市剧
도시인,都市人
도시적,都市的
도시형,都市型
도시화,都市化
도시후,到时候
도식,图式; 挑食; 涂饰
도식성,图式性
도식적,图式的
도식화,图式化
도심,盗心; 都心; 掏心; 堵心
도심지,都心地
도심형,倒心形
도씨,陶氏
도아,涂鸦; 道儿; 图雅
도안,图案; 到岸; 到案; 都安
도안적,图案的
도알,盗挖
도앙,稻秧
도야,陶冶; 倒爷
도야성정,陶冶性情
도야정조,陶冶情操
도약,跳跃
도약기,跳跃期
도약력,跳跃力
도약성,跳跃性
도약식,跳跃式
도양,图样
도어,刀鱼
도언,导言
도역유도,盗亦有道
도연,导演; 徒然; 陶然
도연명,陶渊明
도연문,导演们
도연장,导演奖
도연정,陶然亭
도열,堵列; 堵列; 导热
도영,倒影; 倒映; 陶颖
도예,陶艺
도예가,陶艺家
도예과,陶艺科
도옥,陶玉
도온병,稻瘟病
도와,倒卧
도와로,图瓦卢
도왕,逃往; 赌王
도외,度外
도외구,道外区
도외시,度外视
도요,都要
도요포,掏腰包
도용,盗用; 陶俑
도원,桃园; 桃源; 跳远; 道员; 道院
도원결의,桃园结义
도원경,桃源境
도원기장,桃园机场
도원현,桃源县
도월,跳越
도위,到位; 陶伟; 都尉; 倒位
도위구,倒胃口
도위률,到位率
도유,都有; 导游
도유기표,徒有其表
도유원,导游员
도유허명,徒有虚名
도은,镀银; 赌瘾
도읍,都邑
도읍지,都邑地
도의,道义
도의원,道议员
도의적,道义的
도의회,道议会
도이,图尔
도이경심,掉以轻心
도인,道人; 刀刃; 导引; 桃仁; 盗印
도일,逃逸; 度日
도일여년,度日如年
도임,到任
도입,导入; 倒入; 跳入
도입기,导入期
도입부,导入部
도입선,导入船
도자,陶瓷; 刀子; 桃子; 赌资; 镀锌; 挑刺; 稻子; 倒刺; 道子; 陶子; 挑子
도자기,陶瓷器
도자도손,徒子徒孙
도자업,陶瓷业
도자취,刀子嘴
도자취두부심,刀子嘴豆腐心
도작,稻作
도잠,陶潜
도장,图章; 涂装; 道场; 到场; 赌场; 倒装; 徒长; 屠场
도재,都在; 屠宰
도재세,屠宰税
도재장,屠宰场
도저,到底
도적,盗贼
도적질,盗贼­
도전,挑战; 稻田; 导电; 倒转; 掉转; 赌钱; 刀剪
도전감,挑战感
도전력,挑战力
도전새,挑战赛
도전서,挑战书
도전성,挑战性; 导电性
도전자,挑战者
도전작,挑战作
도전장,挑战状; 挑战狀
도전적,挑战的
도절,盗窃; 堵截
도절범,盗窃犯
도절부,都绝不
도점,到点; 掉点
도정,捣精; 道程; 到顶; 到庭; 图钉; 道情
도정영,陶晶莹
도제,道制; 徒弟; 陶制
도제문,徒弟们
도조,赌租; 跳槽; 跳蚤; 道祖; 渡槽; 倒灶
도조시장,跳蚤市场
도존,图存
도종,稻种; 道宗
도주,逃走; 堵住; 赌注; 陶铸
도주발서,赌咒发誓
도중,途中
도중담,挑重担
도중예미,涂中曳尾
도중하차,途中下车
도증주인,盗憎主人
도지,图纸; 道地
도지말분,涂脂抹粉
도지사,道知事
도지사실,道知事室
도지요요,逃之夭夭
도지혼사,都指挥使
도직,到职
도진,跳进; 道真; 岛津
도진우,陶震宇
도차,堵车; 倒车; 刀叉; 跳车; 倒茶; 道岔
도착,倒错; 到着
도착적,倒错的
도찬,逃窜
도찰원,都察院
도참,到站
도참설,图谶说
도창,盗抢; 刀枪; 都昌
도창부입,刀枪不入
도창현,都昌县
도채,赌债; 逃债
도책,图册
도처,到处
도척,挑剔
도천,滔天
도천죄행,滔天罪行
도철,饕餮
도철헌,陶哲轩
도첨,刀尖
도첩,度牒; 倒贴
도청,盗听; 道厅; 道清
도청도설,道听涂说; 道听途说
도체,到达
도체률,到达率
도체이,道达尔
도초,稻草
도초인,稻草人
도춘한,倒春寒
도출,导出; 跳出; 倒出
도출거,逃出去
도출초,刀出鞘
도취,陶醉; 盗取; 嘟嘴; 挑取
도취경,陶醉境
도취적,陶醉的
도측기보,道侧奇宝
도층,涂层; 镀层
도치,导致; 倒置
도치법,倒置法
도치실패,导致失败
도타일파,倒打一耙
도탄,涂炭; 导弹
도탄잡몽,图坦卡蒙
도탄지고,涂炭之苦
도탈,逃脱
도탈부료,逃脱不了
도탑,倒塌
도태,淘汰
도태류,淘汰类
도태률,淘汰率
도태새,淘汰赛
도태제,淘汰制
도토,陶土
도통,道统; 道通; 都统
도퇴,倒退
도파,图巴; 刀把; 道破
도파자,刀把子
도판,盗版; 跳板; 图版; 图板; 导板
도판률,盗版率
도편,图片; 刀片; 涂片; 陶片
도폐,倒闭; 倒毙
도포,道袍; 逃跑; 掉包; 涂布
도표,图表; 图标; 逃票
도표화,图表化
도피,逃避
도피구,逃避口
도피근,跳皮筋
도피성,逃避性
도피적,逃避的
도피주의,逃避主义
도피처,逃避处
도하,都下; 倒下; 跳下; 掉下; 渡河; 道贺
도하거,掉下去
도하래,掉下来
도하류인,刀下留人
도학,道学; 逃学
도한,盗汗
도합,都合
도합절부사기,图哈切夫斯基
도항,导航
도해,图解; 渡海; 跳海
도행,道行
도행역시,倒行逆施
도행지,陶行知
도향,导向
도향성,导向性
도향촌,稻香村
도현,道县; 倒悬; 道玄
도형,图形; 徒刑
도형현시,图形显示
도형화,图形化
도호,都护; 倒好; 屠户; 岛弧; 道号
도호부,都护府
도혼,逃婚
도홍,桃红; 陶红; 陶虹
도홍강,屠洪刚
도화,桃花; 图画; 挑花; 涂画
도화도,桃花岛
도화살,桃花煞
도화색,导火索
도화선,导火线
도화성개,桃花盛开
도화운,桃花运
도화원,桃花源
도화원기,桃花源记
도화지,图画纸
도환,掉换
도황,逃荒
도회,都会; 到会; 跳回
도회거,倒回去
도회자,到会者
도회적,都会的
도효굉,涂孝宏
도훼,捣毁
도흔,挑衅
도흔성,挑衅性
도희,道喜
독,独; 读; 督; 毒; 秃; 笃; 渎; 犊; 牍; 黩; 碡; 髑; 纛; 椟; 讟; 鋵; 韥; 鑟; 獨; 讀; 牘
독가,独家
독가대리,独家代理
독각수,独角兽
독각희,独角戏
독감,毒感
독개,独个
독견지명,独见之明
독경,读经
독계,毒计
독고,独孤
독곡,毒谷
독과점,独寡占
독구,独具
독구일격,独具一格
독구장심,独具匠心
독구특색,独具特色
독구혜안,独具慧眼
독군,督军
독균,毒菌
독극물,毒剧物
독기,毒气
독기탄,毒气弹
독녀,独女
독단,独断
독단적,独断的
독단전행,独断专行
독당일면,独当一面
독대,独对
독도,独到; 督导
독도법,读图法
독도원,督导员
독도지처,独到之处
독독,读读; 独独; 笃笃; 秃秃
독두,秃头
독랄,毒辣
독람,独揽
독래독왕,独来独往
독려,督励
독력,独力; 毒力
독련분,独联体
독령풍소,独领风骚
독룡,独龙
독류,毒瘤
독륜차,独轮车
독림가,笃林家
독립,独立
독립국,独立国
독립군,独立军
독립당,独立党
독립성,独立性
독립식,独立式
독립심,独立心
독립왕국,独立王国
독립자주,独立自主
독립적,独立的
독립파,独立派
독매신문,读卖新闻
독맥,督脉
독목교,独木桥
독목난지,独木难支
독목주,独木舟
독묘,独苗
독무,独舞; 督抚; 毒雾
독무대,独舞台
독문과,独文科
독문학,独文学
독문학과,独文学科
독물,读物; 毒物
독발,秃发
독방,独房
독백,独白
독백체,独白体
독법,读法
독보,独步; 读报
독보적,独步的
독보천하,独步天下
독본,读本
독불장군,独不将军; 独不将军
독불장군식,独不将军式; 独不将军式
독사,毒蛇; 毒死; 督师
독사진,独写真
독산,独山
독산자,独山子
독산현,独山县
독살,毒杀; 毒煞
독상,独床
독생,独生
독생녀,独生女
독생자,独生子
독생자녀,独生子女
독서,读书
독서강,毒鼠强
독서계,读书界
독서광,读书狂
독서량,读书量
독서망양,读书亡羊
독서무용론,读书无用论
독서삼매,读书三昧
독서삼품과,读书三品科
독서성,读书声
독서실,读书室
독서인,读书人
독서층,读书层
독서파,读书派
독선,独善
독선기신,独善其身
독선생,独先生
독선적,独善的
독설,毒舌
독설장,毒舌场
독성,毒性
독소,毒素
독소량,毒素量
독수,毒手; 读数; 独秀; 督帅
독수공방,独守空房
독수일치,独树一帜
독식,独食
독식론,独食论
독신,渎神; 独身; 笃信
독신주의,独身主义
독신주의자,独身主义者
독실,笃实
독심,毒蕈
독안룡,独眼龙
독액,毒液
독야청청,独也青青; 独也靑靑
독약,毒药
독어,独语
독우,犊牛
독원,独院
독유,独有
독음,读音
독이,毒饵
독일,独逸
독일무이,独一无二
독일어,独逸语
독자,独子; 独自; 读者; 独资; 秃子; 毒资; 犊子; 毒刺
독자란,读者栏
독자문,读者们
독자성,独自性
독자적,独自的
독자층,读者层
독잡,读卡
독재,独裁
독재자,独裁者
독재적,独裁的
독재화,独裁化
독전,督战; 毒箭
독점,独占
독점권,独占权
독점기,独占期
독점성,独占性
독점오두,独占鳌头
독점욕,独占欲
독점적,独占的
독점화,独占化
독정,笃定; 秃顶
독제,毒剂
독존,独尊
독존유술,独尊儒术
독종,毒种
독주,毒酒; 独奏; 独走
독주회,独奏会
독지,笃志
독지가,笃志家
독지주,毒蜘蛛
독직,渎职
독직죄,渎职罪
독진,督阵
독찰,督察
독찰원,督察员
독창,独唱; 独创
독창성,独创性
독창적,独创的
독처,独处
독초,毒草; 读秒
독촉,督促
독촉장,督促状; 督促狀
독출심재,独出心裁
독충,毒虫
독취,读取; 秃鹫
독침,毒针
독타,毒打
독탄,独吞
독특,独特
독특성,独特性
독특형,独特型
독파,读破
독판,督办; 毒贩
독패,独霸
독패천하,独霸天下
독품,毒品
독피혜경,独辟蹊径
독학,督学
독해,读解; 毒害
독행,独行; 笃行
독혈증,毒血症
독화,毒化
독효,毒枭
독후감,读后感
돈,顿; 吨; 敦; 豚; 沌; 褪; 墩; 炖; 饨; 囤; 趸; 鲀; 暾; 砘; 礅; 遯; 蹾; 镦; 軘; 逇; 頓; 惇; 燉
돈각이극,敦刻尔克
돈공리,吨公里
돈대,墩台
돈독,敦笃
돈돈,顿顿
돈량전,吨粮田
돈사,豚舍
돈서,豚鼠
돈선,趸船
돈수,顿首
돈수배,顿首拜
돈시,顿时
돈실,敦实
돈연,顿然
돈오,顿悟
돈위,吨位
돈자,墩子; 炖煮
돈적,囤积
돈적거기,囤积居奇
돈족,顿足
돈좌,顿挫
돈청,敦请
돈촉,敦促
돈포,墩布
돈하,顿河
돈호,顿号
돈화,敦化
돈화시,敦化市
돈황,敦煌
돈황기장,敦煌机场
돈황시,敦煌市
돈황연구원,敦煌研究院
돈황학,敦煌学
돈후,敦厚
돌,突; 咄; 鶟; 鍎; 葖; 饳
돌격,突击
돌격대,突击队
돌격성,突击性
돌격수,突击手
돌궐,突厥
돌기,突起
돌니사,突尼斯
돌니사대,突尼斯队
돌돌,突突; 咄咄
돌돌괴사,咄咄怪事
돌돌핍인,咄咄逼人
돌발,突发
돌발성,突发性
돌발적,突发的
돌변,突变
돌변률,突变率
돌변분,突变体
돌변성,突变性
돌변형,突变型
돌비맹진,突飞猛进
돌수,突水
돌습,突袭
돌안,突眼
돌여기래,突如其来
돌연,突然
돌연간,突然间
돌연변이,突然变异
돌연사,突然死
돌연성,突然性
돌연습격,突然袭击
돌올,突兀
돌위,突围
돌입,突入
돌지,突地
돌진,突进
돌촉,突触
돌출,突出
돌출공헌장,突出贡献奖
돌출물,突出物
돌파,突破
돌파구,突破口
돌파력,突破力
돌파성,突破性
돌풍,突风
돌현,突显; 突现
돗,㘏
동,同; 动; 东; 洞; 懂; 童; 冬; 董; 疼; 铜; 冻; 栋; 桐; 咚; 佟; 憧; 瞳; 酮; 潼; 彤; 侗; 僮; 峒; 胴; 胨; 硐; 氡; 鸫; 艟; 砼; 岽; 仝; 茼; 粡; 𬟽; 秱; 笗; 箽; 蚒; 穜; 菄; 蘔; 餇; 霘; 眮; 垌; 動; 東; 凍; 衕; 銅; 棟; 曈
동가,东家; 东哥; 董家; 童家
동가천,童佳倩
동가홍상,同价红裳
동감,同感; 动感
동감공고,同甘共苦
동갑,同甲
동강,冻僵; 东江; 董罡; 同江
동개,洞开
동거,同居
동거인,同居人
동거일실,同居一室
동거춘래,冬去春来
동건화,董建华
동격화,同格化
동견,洞见
동결,冻结; 董洁
동경,东经; 憧憬; 铜镜; 东京; 董卿; 冬耕
동경대학,东京大学
동경만,东京湾
동경삼릉은행,东京三菱银行
동경시장,东京市场
동경심,憧憬心
동경정교소,东京证交所
동경정권교역소,东京证券交易所
동경지방법원,东京地方法院
동계,冬季; 同系
동고,冬菇; 铜鼓
동고동락,同苦同乐; 同苦同樂
동고서저,东高西低
동고현,铜鼓县
동공,洞空; 瞳孔; 动工; 童工
동공동수,同工同酬
동공매,同工酶
동공이곡,同工异曲
동과,冬瓜; 同伙; 同科
동과령,洞果岭
동곽선생,东郭先生
동관,冬灌
동광,铜矿; 同光
동교,东郊; 同校
동구,东欧; 洞口; 东区; 动口; 东口; 同区; 东沟
동구권,东欧圈
동구지구,东欧地区
동구활히,同仇敌忾
동국,东国
동군,董军
동굴,洞窟
동굴성,洞窟性
동궁,东宫; 冬宫
동궁제,东宫制
동귀,同归
동귀우진,同归于尽
동급,同级
동기,动机; 同期; 铜器; 动气
동기간,同气间
동기생,同期生
동기적,动机的
동기창,董其昌
동나서차,东挪西借
동난하량,冬暖夏凉
동남,东南; 潼南
동남각,东南角
동남구,东南欧
동남대학,东南大学
동남동녀,童男童女
동남방,东南方
동남부,东南部
동남서북,东南西北
동남아,东南亚
동남아국가련맹,东南亚国家联盟
동남아시장,东南亚市场
동남아지구,东南亚地区
동남위시,东南卫视
동남전시대,东南电视台
동남지구,东南地区
동남측,东南侧
동남현,潼南县
동내의,冬内衣
동네방,洞-坊
동녀,童女
동녀사,董女士
동년,童年; 同年
동년급,同年级
동년배,同年辈
동념,动念
동녕,东宁
동뇌근,动脑筋
동능,动能
동단,东端; 东段; 东单
동당,同党; 同堂; 同档
동당차,同档次
동대,东台
동대교,东大桥
동대문,东大门
동대문시장,东大门市场
동대시,东台市
동덕,同德; 东德
동도,同道; 东渡; 东都; 东道; 东岛
동도국,东道国
동도서말,东涂西抹
동도서왜,东倒西歪
동도주,东道主
동동,动动; 东东; 咚咚; 童童; 栋栋
동동수,动动手
동두,洞头
동두부,冻豆腐
동득,懂得
동등,同等
동등학력,同等学力; 同等学历
동락,同乐
동란,动乱
동람,东岚
동랍서차,东拉西扯
동래,东莱
동래순,东来顺
동량,同量; 栋梁; 动量; 铜梁
동량지재,栋梁之材; 栋梁之材; 栋梁之才
동량현,铜梁县
동려,桐庐; 东丽
동려구,东丽区
동려현,桐庐县
동려호,东丽湖
동력,动力
동력구,动力区
동력기,动力机
동력성,动力性
동력원,动力源
동력학,动力学
동렬,冻裂; 同列
동령,同龄; 冬令
동령인,同龄人
동로,东路; 同路; 动怒
동로사,董老师
동로인,同路人
동록,铜绿; 东麓
동뢰,童蕾; 董雷
동료,同僚
동료문,同僚们
동료애,同僚爱
동루,东楼; 同楼
동류,同类
동류의식,同类意识
동류합오,同流合污
동류항,同类项
동류형,同类型
동률,同率; 同率
동릉,铜陵; 东陵
동릉구,东陵区
동릉시,铜陵市
동리,洞里; 东里
동린,东邻
동림,东林; 童林
동림당,东林党
동맥,动脉; 冬麦
동맥경화,动脉硬化
동맥기,动脉期
동맥류,动脉瘤
동맥염,动脉炎
동맥혈,动脉血
동맹,东盟; 同盟
동맹국,同盟国
동맹군,同盟军
동맹박람회,东盟博览会
동맹시장,东盟市场
동맹자,同盟者
동맹조약,同盟条约
동맹회,同盟会
동면,冬眠; 东面
동면기,冬眠期
동명,同名; 洞名; 同命; 东明; 洞明
동명이인,同名异人
동명주,董明珠
동모,冬茅; 董某; 同谋; 童某
동모이부,同母异父
동몽,童梦
동무,动武
동문,东门; 同门; 同文
동문동궤,同文同轨
동문서답,东问西答
동문수학,同文受学; 同门受学
동문어,董文语
동문표,董文标
동문화,董文华
동문회,同门会
동문회장,同门会长
동물,动物
동물계,动物界
동물군,动物群
동물문,动物们
동물상,动物相
동물성,动物性
동물원,动物园
동물유,动物油
동물적,动物的
동물학,动物学
동물학가,动物学家
동물학적,动物学的
동박문,董博文
동반,东班; 同伴; 同班; 铜盘
동반구,东半球
동반문,同伴们
동반부,东半部
동반자,同伴者
동방,东方; 东邦; 洞房; 同房; 冬防
동방가무단,东方歌舞团
동방공사,东方公司
동방광장,东方广场
동방국,东方国
동방대,东方队
동방로,东方路
동방문화,东方文化
동방부량서방량,东方不亮西方亮
동방분육일보,东方体育日报
동방빈관,东方宾馆
동방상하,东方商厦
동방시,东方市
동방시공,东方时空
동방아,东方亚
동방예술중심,东方艺术中心
동방위시,东方卫视
동방의원,东方医院
동방인,东方人
동방일보,东方日报
동방전기집단,东方电气集团
동방정권고분유한공사,东方证券股份有限公司
동방주간,东方周刊
동방집단,东方集团
동방출판사,东方出版社
동방탁,董方卓
동방항공공사,东方航空公司
동방형,东方型
동방홍,东方红
동방화촉,洞房华烛; 洞房花烛
동배,同辈
동배량,同排量
동배률,同赔率
동백,冬柏; 桐柏
동법,同法
동변,东边
동병,同病
동병상련,同病相怜
동병상령,同病相怜
동보,同步; 东宝
동보률,同步率
동보발전,同步发展
동보성,同步性
동보화,同步化
동복,冬服
동부,东部; 洞府
동부권,东部圈
동부동,动不动
동부이모,同父异母
동북,东北
동북각,东北角
동북구,东北区
동북국,东北局
동북군,东北军
동북농업대학,东北农业大学
동북대학,东北大学
동북림업대학,东北林业大学
동북부,东北部
동북사범대학,东北师范大学
동북아,东北亚
동북아박람회,东北亚博览会
동북아지구,东北亚地区
동북재경대학,东北财经大学
동북지구,东北地区
동북향,东北向
동북호,东北虎
동분,胴体; 酮体; 铜盆
동분서주,东奔西走
동분서포,东奔西跑
동분이구분,同分异构体
동붕,东鹏
동비,东非
동빈,董斌
동빙,冻冰
동빙한설,冻冰寒雪; 冻氷寒雪
동사,冻死; 同事; 同社; 董事; 懂事; 动词; 东四; 东史; 铜丝
동사국,董事局
동사무소,洞事务所
동사문,同事们; 董事们
동사자,冻死者
동사장,董事长
동사회,董事会
동산,东山; 动产; 铜山
동산구,东山区
동산도,东山岛
동산재기,东山再起
동산현,东山县; 铜山县
동삼,东森
동삼성,东三省
동삼환,东三环
동상,铜像; 同上; 冻伤
동상공침,同床共枕
동상이몽,同床异梦
동생,同生; 童生
동생공사,同生共死
동서,东西; 同婿; 同壻
동서고금,东西古今
동서남북,东西南北
동서반,东西班
동서방,东西方
동서백리아,东西伯利亚
동서부권,东西部圈
동서불변,东西不辨; 东西不辨
동서양,东西洋
동서호구,东西湖区
동석,同席; 疼惜
동선,动线; 董璇
동선생,董先生; 童先生
동선하로,冬扇夏炉
동섬서홀,东闪西忽
동성,同姓; 同性; 东城; 同声; 童星; 童声; 东盛; 桐城; 东星; 东省
동성구,东城区
동성련,同性恋
동성련자,同性恋者
동성법원,东城法院
동성서,东成西
동성애,同性爱
동성애자,同性爱者
동성연애,同性恋爱; 同性戀爱
동성연애자,同性恋爱者; 同性戀爱者
동성집단,东盛集团
동세,动势; 同岁
동소,潼关; 东关; 洞箫
동소맥,冬小麦
동소완,董小宛
동소저,董小姐
동소현공상국,潼关县工商局
동수,同数; 动手; 桐树; 东首
동수동각,动手动脚
동수무기,童叟无欺
동수술,动手术
동순,冬笋
동승,同乘; 童僧; 东升; 东胜; 董承
동시,同时; 童诗; 同市
동시대,同时代
동시대성,同时代性
동시대인,同时代人
동시대적,同时代的
동시병거,同时并举
동시성,同时性
동시적,同时的
동시통역,同时通译
동시효빈,东施效颦
동식물,动植物
동식서숙,东食西宿
동신,动身; 东信; 东新
동실,洞悉; 同室
동실동거,同室同居
동실제,同室制
동실조과,同室操戈
동심,童心; 动心; 同心
동심동덕,同心同德
동심동력,同心同力
동심뢰,东心雷
동심원,同心圆
동심지언,同心之言
동심현,同心县
동심협력,同心协力
동씨,董氏
동아,东亚; 东阿
동아공동분,东亚共同体
동아은행,东亚银行
동아일보,东亚日报
동아지구,东亚地区
동악,东岳
동안,童颜; 同安; 东岸; 同案; 东安; 洞眼
동안격,童安格
동안구,同安区
동안범,同案犯
동안시장,东安市场
동안현,同安县
동압,动压
동애,疼爱
동양,东洋; 同样; 东阳
동양권,东洋圈
동양란,东洋兰
동양사,东洋史
동양사학과,东洋史学科
동양시,东阳市
동양식,东洋式; 童养媳
동양인,东洋人
동양적,东洋的
동양학,东洋学
동양화,东洋画
동양화가,东洋画家
동어,同语
동언,董彦
동언무기,童言无忌
동업,同业
동업공회,同业公会
동업자,同业者
동역일,东易日
동연,东延
동영,冬泳; 东营; 东瀛; 董永
동영상,动映像
동영시,东营市
동오,东吴
동오대학,东吴大学
동오회,冬奥会
동완,东莞
동완대,东莞队
동완리공학원,东莞理工学院
동완시,东莞市
동완신세기대,东莞新世纪队
동요,动摇; 童谣
동용,动用; 动容; 董勇
동우,冻雨
동우회,同友会
동우회장,同友会长
동운회,冬运会
동원,动员; 同源; 东源; 东院; 铜元
동원력,动员力
동원령,动员令
동원성,同源性
동원적,同源的
동월,同月; 冬月
동위,同位; 东魏; 董伟; 董威
동위소,同位素
동유,桐油; 冬游
동육,冻肉
동음,同音; 童音
동음자,同音字
동의,动议; 同意; 同议; 冬衣; 同义
동의권,同意权
동의사,同义词
동의서,同意书
동의안,动议案
동의어,同义语
동의제,动议制
동의학,东医学
동이,东夷; 同异
동이불화,同而不和; 同而不和
동인,动因; 同人; 动人; 同仁; 铜仁; 瞳仁
동인당,同仁堂
동인도공사,东印度公司
동인시,铜仁市
동인심백,动人心魄
동인심현,动人心弦
동인의원,同仁医院
동인지구,铜仁地区
동인현,铜仁县
동인회,同人会
동일,同一; 冬日; 同日
동일계,同一系
동일류,同一类
동일성,同一性
동일시,同一视
동일이어,同日而语
동일인,同一人
동일체,同一体
동일화,同一化
동자,瞳子; 童子; 桐子; 同字; 洞子
동자계,童子鸡
동자군,童子军
동자녕,董子宁
동자승,童子僧
동자주,童子柱
동작,动作
동잡,铜币
동장,洞长; 冬装; 童装
동장군,东将军
동장서망,东张西望
동장안가,东长安街
동장철벽,铜墙铁壁
동재,桐梓; 铜材
동재현,桐梓县
동저,冬储
동적,动的
동전,铜钱
동절,冬节
동점,同点
동접,同接
동정,动静; 同情; 童贞; 动情; 洞庭; 东征
동정교,东正教
동정남,童贞男
동정론,同情论
동정심,同情心
동정자,同情者
동정적,同情的
동정표,同情票
동정호,洞庭湖
동정호구,洞庭湖区
동제,同济
동제대학,同济大学
동제문,东帝汶
동제의과대학,同济医科大学
동제의원,同济医院
동제의학원,同济医学院
동조,同调; 动粗; 铜雕; 东条
동조영기,东条英机
동조자,同调者
동족,同族; 侗族; 僮族
동족방뇨,冻足放尿
동족상잔,同族相残
동존서,董存瑞
동종,同种; 铜钟; 同宗
동주,东周; 同州; 东洲
동주공제,同舟共济
동주서고,东走西顾
동준,董峻
동중서,董仲舒
동지,冬至; 同志; 东芝; 东至
동지가,同志歌
동지공사,东芝公司
동지문,同志们
동지사,冬至使
동지식,同志式
동지애,同志爱
동지적,同志的
동직문,东直门
동진,东进; 童真; 东晋; 同镇; 董震
동질,同质; 铜质
동질감,同质感
동질성,同质性
동질적,同质的
동질화,同质化
동집로,同集路
동짓,冬至
동차,同车
동찰,洞察
동찰력,洞察力
동참,同参; 东站
동창,东窗; 同窗; 东窓; 同窓; 冻疮; 同厂; 东昌; 铜厂
동창사발,东窗事发
동창생,同窗生; 同窓生
동창회,同窗会; 同窓会
동창회장,同窗会长; 同窓会长
동채,冬菜
동천,冬天; 动迁; 洞穿; 洞天; 东川; 铜川; 董倩
동천강,童天罡
동천로,铜川路
동천시,铜川市
동천호,动迁户
동첩,动辄
동청,动听; 冬青
동체,冻体; 胴体
동초,动哨
동촌,同村
동축,同轴
동축전람,同轴电缆
동춘평,董春萍
동취,童趣; 动嘴; 铜臭
동취서대,东取西贷
동측,东侧
동치,同治; 童稚
동침,同寝
동타서장,东躲西藏
동탁,董卓
동탁영,董卓英
동탄,动弹
동탕,动荡
동탕부안,动荡不安
동태,冻太; 动态; 东泰
동태분배,动态分配
동태분석,动态分析
동태성,动态性
동태화,动态化
동토,冻土; 动土; 东土
동토대,冻土带
동통,疼痛
동파,东坡; 东巴; 东坝
동파육,东坡肉
동판,铜板; 铜版
동판지,铜版纸
동패,铜牌
동편,东便; 铜片
동평,东平; 董平
동평서주,东拼西凑
동평장사,同平章事
동평형,动平衡
동평호,东平湖
동포,同胞
동포문,同胞们
동포애,同胞爱
동표서랑,东漂西浪
동풍,东风
동풍공사,东风公司
동풍기차공사,东风汽车公司
동풍기차유한공사,东风汽车有限公司
동풍로,东风路
동풍압도서풍,东风压倒西风
동풍집단,东风集团
동필,动笔
동필무,董必武
동하빈,董荷斌
동학,同学; 冬学
동학록,同学录
동학문,同学们
동학회,同学会
동한,东汉; 冬闲; 冬寒
동항,东航; 东港
동해,东海; 冻害
동해양진,东海扬尘
동해평,董海平
동해현,东海县
동행,同行; 懂行
동행문,同行们
동행업,同行业
동행인,同行人
동행자,同行者
동향,东向; 动向; 同鄕; 同乡; 桐乡; 东乡
동향서,东向西
동향시,桐乡市
동향현,东乡县
동헌,东轩
동혈,洞穴
동형,同形; 董炯
동형호,同型号
동호,东湖; 同好; 茼蒿; 董浩; 铜壶; 东胡
동호공원,东湖公园
동호구,东湖区
동호인,同好人
동호회,同好会
동화,同化; 童话; 动画; 东华; 董华; 冬花; 动火
동화대학,东华大学
동화문,东华门
동화적,童话的
동화집,童话集
동화책,童话册
동화편,动画片
동화화,动画化
동효함,董晓晗
동훈,冬训
동훼하초,冬虫夏草
동흘동주,同吃同住
동흥,东兴
두,头; 斗; 读; 杜; 抖; 豆; 肚; 陡; 兜; 逗; 窦; 蚪; 痘; 蠹; 钭; 饾; 蔸; 脰; 紏; 篼; 荳; 頭; 鬥
두가,杜家
두가군,杜家军
두가빈,杜家滨
두가이촌,杜贾尔村
두가풍,杜可风
두각,头角; 豆角; 杜珏
두강,杜康; 杜江
두개,头盖
두개골,头盖骨
두건,头巾
두건덕,窦建德
두건평,杜建平
두검,杜剑
두견,杜鹃
두견화,杜鹃花
두경,头颈
두고뢰,杜库雷
두곡,头曲
두골,头骨
두공,头功
두과,豆科
두관,头冠
두구,头球; 豆蔻
두구년화,豆蔻年华
두구탄성,杜口吞声; 杜口呑声
두군평,杜君平
두권자,兜圈子
두규음,头窍阴
두극,杜克
두극대학,杜克大学
두기,陡起
두기봉,杜琪峰
두내,豆奶
두냉증,头冷症
두녀사,杜女士
두년,头年
두뇌,头脑
두뇌발열,头脑发热
두뇌적,头脑的
두뇌청성,头脑清醒
두대,头戴
두대식,头戴式
두덕극,杜德克
두덕위,杜德伟
두동,头疼; 抖动
두동뇌열,头疼脑热
두두,兜兜; 头头; 抖抖; 兜头; 豆豆
두두문,头头们
두두시도,头头是道
두둔,斗顿
두등,头等
두등창,头等舱
두락,逗乐; 抖落
두락극,杜洛克
두란,杜兰
두란특,杜兰特
두랍,杜拉
두랍사,杜拉斯
두래미,杜莱米
두랭정,杜冷丁
두량,肚量
두려,杜丽
두려낭,杜丽娘
두령,头领
두로,头颅; 头路; 抖露
두로문,杜鲁门
두로사,杜老师
두롱,逗弄
두뢰,杜蕾
두뢰사,杜蕾斯
두류,逗留; 豆类
두륵사,杜勒斯
두리,头里
두림,杜林
두립,豆粒
두마,杜马
두매,杜梅
두면,头面
두면인물,头面人物
두명총,杜明聪
두명하,杜明霞
두모,杜某; 头帽
두목,头目; 杜牧
두묘,豆苗; 痘苗
두문,杜门
두문도,窦文涛
두문불출,杜门不出; 杜门不出
두문택,杜汶泽
두문휘,杜文辉
두미,头尾
두발,头发
두방,杜邦
두방결,窦房结
두방공사,杜邦公司
두벽,陡壁
두변,头边
두병,豆饼; 杜苹
두보,杜甫
두보량,杜宝良
두복위,杜伏威
두복이,杜福尔
두봉,杜锋
두부,豆腐
두부간,豆腐干
두부과분,豆剖瓜分
두부뇌,豆腐脑
두부유,豆腐乳
두부인,杜夫人
두부피,豆腐皮
두붕,杜鹏
두비,杜飞; 杜比
두빈,杜宾; 杜斌
두사,豆沙; 杜莎; 豆渣; 头纱
두사특,杜斯特
두상,头像; 杜湘
두상별,杜尚别
두상핵,豆状核
두새이다부,杜塞尔多夫
두생,陡生; 头生
두서,头緖; 头绪
두선,杜撰
두선생,杜先生
두성심,窦性心
두세성,杜世成
두소,逗笑
두소수,杜小帅
두소저,杜小姐
두소중,杜少中
두소천,杜啸天
두송,杜松
두수,兜售; 抖擞; 抖手; 头水
두수정신,抖擞精神
두순,杜淳
두승,头绳
두시,豆豉; 杜诗
두식,头饰
두씨,杜氏; 窦氏
두아,豆芽; 头儿; 窦娥; 兜儿
두아채,豆芽菜
두안,头雁
두앙선,头央线
두약,杜若
두양,头羊
두연,陡然; 杜娟
두영,窦婴
두영호,杜英豪
두우,杜宇
두우신,杜宇新
두운청,杜云青
두월생,杜月笙
두위,杜威; 头围
두유,豆油; 窦唯; 豆乳
두유명,杜维明
두율명,杜聿明
두이,杜伊; 杜尔
두이과,杜伊科; 杜尔科
두이과유기,杜伊科维奇
두이돈,窦尔敦
두인,头人; 逗人; 逗引
두일조,头一遭
두자,肚子; 豆子; 头子; 兜子
두자아,肚子饿
두잡,杜卡
두장,豆浆; 头奖; 豆酱; 肚肠
두저,兜底
두전,抖颤
두절,杜绝
두정,头顶; 杜丁; 杜婧
두정승,杜正胜
두제,肚脐
두제품,豆制品
두조,头条
두조우,杜照宇
두주,头筹
두주불사,斗酒不辞; 斗酒不辞
두중,杜仲
두중각경,头重脚轻
두즙,豆汁
두증,陡增
두지,陡地
두진,头阵
두진우,杜震宇
두찬,杜撰
두천,头天; 杜天; 窦天
두천림,杜天林
두철지,杜铁池
두청,杜青
두청림,杜青林
두체야부,杜达耶夫
두초,陡峭
두촌,头寸
두취,逗趣
두통,头痛
두통의두,头痛医头
두파,陡坡
두파혈류,头破血流
두판,豆瓣; 头版
두판장,豆瓣酱
두패,头牌
두평,杜平
두포,豆包
두포류,头孢类
두품,头品
두풍,兜风; 杜风; 头风
두피,头皮; 肚皮; 豆皮
두피발마,头皮发麻
두피설,头皮屑
두한족열,头寒足热
두함,头衔
두해도,杜海涛
두향,头香
두협,豆荚
두형,头型
두호,头号; 逗号
두혼,头昏
두혼뇌창,头昏脑胀
두혼목현,头昏目眩
두혼안화,头昏眼花
두홍,杜洪
두화,豆花; 头花
두화거,杜华举
두회,头盔
두효,窦骁
두훈,头晕
두훈목현,头晕目眩
두훈안화,头晕眼花
둑,㪲
둔,吨; 屯; 钝; 臀; 遁; 窀; 遯; 臋; 迍
둔감,钝感
둔감성,钝感性
둔갑,遁甲
둔강,钝羌
둔계,屯溪
둔기,钝器
둔대기,臀大肌
둔도,遁逃
둔병,屯兵
둔부,臀部
둔사,遁辞
둔세,遁世
둔은,屯垦
둔입공문,遁入空门
둔자,屯子
둔전,屯田
둔주,遁走; 屯驻
둔중,钝重
둔탁,钝浊
둔형,遁形
둔화,钝化
둘,乧; 㐈; 㐙
둣,㖍
둥,㪳
뒷정리,­整理
득,得; 锝; 嘚
득경,得劲
득공,得空
득과차과,得过且过
득구,得救
득극살사,得克萨斯
득극살사주,得克萨斯州
득남,得男
득당,得当
득도,得到; 得道
득력,得力
득령,得逞
득롱망촉,得롱望蜀
득료,得了
득료파,得了吧
득리,得利
득명,得名
득법,得法
득병,得病
득부상실,得不偿失
득분,得分; 得体
득분률,得分率
득분수,得分手
득색,得色
득세,得势
득수,得水; 得手; 得数
득승,得胜
득실,得失; 得悉
득심응수,得心应手
득어망전,得鱼忘筌
득요인처차요인,得饶人处且饶人
득의,得意; 得宜
득의만만,得意满满
득의만면,得意满面
득의망형,得意忘形
득의문생,得意门生
득의양양,得意扬扬; 得意洋洋
득의지색,得意之色
득의지작,得意之作
득이,得以
득이복실,得而复失
득익,得益
득익우,得益于
득인심,得人心
득장,得奖
득장자,得奖者
득점,得点
득점력,得点力
득점상,得点赏
득점왕,得点王
득점원,得点原
득점포,得点砲
득죄,得罪
득죄인,得罪人
득주,得主
득지,得知; 得志
득천독후,得天独厚
득촌진척,得寸进尺
득출,得出
득표,得票
득표력,得票力
득표률,得票率
득표율,得票率; 得票率
득표자,得票者
득표전,得票战
득핵,得势
득휴,得亏
등,等; 登; 灯; 邓; 腾; 藤; 凳; 蹬; 橙; 滕; 簦; 噔; 誊; 镫; 嶝; 戥; 磴; 膯; 邆; 螣; 籐; 縢; 隥; 燈; 騰; 鄧
등가,等价; 邓加; 邓家
등가구,藤家具
등가물,等价物
등가선,邓稼先
등개,邓凯
등거,等距
등거리,等距离
등건국,邓建国
등격리사막,腾格里沙漠
등격이,腾格尔
등고,登高
등고망원,登高望远
등고선,等高线
등고자비,登高自卑
등공,腾空
등공예,藤工艺
등공이기,腾空而起
등과,登科
등관,灯管
등광,灯光
등광고,登广告
등굉,邓宏
등교,登校; 腾蛟
등굣,登校
등구,灯具; 藤球
등극,登极; 等极
등급,等级
등급제,等级制
등긍,邓肯
등기,登记; 登机; 登基
등기량,登记量
등기부,登记簿
등기비,登记费
등기소,登记所
등나,腾挪
등녀사,邓女士
등녕,邓宁
등단,登坛
등당입실,登堂入室
등대,灯台; 等待; 登台
등대기,等待期
등대량상,登台亮相
등대시간,等待时间
등대원,滕代远
등대저,邓大姐
등댓,灯台
등도,等到; 藤岛
등도자,登徒子
등동,等同
등두,灯头
등등,等等; 腾腾; 登登; 噔噔
등등등,噔噔噔
등등등등,等等等等; 噔噔噔噔
등등문제,等等问题
등등방면,等等方面
등라,藤萝
등락,腾落
등량제관,等量齐观
등려군,邓丽君
등려흔,邓丽欣
등력군,邓力群
등로사,邓老师
등록,登录
등록금,登录金; 登录金
등록료,登录料
등록부,登录簿
등록비,登录费
등록인,登录人
등록자,登录者
등록제,登录制
등록증,登录证
등록지,登录地
등롱,灯笼
등롱고,灯笼裤
등룡,腾龙
등루,登楼
등루거제,登楼去梯
등륙,登陆
등륙정,登陆艇
등리유,邓利维
등리자분,等离子体
등모,邓某
등문,登门
등문기,滕文骥
등문적,邓文迪
등미,灯谜
등박방,邓朴方
등반,登攀
등반가,登攀家
등벽,登壁
등변,等边
등보,登报
등본,誊本
등봉,登封
등봉시,登封市
등봉조극,登峰造极
등분,等分; 等份
등비,腾飞; 邓飞
등사,等死; 邓舍; 灯丝; 誊写
등사판,誊写版
등산,登山
등산가,登山家
등산객,登山客
등산대,登山队
등산로,登山路
등산모,登山帽
등산복,登山服
등산운동,登山运动
등산인,登山人
등산자,登山者
등산지,登山地
등산화,登山靴
등삼륜,蹬三轮
등상,登上; 灯箱
등색,橙色
등선생,邓先生
등성,等星
등성염,邓成艳
등세창,邓世昌
등소저,邓小姐
등소평,邓小平
등소홍,邓小虹
등속,等属; 等速
등수,等数
등시,登时; 灯市
등식,等式; 灯饰
등신,等神; 腾迅
등심,灯芯
등씨,邓氏
등아군,邓亚军
등아평,邓亚萍
등안,登岸
등애,邓艾
등액,等额
등야야,邓爷爷
등약,腾跃
등업계,等业界
등영,灯影
등영초,邓颖超
등온,等温
등왕각,滕王阁
등외,等外
등요,等腰
등용,登用
등용문,登龙门; 登龍门
등우,等于
등우령,等于零
등운가무,腾云驾雾
등원기향,藤原纪香
등월,登月; 腾越
등월창,登月舱
등위,邓伟
등유,灯油
등은,邓恩
등의,藤椅
등의자,藤椅子
등익,滕翼
등일등,等一等
등임,登临
등자,橙子; 凳子; 邓子; 藤子
등자기,邓紫棋
등잔,灯盏
등장,登场
등장인물,登场人物
등재,登载
등전점,等电点
등절,灯节
등정,登程; 登顶
등정로,登顶路
등정정,邓婷婷
등정후,邓定侯
등제,登第
등조,灯罩
등좌,灯座
등주,滕州; 邓州
등주시,邓州市; 滕州市
등중한,邓中翰
등즙,橙汁
등지,等地
등지인,邓智仁
등차,等次; 等车
등차수렬,等差数列
등착등착,等着等着
등채,灯彩
등척,邓拓
등첩,邓婕
등체,腾达
등초,邓超
등촉,灯烛
등출,腾出
등충,腾冲
등췌문,邓萃雯
등치,等值
등치선,等值线
등탁상,邓卓翔
등탑,灯塔
등퇴,蹬腿
등퇴장,登退场
등판,登板
등포,灯泡
등피,橙皮
등하,灯下
등하불명,灯下不明; 灯下不明
등학로,登学路
등한,等闲
등한시,等闲视
등한시지,等闲视之
등한지배,等闲之辈
등항,邓恒
등혁열,登革热
등호,等号
등홍주록,灯红酒绿
등화,灯火; 灯花
등화가친,灯火可亲
등화덕,邓华德
등화란산,灯火阑珊
등화지희,灯火之喜
등화통명,灯火通明
등화휘황,灯火辉煌
등황,橙黄
등회,灯会
등회아,等会儿
등효,等效
등효성,等效性
등후,等候
등흥선,滕兴善
똥,㖯; 㖰
똥칠,­漆
뜰,㐢
라,罗; 逻; 裸; 懒; 螺; 喇; 萝; 锣; 骡; 漓; 癞; 摞; 椤; 箩; 旯; 倮; 猡; 瘰; 蠃; 镙; 蓏; 砢; 驘; 脶; 覙; 鸁; 躶; 囖; 羅; 啰; 囉; 懶; 攞; 蘿; 鑼; 鎯; 邏
라가,罗家
라가량,罗嘉良
라가영,罗家英
라간,罗干; 螺杆
라강,罗刚; 罗江; 罗强
라강구,萝岗区
라강서,罗康瑞
라개,罗开
라거,螺距
라걸,罗杰
라걸사,罗杰斯
라격,罗格
라경,罗京
라경민,罗景民
라고,锣鼓
라고훤천,锣鼓喧天
라과,罗锅
라관중,罗贯中
라광,箩筐
라군,罗军
라귀,懒鬼
라극,罗克
라금선,罗金仙
라기,罗奇; 罗基
라나,罗娜
라납,罗纳
라납덕,罗纳德
라납이,罗纳尔
라납이다,罗纳尔多
라납이적니오,罗纳尔迪尼奥
라녀사,罗女士
라녕,罗宁
라니,罗尼
라다,罗多
라단,罗丹
라대성,罗大成
라대우,罗大佑
라덕,罗德
라덕굉,罗德宏
라덕리,罗德里
라덕리격사,罗德里格斯
라덕만,罗德曼
라득,懒得
라득서아,罗得西亚
라등,罗腾
라라,懒懒; 罗罗
라라산산,懒懒散散
라란,罗兰
라란가락사,罗兰加洛斯
라랍,罗拉
라랍나,罗拉娜
라렬,罗列
라로,裸露
라로사,罗老师
라륜,罗伦
라륜사,罗伦斯
라륭기,罗隆基
라륵,罗勒
라리,罗利; 罗里
라림,罗琳; 罗林
라림사,罗林斯
라마,罗马; 喇嘛; 骡马
라마교,喇嘛教
라마교황,罗马教皇
라마구락부,罗马俱乐部
라마니아,罗马尼亚
라마니아대,罗马尼亚队
라마대,罗马队
라마리오,罗马里奥
라마법,罗马法
라마성,罗马城
라마제국,罗马帝国
라만,罗曼
라만나,罗曼娜
라만사,罗曼史
라만체극,罗曼蒂克
라망,罗网
라명,罗明
라모,罗某; 螺母; 螺帽
라몽,罗蒙
라문,螺纹; 罗门; 罗纹; 罗文
라문가,罗文嘉
라문강,螺纹钢
라문우,罗文宇
라미,罗微
라민,罗敏
라밀구,罗密欧
라반,罗盘
라백,罗伯
라백사,罗伯斯
라백삼,罗伯森
라백손,罗伯逊
라백자,罗伯茨
라백특,罗伯特
라병,罗兵
라보명,罗保铭
라복,萝卜
라본,罗本
라부,罗夫
라부산,罗浮山
라북현,萝北县
라분,裸体
라비,罗比; 罗非
라비니오,罗比尼奥
라비어,罗非鱼
라빈,罗宾
라빈삼,罗宾森
라빈손,罗宾逊
라빙,罗冰
라빙생,罗冰生
라사,螺丝; 罗斯; 螺蛳; 罗莎
라사도,螺丝刀
라사백격,罗斯伯格
라사복,罗斯福
라사신,罗士信
라사정,螺丝钉
라사특,罗斯特
라산,懒散; 罗山
라살리오,罗萨里奥
라삼,罗森
라삼보,罗森堡
라상,罗翔
라새이,罗塞尔
라색,罗嗦; 啰嗦; 罗索
라서,罗西; 裸鼠
라서경,罗瑞卿
라서기,罗西基
라서니,罗西尼
라서전,罗书全
라선,螺旋
라선분,螺旋体
라선생,罗先生
라선선,螺旋线
라선식,螺旋式
라선장,螺旋桨
라선조,螺旋藻
라설연,罗雪娟
라성,罗成; 罗城; 罗声
라성점,罗城店
라세겸,罗世谦
라소,罗素
라소저,罗小姐
라송환,罗荣桓
라수수,罗水秀
라신,裸身
라신행,罗慎行
라씨,罗氏
라씨공사,罗氏公司
라아이,罗雅尔; 罗亚尔
라안체,罗安达
라안추,罗雁秋
라양양,懒洋洋
라엄,罗严
라여재,罗汝才
라영연,罗永娟
라영호,罗永浩
라예,罗艺
라옥,罗玉
라옥명,罗玉明
라옥봉,罗玉凤
라옥통,罗玉通
라요,懒腰
라용,罗勇
라우,懒于
라우산,罗牛山
라원,罗源
라위,罗伟; 罗威
라유,罗瑜
라은,罗恩
라의,罗毅
라이,罗伊; 罗尔
라이사,罗尔斯; 罗伊斯
라인,懒人
라자,骡子; 癞子; 罗兹
라적극,罗迪克
라전,螺栓; 罗甸; 罗田
라전봉,罗战峰
라전현,罗甸县
라정,螺钉; 罗定
라정옥,罗廷玉
라정정,罗晶晶
라조,裸照
라준,罗俊
라준봉,罗俊峰
라중욱,罗中旭
라지,罗智; 罗志
라지군,罗志军
라지명,罗志明
라지상,罗志祥
라직,罗织
라진,罗进
라집,逻辑
라집사유,逻辑思维
라집성,逻辑性
라집학,逻辑学
라차,骡车
라찰,罗刹
라천,罗迁; 罗天; 罗茜; 罗川
라천사,罗天赐
라철문,罗哲文
라청천,罗清泉
라체,罗达; 罗蒂
라초의,罗超毅
라치,罗致
라타,懒惰
라통,罗通
라팔,喇叭
라팔고,喇叭裤
라팔구,喇叭口
라팔화,喇叭花
라평,罗平
라포,罗布
라포뢰다,罗布雷多
라포림잡,罗布林卡
라포마,罗布麻
라포박,罗布泊
라포삼,罗布森
라한,罗汉; 懒汉
라한과,罗汉果
라합마,癞蛤蟆
라해,罗海
라해경,罗海琼
라호,罗湖; 罗虎
라호구,罗湖区
라호재,罗豪才
라홍,罗红
라화,罗华
라환환,罗欢欢
라효광,罗晓光
라훤,罗暄
라훼,懒虫
라휘,罗辉
락,落; 乐; 诺; 洛; 络; 骆; 烙; 酪; 铬; 珞; 雒; 硌; 荦; 泺; 饹; 鴼; 笿; 樂; 諾; 絡
락가,乐嘉; 乐家; 珞珈
락가가,乐呵呵
락가휘,骆家辉
락각,落脚
락각점,落脚点
락감,乐感
락개,乐凯
락계교,洛溪桥
락곡,乐曲
락공,落空; 乐工
락과,乐果; 落果
락관,乐观; 落款
락관자,乐观者
락관주의자,乐观主义者
락극,洛克
락극비륵,洛克菲勒
락극비륵재단,洛克菲勒财团
락극생비,乐极生悲
락극희덕,洛克希德
락기,乐器; 洛奇
락기아,乐基儿
락기영웅,洛奇英雄
락난,落难
락녕,洛宁
락단,乐团; 乐坛; 落单; 乐段
락단백,酪蛋白
락대,乐队
락덕사,洛德斯
락도,乐都
락도도,乐陶陶
락동,乐东
락득,乐得; 落得
락등,乐橙
락락,乐乐; 落落; 洛洛
락락대방,落落大方
락려탑,洛丽塔
락뢰,骆磊
락루,落泪
락리,乐理
락림,洛林
락마,落马
락막,落幕
락망,落网
락모,骆某; 洛姆
락무,乐舞
락문강,骆文刚
락미,乐迷; 洛美; 乐美
락미문,乐迷们
락발,落发
락방,落榜
락백,落魄
락병,烙饼
락보,乐谱
락부,乐府; 洛夫
락부가지,乐不可支
락부사촉,乐不思蜀
락빈,乐彬
락사,乐事; 乐师
락산,乐山
락산대불,乐山大佛
락산시,乐山市
락삼기,洛杉矶
락삼기시,洛杉矶市
락삼기오운회,洛杉矶奥运会
락삼기호,洛杉矶湖
락상,洛桑
락석,落石
락선,落选
락선호시,乐善好施
락성,落成
락성전례,落成典礼
락소연,乐绍延
락수,落水
락수구,落水狗
락수자,落水者
락시,乐施
락시호,络腮胡
락시호자,络腮胡子
락신,洛神
락실,落实
락아,乐儿
락안,乐安
락안산,酪氨酸
락안현,乐安县
락양,洛阳
락양성,洛阳城
락양시,洛阳市
락양지귀,洛阳纸贵
락업,乐业
락역,络绎
락역부절,络绎不绝
락영빈분,落英缤纷
락오,落伍
락우,乐于; 落雨
락우조인,乐于助人
락원,乐园
락원대가,泺源大街
락위,洛韦
락융융,乐融融
락음,乐音
락의,乐意; 乐毅
락이,洛尔
락인,烙印
락인룡,骆人龙
락일,落日
락자,乐子
락자자,乐滋滋
락장,乐章
락재기중,乐在其中
락적,乐迪
락전전,乐颠颠
락점,落点
락정,乐亭
락정의,乐靖宜
락정하석,落井下石
락제,落第
락조,落潮
락좌,落座
락준팽,骆俊澎
락지,落地
락지등,落地灯
락지식,落地式
락지창,落地窗
락진,落尘; 乐进
락차,落差
락차부피,乐此不疲
락창,乐昌
락창시,乐昌市
락채,乐彩
락척,落拓
락천,乐天; 洛川
락천파,乐天派
락철,烙铁; 铬铁
락청,乐清
락청시,乐清市
락취,乐趣
락침,落枕
락타,骆驼
락탕계,落汤鸡
락토,乐土
락퇴,落槌
락특,洛特
락패,落败
락패사,洛佩斯
락패자,洛佩兹
락평,乐平
락평시,乐平市
락평현,乐平县
락필,落笔
락하,落下; 洛河
락하래,落下来
락하유막,落下帷幕
락합물,络合物
락향,乐享
락협,落叶
락협귀근,落叶归根
락협송,落叶松
락호,落户
락화,落花; 乐和; 乐华
락화류수,落花流水
락화유의,落花有意
락황이도,落荒而逃
락후,落后
락후령선자,落后领先者
란,兰; 乱; 丹; 烂; 拦; 卵; 栏; 懒; 澜; 阑; 鸾; 斓; 銮; 栾; 滦; 镧; 谰; 襕; 糷; 膥; 釠; 籣; 羉; 亂; 爛; 蘭; 欄; 攔
란가,兰家
란간,栏杆
란감람벌,乱砍滥伐
란격,兰格
란경정,兰景程
란계,兰溪; 兰桂
란계시,兰溪市
란고,乱搞; 兰考
란고현,兰考县
란과,兰科
란국걸,栾菊杰
란규,乱叫
란기,兰奇
란낭,卵囊
란니,烂泥
란니애,兰尼埃
란다부,兰多夫
란대,兰大; 兰黛
란덕,兰德
란덕공사,兰德公司
란동,乱动
란등,兰登
란란,兰兰; 乱乱; 烂烂
란래,乱来
란로,拦路
란로호,拦路虎
란류,乱流
란린지,卵磷脂
란마,乱麻
란만,烂漫
란말덕,兰帕德
란망,拦网
란매,兰妹
란모,兰某
란목,栏目
란미,阑尾
란미염,阑尾炎
란민,乱民
란박,兰博
란박기니,兰博基尼
란발,乱发
란방,兰芳
란병,乱兵
란봉봉,乱蓬蓬
란사,兰斯
란산,阑珊; 兰山
란상,乱象
란생,兰生
란서,兰西
란석,卵石
란설,乱说
란성일단,乱成一团
란성장,兰成长
란세,乱世
란세립,兰世立
란세포,卵细胞
란소,卵巢
란소암,卵巢癌
란수비,乱收费
란숙,烂熟
란신,兰新
란신적자,乱臣贼子
란신철로,兰新铁路
란씨,兰氏
란앙,烂秧
란약,兰若
란언,谰言
란요,拦腰
란원,兰苑
란은걸,栾恩杰
란자,卵子; 乱子
란작일단,乱作一团
란적,兰迪
란적사,兰迪斯
란절,拦截
란점원앙,乱点鸳鸯
란정,兰亭
란정서,兰亭序
란조,拦阻
란조조,乱糟糟
란주,兰州; 拦住
란주대학,兰州大学
란주시,兰州市
란주시공안국,兰州市公安局
란주시중급인민법원,兰州市中级人民法院
란주의학원,兰州医学院
란주철로국,兰州铁路局
란지쇄,兰芝锁
란진,乱真
란창,澜沧
란창가,乱涨价
란창강,澜沧江
란천,栾川
란초,兰草
란축,拦蓄
란취,烂醉
란취여니,烂醉如泥
란칠팔조,乱七八糟
란탄자,烂摊子
란투,乱套
란특,兰特
란틈,乱闯
란포,乱跑; 卵泡
란하,滦河
란하파,拦河坝
란함,乱喊
란현,滦县
란형,卵形
란호인,烂好人
란홍홍,乱哄哄
란화,兰花; 烂货
란화과,兰花科
란화저,兰花姐
란황,卵黄
란황낭,卵黄囊
란흘,乱吃
랄,辣; 垃; 喇; 剌; 捋; 獭; 瘌; 埒; 辢
랄근,辣根
랄급,垃圾
랄급대,垃圾袋
랄급장,垃圾场
랄급차,垃圾车
랄급통,垃圾桶
랄급퇴,垃圾堆
랄랄,辣辣
랄수,辣手
랄자,辣子
랄장,辣酱
랄초,辣椒
랄초분,辣椒粉
람,蓝; 览; 滥; 篮; 岚; 揽; 缆; 婪; 榄; 褴; 啉; 葻; 漤; 藍; 嵐; 覽; 濫; 攬
람가,蓝家
람가봉,蓝家凤
람객,揽客
람검,蓝剑
람경,蓝鲸
람경려,蓝景丽
람과,揽过
람광,蓝光; 篮框
람교,滥交
람구,篮球
람구계,篮球界
람구대,篮球队
람구새,篮球赛
람구장,篮球场
람군,蓝军
람단,篮坛
람덕,蓝德
람도,蓝图
람람,蓝蓝
람련,篮联
람령,蓝领; 蓝翎
람령공인,蓝领工人
람룡,蓝龙
람루,褴褛
람릉상,蓝凌霜
람림,蓝林
람발,滥发
람벌,滥伐
람보석,蓝宝石
람복,蓝福
람본,蓝本
람빙,蓝冰
람산,蓝山
람상,蓝翔; 滥觞
람색,蓝色; 缆索
람선생,蓝先生
람성,蓝星
람세옥,蓝世玉
람슬,蓝瑟
람승,缆绳
람심,蓝芯; 蓝沁
람심령,蓝心灵
람심미,蓝心湄
람안,蓝颜
람옥,蓝玉
람옥경,蓝玉京
람용,滥用
람용직권,滥用职权
람우,蓝宇
람우충수,滥竽充数
람욱성,蓝煜星
람월,蓝月
람자,篮子
람전,蓝田; 蓝靛
람전현,蓝田县
람정령,蓝精灵
람정룡,蓝正龙
람조,蓝藻
람존,揽存
람차,缆车
람천,蓝天
람천벽,蓝天碧
람천의,蓝天义
람판,篮板
람판구,篮板球
람포,蓝布; 滥捕
람피서,蓝皮书
람해,蓝海
람협,篮协
람호,蓝狐
람활,揽活
랍,拉; 折; 啦; 腊; 蜡; 邋; 鞡; 镴; 臈; 臘; 蠟; 菈
랍가덕,拉加德
랍가말극살,拉贾帕克萨
랍가상,拉家常
랍각사,拉各斯
랍간,拉杆
랍갑,拉闸
랍개,拉开
랍객,拉客
랍거,拉锯
랍거전,拉锯战
랍고,拉高
랍과,拉科
랍과로니아,拉科鲁尼亚
랍과사,拉戈斯
랍구,拉钩
랍극서사,拉克西丝
랍근,拉近; 拉筋
랍기,拉起
랍긴,拉紧
랍나,拉娜
랍나렬,拉那烈
랍뇨,拉尿
랍다,拉多
랍단,拉丹; 拉断
랍대,拉大
랍덕,拉德
랍도,拉倒
랍두자,拉肚子
랍등,拉登
랍랍,拉拉
랍랍대,拉拉队
랍랍대원,拉拉队员
랍랍수,拉拉手
랍랍차차,拉拉扯扯
랍력,拉力
랍력새,拉力赛
랍련,拉链; 拉练
랍롱,拉拢
랍리,拉里
랍리가니,拉里贾尼
랍마단,拉马丹
랍마랍,拉马拉
랍마적,拉马迪
랍막사,拉莫斯
랍만,拉曼
랍망,拉网
랍망식,拉网式
랍매,腊梅
랍면,拉面
랍명,拉明
랍모,拉姆
랍모사,拉姆斯
랍모사비이덕,拉姆斯菲尔德
랍모안랍,拉姆安拉
랍몽,拉蒙
랍문,拉门
랍미,拉美; 腊味; 拉米
랍미뢰사,拉米雷斯
랍미부,拉米夫
랍미지구,拉美地区
랍발,拉拔
랍방결파,拉帮结派
랍법,拉法
랍법란,拉法兰
랍부,拉夫
랍부라부,拉夫罗夫
랍부상가니,拉夫桑贾尼
랍비,拉菲
랍비이,拉斐尔; 拉菲尔
랍빈,拉宾
랍사,拉丝; 拉斯
랍사위가사,拉斯韦加斯
랍사유가사,拉斯维加斯
랍살,拉萨
랍살단,拉萨段
랍살시,拉萨市
랍살하,拉萨河
랍살화차참,拉萨火车站
랍상,蜡像
랍상관,蜡像馆
랍새이,拉塞尔
랍색,拉索
랍선,拉线
랍소계,拉关系
랍쇄,拉锁
랍수,拉手
랍승,拉升
랍시,拉屎
랍신,拉伸
랍열리,拉涅利
랍염,蜡染
랍옥이패,拉沃尔佩
랍와이품제,拉瓦尔品第
랍운,拉运
랍월,腊月
랍육,腊肉
랍융,拉绒
랍이부,拉尔夫
랍이삼,拉尔森
랍일파,拉一把
랍자구,腊子口
랍장,拉长; 腊肠
랍정,拉丁
랍정무,拉丁舞
랍정문,拉丁文
랍정미주,拉丁美洲
랍정어,拉丁语
랍정자모,拉丁字母
랍제오,拉齐奥
랍제오대,拉齐奥队
랍좌부,拉佐夫
랍지,蜡纸
랍차,拉扯; 拉车
랍촉,蜡烛
랍출,拉出
랍출거,拉出去
랍탁,拉托
랍탈유아,拉脱维亚
랍탑,邋遢
랍파사,拉巴斯
랍파이탑,拉波尔塔
랍파특,拉巴特
랍팔,腊八
랍팔죽,腊八粥
랍패,拉贝
랍평,拉平
랍표,拉票
랍피조,拉皮条
랍필,蜡笔
랍하,拉下
랍하검,拉下脸
랍하마,拉下马
랍하수,拉下水
랍합이,拉合尔
랍향,拉响
랍혁막낙부,拉赫莫诺夫
랍혁만,拉赫曼
랍호덕,拉胡德
랍호족,拉祜族
랍화,拉花
랍환,拉环
랍황,蜡黄
랍회,拉回
랍회래,拉回来
랍흑,拉黑
랍희,拉稀
랍희덕,拉希德
랍희모,拉希姆
랑,浪; 朗; 郎; 狼; 廊; 踉; 琅; 螂; 榔; 啷; 泷; 阆; 锒; 莨; 蒗; 艆; 稂; 郞; 埌
랑가,郎家
랑과,朗科
랑과공사,朗科公司
랑교수,郎教授
랑구,狼狗
랑군,郎君
랑낙,朗诺
랑당입옥,锒铛入狱
랑도,廊道; 浪涛
랑독,朗读
랑독자,朗读者
랑두,榔头; 浪头
랑랑,朗朗; 郎朗; 琅琅
랑랑상구,朗朗上口; 琅琅上口
랑만,浪漫
랑만주의,浪漫主义
랑모주,朗姆酒
랑발랍방,琅勃拉邦
랑방,廊坊
랑방시,廊坊市
랑병,郎兵
랑비,浪费
랑산,狼山
랑선생,郎先生
랑성,朗声
랑소,朗笑
랑송,朗诵
랑신과기,朗讯科技
랑심구폐,狼心狗肺
랑아,狼牙
랑아봉,狼牙棒
랑야,琅琊
랑연,狼烟
랑연사기,狼烟四起
랑인,浪人
랑자,浪子; 狼藉
랑자야심,狼子野心
랑자회두,浪子回头
랑재녀모,郎才女貌
랑적,浪迹
랑적천애,浪迹天涯
랑조,浪潮
랑중,郎中; 阆中
랑창,狼疮
랑창성,狼疮性
랑첨,浪尖
랑탄호인,狼吞虎咽
랑탕,浪荡; 莨菪
랑패,狼狈
랑패도찬,狼狈逃窜
랑패부감,狼狈不堪
랑패위간,狼狈为奸
랑평,郎平
랑피,狼皮
랑함평,郎咸平
랑호,狼嗥
랑호방,朗豪坊
랑화,浪花
랑효농,郎效农
래,来; 莱; 睐; 涞; 徕; 崃; 赉; 铼; 鶆; 鵣; 來; 萊; 唻
래간,来看
래강,来讲
래객,来客
래거,来去
래거총총,来去匆匆
래건,来件
래경,来劲
래고,来稿
래고녕,莱库宁
래과녕,莱科宁
래극,莱克
래년,来年
래니,莱尼
래덕,莱德
래도,来到
래두,来头
래득급,来得及
래득용역,来得容易
래랍,莱拉
래래왕왕,来来往往
래래회회,来来回回
래력,来历
래력부명,来历不明
래로,来路
래료,来了
래료가공,来料加工
래룡거맥,来龙去脉
래류,来流
래리,莱利
래만,莱曼
래매,莱梅
래모병,莱姆病
래무,莱芜
래무시,莱芜市
래무영,来无影
래문,来文; 莱文
래방,来访
래방자,来访者
래범,来犯
래복사광장,来福士广场
래복창,来复枪
래봉,来凤
래부급,来不及
래부득,来不得
래부료,来不了
래비석,莱比锡
래빈,来宾
래빈문,来宾们
래사,来事; 莱斯
래색탁,莱索托
래생,来生
래서,莱西; 来书
래서시,莱西市
래설,来说
래세,来世
래습,来袭
래신,来信; 来神
래안,来安
래앙,莱昂
래앙납다,莱昂纳多
래양,莱阳
래양시,莱阳市
래온사기,莱温斯基
래왕,来往
래원,来源
래유,来由
래은,莱恩
래의,来意
래이부왕비례야,来而不往非礼也
래인,来人; 莱茵
래인하,莱茵河
래인합특,莱因哈特
래일,来日
래일방장,来日方长
래일장,来一场
래임,来临
래자,来自; 来者
래자부거,来者不拒
래자부선,来者不善
래잡,莱卡
래전,来电
래절,莱切
래접,来接
래조,来潮; 来照
래주,来做; 莱州
래주만,莱州湾
래주시,莱州市
래지부역,来之不易
래착,来着
래특,莱特
래포니자,莱布尼茨
래하,来呀
래함,来函
래핵,来势
래핵흉흉,来势汹汹
래화,来火
래회,来回
랭,冷
랭가,冷家
랭각,冷却
랭각기,冷却器
랭각탑,冷却塔
랭경,冷硬
랭고,冷库
랭공기,冷空气
랭광,冷光
랭궁,冷宫
랭궤,冷柜
랭기,冷气
랭난,冷暖
랭난자지,冷暖自知
랭담,冷淡
랭동,冷冻
랭동식품,冷冻食品
랭동실,冷冻室
랭락,冷落
랭랭,冷冷
랭랭청청,冷冷清清
랭렬,冷冽
랭막,冷漠
랭매,冷媒
랭면,冷面
랭문,冷门
랭문고,冷门股
랭반,冷盘
랭벽,冷僻
랭병기,冷兵器
랭봉,冷锋
랭부,冷敷
랭부방,冷不防
랭부정,冷不丁
랭빙빙,冷冰冰
랭빙심,冷冰心
랭빙아,冷冰儿
랭빙염,冷冰焰
랭사료,冷死了
랭삼,冷森; 冷杉
랭색,冷色
랭성,冷声; 冷星
랭성도,冷声道
랭소,冷笑
랭소봉,冷小凤
랭수,冷水
랭수강시,冷水江市
랭수수,冷飕飕
랭수욕,冷水浴
랭식,冷食
랭안,冷眼
랭안방관,冷眼旁观
랭알,冷轧
랭약빙상,冷若冰霜
랭언랭어,冷言冷语
랭연,冷然
랭염,冷艳; 冷焰
랭우,冷遇; 冷雨
랭운,冷云
랭월,冷月
랭음,冷饮
랭응,冷凝
랭응기,冷凝器
랭일범,冷一凡
랭자천,冷自泉
랭장,冷藏; 冷场
랭장고,冷藏库
랭장상,冷藏箱
랭장실,冷藏室
랭장차,冷藏车
랭적,冷寂
랭전,冷战; 冷箭
랭정,冷静
랭조열풍,冷嘲热讽
랭준,冷峻
랭찬,冷餐
랭창,冷枪
랭채,冷菜
랭처리,冷处理
랭천,冷天; 冷泉
랭청,冷清
랭청청,冷清清
랭취,冷翠
랭탕,冷烫
랭판등,冷板凳
랭풍,冷风
랭한,冷汗
랭혈동물,冷血动物
랭혹,冷酷
랭혹무정,冷酷无情
략,略; 掠; 撂
략가,略加
략거,略去
략견일반,略见一斑
략고우,略高于
략과,掠过; 略过
략대,略带
략도,略图
략도자,撂挑子
략략,略略
략미,略微
략술,略述
략승일주,略胜一筹
략양,略阳
략영,掠影
략위,略为
략작,略作
략저우,略低于
략지일이,略知一二
략탈,掠夺
략탈성,掠夺性
략탈식,掠夺式
략탈자,掠夺者
략표,略表
략하,撂下
략황,撂荒
량,两; 量; 场; 惊; 良; 亮; 粮; 辆; 梁; 俩; 凉; 谅; 踉; 粱; 晾; 椋; 魉; 辌; 裲; 脼; 墚; 蜽; 兩; 涼; 倆; 諒; 輛; 糧; 樑
량가,粮价; 良家; 梁家; 两可
량가휘,梁家辉
량각,两脚
량간,晾干
량강,两江
량개,两个
량개창,梁凯昌
량계초,梁启超
량고용심,良苦用心
량관소,粮管所
량광,亮光; 两广
량광렬,梁光烈
량구,良久; 量具; 良驹
량구자,两口子
량국,两国
량국론,两国论
량국취,梁国聚
량군,梁军
량극,两极
량극분화,两极分化
량극화,两极化
량금송,梁锦松
량금웅,梁金雄
량기,良机; 亮起; 凉气; 梁冀; 量器
량난,两难
량녀사,梁女士
량농,粮农
량농조직,粮农组织
량단,两端
량당,亮堂
량당당,亮堂堂
량도,亮度; 量度; 粮道
량동,梁冬
량두,两头
량락,梁洛
량람,亮蓝
량량,亮亮; 两两; 量量
량량창창,踉踉跄跄
량려,亮丽
량력,量力
량력이위,量力而为
량력이행,量力而行
량로사,梁老师
량륵,两肋
량륵삽도,两肋插刀
량리,两利
량마사,两码事
량말,粮秣
량망,量纲
량면,两面; 粮棉; 凉面
량면삼도,两面三刀
량면성,两面性
량면파,两面派
량명,梁明
량모,梁某
량문도,梁文道
량문박,梁文博
량문충,梁文冲
량민,良民
량반,凉拌
량반룡,梁攀龙
량방,两旁; 良方
량배,量杯
량백개,凉白开
량백도,梁伯韬
량법,良法
량변,两边; 量变
량변화,量变化
량병,量瓶
량보화,梁保华
량봉의,梁凤仪
량부량,梁富亮
량분,凉粉
량분재의,量体裁衣
량붕,凉棚; 梁鹏
량빈,两鬓; 梁斌
량사,量词
량사성,梁思成
량사익우,良师益友
량산,梁山; 凉山
량산박,梁山泊
량산백,梁山伯
량산이족자치주,凉山彝族自治州
량산주,凉山州
량상,亮相; 两厢; 凉爽; 两相; 粮商
량상정원,两厢情愿
량색,亮色
량서,两栖
량서공격함,两栖攻击舰
량서동물,两栖动物
량서류,两栖类
량석,凉席
량선,良善
량선생,梁先生
량섬섬,亮闪闪
량성,良性; 两性; 凉城; 凉性
량성적,两性的
량성종류,良性肿瘤
량소,梁萧; 良宵
량소무시,两小无猜
량소저,梁小姐
량쇄,晾晒
량수,两手; 凉水
량수공공,两手空空
량수명,梁漱溟
량수수,凉飕飕
량수조,两手抓
량수청풍,两袖清风
량식,粮食
량실추,梁实秋
량심,良心
량심발현,良心发现
량씨,梁氏
량안,两岸
량안산,亮氨酸
량애시,梁爱诗
량약,良药
량양,两样
량언,良言
량연,良缘
량염,梁艳
량영기,梁咏琪
량요,梁耀
량용,两用
량용인재,两用人才
량우,良友
량우생,梁羽生
량우성,梁雨声
량위,梁伟
량유,粮油
량유부제,良莠不齐
량유창,梁有昶
량은근,梁稳根
량의,凉意; 良医
량익,两翼
량인,良人
량입위출,量入为出
량자,两者; 量子; 梁子
량자력학,量子力学
량저문화,良渚文化
량전,良田; 两全; 粮田
량전기미,两全其美
량절,两截; 两浙
량점,粮店
량정,凉亭; 量程; 梁静
량정여,梁静茹
량정정,亮晶晶
량제,两制
량조위,梁朝伟
량조퇴주로,两条腿走路
량종,两种; 良种
량종화,良种化
량주,凉州; 梁柱
량중,两重
량중성,两重性
량지,两地; 良知
량지분거,两地分居
량진,良辰; 两晋
량진길일,良辰吉日
량진미경,良辰美景
량차,凉茶; 粮车
량참,粮站
량창,踉跄; 粮仓
량채,凉菜
량책,良策
량천,两天; 梁天
량청,两清
량초,粮草
량축,梁祝
량출,量出
량칙,两则
량쾌,凉快
량탄일성,两弹一星
량통,量筒
량판,量贩
량판식,量贩式
량패구상,两败俱伤
량편,亮片; 两便
량평,梁平
량평파,梁平波
량평현,梁平县
량표,粮票
량풍,凉风
량하,两下
량하자,两下子
량한,两汉
량항,良港
량해,谅解
량향,粮饷; 良乡
량형,量刑
량혜,凉鞋
량혜왕,梁惠王
량호,良好; 两湖
량홍,梁红; 梁洪
량화,量化
량회,两淮
량회사,两回事
량효성,梁晓声
량희의,梁希仪
려,丽; 虑; 旅; 厉; 励; 黎; 吕; 驴; 侣; 庐; 犁; 铝; 滤; 荔; 榈; 闾; 戾; 蠡; 蛎; 藜; 俪; 胪; 砺; 骊; 鲡; 唳; 粝; 疠; 黧; 膂; 絽; 藘; 稆; 郘; 鑢; 邌; 馿; 麗; 厲; 郦; 慮; 侶; 沵; 勵; 呂
려가,吕家; 黎家
려강,丽江; 庐江; 吕刚; 吕强
려강시,丽江市
려강현,庐江县
려객,旅客
려객문,旅客们
려거,旅居
려건군,吕建军
려건중,厉建中
려과,滤过; 黎戈
려과률,滤过率
려관,旅馆
려관업,旅馆业
려광편,滤光片
려귀,厉鬼
려극,吕剧
려근,励勤
려기,滤器
려나,厉娜; 吕娜
려낙,吕诺
려남,黎南
려녀사,吕女士
려대,旅大
려도,旅途; 吕涛
려동빈,吕洞宾
려량,吕梁; 吕良
려량시,吕梁市
려량위,吕良伟
려려평,吕丽萍
려령로,吕岭路
려로,黎璐; 藜芦
려로사,吕老师
려릉,庐陵
려린,吕麟
려림,吕林
려만구,荔湾区
려망,厉芒
려명,黎明; 吕明
려모,吕某; 黎某
려몽,吕蒙
려문덕,吕文德
려문창,铝门窗
려미,旅美
려민,黎民
려민백성,黎民百姓
려박,铝箔
려반,旅伴
려방,吕方; 吕芳
려범,吕凡
려병,黎兵; 滤饼
려병말마,厉兵秣马
려본부,吕本富
려봉,吕锋
려부위,吕不韦
려분,铝粉
려비,旅费; 黎斐
려사,旅社; 旅舍
려사대가,丽舍大街
려사청,吕思清
려산,庐山; 骊山
려산진면목,庐山真面目
려산품,铝产品
려삼양,吕三阳
려색,厉色
려서강,黎瑞刚
려선생,吕先生; 黎先生
려성,厉声
려소,厉啸
려송,吕宋
려송도,吕宋岛
려수,丽水
려수련,吕秀莲
려수시,丽水市
려숙상,吕叔湘
려순,旅顺
려순구구,旅顺口区
려승남,厉胜男
려신상,黎新祥
려심,滤芯
려씨,吕氏
려액,滤液
려양구,庐阳区
려예봉,吕锐锋
려요상,黎耀祥
려욱,厉旭
려운비,吕云飞
려원홍,黎元洪
려월,黎越
려위,吕伟
려유,旅游
려유계,旅游界
려유구,旅游区
려유국,旅游局
려유단,旅游团
려유도가구,旅游度假区
려유류,旅游类
려유사업,旅游事业
려유승지,旅游胜地
려유업,旅游业
려유업계,旅游业界
려유열,旅游热
려유자,旅游者
려유점,旅游点
려유차,旅游车
려유혜,旅游鞋
려이,黎以; 吕夷
려이녕,厉以宁
려인,丽人; 旅人
려자,驴子; 丽姿
려장,旅长
려재,铝材
려점,旅店
려점업,旅店业
려정,旅程; 铝锭; 吕征
려정도치,励精图治
려정상,黎政祥
려정영,吕正英
려정조,吕正操
려제품,铝制品
려조선,吕祖善
려족,黎族
려주,庐州
려지,励志; 荔枝; 滤纸; 滤池
려질,铝质; 丽质
려창,铝厂
려천,黎川
려청기,滤清器
려취,滤嘴
려치,吕雉
려타곤,驴打滚
려토광,铝土矿
려파,滤波; 荔波; 黎波
려파기,滤波器
려파눈,黎巴嫩
려파눈대,黎巴嫩队
려파현,荔波县
려판,铝板
려평,黎平; 吕萍
려평현,黎平县
려포,吕布
려합금,铝合金
려해,厉害
려행,旅行; 厉行
려행가,旅行家
려행단,旅行团
려행대,旅行袋
려행사,旅行社
려행자,旅行者
려행절약,厉行节约
려행지표,旅行支票
려행차,旅行车
려행포,旅行包
려형재,铝型材
려혜경,吕惠卿
려효명,吕晓明
려후,吕后
려흠,吕钦
려희동,吕曦东
력,力; 历; 砾; 雳; 沥; 栎; 镉; 郦; 枥; 跞; 呖; 苈; 叻; 疬; 轹; 鬲; 坜; 磿; 讈; 赲; 韷; 歷; 曆
력경,历经
력계,历届; 力戒; 力系
력고,力高
력공,力攻
력구,力求; 力矩; 历久
력구부쇠,历久不衰
력극,力克
력기,力气
력기활,力气活
력년,历年
력년래,历年来
력대,历代
력대무궁,力大无穷
력도,力度; 力图
력래,历来
력량,力量
력량형,力量型
력력,历历; 沥沥
력력재목,历历在目
력만광란,力挽狂澜
력배중의,力排众议
력범구락부,力帆俱乐部
력범대,力帆队
력범집단,力帆集团
력법,历法; 力法
력부종심,力不从心
력비,力臂
력사,历史; 力士
력사계,历史系
력사관,历史观
력사극,历史剧
력사기록,历史记录
력사명성,历史名城
력사문화명성,历史文化名城
력사상,历史上
력사성,历史性
력사소설,历史小说
력사학가,历史学家
력서,历书
력석,砾石
력성,历城
력성구,历城区
력소능급,力所能及
력수,历数
력시,历时
력암,砾岩
력임,历任
력작,力作
력장,力场
력쟁,力争
력쟁상유,力争上游
력전,力战
력점,力点
력정,历程; 力证
력조,历朝
력좌,力挫
력주,力主
력지,力持
력진,历尽
력차,历次
력천,力荐
력청,沥青
력촉,力促
력표,历表
력피,力避
력하구,历下区
력학,力学
력행,力行
력험,历险
력험기,历险记
련,联; 连; 练; 恋; 怜; 炼; 莲; 链; 挛; 撵; 琏; 涟; 孪; 辇; 鲢; 裢; 楝; 脔; 娈; 膦; 聫; 連; 戀; 聯; 練; 憐; 蓮; 鏈; 煉; 鍊
련가,连家; 恋家
련간,连杆
련강,炼钢; 连降; 连江
련강로,炼钢炉
련강창,炼钢厂
련강현,连江县
련격,连击
련격매,链激酶
련결,联结; 连结
련계,联系
련계인,联系人
련곤대파,连滚带爬
련공,练功; 联共
련공방,练功房
련곽,连霍
련관,连贯; 连串
련관성,连贯性
련교,连翘
련구,练球; 链球; 恋旧
련구균,链球菌
련군,联军
련군부대,联军部队
련근발,连根拔
련금,连襟
련기,联机
련나,连那
련남,连南
련년,连年
련단,炼丹
련대,连带; 连队; 联队; 联大; 莲台
련대집단,联大集团
련동,连同; 娈童
련동벽,恋童癖
련두시장,连豆市场
련득,连得
련락,联络
련락원,联络员
련련,连连; 练练; 恋恋; 涟涟
련련부사,恋恋不舍
련로,链路
련루,连累
련륜,链轮
련리,连理; 连里
련망,连忙; 联网
련매소,链霉素
련맹,联盟
련맹당,联盟党
련면,连绵
련면부단,连绵不断
련면부절,连绵不绝
련명,联名
련몌,联袂
련모,恋母
련모정결,恋母情结
련무,练武
련반응,链反应
련발,连发
련방,联邦; 联防; 连邦; 连方
련방대,联防队
련방대원,联防队员
련방덕국,联邦德国
련방법원,联邦法院
련방안전국,联邦安全局
련방위원회,联邦委员会
련방정부,联邦政府
련방조사국,联邦调查局
련병,练兵
련본대리,连本带利
련본대식,连本带息
련봉,莲蓬
련분,连体; 联苯
련분알,联苯胺
련사,联社; 连词; 连写
련산,联产; 连山
련상,联想; 链状
련상공사,联想公司
련상집단,联想集团
련새,联赛
련석,联席
련선,连线
련설,连雪
련성,连声; 连城
련성일편,连成一片
련성현,连城县
련소,联销
련속,连续
련속극,连续剧
련속량,连续梁
련속부단,连续不断
련속성,连续性
련속식,连续式
련속화,连续化
련쇄,连锁
련쇄반응,连锁反应
련쇄업,连锁业
련쇄점,连锁店
련쇄화,连锁化
련수,联手; 练手; 涟水
련습,练习
련습곡,练习曲
련습본,练习本
련습새,练习赛
련습생,练习生
련습자,练习者
련습장,练习场
련습제,练习题
련승,连胜
련승문,连胜文
련식반응,链式反应
련심,连心; 莲心
련씨,连氏
련애,恋爱
련야,连夜
련어,鲢鱼
련영,联营
련옥,炼狱
련용,连用
련우,莲藕
련운,联运
련운항,连云港
련운항시,连云港市
련원,涟源
련원시,涟源市
련유,炼油; 炼乳
련유창,炼油厂
련음우,连阴雨
련의,联谊; 涟漪
련의군,连衣裙
련의새,联谊赛
련의회,联谊会
련인,恋人; 联姻
련인문,恋人们
련일,连日
련일래,连日来
련임,连任
련자,莲子; 链子
련작,连作
련장,连长; 链长
련재,连载
련전,联展; 恋战
련전련첩,连战连捷
련전서로,莲前西路
련접,链接; 连接; 联接
련접기,连接器
련접도,链接到
련접점,连接点
련정,恋情
련제,炼制
련조,链条; 联组
련좌,连坐
련주,连铸; 连珠; 连州
련주포,连珠炮
련창,连创; 联唱
련천,连天
련천홍,连天红
련철,炼铁; 连缀
련철로,炼铁炉
련체,练达
련초,炼焦
련축,挛缩
련축전,连轴转
련탄,练摊
련통,联通; 连通
련통공사,联通公司
련통성,连通性
련통세계,联通世界
련통집단,联通集团
련파,联播
련판,联办
련편,连篇; 连片
련편루독,连篇累牍
련평,连平
련표,链表
련필,练笔; 连笔
련합,联合
련합국,联合国
련합국부대,联合国部队
련합국세계,联合国世界
련합국아동기금회,联合国儿童基金会
련합국인권위원회,联合国人权委员会
련합국총부,联合国总部
련합보,联合报
련합분,联合体
련합왕국,联合王国
련합제,联合制
련합조보,联合早报
련합회,联合会
련호구,莲湖区
련화,莲花
련화로,莲花路
련화봉,莲花峰
련화산,莲花山
련화진,莲花镇
련화집단,莲花集团
련환,连环; 联欢
련환화,连环画
련환회,联欢会
련회,联会
렬,列; 烈; 裂; 劣; 咧; 洌; 冽; 趔; 捩; 锊; 蛚; 睙; 䴕; 茢; 脟; 蛶
렬강,列强
렬개,裂开
렬거,列举
렬곡,裂谷
렬공,裂孔
렬과,裂果
렬구,裂口
렬국,列国
렬군속,烈军属
렬극,裂隙
렬근성,劣根性
렬녀,烈女
렬녕,列宁
렬녕격륵,列宁格勒
렬녕주의,列宁主义
렬농,列农
렬대,列队
렬도,列岛; 烈度
렬등,劣等
렬렬,咧咧; 烈烈
렬마,烈马
렬명,列名
렬문,裂纹
렬백,裂帛
렬변,裂变
렬병,列兵
렬봉,裂缝
렬사,烈士
렬사묘,烈士墓
렬사문,烈士们
렬석,列席
렬성,烈性
렬속,烈属
렬수,列数
렬양,烈阳
렬염,烈焰
렬우,列于
렬위,列为; 列位
렬유,列维
렬일,烈日
렬입,列入
렬저,趔趄
렬적,劣迹
렬전,列传
렬조렬종,列祖列宗
렬주,烈酒
렬지돈사등,列支敦士登
렬질,劣质
렬차,列车
렬차원,列车员
렬차장,列车长
렬출,列出
렬표,列表
렬풍,烈风
렬해,裂解
렬핵,劣势
렬화,烈火; 裂化
렬환,列环
렬후,列侯
렬흔,裂痕
렴,廉; 帘; 敛; 镰; 籁; 濂; 殓; 臁; 蠊; 奁; 莶; 潋; 搛; 猃; 鬑; 羷; 稴; 裣
렴가,廉价
렴강,廉江
렴결,廉洁
렴결봉공,廉洁奉公
렴결자률,廉洁自律
렴도,镰刀
렴도균,镰刀菌
렴막,帘幕
렴염,潋滟
렴자,帘子
렴재,敛财
렴정,廉政
렴치,廉耻
렴포,帘布
렵,猎; 鬣; 躐; 獵
령,领; 令; 另; 灵; 宁; 零; 龄; 怜; 玲; 铃; 岭; 伶; 逞; 拎; 翎; 聆; 羚; 苓; 蛉; 呤; 棂; 囹; 泠; 瓴; 酃; 鸰; 袊; 舲; 笭; 跉; 柃; 齢; 秢; 詅; 醽; 霝; 領; 靈; 寧; 鈴; 齡; 嶺
령감,灵感
령강,逞强
령개,另开
령건,零件; 领巾
령공,领空; 零工
령관,领款
령광,灵光
령교,灵巧; 领教
령구,领口; 灵柩
령군자,领军者
령급,零级
령기,灵气; 龄期; 令旗; 灵机
령기로조,另起炉灶
령기일동,灵机一动
령남,岭南
령남대학,岭南大学
령능,逞能
령단,灵丹
령단묘약,灵丹妙药
령담,零担
령당,灵堂; 铃铛; 令堂
령당별론,另当别论
령대,领队; 领带; 灵台
령도,领导; 零度
령도문,领导们
령도반자,领导班子
령도인,领导人
령도자,领导者
령도자문,领导者们
령동,灵童
령두,领头; 零头
령두안,领头雁
령두인,领头人
령락,零落
령란,零乱; 铃兰
령랑,令郎
령략,领略
령령산산,零零散散
령령성성,零零星星
령령쇄쇄,零零碎碎
령로,领路
령롱,玲珑
령롱척투,玲珑剔透
령류,另类
령릉,零陵
령리,伶俐
령리률,零利率
령립문호,另立门户
령명,领命
령목,铃木
령묘,灵猫
령무,领舞; 灵武
령무시,灵武市
령물,灵物
령민,灵敏; 怜悯
령민도,灵敏度
령민성,灵敏性
령반,领班
령배건,零配件
령배방,零排放
령벽,灵璧
령벽현,灵璧县
령보,灵宝
령보시,灵宝市
령부,灵符
령부건,零部件
령사,领事
령사관,领事馆
령사사,领事司
령산,零散; 灵山
령상,领赏
령서,灵犀
령석,怜惜; 灵石
령석현,灵石县
령선,领先; 另选; 零线
령선성,领先性
령선자,领先者
령성,铃声; 零星; 灵性
령쇄,零碎
령수,零售; 领袖; 灵秀; 领受
령수량,零售量
령수류,零售类
령수문,领袖们
령수상,零售商
령수상점,零售商店
령수액,零售额
령수업,零售业
령수점,零售点
령시,零时
령식,零食
령아리치,伶牙俐齿
령안,另案
령안상간,另眼相看
령애,怜爱; 令爱
령약,灵药
령양,领养; 羚羊
령어,囹圄
령업계,令业界
령역,领域
령오,领悟
령외,另外
령용,零用
령용전,零用钱
령우,羚牛
령위,灵位
령유,领有
령유소도,另有所图
령은사,灵隐寺
령이,灵异
령인,令人; 伶人
령인발지,令人发指
령인봉복,令人捧腹
령인신왕,令人神往
령인작구,令人作呕
령인주목,令人注目
령인촉목,令人瞩目
령일개,另一个
령일방면,另一方面
령일부분,另一部分
령일회사,另一回事
령자,领子
령장,领奖; 领章
령장대,领奖台
령전,零钱; 令箭; 灵前
령정,领情; 伶仃
령제,令弟
령조,龄组
령존,令尊
령존위,另存为
령주,领主
령증장,零增长
령지,领地; 灵芝
령질,领跌
령차,灵车
령창,领唱
령창고,领涨股
령청,聆听
령청자,聆听者
령취,领取; 零嘴
령토,领土
령통,灵通
령패,令牌; 灵牌
령편,灵便
령포,拎包
령피혜경,另辟蹊径
령하,零下
령함,领衔
령함주연,领衔主演
령항,领航
령항원,领航员
령항자,领航者
령해,领海
령행,另行
령행금지,令行禁止
령향석옥,怜香惜玉
령험,灵验
령혜,灵慧
령호충,令狐冲
령혼,灵魂
령화,零花
령화전,零花钱
령활,灵活; 零活
령활성,灵活性
령회,领会
령흉,逞凶
례,例; 礼; 隶; 澧; 醴; 鳢; 豊; 禮
례가,例假
례교,礼教
례구,例句
례권,礼券
례금,礼金
례기,礼记; 礼器
례단,礼单
례당,礼堂
례릉,醴陵
례모,礼貌; 礼帽
례모성,礼貌性
례물,礼物
례배,礼拜
례배당,礼拜堂
례배륙,礼拜六
례배사,礼拜四
례배삼,礼拜三
례배오,礼拜五
례배이,礼拜二
례배일,礼拜一
례배천,礼拜天
례법,礼法
례복,礼服
례부,礼部
례빈사,礼宾司
례빙,礼聘
례상왕래,礼尚往来
례서,隶书
례속,隶属; 礼俗
례속우,隶属于
례수,礼数
례양,礼让
례여,例如
례외,例外
례우,礼遇
례의,礼仪; 礼义
례의렴치,礼义廉耻
례의지방,礼仪之邦
례자,例子
례절,礼节
례절성,礼节性
례정,例证
례제,例题; 礼制
례찬,礼赞
례치,礼治
례포,礼炮
례품,礼品
례품점,礼品店
례합,礼盒
례행,例行
례행공사,例行公事
례현,澧县
례현하사,礼贤下士
례화,礼花
례회,例会
로,老; 路; 劳; 露; 鲁; 怒; 卢; 炉; 虏; 芦; 捞; 颅; 噜; 骡; 唠; 掳; 潦; 卤; 璐; 撸; 橹; 涝; 潞; 鲈; 鹭; 崂; 鸬; 泸; 痨; 舻; 轳; 栌; 铑; 辂; 氇; 垆; 栳; 蕗; 耢; 纑; 蓾; 铹; 簬; 勞; 爐; 嚕; 撈; 魯; 盧; 擼; 蘆; 滷; 嘮
로가,老家; 老哥; 老街; 劳驾; 卢家; 老贾; 鲁佳; 路家; 鲁家
로가과,老家伙
로가방,老街坊
로가석,卢嘉锡
로간거활,老奸巨猾
로간부,老干部
로간부문,老干部们
로갈,怒喝; 老葛
로감,芦柑
로강,怒江; 鹭江; 老姜; 老江; 老康
로강주,怒江州
로강호,老江湖
로개,劳改
로개범,劳改犯
로객,老客
로객호,老客户
로건,鲁健
로건화,鲁建华
로검,露脸; 老脸
로견,老茧; 路肩
로견부평,路见不平
로경,路径; 老庆; 路劲
로경선택,路径选择
로고,老高; 劳苦; 老顾; 老古
로고공고,劳苦功高
로고낭,老姑娘
로고동,老古董
로고호,泸沽湖
로골,颅骨; 露骨
로골두,老骨头
로공,老公; 劳工; 老孔
로공공,老公公
로공부,劳工部
로공조직,劳工组织
로과,老挝
로과계,老伙计
로곽,老郭; 老霍
로관,老倌; 炉管
로관구,鲁冠球
로광,老广
로광서,卢光瑞
로광중,卢广仲
로교,劳教; 老窖; 老乔; 卢巧
로교구,路桥区
로교수,老教授
로교인원,劳教人员
로구,路口; 老区; 老旧; 老妪; 老九; 炉具; 老邱
로구교,卢沟桥; 芦沟桥
로국,鲁国; 路局
로국강,卢国强
로군,劳军
로권,劳倦
로궤,路轨
로규구,老规矩
로규화,老叫化
로극,卢克
로근,卢勤; 老根; 芦根
로금,老金
로기,路基; 怒气; 老几; 老气; 老纪; 卢奇
로기금,老基金
로기충천,怒气冲天
로기충충,怒气冲冲
로기횡추,老气横秋
로나,露娜
로남,路南; 鲁南
로남경,老南京
로남단,路南段
로낭,老娘
로낭문,老娘们
로내내,老奶奶
로녀사,卢女士
로년,老年
로년기,老年期
로년반,老年斑
로년병,老年病
로년성,老年性
로년인,老年人
로년지가,老年之家
로년학,老年学
로녕군,卢宁军
로농,老农
로능,鲁能
로능구락부,鲁能俱乐部
로능대,鲁能队
로능집단,鲁能集团
로니,鲁尼; 老尼
로니이삼,老尼尔森
로다,老爹
로단,路段; 老旦; 老段; 路单
로담,老谭; 老聃
로당,炉膛; 老唐
로당익장,老当益壮
로대,老大; 露台; 老戴
로대가,老大哥
로대난,老大难
로대낭,老大娘
로대도상비,老大徒伤悲
로대문,老大们
로대부소,老大不小
로대야,老大爷
로덕,路德; 劳德
로덕유희,路德维希
로도,唠叨; 路途; 老道; 老到; 鹭岛; 怒涛; 老图; 卢涛; 老陶
로도부,鲁道夫
로도사,老道士
로도아,老掉牙
로돈,劳顿
로동,劳动; 老董
로동개조,劳动改造
로동교양,劳动教养
로동당,劳动党
로동당중앙위원회,劳动党中央委员会
로동량,劳动量
로동력,劳动力
로동명,卢东溟
로동법,劳动法
로동보,劳动报
로동복무,劳动服务
로동사,老同事
로동서,老东西
로동일,劳动日
로동자,劳动者
로동절,劳动节
로동조건,劳动条件
로동지,老同志
로동지문,老同志们
로동학,老同学
로동화사회보장부,劳动和社会保障部
로두,老头; 露头; 老杜; 路头; 老窦
로두부,老豆腐
로두아,老头儿
로두자,老头子
로등,路灯; 老邓
로라,老罗
로락,老乐
로란,卢兰; 老兰
로랄,老辣
로랍,劳拉; 卢拉
로래,老来
로략,掳掠
로량,老梁
로려,老吕
로려시,劳丽诗
로력,劳力
로력사,劳力士
로련,老练
로령,老龄; 路翎
로령위,老龄委
로령화,老龄化
로로,老路; 露露; 老老; 老卢
로로도도,唠唠叨叨
로로사,卢老师
로로소소,老老少少
로로실실,老老实实
로로통,路路通
로록,劳碌
로뢰,老赖; 老雷; 卢雷
로료,老廖; 炉料
로룡,老龙; 卢龙
로루,劳累; 老楼; 老泪
로루종횡,老泪纵横
로류,老刘; 老柳
로륙,老六; 老陆
로륜,劳伦
로륜사,劳伦斯
로리,老李
로림,老林; 卢琳
로마,老马
로마자,老妈子
로막,老莫
로만,卢湾; 老万
로만구,卢湾区
로말,老帕
로망,路网; 鲁莽; 卤莽
로매,怒骂; 老迈; 老梅
로매니격,鲁梅尼格
로맥,老麦
로맹,老孟
로면,路面; 露面
로명,老命; 路明
로모,劳模; 卢某; 老毛; 鲁某
로모병,老毛病
로모심산,老谋深算
로모자,老谋子
로목,怒目
로목이시,怒目而视
로몽파,卢蒙巴
로무,劳务
로무비,劳务费
로무인원,劳务人员
로무현,卢武铉
로문,卢文; 炉门; 老文; 鲁文
로미,卤味; 老米
로민상재,劳民伤财
로박,老朴
로반,老伴; 老潘; 鲁班; 老班
로반아,老伴儿
로반천,老半天
로발충관,怒发冲冠
로방,路旁; 怒放; 老方; 老房; 劳方
로배,老裴; 老辈
로백,老伯; 老白; 露白
로백간,老白干
로백백,老伯伯
로백성,老百姓
로백성문,老百姓们
로번,劳烦
로범,老范
로변,路边; 老边
로병,老兵; 老病
로병문,老兵们
로병휘,卢炳辉
로보,劳保; 老鸨
로본,老本; 鲁本
로본행,老本行
로봉성,鲁棒性
로부,老夫; 露富
로부가알,怒不可遏
로부궁,卢浮宫
로부로처,老夫老妻
로부자,老夫子
로부처,老夫妻
로북,路北; 鲁北
로북단,路北段
로불야,老佛爷
로붕우,老朋友
로붕우문,老朋友们
로비,路费; 卢比; 路飞
로빈,鲁宾; 卢斌
로빈손,鲁滨逊; 鲁宾逊
로사,老师; 老四; 老舍; 老谢; 露丝; 鲁斯; 老沙; 老史; 鹭鸶
로사동중,劳师动众
로사래사,劳斯莱斯
로사문,老师们
로사부,老师傅
로사부상왕래,老死不相往来
로사양,卢士阳
로산,崂山; 老山; 鲁山
로산구,崂山区
로산현,鲁山县
로살,老萨
로살잡,卢萨卡
로삼,老三; 劳森
로삼계,老三届
로삼박격,卢森博格
로삼보,卢森堡
로삼편,老三篇
로상,路上
로상승,卢象升
로상신,老相识
로상호,老相好
로색,怒色
로생,老生; 芦笙
로생상담,老生常谈
로서,老鼠; 老徐; 鲁西; 露西; 老西; 路西
로서남,鲁西南
로서문,老西门
로서법,路西法
로서오,卢西奥
로석,老石
로선,路线
로선생,老先生; 卢先生; 鲁先生
로설,老薛
로섭,老聂
로성,老城; 老成; 老盛
로성구,老城区
로성지중,老成持重
로소,老少; 老小; 老巢; 老萧; 卤素; 老苏; 老关
로소곤,卢绍琨
로소변궁,老少边穷
로소연,卢苏燕
로소함의,老少咸宜
로손,老孙; 劳损
로송,老宋; 老松
로수,老手; 老帅; 卤水; 露水; 路数
로수방,卢秀芳
로수성,老寿星
로숙,露宿; 鲁肃; 老叔
로순,芦笋
로슬,卢瑟
로시,老是; 怒视; 老柴
로시구,老市区
로시설,老是说
로식,老式; 卢植
로신,鲁迅; 老身; 劳神
로실,老实
로실설,老实说
로실인,老实人
로실파교,老实巴交
로심,劳心
로심로력,劳心劳力
로십자,劳什子
로씨,卢氏; 鲁氏; 劳氏
로씨현,卢氏县
로아,路牙; 老鸦; 老阿
로안,老安
로안광,老眼光
로안혼화,老眼昏花
로애,老艾
로애덕,劳埃德
로야,老爷
로야문,老爷们
로야야,老爷爷
로야자,老爷子
로야차,老爷车
로약,老弱
로약병잔,老弱病残
로양,老杨; 老让
로양자,老样子
로어,鲈鱼
로언,卢彦
로엄,老严
로여,老余
로역,路易; 劳役
로역사,路易斯; 露易丝; 路易丝
로역사안나,路易斯安那
로역사안나주,路易斯安那州
로연분비,劳燕分飞
로영,露营; 老营
로영웅,老英雄
로예,鲁豫; 鲁艺
로예유,鲁豫有
로오,老五; 老吴
로오로이급인지로,老吾老以及人之老
로온,炉温; 老温
로옹,老翁
로와,老瓦
로완고,老顽固
로왕,老王; 老汪
로왕체,卢旺达
로외,老外
로외문,老外们
로요,老幺; 老姚; 路遥
로요지마력,路遥知马力
로용,怒容
로용상,路甬祥
로우,老友; 老牛; 老于; 老尤
로운,卢云
로운동원,老运动员
로운비,路云飞
로웅,老熊
로원,老远; 老袁
로위,芦苇; 老魏; 卢伟
로위중,卢卫中
로위탕,芦苇荡
로유,路由; 老俞
로유기,路由器
로유소락,老有所乐
로유소양,老有所养
로유소위,老有所为
로유조,老油条
로육,卤肉
로응,老鹰
로이,老二; 劳尔; 鲁尔; 鲁伊
로이무공,劳而无功
로이미견,老而弥坚
로이자,鲁伊兹
로이화,劳尔和
로인,老人; 路人; 路引
로인가,老人家
로인가문,老人家们
로인개지,路人皆知
로인문,老人们
로인절,老人节
로일,劳逸
로일결합,劳逸结合
로일과부,卢日科夫
로일명,卢一鸣
로일배,老一辈
로일수,露一手
로일투,老一套
로일파,捞一把
로일필,捞一笔
로임,老任
로자,老子; 老者; 路子; 劳资; 炉子; 鸬鹚
로자격,老资格
로자규분,劳资纠纷
로자소계,劳资关系
로자호,老字号
로작,劳作
로작부,卢作孚
로잡,路卡
로잡기,卢卡奇
로잡사,卢卡斯
로잡신과,卢卡申科
로장,老将; 老张; 老蒋; 路障; 老庄; 老丈; 老章
로장문,老将们
로장인,老丈人
로재,老财; 涝灾
로재하방,路在何方
로저,老底; 露底
로적,老贼; 鲁迪; 芦荻
로전,老钱; 老田
로전공,卢展工
로전배,老前辈
로전사문,老战士们
로점,露点
로정,路程; 老郑; 老丁; 路政; 老程; 老井; 炉顶; 泸定
로정교,泸定桥
로제,老弟; 路堤; 老齐
로조,老赵; 老祖; 老早; 炉灶; 老曹; 老调; 怒潮; 老粗
로조종,老祖宗
로조중탄,老调重弹
로조취,老早就
로종,老钟
로좌,老左
로주,泸州; 老朱; 老酒; 老周; 露珠; 潞州
로주고,老主顾
로주시,泸州市
로주의학원,泸州医学院
로주의학원부속의원,泸州医学院附属医院
로준,卢俊
로준경,卢俊卿
로준의,卢俊义
로중청,老中青
로증,老曾
로지,露地
로지심,鲁智深
로진,老陈; 老秦
로질,怒叱
로차,老车
로창,老厂
로채,老蔡; 卤菜; 鲁菜
로척,怒斥
로천,老天; 露天
로천개채,露天开采
로천광,露天矿
로천교,卢天娇
로천야,老天爷
로철,老铁
로체,鲁达
로초,老肖; 老醋
로총,老总
로총문,老总们
로최,老崔
로춘,鲁春
로춘연,劳春燕
로출,露出
로출마각,露出马脚
로취,捞取
로친,炉衬
로칠,老七
로침,老沈
로탑당,老搭档
로탕,老汤; 芦荡
로태,老太; 老态; 鲁泰
로태룡종,老态龙钟
로태야,老太爷
로태우,卢泰愚
로태태,老太太
로태태문,老太太们
로태파,老太婆
로투,老套
로투사,路透社
로투집단,路透集团
로특랍복덕,老特拉福德
로파,老婆; 老派; 老巴
로파문,老婆们
로파이,鲁巴伊
로파자,老婆子
로파파,老婆婆
로판,老板
로판낭,老板娘
로판문,老板们
로팔,老八
로패,老牌; 路牌; 老贝
로팽,老彭
로포,卢布; 老浦; 老包; 老布
로포십,老布什
로표,路标; 老表
로풍,老冯; 路风
로피,老皮
로필,老毕
로하,老何; 老夏; 老贺
로하구,老河口
로하구시,老河口市
로학,老郝
로한,老汉; 老韩; 卢汉
로함,露馅
로합,唠嗑
로해방구,老解放区
로향,老乡; 路向
로향문,老乡们
로허,老许
로혁명,老革命
로협,老叶
로형,老兄; 老刑; 老邢
로형우색,怒形于色
로형제,老兄弟
로호,老虎; 老胡; 路虎; 怒号
로호겸,老虎钳
로호도,老糊涂
로호리,老狐狸
로호인,老好人
로홍,老洪
로화,老化; 怒火; 老话; 炉火; 芦花; 卤化
로화경,老花镜
로화려,老华丽
로화물,卤化物
로화순청,炉火纯青
로화안,老花眼
로화안경,老花眼镜
로화자,老花子
로화중소,怒火中烧
로화충천,怒火冲天
로확,虏获
로황,路况; 老黄
로황력,老皇历
로황우,老黄牛
로회,芦荟; 炉灰
로회겸,卢怀谦
로효평,卢晓平
로후,怒吼; 老朽; 老侯
로흑,老黑
로흔,卢欣
록,录; 绿; 鹿; 禄; 碌; 氯; 麓; 漉; 辘; 箓; 渌; 逯; 簏; 菉; 盝; 粶; 睩; 醁; 錄; 綠; 祿; 甪; 録
록각,鹿角
록구기장,禄口机场
록규,氯喹
록기,氯气
록니,绿泥
록니석,绿泥石
록당,绿党
록도,绿岛
록두,绿豆
록두고,绿豆糕
록등,绿灯
록록,绿绿; 碌碌
록록무위,碌碌无为
록림,绿林
록만,录满
록매소,氯霉素
록모자,绿帽子
록박원,绿博园
록방,氯仿; 录放
록분,氯苯
록비,绿肥
록비홍수,绿肥红瘦
록사,录事
록사수수,鹿死谁手
록산,氯酸
록상,录像
록상기,录像机
록상대,录像带
록상청,录像厅
록상편,录像片
록색,绿色
록색화,绿色化
록색화평조직,绿色和平组织
록성구,鹿城区
록송석,绿松石
록수,绿树; 绿水
록수성음,绿树成荫
록수엄영,绿树掩映
록수청산,绿水青山
록아도,鹿儿岛
록암,绿岩
록야,绿野
록양,绿杨
록역남,鹿易南
록영,绿营; 录影
록영대,录影带
록용,录用; 鹿茸
록원,绿园
록원구,绿园区
록유유,绿油油
록을희,氯乙烯
록음,录音; 绿荫
록음기,录音机
록음대,录音带
록음붕,录音棚
록음실,录音室
록인장,绿茵场
록자림,鹿子霖
록잡,绿卡
록정기,鹿鼎记
록제,录制
록조,绿藻
록주,绿洲
록죽,绿竹
록지,绿地
록지률,绿地率
록차,绿茶
록천시,鹿泉市
록초,绿草
록초여인,绿草如茵
록취,录取
록취률,录取率
록특단,鹿特丹
록파,录播
록피,鹿皮
록하래,录下来
록항,鹿港
록협,绿叶
록화,绿化; 氯化
록화갑,氯化钾
록화납,氯化钠
록화률,绿化率
록화물,氯化物
록화미,氯化镁
록화안,氯化铵
론,论; 抡; 論
론가,论价
론거,论据
론공행상,论功行赏
론단,论坛; 论断
론리,论理
론문,论文
론변,论辩
론설,论说
론술,论述
론어,论语
론역,论域
론자배배,论资排辈
론쟁,论争
론저,论著
론전,论战
론점,论点
론정,论证
론정회,论证会
론제,论题
론조,论调
론죄,论罪
론처,论处
론총,论丛
론형,论衡
롱,弄; 庞; 笼; 垄; 拢; 胧; 聋; 咙; 陇; 珑; 茏; 泷; 垅; 砻; 栊; 鑨; 襱; 蠪; 篭; 嚨; 挊; 籠
롱가성진,弄假成真
롱개,弄开
롱괴,弄坏
롱교성졸,弄巧成拙
롱권,弄权
롱남,陇南
롱단,垄断
롱단가격,垄断价格
롱단성,垄断性
롱단자,垄断者
롱당,弄堂
롱동,陇东
롱두,笼头
롱락,笼络
롱락인심,笼络人心
롱란,弄乱
롱롱,弄弄
롱부청,弄不清
롱사,弄死
롱서,陇西
롱성,弄醒
롱습,弄湿
롱아,聋哑
롱아인,聋哑人
롱아학교,聋哑学校
롱양,笼养
롱옥,弄玉
롱자,笼子; 聋子
롱장,弄脏
롱전,弄钱
롱조,笼罩; 弄潮
롱조아,弄潮儿
롱착,弄错
롱청,弄清
롱청초,弄清楚
롱통,笼统; 弄通
롱해,陇海
롱해선,陇海线
롱해철로,陇海铁路
롱허작가,弄虚作假
롱호,弄好
뢰,雷; 赖; 牢; 赂; 蕾; 磊; 擂; 儡; 籁; 濑; 镭; 诔; 耒; 赉; 礌; 酹; 檑; 磥; 礨; 罍; 鑘; 蠝; 賴
뢰가,雷家; 雷佳
뢰강,雷刚; 雷强
뢰격,雷击; 雷格
뢰결경,雷洁琼
뢰고,牢固; 牢靠; 擂鼓
뢰공,雷公
뢰공등,雷公藤
뢰과파,雷科巴
뢰관,雷管
뢰구,雷欧
뢰군,雷军
뢰균,雷钧
뢰극,雷克
뢰극남,雷克南
뢰극사,雷克斯
뢰극살사,雷克萨斯
뢰극아미극,雷克雅未克
뢰기,牢记; 蕾期
뢰기재심,牢记在心
뢰길납,雷吉纳
뢰나,雷娜
뢰낙,雷诺
뢰낙자,雷诺兹
뢰낙차대,雷诺车队
뢰납,雷纳
뢰니,雷尼
뢰대,擂台
뢰대새,擂台赛
뢰덕,雷德
뢰돈,雷敦
뢰동,雷同; 雷动
뢰동풍,雷东风
뢰두,牢头
뢰락,磊落; 雷洛
뢰려풍행,雷厉风行
뢰령,蕾铃
뢰로,雷老
뢰롱,牢笼
뢰뢰,牢牢; 雷雷; 雷蕾; 雷磊
뢰만,雷曼
뢰명,雷鸣
뢰모,赖某; 雷某
뢰몽,雷蒙
뢰몽덕,雷蒙德
뢰민,雷敏
뢰방,牢房
뢰벽,雷碧
뢰봉,雷锋; 雷峰
뢰봉식,雷锋式
뢰봉정신,雷锋精神
뢰봉탑,雷峰塔
뢰부가파,牢不可破
뢰비,雷比
뢰사,赖斯; 镭射; 雷斯
뢰사림,雷斯林
뢰사특,雷斯特
뢰산,雷山
뢰산현,雷山县
뢰상,赖床
뢰선생,雷先生; 赖先生
뢰성,雷声
뢰성공사,雷声公司
뢰성대,雷声大
뢰성대우점소,雷声大雨点小
뢰성천,赖声川
뢰소,牢骚; 雷潇
뢰소만복,牢骚满腹
뢰소천,雷啸天
뢰순,雷纯
뢰씨,雷氏
뢰아연,赖雅妍
뢰아이,雷亚尔
뢰안산,赖氨酸
뢰야사,雷耶斯
뢰양,耒阳
뢰양시,耒阳市
뢰연리,雷渊利
뢰옥,牢狱
뢰옥지재,牢狱之灾
뢰우,雷雨; 雷于; 雷宇
뢰은,雷恩
뢰이,赖以
뢰자,雷子
뢰자우,雷子雨
뢰장,赖账
뢰적,雷迪
뢰전,雷电
뢰전교가,雷电交加
뢰정,雷霆; 雷丁; 雷婷
뢰정만균,雷霆万钧
뢰정만균지핵,雷霆万钧之势
뢰주,擂主; 雷州
뢰주반도,雷州半岛
뢰주시,雷州市
뢰지,雷池
뢰진,雷震
뢰진우,雷阵雨
뢰진자,雷震子
뢰진천,雷震天
뢰진화,雷振华
뢰창성,赖昌星
뢰천,雷倩
뢰천붕,雷天鹏
뢰천역,雷天易
뢰체,雷达
뢰체참,雷达站
뢰타부동,雷打不动
뢰특,雷特; 赖特
뢰폭,雷暴
뢰피,赖皮
료,了; 料; 疗; 闹; 聊; 辽; 僚; 廖; 寥; 佬; 撩; 缭; 潦; 燎; 瞭; 镣; 寮; 獠; 嘹; 醪; 鹩; 尥; 蓼; 豂; 顟; 膫; 蹽; 膋; 竂; 鬧; 療
료가,鹩哥; 廖家
료각,了却
료개,撩开
료결,了结
료계금,廖桂金
료고,镣铐
료국,寮国
료군,辽军
료귀명,廖贵明
료급,料及
료기,撩起; 料器; 廖奇
료남,辽南
료녀사,廖女士
료녕,辽宁
료녕대,辽宁队
료녕대학,辽宁大学
료녕반반대,辽宁盼盼队
료녕사범대학,辽宁师范大学
료녕성,辽宁省
료녕성분육국,辽宁省体育局
료녕위시,辽宁卫视
료녕일보,辽宁日报
료녕전시대,辽宁电视台
료녕족구구락부,辽宁足球俱乐部
료녕지구,辽宁地区
료단,了断
료도,料到; 潦倒
료동,辽东; 撩动
료동반도,辽东半岛
료득,了得
료량,嘹亮; 料量
료로사,廖老师
료뢰,廖雷
료료,聊聊; 了了
료료천,聊聊天
료리,料理
료마,了吗
료망,瞭望
료모,廖某
료발,撩拨
료범,廖凡
료법,疗法
료벽아,廖碧儿
료부기,了不起
료부득,了不得
료사,了事; 辽史
료사여신,料事如神
료산,廖姗
료상,料想
료생,聊生
료서,辽西
료석룡,廖锡龙
료선생,廖先生
료성,聊城
료성시,聊城市
료속,僚属
료승우무,聊胜于无
료승지,廖承志
료신파,廖新波
료아,獠牙
료애령,廖爱玲
료약지장,了若指掌
료양,疗养; 辽阳
료양시,辽阳市
료양원,疗养院
료양현,辽阳县
료업계,了业界
료여지장,了如指掌
료연,了然
료연우심,了然于心
료요,缭绕
료우걸,廖宇杰
료원,燎原; 辽源; 辽远; 了愿
료원시,辽源市
료위화,廖卫华
료이자위,聊以自慰
료인,撩人
료일매,廖一梅
료자,料子
료장,了账; 料场
료재,聊斋
료재지이,聊斋志异
료정,疗程; 料定
료조,醪糟; 料槽
료족,辽足
료족구락부,辽足俱乐部
료주,料酒
료중,辽中
료중개,廖仲恺
료중현,辽中县
료창영,廖昌永
료천,聊天
료천아,聊天儿
료초,潦草; 料峭
료치,疗治
료침,辽沈
료침전역,辽沈战役
료투,料斗
료하,辽河
료학,廖学
료학병,廖学兵
료한생,廖汉生
료해,了解
료해료해,了解了解
료화,廖化
료활,辽阔
료효,疗效
료효기,廖晓淇
료효의,廖晓义
료휘,廖晖
룡,龙; 眬; 龒; 驡; 龍
룡가,龙家; 龙哥
룡가가,龙哥哥
룡강,龙岗; 龙江; 龙刚
룡강구,龙岗区
룡강중심,龙岗中心
룡개봉,龙凯峰
룡걸봉,龙杰锋
룡검명,龙剑铭
룡검홍,龙剑虹
룡경협,龙庆峡
룡계,龙溪
룡계전구,龙溪专区
룡골,龙骨
룡광성,龙光城
룡구,龙口; 龙驹
룡구시,龙口市
룡군,龙军
룡궁,龙宫
룡권,龙卷
룡권풍,龙卷风
룡규,龙葵
룡남,龙南
룡남현,龙南县
룡년,龙年
룡년대룡,龙年戴龙
룡년리,龙年里
룡년행,龙年行
룡담,龙胆
룡담자,龙胆紫
룡담호,龙潭湖
룡담호혈,龙潭虎穴
룡도,龙涛
룡동,龙洞
룡두,龙头
룡두로대,龙头老大
룡등,龙腾; 龙灯
룡등호약,龙腾虎跃
룡렬,龙烈
룡령령,龙玲玲
룡령아,龙灵儿
룡령주,龙灵珠
룡룡,龙龙
룡릉,龙陵
룡리,龙里
룡리현,龙里县
룡마,龙马
룡마정신,龙马精神
룡만구,龙湾区
룡매,龙梅
룡맥,龙脉
룡모,龙某
룡무,龙舞
룡무군,龙武军
룡무명,龙无名
룡문,龙门; 龙文; 龙纹
룡문객잔,龙门客栈
룡문산,龙门山
룡문석굴,龙门石窟
룡문조,龙门吊
룡문진,龙门阵
룡미,龙尾
룡백,龙伯
룡봉,龙凤
룡봉정상,龙凤呈祥
룡분,龙体
룡비,龙飞
룡비봉무,龙飞凤舞
룡사,龙蛇
룡산,龙山
룡산문화,龙山文化
룡상,龙翔
룡상교,龙翔桥
룡선,龙船
룡선생,龙先生
룡설란,龙舌兰
룡성현,龙星玄
룡소우,龙小羽
룡수구,龙须沟
룡승,龙胜
룡신,龙身
룡신민,龙新民
룡심,龙芯
룡씨,龙氏
룡안,龙眼; 龙安
룡암,龙岩
룡암시,龙岩市
룡암지구,龙岩地区
룡양,龙骧
룡연,龙渊; 龙涎; 龙砚
룡염,龙炎
룡영도,龙永图
룡왕,龙王
룡왕묘,龙王庙
룡운,龙云
룡유,龙游
룡음,龙吟
룡응대,龙应台
룡일,龙一
룡잡,龙卡
룡쟁호투,龙争虎斗
룡적전인,龙的传人
룡전,龙战
룡정,龙井; 龙庭
룡정차,龙井茶
룡정촌,龙井村
룡조,龙爪
룡존오,龙尊吾
룡주,龙舟; 龙珠; 龙州; 龙柱
룡주새,龙舟赛
룡준형,龙俊亨
룡지,龙之
룡지개,龙之介
룡지몽,龙之梦
룡지몽구물중심,龙之梦购物中心
룡지몽점,龙之梦店
룡지의,龙志毅
룡창,龙昌
룡천,龙泉; 龙天; 龙川
룡천루,龙天楼
룡천사,龙泉寺
룡천역구,龙泉驿区
룡천우,龙天羽
룡초운,龙超云
룡투,龙套
룡포,龙袍
룡하,龙虾
룡해,龙海
룡해시,龙海市
룡해현,龙海县
룡호,龙虎
룡호구,龙湖区
룡호방,龙虎榜
룡호산,龙虎山
룡화,龙华
룡화사,龙华寺
룡화의원,龙华医院
루,楼; 泪; 累; 漏; 垒; 屡; 陋; 搂; 缕; 喽; 髅; 篓; 娄; 褛; 镂; 偻; 瘘; 蝼; 嫘; 嵝; 蒌; 耧; 䁖; 鞻; 淚; 樓; 嘍; 涙; 摟
루가,楼价; 累加
루각,楼阁
루검,漏检
루견부선,屡见不鲜
루계,累计
루계위,楼继伟
루공,镂空; 漏孔
루과,累垮
루관,瘘管
루교부개,屡教不改
루구,垒球
루군,楼群
루근검,娄勤俭
루금부절,屡禁不绝
루금부지,屡禁不止
루급,累及
루기,漏气
루당관소,楼堂馆所
루대,楼台
루도,楼道; 漏掉; 累倒
루동,漏洞
루동백출,漏洞百出
루라,喽罗
루란,楼兰
루루,屡屡; 累累; 缕缕
루루포포,搂搂抱抱
루류만면,泪流满面
루리,楼里
루립전공,屡立战功
루망,漏网
루망지어,漏网之鱼
루면,楼面
루방,楼房
루범,累犯
루보,漏报
루사,累死
루사루활,累死累活
루산소,娄山关
루상,楼上
루선,泪腺; 楼船
루선생,楼先生
루세,漏税
루소관,泪小管
루수,泪水; 漏水
루습,陋习
루시,累时
루시부상,屡试不爽
루시위,楼时伟
루실,陋室; 漏失
루심,累心
루안,泪眼
루야,漏夜
루여우하,泪如雨下
루여천용,泪如泉涌
루연동,娄延东
루엽,娄烨
루왕왕,泪汪汪
루우,楼宇
루유,漏油
루의,蝼蚁
루인,累人; 泪人
루자,篓子; 漏子; 娄子
루작,漏勺
루저,娄底
루저시,娄底市
루저하,楼底下
루적,累积
루전,漏电; 楼前
루전루패,屡战屡败
루정,楼顶
루제,楼梯
루제간,楼梯间
루조,屡遭
루주,泪珠
루진,累进
루진세률,累进税率
루차,屡次
루출래,漏出来
루충복,楼忠福
루췌,累赘
루취,漏嘴
루층,楼层
루투,漏斗
루판,楼板
루포,搂抱
루풍,漏风
루하,楼下; 泪下; 漏下
루항,陋巷
루화,泪花; 楼花
루효욱,娄晓旭
루흔,泪痕
류,类; 流; 留; 刘; 累; 柳; 溜; 瘤; 谬; 榴; 硫; 浏; 琉; 缪; 绺; 遛; 馏; 镏; 鎏; 铆; 熘; 鹨; 旒; 锍; 缧; 蹓; 镠; 骝; 鰡; 飗; 罶; 蔂; 駵; 艈; 絫; 蕌; 霤; 羀; 鬸; 鸓; 鹠; 藰; 驑; 類; 劉; 纍; 瀏
류가,刘家; 刘佳; 柳家; 刘可
류가령,刘嘉玲
류가의,刘家义
류가창,刘家昌
류가협,刘家峡
류가휘,刘家辉
류감,流感
류강,刘强; 刘刚; 刘江; 柳江; 柳钢; 刘钢
류강동,刘强东
류강영,刘江永
류개,刘凯
류개위,刘恺威
류거,留居
류건,刘健; 刘建
류건굉,刘建宏
류건국,刘建国
류건군,刘建军
류건민,刘建民
류건생,刘建生
류건업,刘建业
류건초,刘建超
류건평,刘建平
류건화,刘建华
류걸,刘杰
류검,刘剑
류검웅,柳剑雄
류검음,柳剑吟
류견,刘坚
류결,刘洁
류겸,刘谦
류경,流经; 刘敬; 刘庆; 刘琼
류경관,刘警官
류경리,刘经理
류경민,刘敬民
류경효,柳镜晓
류계,刘启
류계평,刘继平
류계하,流溪河
류계항,刘启航
류고순,类固醇
류고창,刘古昌
류곤,刘坤; 刘琨; 刘昆
류곤일,刘坤一
류공,留空
류과,流过; 刘科
류과장,刘科长
류관,流管
류광,硫磺; 流光
류광일채,流光溢彩
류광휘,刘光辉
류굉,刘宏
류굉위,刘宏伟
류교,留校
류교수,刘教授
류교장,刘校长
류교찰간,留校察看
류구,遛狗; 琉球; 流寇
류구군도,琉球群岛
류구수,流口水
류국강,刘国强; 刘国江
류국광,刘国光
류국동,刘国栋
류국량,刘国梁
류국장,刘局长
류국정,刘国正
류국화,刘菊花; 刘国华
류군,刘军; 类群; 刘群
류군호,刘军浩
류근,刘瑾; 刘根
류금,刘金
류금국,刘金国
류금동,刘金东
류금보,刘金宝
류금산,刘金山
류급,留给; 留级
류기,刘淇; 刘奇; 刘琦; 刘基
류기보,刘奇葆
류기붕,刘纪鹏
류길,刘吉
류나,刘娜
류난,留难
류남강,柳南江
류녀사,刘女士
류년,流年
류년부리,流年不利
류념,留念
류녕,刘宁
류녕일,刘宁一
류뇌,流脑
류단,刘丹
류담,刘湛
류당찰간,留党察看
류대,留待
류대가,刘大哥
류대류산납,硫代硫酸钠
류대마,刘大妈
류대야,刘大爷
류대위,刘大伟; 刘大为
류대인,刘大人
류대장,刘队长
류대저,刘大姐
류대화,柳大华
류덕,刘德
류덕미랍,柳德米拉
류덕화,刘德华
류도,刘涛; 溜掉; 刘韬; 柳渡; 柳涛
류독,流毒
류동,流动; 类同; 刘东; 刘冬; 柳东; 刘栋
류동개,刘东凯
류동량,流动量
류동률,流动率
류동상,流动相
류동성,流动性
류동인구,流动人口
류동자금,流动资金
류동자산,流动资产
류동학,刘同学
류동화,刘东华
류두,留头
류득청산재,留得青山在
류등,柳橙; 刘邓
류락,流落
류란도,刘澜涛
류란방,刘兰芳
류람,浏览
류람량,浏览量
류람자,浏览者
류랑,流浪; 刘浪
류랑자,流浪者
류랑한,流浪汉
류량,流量; 刘亮
류량계,流量计
류량공제,流量控制
류량비,流量费
류려,刘丽
류려영,刘丽英
류려화,刘丽华
류력,刘力
류력빈,刘历彬
류력양,刘力扬
류련,留恋; 榴莲; 流连; 留连
류련망반,流连忘返; 留连忘返
류련인,刘连仁
류령,刘玲
류로,流露; 刘老; 刘璐
류로근,刘老根
류로사,刘老师
류로출,流露出
류로태,刘老太
류로한,刘老汉
류론,谬论
류뢰,刘磊
류루,流泪
류류,溜溜; 柳柳
류률,流率
류률사,刘律师
류리,流利; 琉璃; 流离; 刘莉
류리리,刘俐俐; 刘莉莉
류리민,刘利民
류리실소,流离失所
류리와,琉璃瓦
류리창,琉璃厂
류리화,刘利华
류림,柳林; 刘琳; 刘林
류립,刘立
류립민,刘立民
류립위,刘立伟
류마마,刘妈妈
류만,遛弯
류만둔,刘满屯
류만아,遛弯儿
류망,流亡; 流网
류망자,流亡者
류매,刘梅
류맹,流氓
류맹맹,刘萌萌
류맹죄,流氓罪
류면,刘冕
류명,刘明; 刘铭
류명강,刘明康
류명명,刘明明
류명신,刘明新
류명전,刘铭传
류모,刘某; 柳某
류모모,刘姥姥; 刘某某
류무주,刘武周
류묵비,刘墨非
류문,刘文; 刘雯
류문걸,刘文杰
류문빈,刘文斌
류문웅,刘文雄
류문정,刘文静
류문휘,刘文辉
류미,留美; 柳眉; 刘薇; 柳媚
류민,流民; 刘敏
류박,刘博
류박사,刘博士
류방,刘邦; 流放; 刘芳; 流芳; 刘方
류방방,刘芳芳
류방백세,流芳百世
류방염,刘芳艳
류방인,刘方仁
류배,刘蓓
류백강,刘百刚
류백명,刘伯明
류백승,刘伯承
류백온,刘伯温
류백우,刘白羽
류범,刘凡
류변,流变
류변성,流变性
류변학,流变学
류별,类别
류병,刘兵
류병독,类病毒
류보,留步
류보양,刘步阳
류봉,刘锋
류봉암,刘凤岩
류부관,刘副官
류부신,刘付臣
류부장,刘部长
류분,流体; 瘤体; 馏分
류분력학,流体力学
류붕,刘鹏
류비,刘备; 类比; 刘飞; 刘菲
류비서기,柳比西奇
류비체,流鼻涕
류빈,刘斌; 刘彬; 柳斌
류빈걸,柳斌杰
류빙,溜冰; 流冰; 刘冰
류빙장,溜冰场
류빙혜,溜冰鞋
류사,类似; 流沙; 刘沙
류사부,刘师傅
류사양,刘思扬
류사우,类似于
류산,硫酸; 流产; 流散
류산납,硫酸钠
류산률,流产率
류산안,硫酸铵
류산업,流产业
류산염,硫酸盐
류삼,柳杉
류삼저,刘三姐
류상,刘翔; 刘祥; 刘湘; 刘爽
류상도,刘相韬
류생,柳生
류서,流逝; 柳絮; 类书
류서기,刘书记; 刘瑞旗
류서량,刘瑞良
류석군,刘惜君
류선,刘璇; 流线
류선생,刘先生; 柳先生
류선형,流线型
류설화,刘雪华
류성,流星; 刘星; 留成; 刘成; 柳城; 刘诚
류성기,留声机
류성우,流星雨
류세금,刘世锦
류세진,刘世振
류소,流苏; 刘啸; 刘苏; 刘素
류소광,刘小光
류소기,刘少奇
류소동,刘小东
류소명,刘小明
류소설,刘筱雪
류소저,刘小姐
류소청,刘小青
류소평,刘小平
류속,流速; 流俗
류송,刘荣
류송인,刘松仁
류수,流水; 留守; 柳树; 刘秀; 刘帅; 类数
류수무정,流水无情
류수박마,溜须拍马
류수선,流水线
류수작업,流水作业
류수잔잔,流水潺潺
류수장,流水账
류숙,留宿
류순,刘顺
류숭,刘嵩
류승,刘胜
류승민,柳承敏
류시,刘诗; 柳诗
류시문,刘诗雯
류시시,刘诗诗
류시평,刘诗平
류식,流食
류신,留神; 刘信; 刘晨
류신민,刘新民
류신화,刘新华
류실,流失
류실량,流失量
류실률,流失率
류심,留心; 刘心
류심무,刘心武
류씨,刘氏; 柳氏
류아,刘娥
류아남,刘亚男
류아루,刘亚楼
류아리,刘亚莉
류아이,刘阿姨
류아자,柳亚子
류안,刘安; 刘晏
류암,类癌
류암화명,柳暗花明
류암화명우일촌,柳暗花明又一村
류애령,刘爱玲
류앵,柳莺
류약영,刘若英
류약진,刘跃进
류양,刘阳; 留洋; 浏阳; 刘洋; 刘扬; 刘杨
류양시,浏阳市
류양심,刘养心
류양하,浏阳河
류언,留言; 流言
류언부,留言簿
류언비어,流言蜚语
류여,柳如
류여미,柳如眉
류여지,留余地
류역,流域
류역비,刘亦菲
류역사,刘易斯
류역양,刘易阳
류역정,刘亦婷
류연,刘渊; 刘燕; 刘娟; 刘妍
류연동,刘延东
류염,刘艳
류엽,刘烨; 刘晔
류영,留影; 刘颖; 刘英; 柳永; 刘永; 刘莹; 刘嵘; 刘瑛
류영복,刘永福
류영부,刘永富
류영준,刘英俊
류영청,刘永清
류영행,刘永行
류영호,刘永好
류영화,刘映花
류오,谬误
류옥,刘玉
류옥동,刘玉栋
류옥령,刘玉玲
류옥림,刘玉林
류옥명,刘玉明
류옥포,刘玉浦
류외,刘巍
류요,刘瑶; 刘曜; 柳腰
류용,刘勇; 留用; 刘涌
류우,刘宇; 流于; 柳宇
류우석,刘禹锡
류우형식,流于形式
류우흔,刘雨欣
류욱,刘旭
류욱휘,刘旭辉
류운,刘云; 刘芸
류운결,刘韵洁
류운경,刘云耕
류운룡,柳云龙
류운비,刘云飞
류운산,刘云山
류웅,刘雄
류원,留园; 溜圆; 刘媛
류원갑,柳元甲
류원원,刘媛媛
류월,柳月; 刘越
류위,刘炜; 刘伟; 刘威; 瘤胃; 刘玮
류위강,刘伟强
류위동,刘卫东
류유,刘裕; 刘瑜; 刘维
류유여지,留有余地
류음,柳荫; 流音
류의,留意; 刘毅; 刘义
류의생,刘医生
류의연,刘毅然
류의위,刘仪伟
류이빈,刘怡斌
류이인,刘二人
류이천리,谬以千里
류인,刘仁; 刘韧
류인원,类人猿
류일,流溢; 留日; 刘镒; 刘一
류일민,刘一民
류일수,留一手
류임,留任
류입,流入
류입량,流入量
류자,瘤子; 刘孜; 溜子
류자광,刘子光
류자풍,刘子风
류자화,刘子华
류장,流场; 刘璋
류장군,刘将军
류장귀,刘长贵
류장락,刘长乐
류장승,刘长胜
류장춘,刘长春
류쟁,刘铮
류저,留底
류적,流贼
류적인,刘积仁
류전,流传; 流转; 留传; 刘全
류전덕,刘全德
류전심광,流传甚广
류전지,柳传志
류점,留点
류정,流程; 铆钉; 刘鼎; 留情; 刘静; 刘婷; 刘晶; 刘正; 刘霆
류정도,流程图; 刘静涛
류정위,刘正威
류정정,刘婷婷
류정화,流程化
류조,柳条; 流阻
류족,留足
류존,留存
류종몽,刘从梦
류종민,刘宗敏
류종원,柳宗元
류주,柳州; 溜走; 留驻; 流注
류주성,刘洲成
류주시,柳州市
류주임,刘主任
류주철로국,柳州铁路局
류준,刘俊; 柳俊; 刘骏; 刘峻
류준경,刘俊卿
류준용,刘俊勇
류준위,刘俊威
류준해,刘俊海
류지,刘志; 柳枝; 刘知
류지강,刘志强; 刘志刚
류지견,刘志坚
류지경,刘志庚
류지군,刘志军
류지단,刘志丹
류지대길,溜之大吉
류지봉,刘志峰
류지상,刘志祥
류지용,刘志勇
류지운,柳芷芸
류지위,刘志伟
류지화,刘志华
류진,流进; 流尽; 刘震; 刘振
류진아,刘振亚
류진운,刘震云
류진위,刘镇伟
류진화,刘振华
류질,流质
류찬,流窜
류창,流畅; 流淌; 刘畅
류창성,流畅性
류창혁,刘昌赫
류처장,刘处长
류천,刘川; 刘倩; 刘泉; 刘天
류천래,刘天来
류천우,刘天佑; 刘天宇
류철,刘彻; 刘哲; 刘铁
류철광,硫铁矿
류첩,刘捷
류청,刘青; 刘菁; 柳青; 刘晴
류청산,刘青山
류청양,柳清扬
류청운,刘青云
류청청,柳青青
류체,溜达
류초,刘超
류초화,刘招华
류총,刘总; 刘聪
류추,类推
류춘,刘春
류춘명,刘春明
류춘연,刘春燕
류춘홍,刘春红
류출,流出
류충,刘忠
류충덕,刘忠德
류충장,柳忠长
류취,类聚
류치,留置; 刘驰
류침,留针
류탄,榴弹; 流弹
류탄포,榴弹炮
류태,流态
류통,流通
류통량,流通量
류통반,流通盘
류통성,流通性
류통시장,流通市场
류통업,流通业
류통훈,刘统勋
류퇴로,留退路
류틈,刘闯
류파,流派; 刘波
류패기,刘佩琦
류편,柳编
류평,刘平; 刘萍
류폐,流弊
류포,流布
류포천,刘浦泉
류표,刘表; 刘彪
류풍,柳风; 刘丰; 刘枫
류풍습,类风湿
류풍습성,类风湿性
류하,留下; 流下; 刘霞; 柳河
류하계,柳下溪
류하래,留下来
류하현,柳河县
류학,留学
류학근,刘学根
류학생,留学生
류학생문,留学生们
류학신,刘学新
류학정,柳鹤亭
류학중개,留学中介
류한,流汗; 刘汉
류한연,柳寒烟
류항,刘恒; 柳巷; 留港
류해,刘海
류해도,刘海涛
류해봉,刘海峰
류해속,刘海粟
류해아,刘海儿
류해양,刘海洋
류해연,刘海燕
류해파,刘海波
류행,流行
류행가,流行歌
류행가곡,流行歌曲
류행가수,流行歌手
류행병,流行病
류행병학,流行病学
류행색,流行色
류행성,流行性
류행성감모,流行性感冒
류행업,流行业
류행우,流行于
류행음락,流行音乐
류행풍,柳行风
류향,流向; 刘向
류향동,刘向东
류현영,刘显英
류혈,流血
류혈부지,流血不止
류협,柳叶; 刘协
류형,类型; 流型; 流萤
류형화,类型化
류혜,刘慧
류호,刘昊; 刘虎; 刘浩; 溜号
류호란,刘胡兰
류호연,刘浩然
류호자,留胡子
류홍,刘洪; 刘红; 刘虹; 刘鸿
류홍유,刘鸿儒
류화,硫化; 刘华; 刘桦
류화경,硫化氢
류화나,刘华娜
류화물,硫化物
류화지구,流花地区
류화청,刘华清
류화평,刘和平
류환,刘欢; 刘桓
류효,刘晓
류효경,刘晓庆
류효광,刘晓光
류효리,刘晓莉
류효명,刘晓明
류효봉,刘晓峰
류효성,刘晓星
류효우,刘晓宇
류후로,留后路
류휘,刘辉; 刘徽
류휘암,榴辉岩
류흑,刘黑
류흔,刘忻; 刘欣; 刘昕
류흠,刘鑫; 刘歆
류흥,刘兴
류희,刘羲; 刘熙
륙,六; 陆; 戮; 稑; 陸
륙가,陆家
륙가취,陆家嘴
륙가취지구,陆家嘴地区
륙각,陆壳
륙각형,六角形
륙간방,六间房
륙갑,六甲
륙경,六经; 陆劲
륙교,陆桥
륙군,陆军
륙군부대,陆军部队
륙기,陆琪
륙남,陆南
륙녀사,陆女士
륙년급,六年级
륙념종,陆念宗
륙단,六段
륙덕명,陆德明
륙도,陆涛
륙도륜회,六道轮回
륙등장,六等奖
륙량,陆良
륙로,陆路
륙로사,陆老师
륙륙속속,陆陆续续
륙리교,六里桥
륙명,陆明
륙모,陆某
륙무,陆无
륙문비,陆文飞
륙미,陆弥
륙박비,陆博飞
륙반산,六盘山
륙반수,六盘水
륙반수시,六盘水市
륙변형,六边形
륙병,陆兵
륙부,六腑
륙분지일,六分之一
륙비,陆飞
륙빙,陆冰
륙서,六书
륙선생,陆先生
륙선진,陆善真
륙성,六成
륙성구,六省区
륙성시,六省市
륙성우,陆星宇
륙소랑,陆小郎
륙소만,陆小曼
륙소봉,陆小凤
륙소저,陆小姐
륙속,陆续
륙손,陆逊
륙수부,陆秀夫
륙신무주,六神无主
륙십기,六十几
륙씨,陆氏
륙안,六安
륙안시,六安市
륙엄,陆俨
륙연,陆然; 陆缘
륙영강,陆永康
륙예,六艺
륙우,陆羽
륙운,陆运
륙원,陆媛
륙원성,陆元盛
륙월,六月
륙월분,六月份
륙위회,陆委会
륙유,陆维; 陆游
륙의,陆毅
륙인,陆仁; 陆刃
륙일아동절,六一儿童节
륙자명,陆子明
륙전,陆战
륙전대,陆战队
륙전원,陆展元
륙정일,陆定一
륙정평,陆正平
륙조,六朝
륙준,陆俊
륙지,陆地; 六枝; 陆贽
륙지면,陆地棉
륙지특구,六枝特区
륙진,陆臻
륙천,陆川
륙천명,陆天明
륙천현,陆川县
륙천호,陆天豪
륙철,陆澈
륙축,六畜
륙친부인,六亲不认
륙평,陆平
륙풍,陆丰; 陆风
륙합,六合
륙합구,六合区
륙해공,陆海空
륙해군,陆海军
륙호,陆豪; 陆浩; 陆昊
륙환로,六环路
륙흔,陆欣
륜,伦; 轮; 仑; 沦; 纶; 抡; 囵; 鯩; 腀; 倫; 輪; 綸; 淪
륜간,轮奸
륜거,轮距
륜곡,轮毂
륜공,轮空
륜금,伦琴
륜기,轮机
륜대,轮对; 轮台
륜도,轮渡
륜돈,伦敦
륜돈경제학원,伦敦经济学院
륜돈교역소,伦敦交易所
륜돈국제석유교역소,伦敦国际石油交易所
륜돈금속교역소,伦敦金属交易所
륜돈대학,伦敦大学
륜돈시,伦敦市
륜돈시장,伦敦市场
륜돈오운회,伦敦奥运会
륜돈은행,伦敦银行
륜돈정교소,伦敦证交所
륜돈정권교역소,伦敦证券交易所
륜락,沦落
륜류,轮流
륜륜,伦伦
륜리,伦理
륜리학,伦理学
륜리학가,伦理学家
륜반,轮盘; 轮班
륜번,轮番
륜상,沦丧; 伦常
륜선,轮船
륜식,轮式
륜위,沦为
륜의,轮椅
륜자,轮子
륜작,轮作
륜잡기,轮匝肌
륜전,轮转
륜차,轮次
륜체,轮替
륜축,轮轴
륜치,轮值
륜태,轮胎
륜파,伦巴
륜함,沦陷
륜함구,沦陷区
륜확,轮廓
륜확선,轮廓线
륜환,轮换
륜회,轮回
륜훈,轮训
륜휴,轮休
률,律; 率; 栗; 傈; 葎; 溧; 篥; 麜; 膟
률광,律光
률기,律己
률대석,律大石
률동,律动; 率同
률령,率领; 律令
률례,律例
률법,律法
률부,率部
률사,律师
률사문,律师们
률색,栗色
률선,率先
률성도,栗声道
률속,傈僳
률속족,傈僳族
률수,溧水
률수현,溧水县
률시,律诗
률양,溧阳
률자,栗子
률정,律政
률정사,律政司
률직,率直
률진,率真
률학,律学
률향천,律香川
률협,律协
륭,隆; 窿; 癃; 霳
륭경,隆庆
륭과다,隆科多
륭기,隆起
륭다,隆多
륭덕,隆德
륭동,隆冬
륭력기,隆力奇
륭륭,隆隆
륭미이,隆美尔
륭비,隆鼻
륭성,隆盛
륭승,隆升
륭안,隆安
륭유,隆乳; 隆裕
륭은,隆恩
륭중,隆重
륭창,隆昌
륭초,隆超
륭화,隆和
륭흠,隆鑫
륭흥,隆兴
륵,勒; 肋; 嘞; 泐; 仂; 鳓; 簕
륵골,肋骨
륵령,勒令
륵뢰,勒雷
륵만의원,勒曼医院
륵망,勒芒
륵방,勒庞
륵부,肋部; 勒夫
륵사,勒死
륵색,勒索
륵연골,肋软骨
륵옥고삼,勒沃库森
륵옥고삼대,勒沃库森队
륵조,肋条
륵포,勒布
륵포랑,勒布朗
륵하,肋下
를,㔹
름,凛; 懔; 廪; 檩
름렬,凛冽
름름,凛凛
름연,凛然
릉,凌; 陵; 愣; 菱; 棱; 楞; 绫; 鲮; 睖; 祾; 薐; 輘; 崚; 淩
릉가,凌驾; 凌家
릉각,棱角; 菱角
릉강,凌钢
릉경,棱镜
릉공,凌空
릉과,凌果
릉구,陵区
릉도우,凌渡宇
릉두청,愣头青
릉란,凌乱; 凌兰
릉려,凌厉
릉뢰,绫濑
릉료반천,愣了半天
릉릉,愣愣
릉모,凌某
릉묘,陵墓
릉미풍,凌未风
릉비,凌飞
릉삭,凌朔
릉선생,凌先生
릉설,凌雪
릉소,凌霄; 凌啸
릉수,陵水
릉시,愣是
릉신,凌晨; 愣神
릉어,鲮鱼
릉연,凌然
릉옥,凌玉
릉옥희,凌玉姬
릉욕,凌辱
릉운,凌云
릉운봉,凌云凤
릉운지,凌云志
릉울,凌蔚
릉원,陵园
릉인,凌人
릉일,凌日
릉자,绫子
릉장지,凌壮志
릉주,愣住
릉주료,愣住了
릉지,凌志; 凌迟
릉진,凌振
릉천상,凌天翔
릉침,陵寝
릉태,凌泰
릉통,凌通
릉파,凌波
릉파미보,凌波微步
릉파선자,凌波仙子
릉풍,凌枫; 凌风
릉학,凌虐
릉한,凌寒
릉허,凌虚
릉현,陵县
릉형,菱形
리,里; 理; 利; 离; 李; 异; 私; 履; 莉; 璃; 哩; 厘; 吏; 狸; 梨; 篱; 犁; 鲤; 漓; 俐; 痢; 罹; 俚; 詈; 魑; 蜊; 骊; 莅; 锂; 娌; 嫠; 牦; 羸; 鹂; 逦; 螭; 喱; 缡; 悝; 猁; 粚; 蓠; 醨; 貍; 褵; 脷; 繌; 謧; 鯏; 粴; 鋫; 盠; 菞; 筣; 裡; 離; 嚟; 裏; 異; 琍; 浬
리가,离家; 李家; 里加; 李佳; 李可; 李轲; 李嘉; 里可
리가군,李佳军
리가도,李嘉图
리가명,李佳明
리가미,李佳薇
리가상,李家祥
리가성,李嘉诚
리가성기금회,李嘉诚基金会
리가염,李可染
리가출주,离家出走
리가흔,李嘉欣; 李可欣
리간,离间; 里间
리강,李强; 李刚; 漓江; 离岗; 李钢; 李江; 李康; 李罡
리강남,李江南
리강도,李江涛
리개,离开; 李凯
리개복,李开复
리개세,利改税
리거,离去
리건,李健; 李建
리건국,李建国
리건군,李建军
리건명,李建明
리건민,李建民
리건성,李建成
리건신,李建新
리건위,李建伟
리건평,李建平
리건화,李建华; 李健华
리건희,李健熙
리걸,李杰
리걸잡이덕,里杰卡尔德
리검,利剑; 李剑
리검각,李剑阁
리검범,李剑凡
리검생,李剑生
리검영,李剑英
리검한,李剑寒
리견,李坚
리결,李洁
리경,离境; 李琼; 李庆
리경관,李警官
리경리,李经理
리경반도,离经叛道
리경송,李劲松
리경원,李敬元
리경위,李经纬
리경파,李京波
리경홍,李京红
리경화,李庆华; 李京华
리계,李继; 李季
리고,梨膏; 李固
리고덕,利库德
리고덕집단,利库德集团
리곡일,李谷一
리곤,李昆; 李坤
리곤군,李坤军
리곤리,利滚利
리공,利空; 理工
리공과,理工科
리공대학,理工大学
리공류,理工类
리공자,李公子
리공학원,理工学院
리과,理科; 李戈; 李科
리과류,理科类
리과반,理科班
리과생,理科生
리과장,李科长
리광,理光; 李光; 李广
리광명,李光明
리광요,李光耀
리광필,李光弼
리광하,李光夏
리굉,李宏
리굉리,李宏利
리굉위,李宏伟
리교교,李娇娇
리교수,李教授
리교장,李校长
리구,利口
리구명,李久明
리구철,李玖哲
리국,李菊; 李国
리국강,李国强
리국걸,李国杰
리국경,李国庆
리국리민,利国利民
리국생,李国生
리국용,李国勇
리국욱,李国旭
리국장,李局长
리국평,李国平
리국화,李国华
리국휘,李国辉
리국흥,李国兴
리군,李群; 李军; 李君
리궁,离宫
리권,李权
리귀선,李贵鲜
리규,李逵; 李奎
리극,李克; 里克
리극강,李克强
리극근,李克勤
리극농,李克农
리극목,李克穆
리극용,李克用
리극이매,里克尔梅
리근,里根; 李根; 李勤
리금,李金; 李琴; 厘金
리금귀,李金贵
리금기,李锦记
리금명,李金明
리금우,李金羽
리금원,李金元
리금투,李金斗
리금화,李金华
리급후중,里急后重
리기,利器; 离奇; 利己; 理气; 李琦; 里奇; 离弃; 李琪; 李奇; 李骥; 理奇; 离机
리기광,李起光
리기미,李奇微
리기지,李骥志
리기항,李纪恒
리나,李娜; 里那
리나화,李娜和
리난,罹难
리난자,罹难者
리남,李楠; 李南
리남령,李南玲
리내내,李奶奶
리녀사,李女士
리념,理念
리녕,李宁
리녕공사,李宁公司
리뇨,利尿
리니나,李妮娜
리다,利多; 里多
리다잡인,利多卡因
리다해,李多海
리단,李丹; 李旦
리당,理当; 里当; 李唐; 理塘
리대,离队; 履带; 里带
리대가,李大哥
리대낭,李大娘
리대륜,李大伦
리대마,李大妈
리대부,李大夫
리대산,李大山
리대쇠,李大钊
리대식,履带式
리대야,李大爷
리대위,李大为
리대유,李大维
리대인,李大仁; 李大人
리대장,李队长
리대저,李大姐
리대제,李大齐
리대파,李大波
리덕,里德; 李德
리덕명,李德明
리덕생,李德生
리덕성,李德成
리덕수,李德水
리덕위,李德威
리덕유,李德裕
리덕이,利德尔
리덕전,李德全
리도,李涛; 离岛
리동,李东; 李彤; 李冬
리동국,李东国
리동량,李栋梁
리동매,李冬梅
리동생,李东生
리동승,李东升
리동양,李东阳
리동철,李东哲
리동학,李同学
리동해,李东海
리두,里头; 犁头
리득개,离得开
리등,李腾
리등휘,李登辉
리락,利落; 利乐; 李乐
리란,李兰
리람,李岚
리람청,李岚清
리랍,里拉
리량,李亮; 李良
리려,李丽
리력,履历; 李力
리력표,履历表
리련걸,李连杰
리련영,李莲英
리렴걸,李廉杰
리령,李玲
리령옥,李玲玉
리령울,李玲蔚
리령지혼,利令智昏
리례휘,李礼辉
리로,李老; 理路; 李璐
리로사,李老师
리로태,李老太
리로한,李老汉
리론,理论
리론가,理论家
리론계,理论界
리론성,理论性
리론화,理论化
리롱,里弄
리뢰,李磊; 李蕾; 李雷
리뢰뢰,李雷雷; 李蕾蕾
리료,理疗
리룡,李龙
리률,利率
리률사,李律师
리륭기,李隆基
리륵,李勒
리릉,李凌
리릉풍,李凌风
리리,莉莉; 李莉; 李理; 李李
리리외외,里里外外
리림,李琳; 李林
리림보,李林甫
리립,李立
리립국,李立国
리립삼,李立三
리마,利马
리마두,利玛窦
리마마,李妈妈
리막,李莫
리만,李曼
리만기,李万祺
리만려,李曼丽
리만아,李曼儿
리망,李纲
리매,李梅
리매망량,魑魅魍魉
리맹,李孟; 李萌
리면,里面
리명,李明; 李铭
리명박,李明博
리명봉,李明峰
리명화,李明华
리명흥,李明兴
리모,李某; 李矛
리모모,李某某
리모백,李慕白
리모범,李慕凡
리모비,李慕菲
리목,李牧
리목검,李木剑
리몽,李蒙; 李梦
리묘,狸猫
리묘환태자,狸猫换太子
리무,李武; 李茂
리무정,李茂贞
리묵,李默
리문,李文; 李雯; 利文
리문걸,李文杰
리문사통,利文斯通
리문수,李文秀
리문연,李文娟
리문충,李文忠
리문학,李文学
리문혁,李文革
리문화,李文和; 李文华
리물포,利物浦
리물포구락부,利物浦俱乐部
리물포대,利物浦队
리미,厘米; 李微; 李薇; 李眉
리미미,李薇薇
리민,利民; 李民; 李敏; 李玟; 李珉
리민호,李敏镐; 李民浩
리밀,李密
리박,李博
리박사,李博士
리발,理发
리발사,理发师
리발원,理发员
리발점,理发店
리방,李芳; 利方; 李方
리배,理赔; 李拜; 李培
리배림,李培林
리배삼,李培森
리배성,李培诚
리백,李白
리백만,利伯曼
리백언,李柏彦
리백청,李伯清
리범,李凡
리벽군,李碧君
리벽화,李碧华
리변,里边
리별,离别
리병,李兵
리병재,李炳才
리병헌,李秉宪
리병형,李秉衡
리보,离谱
리보금,李宝金
리보전,李保田
리복,李福
리복평,利福平
리본,李本
리봉,李锋
리부,吏部
리부개,离不开
리부귀,李富贵
리부니,利夫尼
리부송,李富荣
리부옥,李富玉
리부인,李夫人
리부장,李部长
리부춘,李富春
리붕,李鹏
리비,李飞; 利比; 李菲
리비리아,利比里亚
리비아,利比亚
리비우,李飞宇
리빈,李彬; 李斌; 李滨
리빙,李冰
리빙빙,李冰冰
리사,理事; 李斯; 李莎; 里斯; 理查; 李思; 李查
리사광,李四光
리사국,理事国
리사남,李思南
리사단니,李斯丹妮
리사덕,理查德
리사덕삼,理查德森
리사본,里斯本
리사부,李师傅
리사사,李师师; 李思思
리사삼,理查森
리사업,李嗣业
리사원,李嗣源
리사자,理查兹
리사장,理事长
리사특,李斯特
리사회,理事会
리산,离散; 李珊
리산성,离散性
리살,莉萨
리삼,李森
리삼사,李三思
리상,理想; 李湘; 李爽; 李翔; 李想
리상은,李商隐
리상형,理想型
리상화,理想化
리색,利索
리생,李生
리서,李瑞
리서광,李曙光
리서기,李书记
리서복,李书福
리서환,李瑞环
리석,离析; 离石
리석뢰,李石磊
리석명,李锡铭
리선,离线; 李先
리선념,李先念
리선량,李宣良
리선삼,李先森
리선생,李先生
리선장,李善长
리설,李雪
리설건,李雪健
리설룡,李雪龙
리설매,李雪梅
리성,理性; 李晟; 李成; 李星
리성강,李成江
리성걸,李圣杰
리성구,鲤城区
리성림,李盛霖
리성민,李晟敏
리성옥,李成玉
리성유,李成儒
리성주,李成柱
리성화,理性化
리세,利税; 离世
리세률,利税率
리세민,李世民
리세석,李世石
리소,离骚; 李昭
리소당연,理所当然
리소동,李啸东
리소려,李素丽
리소로,李小璐
리소룡,李小龙
리소림,李小林
리소맹,李小萌
리소명,李小明
리소붕,李小鹏; 李霄鹏
리소쌍,李小双
리소연,李小燕
리소염,李小冉
리소위,李绍为
리소장,李所长
리소저,李小姐
리소지,李素芝
리소평,李小平
리소홍,李少红
리소화,李少华; 李小华
리송,李松; 李荣
리송석,李松石
리송융,李荣融
리수,梨树; 离愁; 李帅; 里数; 里手; 李秀; 李树
리수기,李秀记
리수녕,李秀宁
리수빈,李树斌
리수성,李秀成; 李守成
리수영,李秀英
리수운,李随云
리수표,李树彪
리숙동,李叔同
리숙숙,李叔叔
리순,理顺; 李淳; 李顺; 李纯
리순신,李舜臣
리숭위,李崇伟
리슬,李瑟; 里瑟
리승,李承; 李胜
리승건,李承乾
리승기,李胜基
리승붕,李承鹏
리시,利市; 李诗
리시가,李诗佳
리시진,李时珍
리식,利息
리식률,利息率
리식수입,利息收入
리신,李信; 履新; 李晨; 李新; 李慎
리신민,李新民
리심,离心
리심결,李心洁
리심기,离心机
리심력,离心力
리심리덕,离心离德
리심매,李沁梅
리심법,离心法
리심식,离心式
리쌍강,李双江
리씨,里氏; 李氏
리아,李娅; 李亚; 莉亚; 利亚
리아걸,李亚杰
리아납,利亚纳
리아득,利雅得
리아민,李亚敏
리아붕,李亚鹏
리아위,李亚伟
리아이,李阿姨
리악,李岳
리안,李安
리안정,李安定
리암암,李岩岩
리앙,里昂; 李昂
리앙대,里昂队
리애,李艾
리애연,李爱娟
리야,李野
리약,履约; 羸弱; 里约
리약곡,李若谷
리약동,李若彤
리약률,履约率
리약슬,李约瑟
리약열내로,里约热内卢
리약우,李若愚
리약풍,李若风
리양,李扬; 李阳; 李杨; 李洋
리어,鲤鱼; 俚语
리어도룡문,鲤鱼跳龙门
리언,李彦
리언굉,李彦宏
리엄,李严
리역,李易
리역기,李亦奇
리역봉,李易峰
리연,李渊; 李娟; 李燕; 李然; 李妍
리연월,李燕月
리연호,李燕豪
리염,李艳; 李琰
리영,李咏; 李莹; 李颖; 李英; 李瑛; 李嵘; 李影; 李永
리영걸,李英杰
리영안,李永安
리영애,李英爱
리영파,李永波
리영평,李永平
리영휘,李英辉
리예,李锐; 李豫; 李睿
리오,李敖; 里奥
리옥,里屋; 李玉
리옥강,李玉刚
리옥기,李玉琪
리옥낙,利沃诺
리옥령,李玉翎
리옥림,李玉林
리옥춘,李玉春
리옥화,李玉和
리와이다,里瓦尔多
리외,里外; 李巍
리요,李尧; 李瑶
리요화,李瑶华
리욕,利欲
리욕훈심,利欲熏心
리용,利用; 李勇; 李蓉; 李容
리용근,李容根
리용량,利用量
리용률,利用率
리용시,利用时
리용자,利用者
리우,利于; 李宇
리우묵,李雨默
리우자,里尤兹
리우찬,李友灿
리우춘,李宇春
리욱,李煜; 李旭
리욱단,李旭丹
리욱파,李旭波
리운,李云; 李芸
리운룡,李云龙
리운수,李云修
리운적,李云迪
리울,李蔚
리웅,李雄
리원,梨园; 李元; 李远; 利源; 李媛; 李员; 李源
리원개,李元开
리원굉,李元宏
리원길,李元吉
리원문,李元文
리원방,李远方
리원비,李远飞
리원위,李元伟
리원장,李院长
리원조,李源潮
리원철,李远哲
리원호,李元昊
리월,李月
리월구,李月久
리월하,李月荷
리위,李炜; 李伟; 李卫; 李威; 李玮; 李为
리위동,李卫东
리위민,李为民
리위봉,李玮峰; 李玮锋; 李伟峰
리유,理由; 利诱; 李游; 李儒; 李维; 利维; 理喻
리유빈,李幼斌
리유사,李维斯
리유일,李维一
리유정,李维正
리유한,李维汉
리윤,利润
리윤률,利润率
리윤액,利润额
리은주,李恩珠
리은하,李银河
리응,理应; 李鹰
리응외합,里应外合
리의,李毅; 李义
리의남,李毅男
리의부,李义府
리의생,李医生
리의중,李毅中
리의진,李意珍
리이,离异; 里尔
리이인,李二人
리익,利益; 李益
리익균첨,利益均沾
리익화,利益化
리인,利刃
리인항,李仁港
리일,李逸; 李一
리일남,李一男
리임,离任; 莅临
리자,离子; 梨子; 李子; 里子; 利兹
리자대,离子对
리자련대,利兹联队
리자성,李自成
리자속,离子束
리자웅,李子雄
리자원,离子源
리자항,李紫恒
리자형,离子型
리작붕,李作鹏
리잡다,里卡多
리장강,李长江
리장군,李将军
리장비,李壮飞
리장춘,李长春
리재,理财
리쟁,李铮; 李争
리전,犁田; 李全; 李典
리전강,李全强
리전경,李传卿; 李隽琼
리전운,李传韵
리전지,锂电池
리정,里程; 李静; 李婷; 李靖; 李正; 李晶; 厘定; 李婧; 李征; 离情; 李贞; 李政
리정국,李定国
리정도,李政道
리정룡,李正龙
리정비,里程碑
리정비식,里程碑式
리정우,李廷佑
리정천,李井泉
리정표,里程表
리정현,李贞贤
리제,离题
리제심,李济深
리조,李兆
리조기,李兆基
리조도,李朝涛
리조성,李肇星
리존,李存
리종,李钟
리종성,李宗盛
리종욱,李钟郁
리종위,李宗伟
리종인,李宗仁
리종한,李宗翰
리주,李姝
리주임,李主任
리준,李俊; 李准
리준기,李俊基
리준성,李俊成
리중원,李中元
리중화,李中华
리증우,李拯宇
리지,理智; 李志; 李贽; 李智; 犁地
리지강,李志强; 李志刚
리지명,李志明
리지민,李志民
리지용,李志勇
리지우,李智友
리지위,李志伟
리지전,李志田
리지체,李志达
리지평,李志平
리직,离职
리직기장,理直气壮
리진,李进; 李震; 李真; 李振
리진기,李珍基
리진녕,李振宁
리진성,李振声
리진화,李振华
리질,痢疾
리창,李畅; 李沧; 李昌
리창구,李沧区
리창옥,李昌钰
리창호,李昌镐
리채,理睬
리채화,李彩桦; 李彩华
리처장,李处长
리척,里脊
리천,李天; 李倩; 李泉; 利川; 李茜; 李川
리천성,李天成
리천수,李天秀
리철,李铁; 李哲
리철영,李铁映
리첩,李捷; 利捷
리청,李清; 厘清; 李青; 李菁
리청조,李清照
리체,李达; 利达
리체창,李达昌
리초,李超
리초범,李超凡
리초아,李初娥
리촌,李村
리총,李总
리추평,李秋平
리춘,李春
리춘강,李春江
리춘명,李春明
리춘성,李春城
리춘연,李春燕
리춘평,李春平
리춘화,李春华
리춘희,李春姬
리충,李忠
리충발,李忠发
리충의,李忠义
리치,李治; 吏治
리침,李琛
리타,利他
리탁,李卓; 李铎
리탁양,李卓阳
리태,李泰
리태민,李泰民
리태백,李太白
리태태,李太太
리택민,李泽民
리택해,李泽楷
리택후,李泽厚
리통,利通; 李通
리퇴휴,离退休
리특,李特; 利特
리특유년과,利特维年科
리틈,李闯
리파,篱笆; 李波; 犁耙
리패리,里贝里
리편,利便
리평,李平; 李萍
리폐,利弊
리표,李彪
리풍,李风; 李枫; 李丰
리피,里皮
리하,李霞; 李贺
리학,理学
리학가,理学家
리학거,李学举
리학경,李学庆
리학군,李学军
리학근,李学勤
리학원,理学院
리학인,李学仁
리한,李汉; 离恨
리한상,李翰祥
리한양,李汉扬
리합,离合
리합기,离合器
리항,李恒; 李航; 里巷
리항륭,李恒隆
리해,理解; 利害; 里海; 李海; 理该
리해도,李海涛
리해력,理解力
리해봉,李海峰
리해소계,利害关系
리해연,李海燕
리행,履行; 李行
리향,离乡; 李响
리향군,李香君; 李向群
리향남,李向南
리향란,李香兰
리향배정,离乡背井
리향양,李向阳
리헌,李宪
리헌생,李宪生
리혁,李赫
리현,李玄; 李贤; 李显; 离弦; 李炫; 理县
리현룡,李显龙
리현우,李贤宇
리현지전,离弦之箭
리혈평,利血平
리형,李亨
리혜,李慧
리혜분,李慧芬
리혜진,李慧珍
리호,李虎; 李浩; 李昊; 李豪; 李灏; 李皓
리혼,离婚
리혼률,离婚率
리혼자,离婚者
리혼정,离婚证
리홍,李弘; 李红; 李虹; 李洪; 李鸿
리홍균,李鸿钧
리홍기,李弘基
리홍매,李红梅
리홍병,李红兵
리홍장,李鸿章
리홍지,李洪志
리홍충,李鸿忠
리화,理化; 梨花; 李华; 利华; 李桦
리화대우,梨花带雨
리화분,李华芬
리화유,李和裕
리환,罹患; 李纨
리환란,理还乱
리회,理会
리회광,李怀光
리효,李晓
리효광,李晓光
리효동,李晓东
리효리,李孝利
리효명,李晓明
리효봉,李晓峰
리효용,李晓勇
리효욱,李晓旭
리효정,李孝贞
리효초,李晓超
리효충,李晓忠
리효하,李晓霞
리효화,李晓花; 李晓华
리후,李煦
리후림,李厚霖
리훼,李卉
리휘,李辉; 李晖
리휴,离休; 理亏
리흔,李欣; 李昕
리흔열,李欣悦
리흠,李鑫
리흥호,李兴浩
린,邻; 麟; 鳞; 磷; 吝; 躏; 粼; 嶙; 遴; 蔺; 辚; 麐; 粦; 𬴊; 瞵; 𬭸; 轥; 隣; 鄰; 璘; 燐
린가,邻家
린갑,鳞甲
린거,邻居
린거문,邻居们
린경,鳞茎
린광,磷光
린국,邻国
린근,邻近
린리,邻里
린린,粼粼
린방,邻邦
린비,磷肥
린사,邻舍
린산,磷酸
린산개,磷酸钙
린산납,磷酸钠
린산매,磷酸酶
린산염,磷酸盐
린산화,磷酸化
린상세포암,鳞状细胞癌
린상여,蔺相如
린색,吝啬
린색귀,吝啬鬼
린석,吝惜
린선,遴选
린설,鳞屑
린수,邻水
린순,嶙峋
린시목,鳞翅目
린역,邻域
린우,吝于
린인,邻人
린접,邻接
린좌,邻座
린지,磷脂
린지매,磷脂酶
린차즐비,鳞次栉比
린촌,邻村
린편,鳞片
린화,磷化
린회석,磷灰石
림,林; 临; 淋; 琳; 霖; 箖; 臨; 冧
림가,林家; 林可
림가가,林可可
림가미,林佳楣
림가의,林嘉仪
림가흔,林嘉欣
림간,林间
림강,林强; 林江; 林刚
림강운,林强云
림개,琳凯
림건악,林建岳
림걸,林杰
림검란,林剑澜
림격,林格
림견,林鹃
림결,林洁
림경리,林经理
림경신,林更新
림공자,林公子
림과,林科; 林果
림과업,林果业
림과원,林科院
림교수,林教授
림교치,林巧稚
림구,林区; 林口
림군,林军
림권,林权
림극,林克
림극사,林克斯
림근,林勤
림긍,林肯
림긍공원,林肯公园
림기,林奇; 林淇; 林起
림길특,林吉特
림나,林娜; 琳娜
림남,林南
림내,林内
림녀사,林女士
림농,林农
림단,林丹
림단화,林丹和
림대,林带
림대가,林大哥
림대옥,林黛玉
림대인,林大人
림덕,林德
림도,林道; 林涛
림동,林东
림락,林洛
림락풍,林乐丰
림란,林兰
림람,林岚
림랑만목,琳琅满目
림령,林灵
림령소,林灵素
림로사,林老师
림뢰,林雷
림룡,林龙
림리,淋漓; 林里; 林莉
림리진치,淋漓尽致
림림,林林; 林琳; 琳琳
림림총총,林林总总
림립,林立
림립과,林立果
림립인,林立人
림마마,林妈妈
림만송,林晚荣
림망,林网
림매매,林妹妹
림명,林明
림명흠,林明鑫
림모,林某
림목,林木; 林牧
림무,林无; 林武
림문,林文
림문룡,林文龙
림미,林微
림미충,林美忠
림방,林放; 林方; 林芳
림백,林白
림백거,林伯渠
림백흔,林百欣
림범,林凡
림벽,林碧
림변,林边
림병,淋病
림보,林宝
림보아,林宝儿
림보이,林保怡
림봉,林锋
림봉교,林凤娇
림부주석,林副主席
림분,林分
림붕,林鹏
림비,林飞; 林菲
림빈,林斌; 林彬
림사,林思
림사부,林师傅
림사양,林思扬
림사우,林思宇
림산,林产
림산품,林产品
림삼,林森
림상,林爽; 林相
림상옥,林尚沃
림새,林赛; 琳赛
림생,林生
림서,林西; 林瑞
림서색,林西索
림석,林夕
림석설,林惜雪
림선생,林先生
림선아,林仙儿
림설,林雪
림설인,林雪茵
림성,林星
림성방,林成方
림세,淋洗
림소,林潇; 林笑
림소저,林小姐
림소홍,林小红
림수삼,林树森
림수정,林秀贞
림순,林顺
림습,淋湿
림시,林诗
림심여,林心如
림씨,林氏
림아운,林雅云
림약,林跃
림양,林洋
림어당,林语堂
림억련,林忆莲
림언,林彦
림업,林业
림업국,林业局
림업참,林业站
림역동,林亦东
림영,林英; 林颖
림예,林睿; 林蕊; 林锐
림요,林遥
림욕,淋浴
림욕기,淋浴器
림우,淋雨; 林雨
림우상,林雨翔
림욱,林旭
림욱방,林郁方
림운,林云
림웅,林雄
림원,林苑; 林源
림원생,林元生
림원화,林元和
림월여,林月如
림위,林伟; 林为
림위련,林伟练
림유,林悠
림윤아,林允儿
림은,林恩
림음,林荫; 林吟
림음도,林荫道
림의,林依
림의륜,林依伦
림의부,林毅夫
림의생,林医生
림의신,林依晨
림의웅,林义雄
림익세,林益世
림일범,林一凡
림자,林子
림자상,林子祥
림잠,林潜
림잡,林卡
림장,林场
림정,林静
림조화,林兆华
림주,林州
림주시,林州市
림주임,林主任
림준,林俊
림준걸,林俊杰
림중,林中
림지,林地; 林志; 林芝
림지령,林志玲
림지봉,林之锋
림지영,林志颖
림지운,林芷韵
림지지구,林芝地区
림진,林震
림천,林泉; 林天
림천륜,林天伦
림청,林青; 林清
림청기,林清旗
림청산,林青山
림청아,林清儿; 林清雅
림청하,林青霞
림청화,林清华
림체,琳达; 林达
림초연,林超然
림총,林总
림충,林冲
림칙서,林则徐
림통,琳通
림특,林特
림파,淋巴; 林波
림파결,淋巴结
림파관,淋巴管
림파선,淋巴腺
림파세포,淋巴细胞
림파암,淋巴癌
림파액,淋巴液
림평,林平
림평지,林平之
림표,林彪
림풍,林风; 林枫
림풍면,林风眠
림풍정,林丰正
림하,林夏
림학,林学
림학원,林学院
림한청,林寒青
림함설,林涵雪
림해,林海
림해봉,林海峰
림해풍,林海丰
림헌,林轩
림현,林县
림홍,林红
림홍매,林红梅
림화,林华
림효,林晓
림효강,林晓强
림효려,林晓丽
림효배,林晓培
림휘,林徽; 林辉
림희,林曦; 林希
림희뢰,林熙蕾
립,立; 粒; 笠; 砬; 苙
립각,立刻; 立脚
립간견영,立竿见影
립결,立决
립경,粒径
립공,立功
립공속죄,立功赎罪
립관,立管
립교,立交
립교교,立交桥
립국,立国
립국지본,立国之本
립궤,立柜
립도,粒度
립도완,立陶宛
립도완대,立陶宛队
립동,立冬
립등,立等
립론,立论
립립,粒粒
립립개신고,粒粒皆辛苦
립마,立马
립면,立面
립목,立木
립미,立米
립방,立方
립방공척,立方公尺
립방리미,立方厘米
립방미,立方米
립방분,立方体
립방영척,立方英尺
립법,立法
립법국,立法局
립법권,立法权
립법기소,立法机关
립법법,立法法
립법원,立法院
립법원장,立法院长
립법위원,立法委员
립법자,立法者
립법정서,立法程序
립분,立体
립분감,立体感
립분교차,立体交叉
립분도,立体图
립분성,立体声
립분식,立体式
립분화,立体化
립상,粒状; 立像
립서,立誓
립세포,粒细胞
립수교,立水桥
립승,立升
립시,立时
립식,立式
립신,立新; 立身
립아,粒儿
립안,立案
립안정사,立案侦查
립약,立约
립언,立言
립업,立业
립우,立于
립우부패지지,立于不败之地
립위,立委
립의,立意
립자,粒子; 立姿
립장,立场
립전,立传
립정,立正; 立定; 立井
립족,立足
립족우,立足于
립족점,立足点
립족지지,立足之地
립주,立柱
립즉,立即; 立卽
립지,立志; 立地
립지성불,立地成佛
립추,立秋
립축,立轴
립춘,立春
립하,立夏
립항,立项
립헌,立宪
립호,立户
마,么; 马; 吗; 妈; 麻; 摩; 魔; 玛; 码; 磨; 嘛; 蚂; 蘑; 蟆; 嬷; 犸; 杩; 麿; 唛; 耱; 祃; 藦; 蔴; 饝; 麼; 麽; 嗎; 媽; 馬; 瑪; 碼; 嚒; 嫲; 尛; 嬤
마가,马家; 马可; 马哥; 马舸
마가구,马家沟
마가군,马家军
마가니,马可尼
마가보,马家堡
마가작,马加爵
마가적사,摩加迪沙
마가특,马加特
마가파라,马可波罗
마각,马脚
마각노출,马脚露出; 马脚露出
마간,麻杆
마갈,摩羯
마갈문,摩羯们
마갈좌,摩羯座
마갑,马甲
마강,马钢; 马强; 麻江
마강전,马江田
마강현,麻江县
마개,马凯
마건,马健
마건국,马建国
마건충,马建忠
마건화,马建华
마걸,马杰
마검,麻脸
마격려특,玛格丽特
마견접종,摩肩接踵
마경,马竞
마경도,马景涛
마경리,马经理
마계,马季
마계지,马启智
마고,蘑菇; 麻姑; 马裤
마고사,马库斯
마고운,蘑菇云
마공,磨工
마과사,马科斯
마광,磨光
마괘,马褂
마괴,魔怪
마구,马具; 磨具
마구간,马廐间
마구철,马口铁
마국강,马国强
마국장,马局长
마군,魔君; 马群; 马军
마군무,马君武
마굴,魔窟
마권찰장,摩拳擦掌
마귀,魔鬼
마귀성,魔鬼城
마규사,马奎斯
마규이,马奎尔
마극,马克
마극래래,马克莱莱
마극사,马克思; 马克斯
마극사렬녕주의,马克思列宁主义
마극사렬녕주의자,马克思列宁主义者
마극사은격사,马克思恩格斯
마극사주의,马克思主义
마극사주의자,马克思主义者
마극서,马克西
마극서모,马克西姆
마근,摩根
마근대통,摩根大通
마근사단리,摩根士丹利
마근사탄리,摩根斯坦利
마기,马崎; 马基; 马奇
마기돈,马其顿
마길,麻吉
마길덕,马吉德
마난,磨难
마납가,摩纳哥
마납가대,摩纳哥队
마납가참,摩纳哥站
마납사,玛纳斯
마내,马奶
마녀사,马女士
마년,马年
마녕,马宁
마노,玛瑙
마니,摩尼; 玛尼
마니교,摩尼教
마니랍,马尼拉
마니절,马尼切
마다,玛多
마단,马丹
마대,麻袋; 马队
마대야,马大爷
마대저,马大姐
마대합,马大哈
마덕,马德
마덕리,马德里
마덕리구락부,马德里俱乐部
마덕리대,马德里队
마덕종,马德钟
마덕흥,马德兴
마도,魔道; 马刀; 磨刀; 马岛
마도곽곽,磨刀霍霍
마도석,磨刀石
마도성공,马到成功
마동,马东
마동파,马东波
마두,码头; 魔头; 马头
마두금,马头琴
마두라,马杜罗
마두부,磨豆腐
마등,摩登; 马腾; 马灯; 马镫
마락가,摩洛哥
마락가대,摩洛哥队
마락잡,马洛卡
마란,马兰
마란만,马銮湾
마랄,麻辣
마랍,马拉
마랍가,马拉加
마랍교,马拉乔
마랍다납,马拉多纳
마랍송,马拉松
마랍송비새,马拉松比赛
마랍송새,马拉松赛
마랍송식,马拉松式
마랍유,马拉维
마래,马来
마래반도,马来半岛
마래산,马来酸
마래서아,马来西亚
마래서아대,马来西亚队
마래서아참,马来西亚站
마래아,马来亚
마량,马良
마량백미,马良白眉
마량행,马良行
마려,玛丽; 磨砺; 马丽
마려나,玛丽娜
마려문,马俪文
마려아,玛丽亚; 玛丽娅
마력,马力; 魔力
마련,磨练; 磨炼
마련도,马连道
마련량,马连良
마렬,马列
마렬주의,马列主义
마령서,马铃薯
마령하,马岭河
마로,马路; 马老
마로사,马老师
마로체,马卢达
마록,马鹿
마료,磨料
마룡,马龙
마루,马累
마류,麻溜
마륙갑,马六甲
마륙갑해협,马六甲海峡
마률,码率
마륵,马勒; 摩勒
마리,马里; 麻利; 马莉; 马利; 摩利
마리과,马里科
마리기,马利基
마리란,马里兰
마리란대학,马里兰大学
마리란주,马里兰州
마리산,马里山
마리아,玛利亚
마리앙,马里昂
마리오,马里奥
마리전,麻履典; 麻履典
마림,马琳; 马林
마림과부,马林科夫
마림생,马林生
마립간,麻立干
마립극,马立克
마립암,麻粒岩
마마,她她; 妈妈; 麻麻; 嬷嬷
마마문,妈妈们
마마층층,磨磨蹭蹭
마마호호,马马虎虎
마만기,马万祺
마면,磨面; 麻面
마멸,磨灭
마명,马明
마명우,马明宇
마명철,马明哲
마모,磨耗; 马某
마목,麻木
마목부인,麻木不仁
마문,马文
마문광,马文广
마문혁,马文革
마미,妈咪; 马尾
마미송,马尾松
마미파,马尾巴
마반,磨盘
마방,魔方; 磨坊; 马帮; 码放; 磨房; 麻纺; 马房
마방걸,马邦杰
마배,吗啡
마번,麻烦
마번제조자,麻烦制造者
마법,魔法
마법리오,玛法里奥
마법사,魔法师
마병,马兵
마보,马步
마보방,马步芳
마봉,马蜂
마봉와,马蜂窝
마부,马夫
마부위침,磨斧为针
마부정제,马不停蹄
마분,磨粉
마분지,马粪纸
마붕,马棚; 马鹏
마비,痲痺; 麻痹; 马屁; 马菲
마비대의,麻痹大意
마비성,痲痺性; 麻痹性
마비정,马屁精
마빈,马斌
마사,摩挲; 玛莎; 麻纱; 马斯
마사기,马士基
마사락,马斯洛
마사랍체,玛莎拉蒂
마사리,马斯里
마사부,马师傅
마사영,马士英
마사절랍낙,马斯切拉诺
마사합다부,马斯哈多夫
마삭,磨削
마산,马山
마살,马萨
마살제새주,马萨诸塞州
마상,马上; 磨床
마상의,马上衣
마상재,马上才
마새,马赛
마새극,马赛克
마새대,马赛队
마새락,马塞洛
마생,麻生
마생태랑,麻生太郎
마서,摩西
마서륜,马叙伦
마석,马锡; 磨石
마선,麻线
마선생,马先生
마섬유,麻纤维
마성,麻省; 麻城; 马成; 马星
마성리공학원,麻省理工学院
마성적,魔性的
마성전,马成全
마소,马苏; 马关
마소덕,马苏德
마소락,马小乐
마소이,摩苏尔; 马绍尔
마소이군도,马绍尔群岛
마소저,马小姐
마소조약,马关条约
마속,马谡
마손,磨损
마쇄,磨碎
마수,魔手; 马修; 马帅; 马首; 马燧
마수모장,马瘦毛长
마수시첨,马首是瞻
마수홍,马秀红
마술,魔术; 马术
마술사,魔术师
마술적,魔术的
마승,麻绳
마시옹,马时雍
마시형,马时亨
마식,磨蚀
마실전제,马失前蹄
마씨,马氏
마씨분,马氏体
마아,玛雅; 磨牙
마아인,玛雅人
마안,马鞍
마안산,马鞍山
마안산시,马鞍山市
마애,摩崖
마애석각,摩崖石刻
마약,痲药; 麻药; 马跃
마약상,痲药商
마약적,痲药的
마양,马骧
마양공,磨洋工
마언나,马彦娜
마여룡,马如龙
마염려,马艳丽
마영,马英; 魔影
마영강,马永康
마영구,马英九
마영성,马永成
마영호,马英豪
마예,马锐
마온문,马蕴雯
마왕,魔王
마왕퇴,马王堆
마용,马勇
마우,魔芋; 麻友
마우우,马友友
마운,马云
마울화,马蔚华
마원안,马元安
마유,麻油
마은,马恩
마의,蚂蚁; 麻衣
마이,摩尔; 马伊
마이과,马尔科
마이다와,摩尔多瓦
마이대부,马尔代夫
마이동풍,马耳东风
마이리,马伊俐
마이묵,马尔默
마이사과락부,马尔斯科洛夫
마이유납사군도,马尔维纳斯群岛
마이체니,马尔蒂尼
마이타,马耳他
마인초,马寅初
마자,马刺; 麻子; 码子; 磨子
마자대,马刺队
마자체,马自达
마작,麻雀
마작수소,麻雀虽小
마잡,马卡; 摩卡
마잡살,马卡萨
마장,麻将; 马场; 魔掌; 魔杖; 麻酱; 魔障; 码长
마적,马贼; 魔笛
마적단,马贼团
마전,马甸
마전졸,马前卒
마점산,马占山
마정,马丁; 马晶
마정공사,马丁公司
마정내사,马丁内斯
마정사,马丁斯
마정위,马政委
마제,马蹄
마제련,马蹄莲
마제형,马蹄形
마조,妈祖; 马祖; 魔爪; 马槽
마조묘,妈祖庙
마조자,马祖兹
마조준,马兆骏
마종,马鬃
마주임,马主任
마준,马骏
마준인,马俊仁
마중지봉,麻中之蓬
마지평,马志平
마직물,麻织物
마진,麻疹
마진천,马振川
마차,马车
마차부,马车夫
마찰,摩擦; 磨擦; 马扎
마찰력,摩擦力
마찰적,摩擦的
마책,蚂蚱
마천,摩天
마천대루,摩天大楼
마천대하,摩天大厦
마천루,摩天楼
마천우,马天宇
마철,马哲
마청,马青
마청화,马青骅
마체,马达; 马蒂
마체가사가,马达加斯加
마초,马超
마초성,马楚成
마촌,马村
마총,马总
마총통,马总统
마춘화,马春花
마취,痲醉; 麻醉
마취과,痲醉科
마취사,麻醉师
마취약,麻醉药
마취제,痲醉剂; 麻醉剂
마취품,麻醉品
마층,磨蹭
마치현,马齿苋
마쾌,马快
마탁,摩托
마탁라랍,摩托罗拉
마탁라랍공사,摩托罗拉公司
마탁정,摩托艇
마탁차,摩托车
마탁화,摩托化
마탑,玛塔
마태복음,马太福音
마통,马桶
마통개,马桶盖
마특,马特
마특랍제,马特拉齐
마특오사,马特乌斯
마파두부,麻婆豆腐
마편,马鞭
마평,马平
마포,麻布
마포리,马布里
마풍,麻风; 麻疯
마풍병,麻风病
마필,马匹
마학릉,马鹤凌
마한화,马汉华
마합,磨合
마합기,磨合期
마합체이,马哈蒂尔
마항진,马巷镇
마해모,马海毛
마향경,马向景
마향동,马向东
마헐이,马歇尔
마혁,马赫
마호,马虎
마홍,马洪
마화,麻花; 马靴; 马华
마화등,马化腾
마환,魔幻
마황,麻黄; 蚂蟥
마황소,麻黄素
마황후,马皇后
마효림,马晓霖
마효연,马晓燕
마효욱,马晓旭
마효위,马晓伟
마효춘,马晓春
마후포,马后炮
마휘,马辉
마희,马戏
마희단,马戏团
막,莫; 幕; 漠; 膜; 寞; 藐; 馍; 邈; 镆; 鄚; 瘼; 瞐
막가,莫家
막간산,莫干山
막간산로,莫干山路
막강,莫强
막계철,莫启哲
막고굴,莫高窟
막과,莫科; 莫过
막과려,膜过滤
막과우,莫过于
막괴,莫怪
막기술,膜技术
막길,莫吉
막낭,膜囊
막내,莫奈
막녕,莫宁
막노동,­劳动
막니잡,莫尼卡; 莫妮卡
막대,莫大
막대이,莫代尔
막락탁부,莫洛托夫
막랍래사,莫拉莱斯
막랍체,莫拉蒂
막론,莫论
막뢰,莫雷
막료,幕僚
막륜특사,莫伦特斯
막리,莫里; 莫莉
막리극,莫里克
막리니오,莫里尼奥
막리사,莫里斯
막리삼,莫里森
막막,寞寞; 漠漠; 馍馍
막막궁산,寞寞穷山
막만단,莫万丹
막명기묘,莫名其妙; 莫明其妙
막모,莫某
막무가내,莫无可奈
막문,莫纹
막문울,莫文蔚
막박상,莫泊桑
막배,膜拜
막법자,莫法兹
막부,莫不; 幕府; 膜部
막부소심,漠不关心
막부시,莫不是
막북,漠北
막비,莫非; 莫菲
막비아,莫菲儿
막사,幕舍; 莫斯; 莫邪
막사가,莫斯可
막사과,莫斯科
막사과대학,莫斯科大学
막사과시,莫斯科市
막사리,莫斯利
막상막하,莫上莫下
막상비극,莫桑比克
막서,莫瑞
막선생,莫先生
막설,莫说
막소겸,莫绍谦
막수유,莫须有
막시,漠视
막시인,莫时仁
막씨,莫氏
막아,莫亚
막야사,莫耶斯
막약,莫若
막언,莫言
막여,莫如
막역,莫逆
막역지교,莫逆之交
막역지우,莫逆之友
막연,漠然
막이,莫尔
막자비,莫子非
막장,幕墙
막전위,膜电位
막중,莫重
막찰특,莫扎特
막천석지,幕天席地
막충일시,莫衷一是
막측고심,莫测高深
막탑,莫塔
막태,莫泰
막편,膜片
막포,幕布
막포리,莫布里
막하,幕下; 漠河
막현,莫玄
막혜란,莫慧兰
막후,幕后
막후도,膜厚度
막후조종,幕后操纵
만,万; 满; 晚; 慢; 湾; 曼; 漫; 弯; 蛮; 挽; 瞒; 蔓; 幔; 馒; 峦; 谩; 蹒; 娩; 鳗; 懑; 螨; 缦; 熳; 鞔; 颟; 鬘; 墁; 鬛; 镘; 鄤; 脕; 𬜬; 滿; 萬; 灣; 蠻; 晩; 卍; 彎; 瞞; 嫚; 饅; 満
만가,万家; 满街; 挽歌; 万佳
만가등화,万家灯火
만가락,万家乐
만각,晩觉
만간,晚间; 蛮干
만감,万感
만강,满腔; 万钢; 万江
만강열정,满腔热情
만강열침,满腔热忱
만강열혈,满腔热血
만강홍,满江红
만개,满开
만개형,满开型
만걸,万杰
만검,满脸
만검소용,满脸笑容
만검종,万剑宗
만검통홍,满脸通红
만검퇴소,满脸堆笑
만검횡육,满脸横肉
만겁,万劫
만겁부복,万劫不复
만경,晚景
만경두,慢镜头
만경창파,万顷苍波
만고,万古
만고매소,万古霉素
만고불변,万古不变; 万古不变
만고상청,万古常青; 万古常靑
만고장청,万古长青
만고풍상,万古风霜
만곡,弯曲; 曼谷
만곡시,曼谷市
만과,万科; 晚课
만과성,万科城
만과집단,万科集团
만관,万贯; 漫灌
만관가재,万贯家财
만굉,万宏
만교보,万乔普
만구,挽救; 满口; 弯矩
만구답응,满口答应
만구일담,万口一谈
만국,万国
만국권,万国权
만군,满军
만궁,弯弓
만권,漫卷
만권서,万卷书
만귀,晚归
만균,万钧
만근,满勤; 晚近
만금유,万金油
만기,满期; 晚期; 晚起; 万基; 万机
만기니,曼奇尼
만기일,满期日
만끽,满吃
만난,万难
만날만,万-万
만낭,晚娘
만녀사,万女士
만년,万年; 晩年; 晚年
만년력,万年历
만년청,万年青
만년필,万年笔
만년현,万年县
만념구회,万念俱灰
만녕,万宁
만녕시,万宁市
만뇌자,满脑子
만능,万能
만능인,万能人
만능주의,万能主义
만능형,万能型
만단,万端
만단수심,万端愁心
만담,漫谈
만당,晩唐; 晚唐
만당관,满堂灌
만당채,满堂彩
만당촌,湾塘村
만당홍,满堂红
만대,万代
만덕랍,曼德拉
만덕륵,曼德勒
만덕이삼,曼德尔森
만도,晚稻; 弯度
만동,万东
만동작,慢动作
만두,馒头; 弯头
만둣,馒头
만등등,慢腾腾
만량,万良
만려,曼丽
만력,万历
만련,挽联
만례복,晚礼服
만로,弯路; 万老
만뢰구적,万籁俱寂
만료,满了
만류,挽留; 湾流
만륭,万隆
만륭회의,万隆会议
만리,万里
만리로,万里路
만리무운,万里无云
만리장성,万里长城
만리장정,万里长征
만리타국,万里他国
만리타향,万里他鄕
만리행,万里行
만리행촉진회,万里行促进会
만마,万马
만마대,万马队
만마분등,万马奔腾
만만,慢慢; 满满; 漫漫; 弯弯; 晚晚; 曼曼
만만곡곡,弯弯曲曲
만만당당,满满当当
만만래,慢慢来
만만부가,万万不可
만만부당,万万不当
만만세,万万岁
만만장야,漫漫长夜
만매,谩骂; 漫骂
만면,满面
만면소용,满面笑容
만면춘풍,满面春风
만면통홍,满面通红
만면홍광,满面红光
만면희색,满面喜色
만명견,万明坚
만모,万某
만목,满目
만목창이,满目疮痍
만묘,曼妙
만무,万无; 曼舞
만무목적,漫无目的
만무변제,漫无边际
만무일실,万无一失
만문,满门
만문군,满文军
만문초참,满门抄斩
만물,万物
만물박사,万物博士
만물복소,万物复苏
만물상,万物商
만물지령,万物之灵
만미,万米
만민,万民
만박,万博
만반,万般; 晚饭; 晚班
만반개수,满盘皆输
만반개하품,万般皆下品
만반무내,万般无奈
만발,满发
만방,万方; 万邦; 万芳
만배,晚辈
만백림구,万柏林区
만변부리기종,万变不离其宗
만병,万病; 螨病
만병통치,万病通治
만병통치약,万病通治药
만보,晚报; 漫步; 瞒报; 慢步
만보로,万宝路
만보룡,万宝龙
만보자,漫步者
만복,满腹; 万福
만복경륜,满腹经纶
만복뢰소,满腹牢骚
만복호의,满腹狐疑
만부강리,蛮不讲理
만부경심,漫不经心
만부득이,万不得已
만부막개,万夫莫开
만부재호,满不在乎
만부하,满负荷
만분,万分; 满分
만분격동,万分激动
만붕,万鹏
만사,万事; 万斯; 万死; 万俟
만사구비,万事俱备
만사대길,万事大吉
만사동,万斯同
만사부사,万死不辞
만사여의,万事如意
만사천,万四千
만사체,万事达
만사체중심,万事达中心
만사통,万事通
만사형통,万事亨通
만사휴의,万事休矣
만삭,满朔
만산,万山
만산편야,漫山遍野; 满山遍野
만삼천,万三千
만삼천팔백,万三千八百
만상,万象; 晚上; 晚霜; 万状
만상경신,万象更新
만상성,万象城
만생,晚生
만석,万石
만선,万善; 满船
만선생,万先生
만설,慢说
만성,慢性; 满城; 晚成
만성병,慢性病
만성성,漫星城
만성자,慢性子
만성적,慢性的
만성절,万圣节
만성풍우,满城风雨
만성화,慢性化
만세,万岁; 万世
만세계,满世界
만세불역,万世不易; 万世不易
만속,慢速
만송,万荣
만수,挽手
만수국,万寿菊
만수궁,万寿宫
만수로,万寿路
만수무강,万寿无疆
만수산,万寿山
만수위,满水位
만수천산,万水千山
만숙,晚熟
만숙형,晩熟型
만승지국,万乘之国
만시지탄,晩时之叹
만식당육,晩食当肉
만신,满身
만신대한,满身大汗
만신창이,满身疮痍
만심,满心
만아,弯儿
만악,万恶
만악지원,万恶之源
만안,晚安; 满眼; 万安
만애가,万艾可
만액,满额
만약,万若
만어,鳗鱼
만어문,鳗鱼们
만여인,万余人
만역병,晚疫病
만연,蔓延; 晚宴; 漫延
만연체형,蔓衍体型
만영,满营
만오천,万五千
만왕지,万王之
만요,弯腰
만용,蛮勇; 万用
만용표,万用表
만우,万宇
만우절,万愚节
만원,万元; 满员; 万源
만원성,万源城
만원춘색,满园春色
만원호,万元户
만월,满月
만유,漫游; 万维; 万裕
만유비,漫游费
만유유,慢悠悠
만유인력,万有引力
만육,晚育
만육천,万六千; 万六千
만의,满意
만의률,满意率
만이,蛮夷
만인,万人; 满人; 万仞
만인갱,万人坑
만인공항,万人空巷
만인지상,万人之上
만인해,万人海
만일,万一; 漫溢
만일점,慢一点
만입부,湾入部
만자,湾仔; 蛮子; 弯子
만자천홍,万紫千红
만장,挽章; 满场; 漫长; 晚装; 万丈; 晚场; 幔帐
만장광망,万丈光芒
만장심연,万丈深渊
만장일치,满场一致
만재,满载; 万载
만재이귀,满载而归
만재현,万载县
만전,万全
만전제발,万箭齐发
만전지계,万全之计
만전지책,万全之策
만전천심,万箭穿心
만절,晚节
만점,满点; 晚点; 慢点
만조,满潮
만조사리,慢条斯理
만족,满足; 满族; 蛮族
만족감,满足感
만족도,满足度
만족률,满足率
만좌,满座
만좌중,满座中
만주,满洲; 万州; 慢走
만주구,万州区
만주국,满洲国
만주리,满洲里
만주리시,满洲里市
만중,万众
만중일심,万众一心
만차,慢车
만차도,慢车道
만찬,晩餐; 晚餐
만찬장,晩餐场
만천,漫天; 满天
만천과해,瞒天过海
만천비,满天飞
만천비무,漫天飞舞
만천성,满天星
만천성투,满天星斗
만천요가,漫天要价
만천하,满天下; 万泉河
만철사특,曼彻斯特
만철사특련대,曼彻斯特联队
만청,满清; 晚清
만체,万达
만체광장,万达广场
만체광장점,万达广场店
만체대,万达队
만체영원,万达影院
만체점,万达店
만체집단,万达集团
만촉부,万嘱咐
만추,晚秋
만춘,满春; 晚春
만출,娩出
만취,漫醉; 满嘴
만타만산,满打满算
만탄탄,慢吞吞
만통,万通
만파식적,万波息笛
만패불청,万覇不听; 万覇不听
만편,瞒骗
만평,漫评; 万平
만평집,漫评集
만포,慢跑
만표,万彪
만풍,晚风; 万丰
만하,晚霞; 弯下
만학천봉,万壑千峰
만한전석,满汉全席
만합돈,曼哈顿
만행,蛮行; 万幸
만향,万向
만향절,万向节
만향집단,万向集团
만현,万县
만호,万户; 万豪
만호주점,万豪酒店
만혼,晚婚
만화,漫画; 万华; 慢火; 漫话
만화가,漫画家
만화경,万华镜
만화경적,万华镜的
만화계,漫画界
만화방,漫画房
만화전,漫画展
만화지,漫画纸
만화책,漫画册
만화통,万花筒
만홧,漫画
만황,蛮荒
만황지,万凰之
만회,挽回; 晚会; 满怀
만회신심,满怀信心
만횡,蛮横
만횡무리,蛮横无理
만효리,万晓利
만훼,螨虫
만휘군상,万汇群象
말,末; 帕; 抹; 沫; 袜; 茉; 秣; 靺; 韈; 眜; 粖; 襪; 妺
말격,帕格
말격니니,帕格尼尼
말경,末境
말극,帕克
말금삼,帕金森
말기,末期
말기적,末期的
말길특,帕吉特
말년,末年
말단,末端
말단적,末端的
말대,末代
말도,抹掉
말두,帕杜
말랍정,帕拉丁
말랍정차대,帕拉丁车队
말려사,帕丽斯
말로,末路
말료,末了
말류,末流
말리,茉莉; 帕里
말리사,帕里斯
말미,末尾
말미랍,帕米拉
말미이,帕米尔
말미이고원,帕米尔高原
말반차,末班车
말번,末番
말법,末法
말복,末伏
말사,末寺
말사잡,帕斯卡
말살,抹杀; 抹煞
말살특,帕萨特
말삼사,帕森斯
말석,末席
말세,末世
말소,抹消
말엽,末叶
말와라체,帕瓦罗蒂
말은,帕恩
말이,帕尔
말이마,帕尔马; 帕尔玛
말이묵,帕尔默
말이사,帕尔斯
말일,末日
말자,袜子; 帕子; 沫子
말절,末节
말제,抹除
말조심,­操心
말종,末种
말차,末车
말초,末梢
말초신경,末梢神经
말초적,末梢的
말탁,帕托
말투,袜套
말특,帕特
말특리극,帕特里克
말특삼,帕特森
말포,抹布
말학,末学
말학부수,末学肤受
말향경,抹香鲸
말협,末叶
말회,抹灰
말후,末后
말흉,抹胸
말흑,抹黑
맘,鋄; 𫓸; 鎫; 㛧; 鿏
망,望; 网; 忙; 亡; 忘; 纲; 茫; 妄; 芒; 莽; 惘; 蟒; 邙; 罔; 魍; 硭; 辋; 铓; 莾; 菵; 蠎; 漭; 盳; 笀; 蝄; 茻; 網; 罒
망가적,亡家的
망각,忘却
망각적,妄觉的
망강,望江
망강로,望江路
망강루,望江楼
망개일면,网开一面
망거목장,纲举目张
망건,网巾
망경지구,望京地区
망고,亡故; 罔顾
망과,芒果
망괴료,忙坏了
망교,网桥
망구,网球; 网具
망구새,网球赛
망국,亡国
망국노,亡国奴
망국멸종,亡国灭种
망국적,亡国的
망국지음,亡国之音
망극,罔极
망극지은,罔极之恩
망기,忘记; 纲纪
망기항배,望其项背
망년교,忘年交
망년지교,忘年之交
망념,妄念; 妄念
망단,网坛; 望断
망당,莽撞
망도,忘掉; 妄图; 望都
망동,妄动
망두,网兜
망라,网罗
망락,网络
망락결구,网络结构
망락계,网络界
망락규획,网络规划
망락도,网络图
망락모형,网络模型
망락업,网络业
망락척박,网络拓扑
망락층,网络层
망락협의,网络协议
망락화,网络化
망란,忙乱
망람,网篮
망량,魍魉
망련,网恋
망령,亡灵; 妄灵; 纲领
망령성,纲领性
망로,网路
망록,忙碌
망료,忘了
망료망,望了望
망루,望楼
망리망외,忙里忙外
망리투한,忙里偷闲
망막,网膜
망막낭,网膜囊
망막증,网膜症
망망,茫茫; 望望; 莽莽
망망대해,茫茫大海
망망록록,忙忙碌碌
망매지갈,望梅止渴
망매해갈,望梅解渴
망명,亡命
망명자,亡命者
망명지,亡命地
망명지도,亡命之徒
망모,望谟
망모현,望谟县
망목,网目; 纲目
망문,网纹
망문문절,望闻问切
망문생의,望文生义
망민,网民
망민문,网民们
망발,妄发
망본,忘本
망부,莽夫
망부과래,忙不过来
망부석,望夫石
망부질,忙不迭
망사,亡事; 网纱; 蟒蛇
망산,邙山
망상,妄想; 网上; 网状; 网箱; 纲常
망상가,妄想家
망상결구,网状结构
망상린거,网上邻居
망성,亡姓; 望城; 忘性
망성현,望城县
망소,网关
망시,芒市
망신,亡身
망아,忘我
망안,网眼
망안욕천,望眼欲穿
망양보뢰,亡羊补牢
망양지탄,亡羊之叹; 望洋之叹
망양흥우,望洋兴叹
망어,妄语
망언,妄言
망역,网易
망역공사,网易公司
망연,茫然; 惘然
망연부지소조,茫然不知所措
망연자실,茫然自失
망요,纲要
망우,网友; 忙于; 忘忧
망운지정,望云之情
망원,望远
망원경,望远镜
망월,望月
망위,妄为
망은부의,忘恩负义
망음,忙音
망이각보,望而却步
망이부란,忙而不乱
망이생외,望而生畏
망인,忙人; 亡人
망자,亡者; 网子
망자계치,亡子计齿
망자비박,妄自菲薄
망자성룡,望子成龙
망자재배,芒刺在背
망자존대,妄自尊大
망잡,网卡
망점,网点
망정,忘情
망조,亡兆
망족,望族
망종,亡种; 芒种
망중출착,忙中出错
망중한,忙中闲
망진막급,望尘莫及
망참,网站
망창,茫苍
망처,亡妻
망천추수,望穿秋水
망초,芒硝
망칭,妄称
망파,网吧
망풍,望风
망풍이도,望风而逃
망한,莽汉
망향,望鄕
망혈,网页
망형,忘形
망형지우,忘形之友
망호,忙乎
망호소이,忘乎所以
망혼,亡魂
망활,忙活
망회,忘怀
망훼,网虫
맞대응,­对应
매,每; 买; 卖; 梅; 妹; 呆; 骂; 媒; 埋; 迈; 煤; 枚; 玫; 昧; 霉; 魅; 酶; 寐; 莓; 霾; 劢; 浼; 镅; 跊; 荬; 鬽; 禖; 買; 賣; 罵; 槑; 毎; 売; 邁; 駡
매가,卖价; 骂街; 梅家; 买价
매가와체,梅加瓦蒂
매각,卖却
매각설,卖却说
매감나,梅甘娜
매강,梅江
매개,媒介; 每个; 迈凯
매개이도,梅开二度
매개인,每个人
매개적,媒介的
매개체,媒介体
매개충,媒介虫
매걸,梅杰
매걸부,梅杰夫
매계통,酶系统
매공매공,买空卖空
매관매직,卖官卖职
매광,煤矿
매괴,玫瑰; 卖乖
매괴원,玫瑰园
매괴홍,玫瑰红
매구,煤球
매국,卖国
매국노,卖国奴
매국적,卖国贼
매균,霉菌
매균성,霉菌性
매극,迈克
매극보,梅克保
매극사,梅克斯
매극이,迈克尔
매급,卖给
매기,买气; 煤气; 霉气
매기관,煤气罐
매기로,煤气炉
매기비,煤气费
매기조,煤气灶
매기중독,煤气中毒
매기표,煤气表
매기화,煤气化
매내모,梅内姆
매내새사,梅内塞斯
매녀사,梅女士
매년,每年
매단,买单
매단백,酶蛋白
매당,每当
매덕위걸부,梅德韦杰夫
매도,卖渡; 骂倒; 买到
매도금,卖渡金; 卖渡金
매도설,卖渡说
매도자,卖渡者
매독,梅毒
매두,埋头
매두고간,埋头苦干
매두매뇌,呆头呆脑
매득기,买得起
매등,迈腾
매락,梅洛
매란,霉烂
매란국죽,梅兰菊竹
매란방,梅兰芳
매래,买来
매래사,梅莱斯
매려,梅丽
매려사,梅丽莎
매력,魅力; 卖力
매력기,卖力气
매력적,魅力的
매력형,魅力型
매령,梅岭
매로,煤炉; 卖老
매롱,卖弄
매료,买了; 魅了
매룡진,梅龙镇
매릉,呆愣
매리,梅里
매리사,梅利斯
매리설산,梅里雪山
매림,梅林; 梅琳
매림체,梅琳达
매립,埋立
매립장,埋立场
매립지,埋立地
매매,卖买; 妹妹; 买卖; 每每; 呆呆; 梅梅
매매렬렬,骂骂咧咧
매매문,妹妹们
매매춘,卖买春
매면자,卖面子
매명,卖名; 卖命
매모,煤耗; 梅某
매몰,埋没
매몰자,埋没者
매물,卖物
매방,卖方; 买方
매방시장,买方市场
매방자,买房者; 卖房者
매번,每番
매변,霉变
매보,迈步; 酶谱
매보구,梅葆玖
매복,埋伏
매봉,每逢
매봉가절배사친,每逢佳节倍思亲
매부,妹夫
매부기,买不起
매부도,买不到
매분,媒体
매분계,媒体界
매분문,媒体们
매사,每事; 呆傻; 梅斯; 梅沙
매사마골,买死马骨
매사아륵,迈沙阿勒
매산,梅山
매삼,梅森
매상,卖上; 卖相
매새덕사,梅赛德斯
매서,梅西
매서납,梅西纳
매석,卖惜
매선생,梅先生
매설,埋设
매설관,埋设管
매설물,埋设物
매성기,每星期
매소,卖笑
매소자,卖关子
매수,买受; 买收; 埋首; 每手
매수량,买收量
매수설,买收说
매수세,买收势
매시간,每时间
매식,买食
매신,卖身
매신계,卖身契
매신육,梅新育
매실,梅实
매심,昧心
매아밀,迈阿密
매아밀열대,迈阿密热队
매아사,梅阿查
매안석,煤矸石
매야,梅耶
매약목계,呆若木鸡
매연,煤烟
매염방,梅艳芳
매예,卖艺
매옥,梅玉
매완,卖完
매요,煤窑
매요린,梅瑶麟
매우,梅雨
매원,埋怨; 梅园
매월,每月
매유,煤油
매음,卖淫
매음굴,卖淫窟
매음녀,卖淫女
매음설,梅吟雪
매이,梅尔; 迈尔
매이사,迈尔斯
매인,每人; 骂人; 媒人
매일,每日; 每一
매일개,每一个
매일매일,每日每日
매입,买入
매입가,买入价
매입비,买入费
매입자,买入者
매자,妹子; 梅子; 呆子; 妹仔; 梅兹
매자문,妹子们
매작지언,媒妁之言
매장,卖场; 埋葬; 埋藏; 买账; 呆账; 煤场
매장량,埋藏量
매장소,梅长苏
매재,媒材
매전,煤电; 煤田; 卖钱
매점,买占; 卖店
매점매석,买占卖惜
매정,梅婷
매제,妹弟
매좌,卖座
매주,每周; 买主; 梅州; 卖主
매주시,梅州市
매죽,梅竹
매직,卖职
매진,卖尽; 迈进; 买进
매질,媒质; 煤质
매차,每次; 煤车
매창,卖唱; 煤厂; 煤仓
매천,每天
매첩,梅捷
매청,梅青
매체,媒体; 呆滞
매체적,媒体的
매초,每秒
매초유,煤焦油
매초풍,梅超风
매최화,酶催化
매춘,买春; 卖春
매출,卖出; 迈出
매출가,卖出价
매출량,卖出量
매출액,卖出额
매층,煤层
매층기,煤层气
매탄,煤炭
매탄법,煤炭法
매탄업,煤炭业
매통,买通
매파,媒婆
매파혁,迈巴赫
매판,买办; 呆板
매판성,买办性
매판화,买办化
매편,每篇
매표,买票; 卖票
매표구,卖票口
매표기,酶标记
매표소,卖票所
매표창구,卖票窗口; 卖票窓口
매하구시,梅河口市
매향,迈向; 梅香
매혁적,迈赫迪
매현,梅县
매형,妹兄
매호,买好; 卖好
매혹,魅惑
매혹적,魅惑的
매화,梅花; 卖货; 梅华
매화공,煤化工
매화록,梅花鹿
매화산,梅花山
매화장,梅花奖; 梅花桩
매화침,梅花针
매활력,酶活力
매황유하,每况愈下
매회,每回; 买回
맥,麦; 脉; 陌; 蓦; 貉; 貘; 貊; 麥; 脈
맥가,麦加; 麦家
맥각,麦角
맥갈,麦秸
맥강개,麦康凯
맥개,麦凯
맥개은,麦凯恩
맥격,麦格
맥격뢰적,麦格雷迪
맥격리,麦格理
맥고림,麦考林
맥과마극,麦科马克
맥관,脉管
맥극,麦克
맥극격뢰적,麦克格雷迪
맥극납마랍,麦克纳马拉
맥극당납,麦克唐纳
맥극대사,麦克代斯
맥극랍륜,麦克拉伦
맥극래륜,麦克莱伦
맥극마홍,麦克马洪
맥극미륜,麦克米伦
맥극사,麦克斯
맥극사위,麦克斯韦
맥극아슬,麦克阿瑟
맥극이,麦克尔
맥극포래덕,麦克布莱德
맥극풍,麦克风
맥금농,麦金农
맥긍,麦肯
맥긍석,麦肯锡
맥긍석공사,麦肯锡公司
맥기,麦琪; 麦基
맥납맥,麦纳麦
맥당나,麦当娜
맥당로,麦当劳
맥당로공사,麦当劳公司
맥당로찬청,麦当劳餐厅
맥대위,麦大伟
맥덕룡,麦德龙
맥도,麦道
맥동,脉动; 麦冬
맥락,脉络; 麦乐
맥락락,麦洛洛
맥락막,脉络膜
맥락적,麦乐迪
맥랑,麦浪
맥량우,麦亮宇
맥려소,麦丽素
맥로,陌路
맥립,麦粒
맥립종,麦粒肿
맥망,麦芒
맥맥,脉脉
맥묘,麦苗
맥문,脉门
맥박,脉搏; 麦博
맥반석,麦饭石
맥부,麦麸
맥분,麦粉
맥사,麦莎; 麦斯
맥상,脉状; 脉象
맥생,陌生
맥생인,陌生人
맥수,麦收; 麦穗
맥수지탄,麦秀之叹
맥숙숙,麦叔叔
맥씨,麦氏
맥아,麦芽
맥아당,麦芽糖
맥압,脉压
맥연,蓦然
맥유정,麦乳精
맥이사,麦尔斯
맥자,麦子
맥잡석,麦卡锡
맥잡특니,麦卡特尼
맥적,麦迪
맥적손,麦迪逊
맥전,麦田
맥조휘,麦兆辉
맥주,麦酒
맥주병,麦酒瓶; 麦酒甁
맥줏,麦酒
맥지,蓦地; 麦地
맥진,脉诊
맥철륜,麦哲伦
맥체,麦蒂
맥초,麦草; 麦超
맥충,脉冲
맥충식,脉冲式
맥치,麦茬
맥편,麦片
맥현,麦贤
맹,猛; 盟; 孟; 盲; 萌; 氓; 锰; 虻; 黾; 蜢; 勐; 艋; 甍
맹가,孟家; 孟轲
맹가랍,孟加拉
맹가랍국,孟加拉国
맹가랍만,孟加拉湾
맹가랍호,孟加拉虎
맹각,孟珏
맹강,猛降
맹강녀,孟姜女
맹건주,孟建柱
맹격,猛击
맹경삼,孟庆森
맹경휘,孟京辉
맹공,猛攻
맹광미,孟广美
맹교,盲校
맹구,盲区
맹국,盟国
맹군,盟军
맹귀부목,盲龟浮木; 盲龜浮木
맹극비,孟克非
맹금,猛禽
맹녀,盲女
맹녀사,孟女士
맹덕,孟德
맹덕사,孟德斯
맹덕이,孟德尔
맹독,猛毒
맹독성,猛毒性
맹동,萌动; 盲童; 盲动
맹랑,孟浪
맹량고,孟良崮
맹려군,孟丽君
맹력,猛力
맹렬,猛烈
맹로사,孟老师
맹룡대,猛龙队
맹류,盲流
맹마,猛犸
맹매,孟买
맹명하,孟明霞
맹모,孟某
맹모단기,孟母断机
맹모삼천,孟母三迁
맹목,盲目
맹목성,盲目性
맹목적,盲目的
맹무빈,孟武斌
맹문,盲文
맹박,猛扑
맹발,萌发
맹방,盟邦
맹범,孟凡
맹비,孟飞; 孟非
맹비난,猛非难
맹비사,孟菲斯
맹사,猛士
맹상군,孟尝君
맹생,萌生
맹서,盟誓
맹석사,孟席斯
맹선생,孟先生
맹설,孟雪
맹성,孟星; 猛醒
맹세,盟誓
맹소량,孟关良
맹수,猛兽
맹승,猛升
맹신,盲信
맹씨,孟氏
맹아,盲儿; 萌芽
맹아기,萌芽期
맹아론,萌芽论
맹아적,萌芽的
맹약,猛药; 盟约
맹연,猛然
맹영민,孟永民
맹완단청,盲玩丹青; 盲玩丹靑
맹외,孟巍
맹우,盟友
맹원,盟员
맹원초,孟元超
맹위,猛威
맹이동,孟二冬
맹인,盲人
맹인모상,盲人摸象
맹인안질,盲人眼疾
맹자,孟子; 猛子
맹자정문,盲者正门
맹잡,猛砸
맹장,盲肠; 猛将
맹장염,盲肠炎
맹점,盲点
맹정,孟霆
맹정위,孟庭苇
맹종,盲从
맹주,盟主
맹주국,盟主国
맹증,猛增
맹지,猛地
맹진,猛进; 孟津
맹질,猛跌
맹창,猛涨; 孟昶
맹천우,孟天宇
맹천초,孟天楚
맹철,锰铁
맹체,孟达
맹추격,猛追击
맹충,猛冲
맹타,猛打
맹폭,猛爆
맹해,勐海
맹헌생,孟宪生
맹호,猛虎; 孟虎; 孟浩
맹호연,孟浩然
맹호출림형,猛虎出林形
맹호하산,猛虎下山
맹호형,猛虎型
맹화,孟华; 猛火
맹활약,猛活跃
맹활약상,猛活跃状
맹회호,孟怀虎
맹효소,孟晓苏
맹효쌍,孟晓双
맹휴,盟休
맹흔,孟欣
먀,乜
먹칠,­漆
며,旀; 厼; 㢱
멱,觅; 汨; 幂; 蓂; 鼏; 糸; 覓
멱식,觅食
면,面; 免; 棉; 眠; 勉; 绵; 缅; 冕; 娩; 腼; 湎; 沔; 眄; 靣; 矊; 緜; 麵; 綿; 宀
면강,勉强
면거,免去
면건,面巾
면검,免检
면격,免缴
면고,棉裤
면공,面孔
면관,面馆; 面宽; 免冠; 免官
면교,免交; 面交
면구,面灸; 面具; 棉区
면근,面筋
면기,面肌
면농,棉农
면단,面团
면담,面谈; 棉毯
면대,面对
면대면,面对面
면대미소,面带微笑
면대소용,面带笑容
면도,面刀; 免掉
면도사,面刀师
면득,免得
면란,棉兰
면란로도,棉兰老岛
면려,勉励
면력,勉力
면령,棉铃
면령훼,棉铃虫
면례,免礼
면로,面露
면료,面料; 免了
면류관,冕旒冠
면리,面里
면리장침,绵里藏针
면마,棉麻; 面码
면면,绵绵; 面面
면면강강,勉勉强强
면면관,面面观
면면구도,面面俱到
면면부절,绵绵不绝
면면상처,面面相觑
면모,面貌; 棉毛
면모고,棉毛裤
면모삼,棉毛衫
면목,面目
면목가증,面目可憎
면목쟁영,面目狰狞
면목전비,面目全非
면무인색,面无人色
면문,面门
면민,面民
면밀,绵密
면박,面驳
면박지력,绵薄之力
면방,面庞; 棉纺
면방직,棉纺织
면방창,棉纺厂
면백당,绵白糖
면벽,面壁
면벽구년,面壁九年
면복,冕服
면봉,绵棒
면부,面部
면부개색,面不改色
면부료,免不了
면분,面粉; 面盆; 棉酚
면비,免费
면사,面纱; 棉纱
면사무소,面事务所
면사포,面纱布
면상,面上; 面霜; 面相
면색,面色
면생,面生
면서,棉絮
면선,面线; 棉线; 面善; 绵亘
면섬유,绵纤维; 棉纤维
면세,免税; 面世
면세점,免税店; 免税点
면세품,免税品
면소,面塑
면수,面数; 免收; 免受; 面授
면수기의,面授机宜
면숙,面熟
면시,面试; 面市; 免试; 棉市
면시자,面试者
면식,面食
면신경,面神经
면아,棉蚜
면액,面额
면양,绵羊; 绵阳
면양시,绵阳市
면여,免予
면여관옥,面如冠玉
면여기소,免予起诉
면여사회,面如死灰
면여토색,面如土色
면역,免疫
면역력,免疫力
면역법,免疫法
면역성,免疫性
면역원성,免疫原性
면역증,免疫症
면역표형,免疫表型
면역학,免疫学
면연,绵延; 绵软
면연부절,绵延不绝
면오,棉袄
면용,面容
면우,免于
면위기난,勉为其难
면유,棉油
면유난색,面有难色
면융,棉绒
면의,棉衣; 面议
면인,面人
면인주,缅因州
면임,面临
면자,面子; 棉籽; 棉子
면자유,棉籽油
면장,面长; 绵长; 面墙
면재,面材
면적,面积; 面的
면적률,面积率; 面积率
면적분,面积分
면전,面前; 缅甸; 腼腆; 棉田
면전패,免战牌
면점,面点; 面店
면접,面接
면접시험,面接试验
면정,免征; 面呈
면제,免除
면제자,免除者
면조,免租; 面条; 面罩; 免遭; 棉条
면조권,免租权
면조권론,免租权论
면조권설,免租权说
면종,棉种
면종복배,面从腹背
면죄,免罪
면죄부,免罪符
면주,绵䌷
면죽,绵竹
면직,免职; 棉织
면직물,绵织物; 棉织物
면직품,棉织品
면진,面陈
면찬,面赞
면책,免责
면책금,免责金; 免责金
면천,免贱
면청,面厅
면치,面值
면탄,面瘫; 面摊
면탕,面汤
면태,棉胎
면판,面板
면포,绵布; 面包; 棉布; 棉包; 棉袍
면포방,面包房
면포설,面包屑
면포수,面包树
면포점,面包店
면포차,面包车
면표,免票
면피,棉被; 面皮
면학,勉学
면향,面向
면향대상,面向对象
면허,免许
면허증,免许证
면험,免验
면협,面颊
면형,面形; 面型
면혜,棉鞋
면호,面糊
면홍이적,面红耳赤
면화,绵花; 棉花; 棉靴
면황기수,面黄肌瘦
면회,面会; 缅怀
면회객,面会客
면회실,面会室
멸,灭; 蔑; 篾; 蠛; 鴓; 滅
멸구,灭口
멸균,灭菌
멸도,灭掉
멸망,灭亡
멸망당,灭亡当
멸문,灭蚊; 灭门
멸문절호,灭门绝户
멸문지화,灭门之祸
멸사,灭私
멸사봉공,灭私奉公
멸서,灭鼠
멸성제,灭圣谛
멸승,灭蝇
멸시,蔑视
멸시당,蔑视当
멸실,灭失
멸적,灭迹
멸절,灭绝
멸절인성,灭绝人性
멸정,灭顶
멸정지재,灭顶之灾
멸족,灭族
멸종,灭种
멸화,灭火
멸화기,灭火器
멸활,灭活
멸훼,灭虫
명,明; 名; 命; 鸣; 铭; 冥; 皿; 茗; 瞑; 溟; 酩; 螟; 黾; 暝; 眳; 蓂; 眀; 鄍; 詺; 鳴; 銘; 洺
명가,名家; 明可; 明哥
명가정,明嘉靖
명각,铭刻; 名角
명감,明鉴
명감독,名监督
명강의,名讲义
명거,明渠
명건축,名建筑
명검,明剑
명견,名犬
명견만리,明见万里
명경,明镜
명경불피,明镜不疲; 明镜不疲
명경지수,明镜止水
명고옥,名古屋
명곡,名曲
명공,明公
명과기실,名过其实
명관,名官; 命官
명광,明光
명구,名句
명국,明国
명군,明军
명궁,名弓
명귀,名贵
명규,鸣叫
명극,名剧
명근,命根
명근자,命根子
명금,鸣金
명금수병,鸣金收兵
명기,明记; 名气; 明基; 铭记
명년,明年
명년년,明年年
명년초,明年初
명니소체,明尼苏达
명니소체주,明尼苏达州
명니아파리사,明尼阿波利斯
명단,名单
명당,明堂; 名堂
명대,明代
명덕,明德
명도,明度; 明道; 名都
명도다천,命途多舛
명동,鸣动
명등,明灯
명라개도,鸣锣开道
명락손산,名落孙山
명란,明卵
명랑,明朗
명랑화,明朗化
명량,明亮
명려,明丽
명렬방수,名列榜首
명렬전모,名列前茅
명령,命令; 明令; 名伶
명령금지,明令禁止
명령서,命令书
명령식,命令式
명령어,命令语
명령제,命令制
명령행,命令行
명록,名录
명료,明了
명료화,明了化
명류,名流
명륜당,明伦堂
명륜집단,明伦集团
명률,明律
명리,名利; 明理; 明里
명리쌍수,名利双收
명리장,名利场
명마,明码
명마실가,明码实价
명마표가,明码标价
명만,明晚
명만천하,名满天下
명말청초,明末清初
명망,名望
명망가,名望家
명맥,命脉
명면,明面
명면각지,名面各知
명멸,明灭
명명,命名; 明明; 冥冥
명명백백,明明白白
명명지중,冥冥之中
명모,名模; 明眸
명모호치,明眸皓齿
명목,名目; 明目; 瞑目
명목번다,名目繁多
명목장담,明目张胆
명문,名门; 明文; 铭文
명문거족,名门巨族
명문고,名门高
명문대,名门大
명문대가,名门大家
명문대생,名门大生
명문망족,名门望族
명문장가,名文章家
명문천하,名闻天下
명문화,明文化
명물,名物
명미,明媚
명민,明敏
명반,明矾
명발,明发
명방,鸣放
명백,明白
명백인,明白人
명변시비,明辨是非
명보,明报
명복,冥福
명부,冥府; 名簿
명부견경전,名不见经传
명부기실,名副其实; 名符其实
명부부실,名不副实
명부식,名簿式
명부전,冥府殿
명부평,鸣不平
명부허전,名不虚传
명분,名分
명불허전,名不虚传; 名不虚传
명사,名士; 名词; 名师; 明史; 鸣谢
명사고상,冥思苦想
명사극,明斯克; 明思克
명사적,名词的
명산,名山; 名产
명산대천,名山大川
명산지,名产地
명상,冥想; 名状; 命相
명상기,冥想期
명상록,冥想录
명상적,冥想的
명색,名色
명서민,明舒敏
명석,明晰; 明晳
명석화,明晰化; 明晳化
명선,明线
명선수,名选手
명설,明说; 名雪
명성,名声; 明星; 名城; 名姓
명성급,明星级
명성기업,明星企业
명성대조,名声大噪
명성대진,名声大振
명성문,明星们
명성새,明星赛
명성장,明城墙
명성재외,名声在外
명성조,明成祖
명세,明细
명세서,明细书
명세장,明细账
명세표,明细表
명소,名所
명수,名手; 明水; 命数; 明手
명수잔도,明修栈道
명수죽백,名垂竹帛
명수청사,名垂青史
명수필,名随笔
명승,名胜
명승고적,名胜古迹
명승부,名胜负
명승지,名胜地
명시,名诗; 明示
명시도,明视度
명시적,明示的
명신,名臣
명신편,明信片
명실,名实
명실공,名实公
명실상부,名实相符
명심,铭心
명심각골,铭心刻骨
명심견성,明心见性
명아,明儿
명아견,明儿见
명안,命案
명안인,明眼人
명암,明暗
명액,名额
명약,名药
명약관화,明若观火
명양,名扬
명양사해,名扬四海
명양천하,名扬天下
명언,名言; 明言
명연,名烟
명연설가,名演说家
명연원,名演员
명염,明艳
명예,名誉; 明锐
명예권,名誉权
명예박사,名誉博士
명예소지,名誉扫地
명예심,名誉心
명예욕,名誉欲
명예퇴직,名誉退职
명왕성,冥王星
명우,名优
명우산품,名优产品
명운,命运
명운다천,命运多舛
명원,名媛; 鸣冤
명월,明月
명의,名义; 名医
명의상,名义上
명의자,名义者
명인,名人
명인록,名人录
명인새,名人赛
명인천황,明仁天皇
명일,名日; 明日
명일황화,明日黄花
명자,名字; 明子
명작,名作
명작극,名作剧
명잡,冥币
명장,名匠; 名将; 名章
명재경각,命在顷刻
명쟁암투,明争暗斗
명저,名著
명적,鸣笛
명절,名节
명정,酩酊; 铭旌; 明证; 明净; 命定; 明廷
명정대취,酩酊大醉
명정언순,名正言顺
명제,命题
명제작문,命题作文
명조,明朝; 明早; 名噪
명조일시,名噪一时
명조체,明朝体
명존실망,名存实亡
명주,明䌷; 明珠; 名酒; 名厨; 明州
명주암투,明珠暗投
명준,明骏
명중,命中
명중률,命中率
명중주정,命中注定
명증성,明证性
명지,明知; 明智; 明志
명지고문,明知故问
명지고범,明知故犯
명지지거,明智之举
명진행자,名进行者
명차,名车; 名次; 名茶
명찰,名札; 明察; 名刹
명찰암방,明察暗访
명찰추호,明察秋毫
명창,名唱; 鸣枪; 明抢; 明昌; 鸣唱
명채,名菜
명책,名册
명처,明处
명천,明天
명천견,明天见
명철,明哲; 明澈
명철보신,明哲保身
명첩,名帖
명청,明清
명체,明达
명치,明治
명치유신,明治维新
명칭,名称
명쾌,明快
명태,明太
명태조,明太祖
명특우,名特优
명특우신,名特优新
명파,明摆
명파착,明摆着
명패,名牌; 铭牌
명편,名片; 名篇
명편식,名片式
명포,名铺
명품,名品
명품관,名品馆
명품점,名品店
명하,名下; 明虾; 明霞
명함,名衔
명행운자,名幸运者
명향,鸣响
명현,明显
명현자,明显者
명혜,明慧
명호,名号; 命好
명화,名画; 明火; 明华
명확,明确
명확성,明确性
명확화,明确化
명황제,明皇帝
명황황,明晃晃
명효,明胶
명효계,明晓溪
명효릉,明孝陵
명후년,明后年
명후천,明后天
명훼,螟虫
명휘,名讳; 明辉
몌,袂
모,某; 母; 毛; 模; 谋; 姆; 冒; 摸; 矛; 貌; 耗; 帽; 慕; 茅; 侮; 募; 暮; 牟; 姥; 牡; 摹; 髦; 谟; 眸; 耄; 瑁; 牦; 蟊; 蛑; 哞; 侔; 旄; 嫫; 蝥; 眊; 粍; 糢; 鶜; 鴾; 艒; 麰; 砪; 謩; 芼; 玥; 謀
모가,毛家; 母家; 茅家
모가만,毛家湾
모갈,耗竭
모감,毛蚶
모갑,某甲
모개,某个
모갱,茅坑
모건,毛巾
모건피,毛巾被
모검경,毛剑卿
모계,母系; 母鸡
모계씨족,母系氏族
모계제,母系制
모고,募股; 毛裤; 摸高; 模考
모고신종,暮鼓晨钟
모골,毛骨
모골송연,毛骨悚然
모공,毛孔
모과,木瓜
모과평,毛戈平
모관,毛冠; 募款
모괴,模块
모괴식,模块式
모괴화,模块化
모교,母校; 慕巧
모구,谋求; 模具
모국,母国
모국어,母国语
모군안,毛群安
모권제,母权制
모극길,慕克吉
모근,茅根
모금,募金; 募金
모금성,冒金星
모기,母机; 暮气
모기구,母机构
모기업,母企业
모녀,母女
모년,暮年
모녕,毛宁
모니,毛呢
모니흑,慕尼黑
모니흑대,慕尼黑队
모단,牡丹
모단강,牡丹江
모단강시,牡丹江市
모단원,牡丹园
모담,毛毯
모대,茅台
모대주,茅台酒
모도,摸到
모독,冒渎
모두,矛头; 毛豆
모두소과,毛头小伙
모란,牡丹; 牡丹
모랍적기,姆拉迪奇
모래모거,摸来摸去
모략,谋略
모략중상,谋略中伤
모량,模量
모려,牡蛎; 毛驴; 茅庐
모령,冒领; 毛领
모로사,毛老师
모로호,母老虎
모료,毛料
모릉량가,模棱两可
모리,毛利; 牟利; 谋利
모리구사,毛里求斯
모리률,毛利率
모리배,谋利辈
모리인,毛利人
모리탑니아,毛里塔尼亚
모마,姆妈
모만청,慕晚晴
모말,毛袜
모매,冒昧
모면,谋免
모멸,侮蔑
모멸감,侮蔑感
모명,慕名; 冒名
모명이래,慕名而来
모명전래,慕名前来
모명정체,冒名顶替
모모,某某; 姥姥; 摸摸; 毛毛; 毛某; 毛姆
모모간,摸摸看
모모세우,毛毛细雨
모모실실,冒冒失失
모모우,毛毛雨
모모인,某某人
모모호호,模模糊糊
모모훼,毛毛虫
모문룡,毛文龙
모반,谋反
모발,毛发
모방,模仿; 模倣; 摹仿; 毛纺; 茅房
모방도,模仿度; 模倣度
모방성,模仿性
모방자,模仿者; 模倣者
모방적,毛纺绩
모방창,毛纺厂
모배,毛坯
모배니마랍마,姆拜尼马拉马
모번화,慕繁华
모범,模范; 冒犯
모범생,模范生
모범수,模范囚
모범적,模范的
모변,毛边
모병,毛病; 募兵
모본,母本; 摹本
모본단,模本缎
모부,某部
모부경인,貌不惊人
모부착,摸不着
모부착두뇌,摸不着头脑
모부청,摸不清
모분,母体
모붕,茅棚
모비,耗费
모사,某些; 模写; 貌似; 谋士; 慕斯; 冒死; 谋私; 茅舍; 谋事; 茅斯; 摹写
모사강대,貌似强大
모사론,模写论
모사론적,模写论的
모사리,谋私利
모산,茅山; 耗散; 谋算
모살,谋杀
모살안,谋杀案
모살죄,谋杀罪
모삼,毛衫
모상,貌相
모새돈개,茅塞顿开
모색,摸索; 暮色; 毛色
모색기,摸索期
모색창연,暮色苍然
모생,谋生
모서사,毛瑞斯
모선,毛线; 母线
모선생,毛先生; 牟先生
모선의,毛线衣
모설,冒雪
모성,母性
모성애,母性爱
모세,毛细
모세걸,牟世杰
모세관,毛细管
모세포,母细胞; 毛细胞
모손,耗损
모쇄,毛刷
모수,模数; 母树
모수량,耗水量
모수룡,毛寿龙
모수모각,毛手毛脚
모수신,慕绥新
모수자천,毛遂自荐
모순,矛盾; 茅盾
모순균,毛舜筠
모순론,矛盾论
모순성,矛盾性
모순율,矛盾律
모순적,矛盾的
모순점,矛盾点
모순중중,矛盾重重
모슬,毛瑟
모시,耗时; 毛诗
모식,模式
모식신별,模式识别
모식화,模式化
모신,母神; 谋臣
모신우,毛新宇
모실,冒失
모실귀,冒失鬼
모씨,毛氏
모아민,毛阿敏
모암,母岩
모압,模压
모애,母爱; 暮霭
모액,母液
모야야,毛爷爷
모야차,母夜叉
모양,某样; 模样; 母羊
모양량,耗氧量
모어,母语; 摸鱼
모연,募捐; 冒烟
모영,母婴
모옥,茅屋
모옥평,毛玉萍
모완련,冒浣莲
모욕,侮辱
모욕감,侮辱感
모욕당,侮辱当
모욕성,侮辱性
모욕적,侮辱的
모욕죄,侮辱罪
모용,慕容
모용령미,慕容灵薇
모용박,慕容博
모용백,慕容柏
모용복,慕容复
모용설,慕容雪
모용성,慕容星
모용용,毛茸茸
모용운생,慕容云笙
모용천,慕容天
모용청사,慕容青思
모용충,慕容冲
모용평,慕容平
모용풍,慕容风
모우,冒雨; 母牛; 牦牛; 茅于; 慕羽; 毛羽
모우미성,毛羽未成
모운낙일,暮云落日; 暮云落日
모월,某月
모위도,茅威涛
모위원,毛委员
모유,母乳; 耗油
모유량,耗油量
모을,某乙
모음,母音
모의,模拟; 谋议; 毛衣; 摹拟
모의고,模拟考
모의고사,模拟考查
모의고시,模拟考试
모의기,模拟器
모의량,模拟量
모의시제,模拟试题
모의실험,模拟实验
모의제,模拟题
모의천하,母仪天下
모이승,茅以升
모인,某人; 毛人
모인봉,毛人凤
모일,某日
모일우,牟一羽
모일정,毛一丁
모임생,茅临生
모자,帽子; 母子; 耗资; 眸子; 耗子; 模子; 毛子; 毛刺
모자간,母子间
모작,模作
모작품,模作品
모장,摸奖
모재해명,谋财害命
모저,母猪; 摸底; 毛猪
모적,蟊贼
모전,毛典; 耗电; 毛毡
모전량,耗电量
모전욕,慕田峪
모정,母情; 冒顶
모조,毛躁; 毛糙
모조품,模造品
모종,某种
모종도,牟宗涛
모종삼,牟宗三
모주,母酒
모주석,毛主席
모주석기념당,毛主席纪念堂
모죽,毛竹
모중,毛重
모직,毛织
모직물,毛织物
모진,耗尽; 冒进
모진남,毛晋楠
모질,耄耋
모질로인,耄耋老人
모질지년,耄耋之年
모집,募集
모집기,募集期
모집인,募集人
모차,毛茶
모착석두과하,摸着石头过河
모처,某处
모천하지대부위,冒天下之大不韪
모첨,冒尖; 帽檐
모청,摸清
모체,母体
모초,茅草
모축,母畜
모춘,暮春
모출,摸出
모충,冒充
모취,谋取; 牟取
모취폭리,牟取暴利
모측,茅厕
모치용,毛致用
모친,母亲
모친문,母亲们
모친절,母亲节
모태,母胎; 模态
모택동,毛泽东
모택동사상,毛泽东思想
모투,摸透
모특,模特
모특계,模特界
모특문,模特们
모특아,模特儿
모파곤타,摸爬滚打
모파리,毛玻璃
모판,模板
모패,冒牌
모패기,姆贝基
모패화,冒牌货
모편,毛片; 谋篇
모평,牟平
모포,毛布
모표,毛彪
모피,毛皮
모필,毛笔
모한,冒汗
모한평,牟汉平
모함,谋陷; 母舰; 慕涵
모합신리,貌合神离
모해,谋害; 毛蟹
모해자,毛孩子
모험,冒险
모험가,冒险家
모험담,冒险谈
모험성,冒险性
모험심,冒险心
모험자,冒险者
모험적,冒险的
모험주의자,冒险主义者
모형,模型; 母型
모형도,模型图
모형실험,模型实验
모호,模糊; 冒号
모호부청,模糊不清
모호성,模糊性
모호자,模糊者
모호화,模糊化
모화,冒火; 谋和; 慕华
모황,慕煌
모회사,母会社
모획,谋划
모효매,毛晓梅
모후,母后
모훼,毛虫
모휘,帽徽
모흑,摸黑
모흑연,冒黑烟
목,目; 木; 牧; 穆; 睦; 沐; 苜; 鹜; 钼; 雮; 坶; 霂
목가,牧歌; 穆家
목가적,牧歌的
목가패,穆加贝
목각,木刻
목각상,木刻像
목갑,木匣
목강즉절,木强则折
목격,目击
목격담,目击谈
목격자,目击者
목결구,木结构
목경,目镜
목계영,穆桂英
목곤,木棍
목공,木工; 牧工
목공예품,木工艺品
목공일절,目空一切
목공품,木工品
목과,木瓜
목광,目光; 木框
목광단천,目光短浅
목광여거,目光如炬
목광형형,目光炯炯
목극,木屐
목근,木槿
목기,木器
목길,木吉
목내이,木乃伊
목념자,穆念慈
목눌,木讷
목당,木糖
목당순,木糖醇
목대숙,穆大叔
목도,目睹; 穆图
목동,牧童
목두,木头
목두인,木头人
목란,木兰
목랑마,穆朗玛
목력,目力
목련,木莲
목례,目礼
목록,目录
목록학,目录学
목뢰,穆雷
목료,木料
목륵,穆勒
목리,木里
목리니오,穆里尼奥
목린,睦邻
목마,木马; 牧马
목마황,木麻黄
목면,木绵; 木棉
목모,木模
목목,木木
목무법기,目无法纪
목민,牧民
목민문,牧民们
목배,木排
목백일홍,木百日红
목벌,木筏
목별,木鼈
목본,木本
목본식물,木本植物
목봉,木棒
목부가접,目不暇接
목부사시,目不斜视
목부신정,目不识丁
목부전정,目不转睛
목분,木盆
목불견첩,目不见睫; 目不见睫
목불규원,目不窥园; 目不窥园
목불식정,目不识丁; 目不识丁
목불인견,目不忍见; 目不忍见
목사,牧使; 牧师
목사랍부,穆沙拉夫
목사림,穆斯林
목사탑법,穆斯塔法
목산품,牧产品
목살,穆萨
목살유,穆萨维
목상,木箱
목상상,穆爽爽
목서,木薯
목서원,木樨园
목석,木石
목석심장,木石心肠
목선,木船
목선생,穆先生
목설,木屑
목성,木星
목성판,木星版
목소,木素; 木梳
목송,目送
목수,木手; 穆帅
목수진,穆秀珍
목숙,苜蓿
목시,目视; 木柴
목심,木心
목야,牧野
목양,牧羊
목양인,牧羊人
목양장,牧养场
목어,木鱼
목업,牧业
목연,木然
목옥,木屋
목요,木曜
목요일,木曜日
목욕,沐浴
목욕료,沐浴料
목욕장,沐浴场
목욕재계,沐浴斋戒
목욕탕,沐浴汤
목우,木偶
목우인의,木偶人衣
목우즐풍,沐雨栉风
목우희,木偶戏
목이,木耳; 穆尔
목이성주,木已成舟
목인,木人; 牧人
목장,牧场; 木匠; 木桩; 木浆
목재,木材
목재품,木材品
목적,目的; 穆迪
목적론,目的论
목적론적,目的论的
목적법화,目的法化
목적성,目的性
목적어,目的语
목적의식,目的意识
목적의식적,目的意识的
목적지,目的地
목적항,目的港
목전,目前
목전지계,目前之计
목제,木制
목제품,木制品
목조,木造; 木雕; 木条
목조부,木造部
목족,穆族
목중무인,目中无人
목지,牧地
목질,木质
목질부,木质部
목질소,木质素
목징구매,目瞪口呆
목차,目次
목창,木厂
목책,木栅
목청,穆青
목초,牧草
목초지,牧草地
목촌척재,木村拓哉
목축,牧畜
목축업,牧畜业
목취당,木聚糖
목측,目测
목침,木枕
목쾌,木筷
목탁,木铎
목탁모박,穆托姆博
목탄,木炭
목탑,木塔
목탑기,穆塔基
목통,木桶; 木通
목특,穆特
목파랍극,穆巴拉克
목판,木板; 木版
목판화,木版画
목패,木牌
목편,木片
목표,目标
목표구,目标区
목표량,目标量
목표선,目标线
목표액,目标额
목표점,目标点
목표치,目标值
목하,目下
목하십행,目下十行
목한묵덕,穆罕默德
목합,木盒
목합길이,穆哈吉尔
목향,木香
목현,目眩
목현신미,目眩神迷
목호접,木蝴蝶
목화,木花
목회,牧会
목회자,牧会者
목회학,牧会学
몰,没; 殁; 沒
몰개성화,没个性化
몰검,没脸
몰검견인,没脸见人
몰경,没劲
몰공,没空
몰관계,没关系
몰구,没救
몰규구,没规矩
몰내하,没奈何
몰대몰소,没大没小
몰도덕성,没道德性
몰두,没头
몰두뇌,没头脑
몰두몰뇌,没头没脑
몰두몰미,没头没尾
몰득,没得
몰락,没落
몰락기,没落期
몰래유,没来由
몰량심,没良心
몰명,没命
몰미,没味
몰법,没法
몰법아,没法儿
몰법자,没法子
몰변,没边
몰병몰재,没病没灾
몰본사,没本事
몰사,没事
몰사아,没事儿
몰사인,没事人
몰살,没杀
몰상,没想
몰상도,没想到
몰상량,没商量
몰상식,没常识
몰설적,没说的
몰소계,没关系
몰수,没收
몰심몰폐,没心没肺
몰십마,没什么
몰약,没药
몰역사적,没历史的
몰연,没缘
몰염치,没廉耻; 没廉耻
몰영,没影
몰완,没完
몰완몰료,没完没了
몰용,没用
몰유,没有
몰유과,没有过
몰유부투풍적장,没有不透风的墙
몰유설적,没有说的
몰유용,没有用
몰의사,没意思
몰이해,没理解; 没理解
몰인,没人
몰일몰야,没日没夜
몰입,没入
몰정타채,没精打采
몰준아,没准儿
몰지각,没知觉
몰착아,没错儿
몰철,没辙
몰출식,没出息
몰취,没趣
몰포,没跑
몰풍,没风
몰호기,没好气
몰희,没戏
몸,鯍
몸조심,­操心
몽,梦; 蒙; 朦; 懵; 檬; 蠓; 艨; 瞢; 礞; 矒; 夢; 濛; 矇
몽가,蒙哥
몽가마리,蒙哥马利
몽가혜,蒙嘉慧
몽격마리,蒙格玛利
몽견,梦见
몽경,梦境
몽고,蒙古
몽고인민혁명당,蒙古人民革命党
몽고족,蒙古族
몽고포,蒙古包
몽군,蒙军
몽나려사,蒙娜丽莎
몽난,蒙难
몽념,蒙恬
몽대이,蒙代尔
몽동,懵懂
몽두대수,蒙头大睡
몽득유적아,蒙得维的亚
몽라유아,蒙罗维亚
몽롱,朦胧
몽롱시,朦胧诗
몽매,梦寐; 蒙昧
몽매이구,梦寐以求
몽매주의,蒙昧主义
몽면,蒙面
몽면인,蒙面人
몽몽,蒙蒙
몽몽동동,懵懵懂懂
몽몽량,蒙蒙亮
몽몽롱롱,朦朦胧胧
몽몽세우,蒙蒙细雨
몽박탁,蒙博托
몽산,蒙山
몽상,梦想
몽상가,梦想家
몽상성진,梦想成真
몽상일층,蒙上一层
몽상적,梦想的
몽성,蒙城
몽성현,蒙城县
몽손,蒙逊
몽수,蒙受
몽씨,蒙氏
몽약,蒙药
몽어,蒙语
몽염,梦魇
몽예,梦呓
몽원,蒙冤
몽유,梦游; 梦遗
몽유병,梦游病
몽유증,梦游症
몽음,蒙阴
몽의,蒙毅
몽자,蒙自
몽재고리,蒙在鼓里
몽적구,蒙迪欧
몽정,梦精
몽족,蒙族
몽주,蒙住
몽중점몽,梦中占梦
몽진,蒙尘
몽착,蒙着
몽찰,蒙扎
몽찰새도,蒙扎赛道
몽체,蒙蒂
몽탁아,蒙托亚
몽탈석,蒙脱石
몽태기,蒙太奇
몽태라,蒙泰罗
몽특,蒙特
몽특랍,蒙特拉
몽특리이,蒙特利尔
몽특잡라,蒙特卡罗
몽특잡락,蒙特卡洛
몽파돈,蒙巴顿
몽편,蒙骗
몽폐,蒙蔽
몽한약,蒙汗药
몽향,梦乡
몽호,蒙虎
몽혼,蒙混; 梦魂
몽혼과소,蒙混过关
몽화,梦话
몽환,梦幻
몽환성,梦幻性
몽환포영,梦幻泡影
묘,描; 妙; 猫; 墓; 庙; 苗; 秒; 亩; 瞄; 渺; 锚; 藐; 卯; 杳; 缈; 喵; 淼; 峁; 昴; 眇; 鹋; 茆; 泖; 覅; 冇; 貓; 廟
묘가,苗家
묘강,苗疆
묘계,妙计
묘고,锚固
묘금,描金
묘기,妙技; 苗期; 妙棋
묘기성,妙技性
묘니,猫腻
묘당,庙堂
묘도,墓道
묘두,苗头
묘두성,苗头性
묘두응,猫头鹰
묘두현령,猫头县铃
묘련,锚链
묘령,妙龄; 苗岭
묘령녀자,妙龄女子
묘료일안,瞄了一眼
묘률,苗栗
묘립걸,苗立杰
묘망,渺茫
묘망하,묘@茫
묘모,描摹
묘목,苗木
묘묘,苗苗; 渺渺
묘무음신,杳无音信; 杳无音讯
묘문,墓门
묘미,妙味
묘박,锚泊
묘방,妙方
묘법,描法; 妙法
묘봉산,妙峰山
묘부가언,妙不可言
묘비,墓碑; 苗菲
묘비명,墓碑铭
묘사,描写
묘상,苗床; 瞄上
묘소,墓所; 渺小
묘수,妙手
묘수회춘,妙手回春
묘술,描述
묘술성,描述性
묘시,藐视
묘실,墓室
묘아산,猫儿山
묘안,妙案; 猫眼
묘약,妙药
묘어,妙语
묘어련주,妙语连珠
묘역,墓域
묘연,杳然
묘용,妙用
묘우,庙宇
묘원,墓园
묘위국,苗卫国
묘유,妙有
묘육,猫肉
묘인,苗人
묘자,苗子
묘장,墓葬
묘전,妙传
묘절,妙绝
묘정,苗情
묘제,墓祭
묘조,苗条
묘족,苗族
묘주,墓主
묘준,瞄准
묘지,墓地; 锚地; 墓志
묘지명,墓志铭
묘채,苗寨
묘책,妙策
묘처,妙处
묘춘정,苗春亭
묘출,描出
묘취횡생,妙趣横生
묘파,描破
묘포,苗圃
묘필생화,妙笔生花
묘합,妙合
묘향,瞄向
묘혈,墓穴
묘호,庙号
묘화,描画
묘회,描绘; 庙会
묠,乮
무,无; 务; 武; 贸; 舞; 雾; 抚; 巫; 茂; 亩; 毋; 拇; 诬; 芜; 缪; 鹉; 戊; 妩; 袤; 懋; 庑; 骛; 鍪; 婺; 呒; 仫; 怃; 瞀; 鹀; 霚; 髳; 膴; 鄮; 碔; 莁; 鞪; 無; 務; 霧; 撫; 貿
무가,无可; 无暇; 武家
무가가귀,无家可归
무가가귀자,无家可归者
무가구약,无可救药
무가내하,无可奈何
무가내하화락거,无可奈何花落去
무가도척,无可挑剔
무가만회,无可挽回
무가봉고,无可奉告
무가부인,无可否认
무가비의,无可比拟; 无可非议
무가쟁변,无可争辩
무가쟁의,无可争议
무가지보,无价之宝
무가치,无价值; 无价値
무가치의,无可置疑
무가후비,无可厚非
무간,无间; 无干
무감각,无感觉
무강,武钢; 无疆; 武强; 武冈
무강집단,武钢集团
무개,武凯
무개성,无个性
무개성적,无个性的
무개차,无盖车
무거,武举
무걸,缪杰
무검,舞剑
무견무괘,无牵无挂
무견부최,无坚不摧
무결,无缺
무경,武警
무계,巫溪; 无稽
무계가시,无计可施
무계지담,无稽之谈
무계현,巫启贤
무계획,无计划
무계획성,无计划性
무고,无故; 无辜; 诬告; 武库
무고자,无辜者
무고지민,无告之民
무고한,武高汉
무곡,舞曲
무골호인,无骨好人
무공,武功; 务工; 无功
무공고,武功高
무공농,贸工农
무공대,武工队
무공부입,无孔不入
무공자,务工者
무공지,武功之
무공해,无公害
무관,无关; 武官
무관계,无关系
무관심,无关心
무괴,无愧; 无怪
무괴호,无怪乎
무교부성서,无巧不成书
무구,巫具; 无垢; 务求
무구무속,无拘无束
무국적,无国籍
무군,抚军
무궁,无穷
무궁대,无穷大
무궁무궁,无穷无穷
무궁무진,无穷无尽
무궁화,无穷花
무권,无权
무권리,无权利
무궤전차,无轨电车
무규정적,无规定的
무극,无极; 舞剧
무근이고,无根而固
무금,抚琴
무금추석,抚今追昔
무급,无给; 无及
무기,无期; 武器; 雾气; 无机; 无几; 舞技
무기가승,无机可乘
무기고,武器库
무기급,武器级
무기도형,无期徒刑
무기력,无气力
무기력증,无气力症
무기력화,无气力化
무기린,无机磷
무기명,无记名
무기명투표,无记名投票
무기물,无机物
무기부유,无奇不有
무기상,武器商
무기염,无机盐
무기정학,无期停学
무기질,无机质
무기한,无期限
무기형,武器型
무기화,武器化
무기화학,无机化学
무난,无难
무남독녀,无男独女
무내,无奈
무녀,舞女
무념,无念
무념무상,无念无想
무녕,武宁; 毋宁
무녕로,武宁路
무녕현,武宁县
무노동,无劳动
무농,务农
무농약,无农药
무뇌아,无脑儿
무능,无能
무능력,无能力
무능력자,无能力者
무능위력,无能为力
무능인,无能人
무단,无断; 无端; 武断
무단가출,无断家出
무단결근,无断缺勤
무당,武当
무당산,武当山
무당파,无党派; 武当派
무대,舞台; 武大; 无对
무대극,舞台剧
무대랑,武大郎
무대예술,舞台艺术
무대화,舞台化
무덕,武德
무도,无道; 舞蹈; 无度; 武都; 武道
무도가,舞蹈家
무도단,舞蹈团
무도지인,无道之人
무도회,舞蹈会
무도회장,舞蹈会场
무독,无毒
무독유우,无独有偶
무동,舞动
무동력,无动力
무동우충,无动于衷
무동작,无动作
무동춘,武同春
무두,无头
무두창승,无头苍蝇
무득무실,无得无失
무락로,武珞路
무량,无量
무량무변,无量无边
무려,无虑
무력,无力; 武力
무력감,无力感
무력부,武力部
무력상환,无力偿还
무력시위,武力示威
무력해결,武力解决
무력행사,武力行使
무력화,无力化
무례,无礼
무론,无论
무론여하,无论如何
무론하시,无论何时
무롱,抚弄
무뢰,无赖; 诬赖
무료,无料; 无聊
무료사,无聊事
무료입장,无料入场
무료투정,无聊透顶
무룡,舞龙; 武龙
무륭,武隆
무륭현,武隆县
무릉,武陵
무릉도원,武陵桃源
무릉산,武陵山
무리,无理
무리간화,雾里看花
무리수,无理手
무리취뇨,无理取闹
무림,武林; 茂林
무림광장,武林广场
무림로,武林路
무림문,武林门
무립족지지,无立足之地
무마,抚摩
무망,无望
무망망,雾茫茫
무망지복,无望之福
무망지재,无妄之灾
무망지화,无望之祸
무매독자,无妹独子
무면도강,无面渡江
무면허,无免许
무멸,诬蔑
무명,无名; 无明; 茂名; 武鸣
무명소졸,无名小卒
무명시,茂名市
무명씨,无名氏
무명영웅,无名英雄
무명지,无名指
무명화,无名火
무모,无谋; 抚摸; 武某
무목적,无目的
무문롱묵,舞文弄墨
무문화촌,无文化村
무물,无物; 茂物
무미,无味; 妩媚; 舞美; 武媚
무미건조,无味干燥
무미부지,无微不至
무미지취,无米之炊
무밀,茂密
무반,舞伴
무반동총,无反动铳
무발국,贸发局
무발회의,贸发会议
무방,无妨; 无方
무방비,无防备
무방포,无纺布
무방향,无方向
무배란성,无排卵性
무법,无法
무법가의,无法可依
무법무천,无法无天
무법자,无法者
무법천지,无法天地
무변,无边; 武弁
무변무제,无边无际
무병,巫病; 无病
무병신음,无病呻吟
무병자구,无病自灸
무보,舞谱; 舞步; 无补
무보안,武保安
무복소수,无福消受
무본,务本
무본지목,无本之木
무봉강관,无缝钢管
무부,无不; 武夫
무분별,无分别
무불,无氟
무불간섭,无不干涉; 无不干涉
무불통지,无不通知; 无不通知
무비,无比; 无非; 武备
무비판적,无批判的
무빈,武斌
무사,无事; 无私; 无邪; 武士; 巫师; 舞狮; 武师; 缪斯; 务使
무사도,武士道; 武士刀
무사돈,武士敦
무사문,武士们
무사생비,无事生非
무사자통,无师自通
무사통과,无事通过
무사풍,武士风
무산,无产; 雾散; 亩产; 巫山; 武山
무산계급,无产阶级
무산자,无产者
무산지몽,巫山之梦
무산현,巫山县
무삼사,武三思
무상,无上; 无偿; 无常; 雾箱; 务商
무상기,无霜期
무상대아,无伤大雅
무상헌혈자,无偿献血者
무색,无色
무색무취,无色无臭
무생,武生
무생물,无生物
무서,无序
무서련,武书连
무석,无锡
무석시,无锡市
무선,无线
무선국,无线局
무선생,武先生
무선전,无线电
무선전대,无线电台
무선전시,无线电视
무선전파,无线电波
무선전화,无线电话
무선호,抚仙湖
무성,无声; 茂盛; 无性; 无成; 武城
무성격적,无性格的
무성무식,无声无息
무성의,无诚意
무소,无关; 武关
무소고기,无所顾忌
무소긴요,无关紧要
무소대국,无关大局
무소득,无所得
무소루,武小楼
무소부능,无所不能
무소부용기극,无所不用其极
무소부위,无所不为
무소부유,无所不有
무소부재,无所不在
무소부지,无所不知
무소부포,无所不包
무소불능,无所不能; 无所不能
무소불위,无所不为; 无所不为
무소사사,无所事事
무소속,无所属
무소식,无消息
무소신,无所信
무소예,武小艺
무소외구,无所畏惧
무소용,无所用
무소위,无所谓
무소유,无所有
무소작위,无所作为
무소적종,无所适从
무소통양,无关痛痒
무속,巫俗
무속적,巫俗的
무손,无损
무손검측,无损检测
무송,武松; 雾凇
무수,无数; 无需; 无须; 毋须; 务须; 无殊
무순,抚顺
무순시,抚顺市
무술,武术; 巫术; 戊戌
무술계,武术界
무술변법,戊戌变法
무술인,武术人
무승,武胜
무승부,无胜负
무승사,武承嗣
무승현,武胜县
무시,无时; 无视
무시간,无时间
무시당,无视当
무시무각,无时无刻
무시험,无试验
무식,无识; 无息
무식대관,无息贷款
무식자,无识者
무신,武臣; 戊申; 巫神
무신경,无神经
무신론,无神论
무신론자,无神论者
무실,务实
무실역행,务实力行; 务实力行
무실점,无失点
무심,无心
무심련전,无心恋战
무심지도극,无心之道剧
무쌍,无双
무씨,武氏
무아,无我; 无牙
무아경,无我境
무아성,无我性
무아지경,无我之境
무악도,舞乐图
무악부작,无恶不作
무안,无颜; 武安
무안당,无颜当
무안복,武安福
무애,无碍; 无涯; 雾霭; 抚爱
무양,抚养; 无恙; 舞阳
무양비,抚养费
무양식,无良识
무언,无言
무언극,无言剧
무언이대,无言以对
무언중,无言中
무엄,无严
무업,无业
무업유민,无业游民
무여,无余; 无如
무여륜비,无与伦比
무역,贸易
무역공사,贸易公司
무역구,贸易区
무역국,贸易国
무역량,贸易量
무역로,贸易路
무역상,贸易商
무역선,贸易船
무역액,贸易额
무역업,贸易业
무역업자,贸易业者
무역역차,贸易逆差
무역품,贸易品
무역학과,贸易学科
무역항,贸易港
무연,怃然; 无缘; 贸然
무연기유,无铅汽油
무연매,无烟煤
무연무고,无缘无故
무연탄,无烟炭
무염치,无廉耻; 无廉耻
무영륜,无影轮; 无影輪
무영무종,无影无踪
무예,武艺; 舞艺
무예인,武艺人
무오,无误; 戊午
무오염,无汚染
무옥걸,武玉杰
무왕,武王
무왕부리,无往不利
무왕부승,无往不胜
무왕이부승,无往而不胜
무외,无畏
무요,务要
무욕,无欲
무욕망,无欲望
무욕무구,无欲无求
무용,无用; 舞踊; 毋庸; 武勇; 无庸
무용가,舞踊家
무용계,舞踊界
무용공,无用功
무용과,舞踊科
무용극,舞踊剧
무용극적,舞踊剧的
무용단,舞踊团
무용담,武勇谈
무용도,舞踊图
무용론,无用论
무용무지지,无用武之地
무용복,舞踊服
무용성,无用性
무용수,舞踊手
무용인,舞踊人
무용제,舞踊祭
무용지물,无用之物
무용지용,无用之用
무용치의,毋庸置疑; 无庸置疑
무용학,舞踊学
무용학과,舞踊学科
무용휘언,毋庸讳言; 无庸讳言
무우,无忧
무우무필,无忧无虑
무원,婺源; 抚远
무원갑,武元甲
무원지수,无源之水
무원칙,无原则
무원현,婺源县
무원형,武元衡
무위,无为; 无谓; 抚慰; 武威; 武卫
무위도식,无为徒食
무위시,武威市
무위이치,无为而治
무위이화,无为而化
무위자연,无为自然
무위지치,无为之治
무위현,无为县
무유,无遗; 无由
무육,抚育
무육비,抚育费
무은,无垠
무응답,无应答
무의,无疑; 无意; 武义; 巫医
무의간,无意间
무의무고,无依无靠
무의무탁,无依无托
무의미,无意味
무의미성,无意味性
무의미화,无意味化
무의식,无意识
무의식적,无意识的
무의식중,无意识中
무의신,无意识
무의중,无意中
무의지성,无意志性
무의촌,无医村
무의탁,无依托
무의현,武义县
무이,无异; 武夷
무이론적,无理论的; 无理论的
무이복가,无以复加
무이산,武夷山
무이산시,武夷山市
무이위계,无以为继
무이의,无异议
무이자,无利子
무익,无益
무인,无人; 武人; 戊寅
무인과문,无人过问
무인구,无人区
무인도,无人岛
무인문진,无人问津
무인점포,无人店铺
무인지경,无人之境
무인화,无人化
무일,无一; 无日
무임,无赁
무임금,无赁金; 无赁金
무임소,无任所
무임승차,无赁乘车
무자,舞姿; 武者; 戊子
무자격,无资格
무자료,无资料
무자비,无慈悲
무작위,无作为
무작위적,无作为的
무작정,无酌定
무잡,芜杂
무장,武将; 武装; 舞场; 武场; 抚掌; 武藏
무장공자,无肠公子
무장력,武装力
무장력량,武装力量
무장무애,无障无碍
무장봉기,武装蜂起
무장부,武装部
무장부대,武装部队
무장침략,武装侵略
무장풍,缪长风
무장화,武装化
무재양,武才扬
무저동,无底洞
무저항,无抵抗
무적,无敌; 无籍; 雾滴
무적가심,无迹可寻
무적문,巫迪文
무적방시,无的放矢
무전,无电; 无钱; 武田; 无前
무전기,无电机
무절제,无节制
무접촉,无接触
무정,无情; 武定; 缪静
무정무의,无情无义
무정부,无政府
무정부상태,无政府状态
무정부주의,无政府主义
무정자,无精子
무정타채,无精打采
무정하,无定河
무정형,无定形
무정형성,无定型性
무제,无际; 无题
무제우사,无济于事
무제한,无制限
무제한급,无制限级
무제한적,无制限的
무조,无助; 无阻; 无措
무조건,无条件
무조건적,无条件的
무조건투강,无条件投降
무조우,无助于
무족경중,无足轻重
무종,无从; 武宗; 无终
무종설기,无从说起
무종하수,无从下手
무죄,无罪
무죄추정,无罪推定
무주,抚州
무주견,无主见
무주공산,无主空山
무주시,抚州市
무주지구,抚州地区
무주택,无住宅; 无住宅
무주택자,无住宅者; 无住宅者
무중력,无重力
무중생유,无中生有
무지,无地; 无智; 无知; 拇指; 舞池
무지경,无止境
무지막지,无知莫知
무지몽매,无知蒙昧
무지무지,无知无知
무지외반증,拇趾外反症
무지자,无知者
무지자용,无地自容
무직,无职
무직자,无职者
무진,无尽; 武进; 戊辰
무진구,武进区
무진장,无尽藏
무질서,无秩序
무질이종,无疾而终
무차별,无差别
무차별적,无差别的
무차착,无差错
무착,无着
무참,无惨
무창,武昌
무창구,武昌区
무창기의,武昌起义
무창화차참,武昌火车站
무책,无策
무책임,无责任
무처가고,无处可考
무척추동물,无脊椎动物
무천,舞天; 务川; 武川
무천홍,武天洪
무청,舞厅; 武清
무청구,武清区
무촉회,贸促会
무출기우,无出其右
무취,无臭; 无趣
무치,无耻
무칙천,武则天
무친무고,无亲无故
무타,无舵; 武打
무타편,武打片
무토재배,无土栽培
무통,无痛
무투,武斗
무투표,无投票
무파,巫婆
무패,无败
무평,武平
무평현,武平县
무폐,舞弊
무폐안,舞弊案
무표정,无表情
무풍,无风
무풍기란,无风起澜
무풍부기랑,无风不起浪
무풍지대,无风地带
무필,务必; 无虑
무하,无瑕; 无何
무학,武学
무한,无限; 武汉
무한과기대학,武汉科技大学
무한광장,武汉广场
무한구락부,武汉俱乐部
무한궤도적,无限轨道的
무한기,无限期
무한대,无限大; 武汉队
무한대학,武汉大学
무한량,无限量
무한리공대학,武汉理工大学
무한만보,武汉晚报
무한분육중심,武汉体育中心
무한새구,武汉赛区
무한성,无限性
무한시,武汉市
무한시공안국,武汉市公安局
무한시중급인민법원,武汉市中级人民法院
무한신보,武汉晨报
무한정,无限定
무한제,无限制
무한중심,武汉中心
무한지구,武汉地区
무한참,武汉站
무한철로국,武汉铁路局
무한풍광,无限风光
무함,诬陷
무항상무항심,无恒产无恒心
무해,无害; 雾海
무해가격,无懈可击
무해화,无害化
무핵,无核
무핵국가,无核国家
무핵화,无核化
무행,无行
무향,武乡
무허,务虚
무허가,无许可
무현,茂县
무현상,武玄霜
무혈,无血; 武穴
무혈시,武穴市
무혐의,无嫌疑
무협,武侠; 巫峡
무협극,武侠剧
무협소설,武侠小说
무협지,武侠志
무협편,武侠片
무형,无形
무형중,无形中
무형지중,无形之中
무혜,舞鞋
무호,芜湖
무호시,芜湖市
무호흡,无呼吸
무호흡증,无呼吸症
무화,无化; 雾化; 无花; 无华
무화가설,无话可说
무화과,无花果
무화부담,无话不谈
무화평,武和平
무활,无敌
무활우천하,无敌于天下
무황제,武皇帝
무회,舞会
무효,无效
무효론,无效论
무효자,无效者
무효화,无效化
무후,武侯; 无后; 武后
무후사,武侯祠
무훈전,武训传
무휴,无休
무휴지,无休止
무휼,抚恤
무휼금,抚恤金
무희,舞姬; 武戏
묵,默; 墨; 嘿
묵가,墨家
묵경,墨镜
묵계,默契
묵과,默过
묵극,默克
묵극공사,默克公司
묵극이,默克尔
묵기,默记
묵념,默念
묵다극,默多克
묵독,默读
묵랍피화산,默拉皮火山
묵록,墨绿
묵묵,默默; 嘿嘿
묵묵무문,默默无闻
묵묵무언,默默无言
묵묵부답,默默不答
묵묵부어,默默不语
묵보,墨宝
묵부작성,默不作声
묵분,墨粉
묵비,默秘; 墨菲; 墨斐
묵비권,默秘权
묵사,默写
묵살,默杀
묵살당,默杀当
묵상,默想
묵색리니,墨索里尼
묵서가,墨西哥
묵서가대,墨西哥队
묵서가만,墨西哥湾
묵서가만지구,墨西哥湾地区
묵서가성,墨西哥城
묵서가집단,墨西哥集团
묵수,墨水; 墨守
묵수성규,墨守成规
묵시론적,默示论的
묵시적,默示的
묵애,默哀
묵어,墨鱼
묵언,默言
묵연,默然
묵옥,墨玉
묵이본,墨尔本
묵이본공원,墨尔本公园
묵이본아이백특공원,墨尔本阿尔伯特公园
묵인,默认
묵자,墨子
묵자비염,墨子悲染
묵적,默贼; 墨迹
묵적미간,墨迹未干
묵적지수,墨翟之守
묵주,默珠
묵죽,墨竹
묵중,默重
묵즙,墨汁
묵청색,墨青色; 墨靑色
묵탈,墨脱
묵투어,墨斗鱼
묵편,默片
묵합,墨盒
묵향,墨香
묵허,默许
묵화,墨画
묵흑,墨黑
문,们; 问; 文; 门; 闻; 纹; 吻; 蚊; 雯; 紊; 汶; 扪; 懑; 刎; 阌; 钔; 璺; 闅; 閺; 鼤; 脗; 虋; 螡; 魰; 們; 問; 門; 聞; 紋; 炆
문가,文家
문가라작,门可罗雀
문간,门间
문간방,门间房
문감,门坎
문갑,文匣
문강,文强; 门岗
문개,文凯
문객,门客
문건,文件
문건강,文建刚
문건류형,文件类型
문건명,文件名
문건무,文建茂
문건복무기,文件服务器
문건협,文件夹
문걸,文杰
문검,门脸
문견,闻见
문경,文经; 门径
문경지교,刎颈之交
문계기무,闻鸡起舞
문고,文库; 文稿; 文告
문고본,文库本
문고판,文库判
문곡성,文曲星
문공단,文工团
문과,文科
문과류,文科类
문과생,文科生
문과식비,文过饰非
문관,文官
문광,门框; 文广
문광원,门光远
문광집단,文广集团
문교,文教
문구,文具; 文句; 门口; 门球
문구점,文具店
문군,文君
문권,文券; 问卷; 门券
문권조사,问卷调查
문금,门禁
문급,问及
문기,文气
문내,门内
문단,文坛; 文段; 纹缎; 文旦
문단속,门团束
문답,问答
문답식,问答式
문답제,问答题
문당,文档
문당호대,门当户对
문대회,文代会
문덕,文德
문덕사,门德斯
문도,闻到; 文涛; 门徒
문도어맹,问道于盲
문돈,门墩
문동,门洞; 文东
문동회,文东会
문두구,门头沟
문두구구,门头沟区
문등,文登
문등시,文登市
문란,紊乱
문랑,门廊
문래,文莱
문려,文丽
문련,文联; 门联
문렴,门帘
문령,门铃
문로,门路; 纹路
문로사,文老师
문루,门楼
문류,门类; 紊流
문리,文理; 纹理; 门里
문리과,文理科
문리대,文理大
문맥,文脉; 门脉
문맹,文盲
문맹률,文盲率; 文盲率
문면,门面
문명,文名; 文明; 闻名
문명강,文明岗
문명고국,文明古国
문명국가,文明国家
문명권,文明圈
문명로,文明路
문명론적,文明论的
문명사,文明史
문명사회,文明社会
문명성,文明城
문명소구,文明小区
문명우세,闻名于世
문명인,文明人
문명적,文明的
문명중외,闻名中外
문명지사,文明之师
문명천하,闻名天下
문명촌,文明村
문명하이,闻名遐迩
문명화,文明化
문모,文某
문묘,文庙
문무,文武
문무대,文武队
문무백관,文武百官
문무쌍전,文武双全
문무전재,文武全才
문묵,文墨
문문,问问; 门门; 文文
문문봉,门文峰
문물,文物
문미,门楣
문민,文民
문민정부,文民政府
문민정치,文民政治
문민화,文民化
문박,文博
문박회,文博会
문방,门房; 文房
문방구,文房具
문방구점,文房具店
문방사보,文房四宝
문방사우,文房四友
문벌,门阀
문법,文法
문법서,文法书
문법성,文法性
문법적,文法的
문변,门边
문병,问病
문본,文本
문본광,文本框
문본문건,文本文件
문봉,门缝
문부,文部
문부대제,文不对题
문부성,文部省
문분,文体
문불가점,文不加点; 文不加点
문불야관,门不夜关; 门不夜关
문비,文秘; 门扉
문빈,文斌
문빙,文凭
문사,文史; 文士; 文思; 文辞; 文词; 文斯
문사류,文史类
문사부동,纹丝不动
문사철,文史哲
문산,文山; 门闩
문산주,文山州
문산회해,文山会海
문삼,文森
문삼특,文森特
문상,问丧; 门上; 文祥; 文翔
문상객,问丧客
문상분,纹状体
문생,门生
문서,文书
문서강,文瑞强
문서함,文书函
문서화,文书化
문석,文石
문선,文选; 文宣
문선생,文先生
문설주,门-柱
문성,闻声; 文成
문성공주,文成公主
문성현,文成县
문세,问世
문소미문,闻所未闻
문손,文逊
문쇄,门锁
문수,文秀; 门首; 文水
문순,问询
문시,门市
문시랑,门侍郎
문시부,门市部
문식,纹饰; 文饰
문신,文臣; 文身; 闻讯; 门神; 问讯
문심무괴,问心无愧
문심자문,扪心自问
문심조룡,文心雕龙
문씨,文氏
문아,文雅; 门儿; 门牙; 闻亚
문아려,文雅丽
문안,文案; 问安; 文安
문안가,文案家
문약,文弱
문양,文样; 纹样
문어,文鱼
문어발식,文鱼-式
문언,文言; 闻言
문언문,文言文
문언박,文彦博
문연각,文渊阁
문예,文艺
문예계,文艺界
문예란,文艺栏
문예물,文艺物
문예복흥,文艺复兴
문예비,文艺费
문예비평,文艺批评
문예절목,文艺节目
문예지,文艺志
문예학,文艺学
문예회연,文艺会演
문오,文娱
문옹,文翁
문외한,门外汉
문우,文友; 文宇
문웅,文雄
문원,文苑; 文员; 文远; 门源
문위,门卫; 文伟
문은,纹银
문의,问议; 文义
문이,文怡
문인,文人; 门人; 闻人; 文仁
문인묵객,文人墨客
문인문,文人们
문인상경,文人相轻
문인아사,文人雅士
문인준,闻人俊
문인화,文人画
문일,闻逸
문일문,问一问
문일지십,闻一知十
문자,文字; 蚊子; 门子; 文子
문자개혁,文字改革
문자법,文字法
문자옥,文字狱
문자적,文字的
문자처리,文字处理
문자판,文字板
문자학,文字学
문자화,文字化
문장,文章; 纹章; 门将; 蚊帐; 门墙
문장가,文章家
문장력,文章力
문장문단,问长问短
문재,文才
문적,文摘
문전,门前; 文隽; 文电
문전삼포,门前三包
문전성시,门前成市
문전옥답,门前沃畓
문전작라,门前雀罗
문정,问鼎; 文静; 门庭
문정경중,问鼎轻重
문정랭락,门庭冷落
문정맥,门静脉
문정약시,门庭若市
문제,问题; 门第
문제극,问题剧
문제성,问题性
문제소년,问题少年
문제시,问题视
문제아,问题儿
문제의식,问题意识
문제작,问题作
문제적,问题的
문제점,问题点
문제지,问题纸
문제집,问题集
문제화,问题化
문젯,问题
문종,文种; 文宗
문죄,问罪
문주,门柱; 问住
문죽,文竹
문준,文俊
문중,门中; 文中; 闻仲
문지,闻之
문지방,门地枋
문직,纹织; 文职
문직물,纹织物
문진,问诊; 门诊; 问津
문진부,门诊部
문질빈빈,文质彬彬
문집,文集
문창,门窗; 文昌
문창시,文昌市
문채,文彩; 文采
문책,问责
문책론,问责论
문책자부,文责自负
문천,汶川; 文茜
문천상,文天祥
문청,闻听; 门厅; 文清; 文青
문체,文体
문초,问招
문추추,文绉绉
문췌,文萃
문치,文治; 门齿
문치주의,文治主义
문토불이,文土不二; 文土不二
문통,文通
문파,门派; 文波
문판,门板
문패,门牌
문표,门票
문풍,文风; 闻风; 门风
문풍상담,闻风丧胆
문풍이도,闻风而逃
문풍이동,闻风而动
문필,文笔
문필가,文笔家
문하,门下
문하생,门下生
문하시중,门下侍中
문학,文学; 闻学
문학가,文学家
문학계,文学界
문학관,文学观
문학도,文学徒
문학론,文学论
문학론자,文学论者
문학류,文学类
문학사,文学史; 文学社
문학사가,文学史家
문학사적,文学史的
문학상,文学赏
문학서,文学书
문학성,文学性
문학소녀,文学少女
문학예술,文学艺术
문학원,文学院
문학인,文学人
문학자,文学者
문학장,文学奖
문학적,文学的
문학중,文学中
문학지,文学志
문학청년,文学青年; 文学靑年
문학파,文学派
문학혁명,文学革命
문한,门限
문한문난,问寒问暖
문함,门槛
문합,吻合; 门合; 文蛤
문항,问项
문향,蚊香
문헌,文献
문혁,文革
문현,文县
문호,门户; 问好; 问号; 文豪; 文虎
문호개방,门户开放
문호지견,门户之见
문화,文化; 文华; 问话; 文火
문화가,文化家; 文化街
문화계,文化界
문화관,文化观; 文化馆
문화교육,文化教育
문화구,文化区
문화국,文化国
문화궁,文化宫
문화권,文化圈
문화대,文化带
문화대혁명,文化大革命
문화론,文化论
문화론자,文化论者
문화론적,文化论的
문화류,文化类
문화면,文化面
문화명성,文化名城
문화부,文化部
문화부장,文化部长
문화사,文化史
문화사적,文化史的
문화생활,文化生活
문화생활비,文化生活费
문화성,文化性
문화수평,文化水平
문화어,文化语
문화원,文化院
문화원장,文化院长
문화유산,文化遗产
문화인,文化人
문화인촌,文化人村
문화인화,文化人化
문화재,文化财
문화재적,文化财的
문화적,文化的
문화절,文化节
문화제,文化祭
문화주의,文化主义
문화지,文花枝
문화참,文化站
문화참찬,文化参赞
문화청,文化厅
문화촌,文化村
문화층,文化层
문화하향,文化下乡
문화화,文化化
문환,门环
문후,问候
문후어,问候语
문훼,蚊虫
문휘,文晖
문휘보,文汇报
문흉,文胸
문흥,门兴
문희,文戏; 闻喜
물,物; 勿
물가,物价
물가고,物价高
물가국,物价局
물가지수,物价指数
물가파동,物价波动
물건,物件
물격화,物格化
물경,勿惊; 物镜
물경소사,勿轻小事
물경천택,物竞天择
물고,物故
물구,勿拘
물귀원주,物归原主
물극즉반,物极则反
물극필반,物极必反
물동량,物动量
물량,物量
물력,物力
물론,勿论
물료,物料
물류,物流
물류비,物流费; 物流费
물류비용,物流费用; 物流费用
물리,物理
물리계,物理系
물리량,物理量
물리력,物理力
물리성질,物理性质
물리소,物理所
물리적,物理的
물리층,物理层
물리학,物理学
물리학가,物理学家
물리학계,物理学界
물리학과,物理学科
물리학자,物理学者
물리학장,物理学奖
물리학적,物理学的
물리학회,物理学会
물리화학,物理化学
물망,物望
물모,物耗
물물,物物
물미가렴,物美价廉
물박정후,物薄情厚
물분,物体
물산,物产
물상,物像; 物象
물상객주,物商客主
물색,物色
물성,物性
물시우인,勿施于人
물시인비,物是人非
물신,物神
물신성,物神性
물신적,物神的
물신주의,物神主义
물신화,物神化
물실,勿失
물심양면,物心两面
물심여일,物心如一
물아일체,物我一体
물업,物业
물업공사,物业公司
물업관리,物业管理
물업관리비,物业管理费
물업비,物业费
물역,物役
물욕,物欲
물욕적,物欲的
물용치의,勿庸置疑
물의,物议
물이류취,物以类聚
물이선소이부위,勿以善小而不为
물이희위귀,物以稀为贵
물자,物资
물자체,物自体
물장즉노,物壮则老
물적,物的
물정,物情; 物证
물종,物种
물주,物主
물증,物证
물진기용,物尽其用
물질,物质
물질계,物质界
물질관,物质观
물질력량,物质力量
물질문명,物质文明
물질문화,物质文化
물질생활,物质生活
물질성,物质性
물질세계,物质世界
물질적,物质的
물질주의,物质主义
물질주의적,物质主义的
물질학,物质学
물질화,物质化
물체,物体
물탐,物探
물품,物品
물형,物形
물화,物化
물화적,物化的
물화천보,物华天宝
물후,物候
미,美; 未; 米; 微; 味; 迷; 尾; 眉; 弥; 媚; 霉; 谜; 眯; 靡; 薇; 咪; 湄; 糜; 嵋; 娓; 镁; 楣; 猕; 麋; 咩; 弭; 醚; 艉; 縻; 蘼; 镅; 敉; 芈; 鹛; 郿; 瞇; 脒; 穈; 苿; 醿; 眫; 蒾; 葞; 麊; 醾; 猸; 篃; 詸; 矀; 罙; 蘪; 祙; 彌; 謎
미가,美加; 未可; 米家
미가탁유기,米贾托维奇
미각,味觉
미간,眉间
미감,美感
미강,米糠
미개,未开
미개랑기라,米开朗基罗
미개발,未开发
미개봉,未开封
미개안소,眉开眼笑
미개인,未开人
미개지,未开地
미개척,未开拓
미건설,未建设
미격,米格
미결,未决
미결구,微结构
미경,未经; 美景; 未竟
미고,米高
미고매,米高梅
미고매공사,米高梅公司
미고매세계,米高梅世界
미고양,米高扬
미곡,米谷
미골,尾骨
미공,美工
미공개,未公开
미공하,湄公河
미관,美观; 微观; 微管; 尾管
미관말직,微官末职
미관세계,微观世界
미광,尾矿; 镁光
미광등,镁光灯
미교,微轿
미구,未久; 美欧
미국,美国
미국가륜비아광파공사,美国哥伦比亚广播公司
미국가륜비아대학,美国哥伦比亚大学
미국가주대학,美国加州大学
미국공사,美国公司
미국광파공사,美国广播公司
미국국가대,美国国家队
미국국제집단,美国国际集团
미국군사기지,美国军事基地
미국대,美国队
미국대사관,美国大使馆
미국대학,美国大学
미국련방조사국,美国联邦调查局
미국련방항공국,美国联邦航空局
미국련합항공공사,美国联合航空公司
미국령사관,美国领事馆
미국료,美国佬
미국마성리공학원,美国麻省理工学院
미국방지산시장,美国房地产市场
미국법원,美国法院
미국사관,美国使馆
미국사탄복대학,美国斯坦福大学
미국상회,美国商会
미국석유협회,美国石油协会
미국세계,美国世界
미국시,美国市
미국시장,美国市场
미국식,美国式
미국오위회,美国奥委会
미국은행,美国银行
미국인,美国人
미국재정부,美国财政部
미국전국광파공사,美国全国广播公司
미국전영협회,美国电影协会
미국전화전보공사,美国电话电报公司
미국정권교역위원회,美国证券交易委员会
미국지가가대학,美国芝加哥大学
미국지구,美国地区
미국지음,美国之音
미국참,美国站
미국총부,美国总部
미국통용기차공사,美国通用汽车公司
미국특종부대,美国特种部队
미국파음공사,美国波音公司
미국학교,美国学校
미국항공공사,美国航空公司
미국항공항천국,美国航空航天局
미국해소,美国海关
미국화,美国化
미국환보국,美国环保局
미궁,迷宫
미극,米克
미극이,米克尔
미극이삼,米克尔森
미금,美金
미급,未及
미기,微机; 尾气; 米奇; 美机; 未几; 尾鳍
미기명왈,美其名曰
미기입,未记入
미나,米娜
미나소와려,米娜苏瓦丽
미남,美男
미남자,美男子
미납금,未纳金; 未纳金
미납이적,米纳尔迪
미납이적차대,米纳尔迪车队
미녀,美女
미녀문,美女们
미농,美浓
미능,未能
미능체,美能达
미니,米尼
미니군,迷你裙
미다,米多
미단,谜团; 尾端
미달,未达
미담,美谈; 湄潭
미담현,湄潭县
미대,美大; 美台
미대부도,尾大不掉
미대자,米袋子
미덕,美德
미덕이돈,米德尔顿
미덕이사보,米德尔斯堡
미덕이사보대,米德尔斯堡队
미도,味道; 迷途
미도지반,迷途知反; 迷途知返
미동,微动
미동맥,微动脉
미동작랍,味同嚼蜡
미두,眉头
미두일추,眉头一皱
미등,尾灯
미등기,未登记
미등록,未登录
미라,米罗
미라낙부,米罗诺夫
미라서,米罗西
미락사유기,米洛舍维奇
미란,米兰; 糜烂; 美兰; 迷乱; 微澜
미란구락부,米兰俱乐部
미란기장,美兰机场
미란대,米兰队
미란덕비,米兰德比
미란성,米兰城
미란체,米兰达
미란호,美兰湖
미랍,米拉
미래,未来
미래불,未来佛
미래상,未来像
미래안거,眉来眼去
미래적,未来的
미래학,未来学
미래학자,未来学者
미래학적,未来学的
미래형,未来形
미량,微量
미량원소,微量元素
미려,美丽
미력,微力
미련,未练; 迷恋
미련사,美联社
미렬문,微裂纹
미로,迷路; 米卢
미로서,米老鼠
미로선쇠,未老先衰
미로체낙유기,米卢蒂诺维奇
미로형,迷路型
미록,麋鹿
미뢰,味蕾
미료,未了
미류,弥留
미류지제,弥留之际
미륜미환,美轮美奂
미륵,弥勒; 米勒
미륵당,弥勒堂
미륵불,弥勒佛
미릉,美菱
미리,迷离; 微利
미리견,美利坚
미리견합중국,美利坚合众国
미리탁,米利托
미립,米粒; 微粒
미립분,微粒体
미만,未满; 弥漫; 美满; 迷漫
미만성,弥漫性
미만형,弥漫型
미말,微末
미망,未忘; 迷妄; 迷茫; 迷惘
미망인,未亡人
미면,未免; 米面; 微面; 谜面
미명,未明; 美名; 微明
미명호,未名湖
미모,美貌; 眉毛; 米姆
미목,眉目
미목반혜,美目盼兮
미목전정,眉目传情
미몽,迷梦; 美梦; 迷蒙
미묘,微妙; 美妙
미무,迷雾
미문,美文
미물,微物
미미,微微; 美味; 美美; 美眉; 咪咪; 微米; 咩咩; 娓娓; 米米
미미도래,娓娓道来
미미동청,娓娓动听
미미지,微微地
미미지음,靡靡之音
미미징징,迷迷瞪瞪
미미호호,迷迷糊糊
미박,微薄
미박체인구락부,微博达人俱乐部
미반,米饭
미발,美发
미발청,美发厅
미백,美白
미법,美法
미보,弥补; 米堡
미복,微服; 未卜
미복사방,微服私访
미복선지,未卜先知
미복학,未复学
미봉,眯缝; 眉峰
미봉적,弥缝的
미봉책,弥缝策
미부,尾部; 美孚
미부승수,美不胜收
미부족도,微不足道
미분,微分; 美分; 米粉
미분기,微分器
미분방정,微分方程
미분양,未分让
미분화,未分化
미비,未备; 米芾; 眉批
미비색무,眉飞色舞
미비점,未备点
미사,微词; 美事; 微丝
미사금나,米斯金娜
미사여구,美辞丽句; 美辞麗句
미산,弥散; 眉山
미산성,弥散性
미산시,眉山市
미산호,微山湖
미살,弥撒
미상,未详; 未尝; 美商
미상부가,未尝不可
미상핵,尾状核
미색,米色; 美色; 米索
미색리,米索莉
미색부체미아,美索不达米亚
미생마,未生马
미생물,微生物
미생물학,微生物学
미생지신,尾生之信
미생태,微生态
미서,咪唑
미서명,未书名
미선,米线
미설,米雪
미성,美声; 尾声
미성년,未成年
미성년인,未成年人
미성년자,未成年者
미성숙,未成熟
미성숙론,未成熟论
미성숙성,未成熟性
미성일궤,未成一궤
미세,微细
미소,微小; 微笑; 美苏; 媚笑
미소녀,美少女
미속,媚俗
미수,未收; 未遂; 米寿; 尾随; 尾数; 尾水
미수금,未收金; 未收金
미숙,未熟
미숙성,未熟性
미숙성론,未熟成论
미숙아,未熟儿
미순환,微循环
미술,美术
미술가,美术家
미술가론,美术家论
미술계,美术界; 美术系
미술과,美术科
미술관,美术馆
미술류,美术类
미술반,美术班
미술사,美术史
미술사가,美术史家
미술사적,美术史的
미술사학,美术史学
미술사학과,美术史学科
미술상,美术商; 美术赏
미술실,美术室
미술인,美术人
미술적,美术的
미술지,美术志
미술품,美术品
미술학과,美术学科
미시,微视; 未时; 尾市; 米市; 未始
미시적,微视的
미식,美食
미식가,美食家; 美食街
미식광장,美食广场
미식성,美食城
미식축구,美式蹴球
미신,迷信
미신고,未申告
미신고자,未申告者
미신적,迷信的
미실,迷失
미심,未审
미씨,米氏
미아,迷儿; 味儿; 美俄
미아보호소,迷儿保护所
미안,未安; 媚眼; 眉眼
미안감,未安感
미안수,美颜水
미안전정,眉眼传情
미앙구,未央区
미앙궁,未央宫
미약,微弱
미어,谜语
미언,美言; 微言
미언대의,微言大义
미여작랍,味如嚼蜡
미연,微软; 未然
미열,微热
미염,美艳
미영,美英
미예,美誉
미오집단,美吴集团
미옥,美玉
미온적,微温的
미완,未完
미완성,未完成
미외,媚外
미용,美容
미용계,美容界
미용사,美容师
미용실,美容室
미용업,美容业
미용원,美容院
미용품,美容品
미우주무,未雨绸缪
미원,美元; 美院; 美援
미월,美越
미유,尾蚴
미육,美育
미융모,微绒毛
미음,米飮; 尾音
미의,美意
미의식,美意识
미이,美伊; 美以; 米尔
미이돈,米尔顿
미이사,米尔斯
미이잡,米尔卡
미이찰,米尔扎
미익,尾翼
미인,美人; 迷人
미인계,美人计
미인도,美人图
미인문,美人们
미인박명,美人薄命
미인상,美人相
미인어,美人鱼
미인지모,美人迟暮
미인형,美人型
미일,美日
미자자,美滋滋
미장원,美粧院
미저,谜底
미적,美的; 美籍
미적분,微积分
미적분학,微积分学
미전,美展
미전극,微电极
미전뇌,微电脑
미전자,微电子
미전자학,微电子学
미전향,未转向
미절이,米切尔
미정,未定; 味精; 微晶
미제,米帝; 美制
미제국주의,美帝国主义
미제국주의자,美帝国主义者
미조,微调; 美朝; 微雕
미조작,微操作
미조직,未组织
미족,弥足
미주,美洲; 美酒; 迷住; 米酒; 湄洲
미주가효,美酒佳肴
미주국가조직,美洲国家组织
미주도,湄洲岛
미주만,湄洲湾
미주신경,迷走神经
미주신계,米珠薪桂
미주은행,美洲银行
미주호,美洲虎
미중,美中
미중력,微重力
미중부족,美中不足
미증,未曾
미증유,未曾有
미지,未知; 米脂
미지수,未知数
미진,未尽; 迷津; 迷阵
미차,美差
미찬,美餐
미채,迷彩
미채복,迷彩服
미처리기,微处理器
미천,微贱; 弥天
미천대황,弥天大谎
미첩,眉睫
미청목수,眉清目秀
미초,米醋; 眉梢; 美钞
미추,美丑; 尾追
미축,微缩
미취,迷醉
미측심천,未测深浅
미칭,美称
미타,弥陀
미탑이,米塔尔
미탕,米汤
미태,媚态
미파,尾巴; 微波
미파로,微波炉
미편,未便
미표,咪表
미풍,微风; 美风
미풍양속,美风良俗
미필,未毕; 未必; 眉笔
미학,美学
미학가,美学家
미학과,美学科
미학사,美学史
미학적,美学的
미한,美韩
미합,弥合
미합금,镁合金
미합이락부,米哈伊洛夫
미합이이,米哈伊尔
미항,迷航
미해결,未解决
미핵,微核
미핵률,微核率
미행,尾行
미헐이,米歇尔
미현,眉县
미혈관,微血管
미혈전,微血栓
미협,美协
미형,微型
미형객차,微型客车
미형계산기,微型计算机
미형차,微型车
미형화,微型化
미호,美好; 迷糊
미호기미,微乎其微
미혹,迷惑
미혹부해,迷惑不解
미혹성,迷惑性
미혼,未婚
미혼모,未婚母
미혼부,未婚夫
미혼자,未婚者
미혼진,迷魂阵
미혼처,未婚妻
미화,美化; 美货
미화반,美化班
미화원,美化员
미확인,未确认
미확정,未确定
미환경,微环境
미환약,迷幻药
미황,米黄
미황색,米黄色
미효낭,微胶囊
미후,猕猴; 尾后
미후도,猕猴桃
미후왕,美猴王
미흡,未洽
민,民; 敏; 闷; 悯; 闽; 闵; 抿; 泯; 岷; 焖; 黾; 愍; 缗; 渑; 珉; 玟; 鳘; 苠; 鈱; 盿; 悶; 旻; 旼
민가,民家; 民歌
민간,民间; 民柬
민간고사,民间故事
민간단체,民间团体
민간문학,民间文学
민간성,民间性
민간약,民间药
민간예술,民间艺术
민간예술가,民间艺术家
민간요법,民间疗法
민간용,民间用
민간인,民间人
민간전승,民间传承
민감,敏感; 闽赣
민감기,敏感期
민감도,敏感度
민감률,敏感率
민감성,敏感性
민감형,敏感型
민강,闽江; 岷江
민거,民居
민건,民建
민경,民警
민경문,民警们
민곤,闷棍
민공,民工
민공문,民工们
민공조,民工潮
민관,民官
민교,民校
민국,民国
민권,民权
민극,闽剧
민근,民勤
민근현,民勤县
민기,闷气; 民气
민남,闽南
민남어,闽南语; 闵南语
민남지구,闽南地区
민남화,闽南话
민녀,民女
민단,民团
민담,民谭
민대,闽台
민동,闽东
민동남,闽东南
민두,闷头
민득황,闷得慌
민락,民乐
민란,民乱
민력,民力
민록뢰,闵鹿蕾
민뢰,闷雷
민맹,民盟
민멸,泯灭
민민,闷闷
민민부락,闷闷不乐
민박,民泊
민방,民放; 民房; 民防
민방론,民放论
민방업계,民放业界
민방위,民防卫
민방위과,民防卫课
민법,民法
민변,民变
민병,民兵
민병대,民兵队
민병문,民兵们
민복,民复
민본,民本
민본론,民本论
민본주의적,民本主义的
민부,民夫; 民富
민부국강,民富国强
민부료생,民不聊生
민북,闽北
민분,民愤
민사,民事
민사소송,民事诉讼
민사소송법,民事诉讼法
민산,岷山
민생,民生
민생공사,民生公司
민생은행,民生银行
민생주의,民生主义
민서,闽西
민선,民选; 民船
민성,闷声
민성부향,闷声不响
민속,民俗
민속극,民俗剧
민속복,民俗服
민속자료,民俗资料
민속제,民俗祭
민속촌,民俗村
민속품,民俗品
민속학,民俗学
민속학자,民俗学者
민속화,民俗画
민신,民信
민심,民心
민심처,民心处
민어,民鱼
민언,民谚
민열,闷热
민영,民营
민영기업가문,民营企业家们
민영화,民营化
민예,民艺; 敏锐
민예성,敏锐性
민완,敏腕
민요,民谣; 民窑
민요조,民谣调
민용,民用
민운,民运
민원,民愿; 民怨; 民院
민원비등,民怨沸腾
민원실,民愿室
민원인,民愿人
민월,闽粤
민월감,闽粤赣
민위,民委
민유,民有
민의,民意
민의대표,民意代表
민의원,民议院
민의조사,民意调查
민의측험,民意测验
민이식위천,民以食为天
민자,民资
민적,闽籍
민전,民田
민정,民政; 民情
민정국,民政局
민정부,民政部
민정청,民政厅
민족,民族
민족극,民族剧
민족당,民族党
민족복,民族服
민족사,民族史
민족사적,民族史的
민족성,民族性
민족영웅,民族英雄
민족운동,民族运动
민족의상,民族衣裳
민족의식,民族意识
민족자결,民族自决
민족자본,民族资本
민족적,民族的
민족정기,民族精气
민족정신,民族精神
민족주의,民族主义
민족주의자,民族主义者
민족주의적,民族主义的
민족중흥,民族中兴
민족지림,民族之林
민족진영,民族阵营
민족촌,民族村
민족학,民族学
민족학원,民族学院
민족향,民族乡
민족혼,民族魂
민족화,民族化
민주,民主; 闷酒
민주개혁,民主改革
민주건국회,民主建国会
민주국,民主国
민주당,民主党
민주당파,民主党派
민주동맹,民主同盟
민주성,民主性
민주작풍,民主作风
민주적,民主的
민주정분,民主政体
민주정치,民主政治
민주주의,民主主义
민주주의적,民主主义的
민주주의혁명,民主主义革命
민주집중제,民主集中制
민주촉진회,民主促进会
민주파,民主派
민주혁명,民主革命
민주화,民主化
민중,民众; 闽中
민중가요,民众歌谣
민중극적,民众剧的
민중어,民众语
민중적,民众的
민지,渑池
민지민고,民脂民膏
민진,民进
민착,闷着
민첩,敏捷
민첩성,敏捷性
민청,闽清
민청현,闽清县
민취소,抿嘴笑
민치,民治
민택,民宅
민통선,民统线
민판,民办
민판고중,民办高中
민판교사,民办教师
민판중소학,民办中小学
민폐,民弊
민품,民品
민풍,民风; 民丰
민풍순박,民风淳朴
민항,民航
민항국,民航局
민항기,民航机
민항업,民航业
민행,闵行
민행구,闵行区
민혁,民革
민현,岷县
민형사,民刑事
민호,民户
민호로,闷葫芦
민화,民画; 民话; 民和
민화적,民画的
민활,敏活
민후,闽侯
민후현,闽侯县
밀,密; 蜜; 谧; 宓; 嘧
밀감,蜜柑
밀고,密告
밀관,蜜罐
밀교,密教
밀귤,蜜橘
밀급,密级
밀담,密谈
밀당,蜜糖
밀도,密度; 蜜桃
밀랍,蜜蜡
밀령,密令
밀림,密林
밀마,密码
밀마자,密码子
밀매,密卖
밀모,密谋
밀문,密文
밀밀,密密
밀밀마마,密密麻麻
밀밀잡잡,密密匝匝
밀밀적,密密的
밀반입,密搬入
밀반출,密搬出
밀보,密报; 密保
밀봉,密封; 蜜蜂
밀봉건,密封件
밀봉성,密封性
밀봉조,密封条
밀부가분,密不可分
밀부투풍,密不透风
밀사,密使; 密斯
밀생,密生
밀서근대학,密西根大学
밀서서비,密西西比
밀서서비주,密西西比州
밀서서비하,密西西比河
밀소리,密苏里
밀소리주,密苏里州
밀수,密输
밀수업자,密输业者
밀식,密植
밀신,密信
밀실,密室; 密实
밀약,密约; 密钥
밀어,密鱼; 蜜语; 密语
밀영,密营
밀우,密友
밀운,密云
밀운현,密云县
밀원,蜜源
밀월,蜜月
밀월기,蜜月期
밀유,蜜柚
밀입북,密入北
밀전,蜜饯; 密电
밀절,密切
밀절상소,密切相关
밀절접촉자,密切接触者
밀접,密接
밀접성,密接性
밀정,嘧啶
밀조,蜜枣
밀종,密宗
밀지,密旨
밀집,密集
밀집성,密集性
밀집형,密集型
밀착,密着
밀착형,密着型
밀탐,密探
밀특랑,密特朗
밀폐,密闭
밀폐식,密闭式
밀포,密布
밀함,密函
밀항,密航
밀항자,密航者
밀헐근,密歇根
밀헐근대학,密歇根大学
밀헐근주,密歇根州
밀환,蜜丸
밀회,密会
바,吧
바라문,婆罗门
박,博; 迫; 拍; 薄; 扑; 剥; 驳; 泊; 朴; 舶; 搏; 膊; 缚; 啪; 珀; 噗; 璞; 雹; 箔; 粕; 铂; 礴; 钋; 亳; 趵; 髆; 駮; 飑; 镈; 礡; 镤; 窇; 艊; 鑮; 髉; 蒪; 犦; 撲; 樸; 剝
박각창,驳壳枪
박강,迫降
박객,博客
박격,搏击; 拍击; 博格; 扑击
박격감보,博格坎普
박격특,博格特
박격포,迫击砲; 迫击炮
박고,博古; 朴高
박공,扑空
박구,扑救
박극,扑克
박극패,扑克牌
박근,迫近
박납,博纳
박당,拍档
박대,薄待; 博大
박대정심,博大精深
박덕만,博德曼
박도,扑倒; 博导; 驳倒; 拍掉
박돌천,趵突泉
박동,搏动
박동성,搏动性
박득,博得
박등,扑腾
박라,博罗
박라현,博罗县
박락,剥落; 博乐; 博洛
박락니,博洛尼
박락니아,博洛尼亚
박람,博览
박람군서,博览群书
박람회,博览会
박람회장,博览会场
박랍,啪啦
박래품,舶来品
박력,迫力
박례,薄礼
박리,剥离; 博里; 薄利
박리다소,薄利多销
박리성,剥离性; 剥離性
박마,拍马
박마비,拍马屁
박막,薄膜
박매,拍卖
박매법,拍卖法
박매업,拍卖业
박매장,拍卖场
박매품,拍卖品
박매회,拍卖会
박면,扑面
박멸,扑灭
박명,薄命
박모,薄暮
박무,薄雾
박문,博文; 博闻
박문강기,博闻强记
박문약례,博文约礼
박문요,朴文尧
박물,博物
박물관,博物馆
박물관장,博物馆长
박물군자,博物君子
박물원,博物院
박물학,博物学
박물학자,博物学者
박민영,朴敏英
박박,拍拍; 薄薄; 噗噗; 啪啪
박박박박,噗噗噗噗
박박수,拍拍手
박백,博白
박백현,博白县
박벽,薄壁
박병,薄饼
박복,薄福
박봉,薄俸
박봉주,朴凤柱
박부급대,迫不及待
박부득이,迫不得已
박비,扑鼻
박빙,薄冰; 薄氷
박사,博士; 迫使; 珀斯
박사등호,博斯腾湖
박사륜,博士伦
박사륜공사,博士伦公司
박사문,博士们
박사생,博士生
박사학위,博士学位
박사후,博士后
박삭,剥削
박삭계급,剥削阶级
박삭미리,扑朔迷离
박삭자,剥削者
박산,博山
박산구,博山区
박살,搏杀
박상거,扑上去
박선,驳船
박섬,扑闪
박섭,拍摄
박섭자,拍摄者
박성철,朴成哲
박소,朴素
박속속,扑簌簌
박송비,泊松比
박수,拍手; 朴树
박수갈채,拍手喝采
박수규호,拍手叫好
박수칭쾌,拍手称快
박순경언,薄唇轻言
박시제중,博施济众
박식,博识; 剥蚀
박신혜,朴信惠
박실,朴实
박실무화,朴实无华
박아,博雅
박아사,博阿斯
박안,拍岸; 拍案
박안경기,拍案惊奇
박안규절,拍案叫绝
박안이기,拍案而起
박애,博爱
박애의원,博爱医院
박약,薄弱
박약환절,薄弱环节
박여선익,薄如蝉翼
박열식통,扑热息痛
박영훈,朴永训
박옥,璞玉
박외경,拍外景
박우무내,迫于无奈
박위,泊位
박유천,朴有天
박이격체,博尔格蒂
박이돈,博尔顿
박이돈대,博尔顿队
박이부정,博而不精
박이혁사,博尔赫斯
박인,博引
박인방증,博引旁证
박일파,薄一波
박자,拍子
박자부지,博者不知
박자와납,博茨瓦纳
박잡,博卡; 驳杂
박잡청년대,博卡青年队
박장,拍掌
박장대소,拍掌大笑
박재,雹灾
박재미첩,迫在眉睫
박전,薄田
박전영,拍电影
박절,迫切
박절성,迫切性
박절요구,迫切要求
박정,薄情
박정상,朴正祥
박정은,朴贞恩
박정희,朴正熙
박정희집단,朴正熙集团
박제,剥制; 剥除
박제화,剥制化
박조,拍照
박졸,朴拙
박주,亳州
박주시,亳州市
박주영,朴周永
박지,扑地
박지성,朴智星
박지약행,薄志弱行
박지은,朴志恩
박진감,迫真感
박진성,迫进性
박진적,迫进的
박차,拍车
박채,博彩; 博采
박채업,博彩业
박채중장,博采众长
박척,驳斥
박체인구락부,博达人俱乐部
박취,博取; 薄脆
박층판,薄层板
박치,噗嗤
박타,拍拖; 拍打; 扑打
박탁자,拍桌子
박탈,剥夺; 剥脱
박탈감,剥夺感
박탑,啪嗒
박통,扑通; 博通; 噗通
박통박통,扑通扑通
박투,搏斗
박특,博特
박판,拍板; 薄板
박편,拍片; 薄片
박편자,拍片子
박피,剥皮
박하,薄荷; 扑哧
박하뇌,薄荷脑
박하사탕,薄荷沙糖; 薄荷沙糖
박하유,薄荷油
박학,博学
박학다식,博学多识
박학다재,博学多才
박해,迫害
박행,薄幸
박혁,博弈
박혁론,博弈论
박화,扑火
박회,驳回
박후,薄厚
박희,拍戏; 薄熙
박희래,薄熙来
반,反; 半; 般; 班; 板; 饭; 盘; 伴; 返; 搬; 叛; 胖; 斑; 潘; 盼; 颁; 攀; 畔; 扳; 绊; 拌; 磐; 瘢; 蹒; 蟠; 矾; 泮; 襻; 磻; 癍; 鋬; 跘; 飰; 飯; 盤; 闆; 槃; 頒; 絆
반가,搬家; 半价; 返家; 潘家
반가라이,班加罗尔
반가부좌,半跏趺坐
반가원,潘家园
반각석,绊脚石
반간,反间; 半间
반간부,班干部
반감,半减; 反感
반감기,半减期
반강,攀钢; 潘刚
반강제,半强制
반강제적,半强制的
반강집단,攀钢集团
반개,半个; 半开
반객위주,反客为主
반거,盘踞
반걸,潘杰
반격,反击
반격론,反击论
반결새,半决赛
반경,半径
반경례,半敬礼
반경소법,反倾销法
반경소세,反倾销税
반경소세률,反倾销税率
반계곡경,盘溪曲径
반고,盘古; 攀高; 班固; 反顾
반고랍,班古拉
반고전주의적,反古典主义的
반골,反骨
반공,反共; 反恐; 反攻; 半空; 返工; 盘空
반공도산,反攻倒算
반공반독,半工半读
반공주의,反共主义
반공중,半空中
반과,饭锅; 反戈
반과래,反过来
반과래설,反过来说
반과일격,反戈一击
반과학적,反科学的
반관,饭馆; 反观; 反串; 盘管
반관방,半官方
반광,反光
반광경,反光镜
반괴,半块
반교,返校; 反咬; 攀交
반교일구,反咬一口
반구,半球; 半句; 斑鸠
반구상적,反具象的
반구형,半球形
반국,饭局; 叛国; 返国
반국가,反国家
반국가적,反国家的
반군,叛军
반군부,反军部
반궤,反馈
반균,拌匀
반극락부,潘克洛夫
반극사,班克斯
반근,半斤; 半根; 盘根
반근착절,盘根错节
반근팔량,半斤八两
반금,盘锦
반금련,潘金莲
반금시,盘锦市
반급,班级
반기,反旗; 班机; 扳机; 班期; 潘琦
반기도이행,反其道而行
반기도이행지,反其道而行之
반기문,潘基文
반기석두잡자기적각,搬起石头砸自己的脚
반납,返纳
반낭,伴娘
반내성주의,反耐性主义
반녀사,潘女士
반년,半年
반노예적,半奴隷的; 半奴隸的
반농담,半弄谈
반농민적,反农民的
반다랍,潘多拉
반단,饭团
반담,攀谈
반당,饭堂; 叛党
반당적,反党的
반대,反对; 半大; 半袋
반대급부,反对给付
반대당,反对党
반대론,反对论
반대론자,反对论者
반대자,反对者
반대중성,反大众性
반대파,反对派
반대편,反对便
반대표,反对票
반대해,胖大海
반도,半岛; 反倒; 叛徒; 绊倒; 半途; 叛逃; 蟠桃; 半道; 盘道
반도도,胖嘟嘟
반도분,半导体
반도이폐,半途而废
반도체,半导体
반도통,反跳痛
반독,斑秃; 伴读
반독재,反独裁
반독점,反独占
반돈,胖墩; 半吨
반동,反动; 搬动; 扳动; 伴同
반동분자,反动分子
반동성,反动性
반동자,潘冬子
반동적,反动的
반동파,反动派
반동학,班同学
반두,盼头; 班头; 盘头
반등,反腾; 攀登
반라,半裸
반란,叛乱; 斑斓
반란군,叛乱军
반란죄,叛乱罪
반랍,半拉
반랑,伴郎
반랑비,反浪费
반래장구,饭来张口
반량,饭量
반려,伴侣; 返戾
반려나,潘丽娜
반려자,伴侣者
반례,反例
반로,半路
반로사,潘老师; 班老师
반로서낭,半老徐娘
반로출가,半路出家
반로환동,返老还童
반론,反论
반롱,搬弄
반롱단법,反垄断法
반롱시비,搬弄是非
반룡,盘龙; 蟠龙
반룡구,盘龙区
반류,反流
반류성,反流性
반륜,班轮
반리,班里; 半里; 叛离
반립,饭粒
반립문,潘立文
반마,斑马
반마선,斑马线
반만년,半万年
반망,盼望
반망이구,盼望已久
반매,叛卖
반면,反面
반면교사,反面教师
반면교원,反面教员
반명제,反命题
반명함판,半名衔判
반모,潘某
반목,反目
반목성구,反目成仇
반무,伴舞; 半亩
반문,反问; 斑纹; 盘问
반문개,潘文凯
반문롱부,班门弄斧
반문맹,半文盲
반문명,反文明
반문화,反文化
반문화적,反文化的
반물질,反物质
반미,反美; 半米
반미진,潘美辰
반민,反民
반민족,反民族
반민족적,反民族的
반민주,反民主
반민주성,反民主性
반민주적,反民主的
반민주주의적,反民主主义的
반민중성,反民众性
반민중적,反民众的
반박,反驳; 反扑; 斑驳; 盘剥
반박귀진,返璞归真; 返朴归真
반박문,反驳文
반반,半半; 胖胖; 反叛; 斑斑; 盘盘
반반대,盼盼队
반반복복,反反复复
반반장,班班长
반반점점,斑斑点点
반발,反拨; 颁发
반발력,反拨力
반발심,反拨心
반방,班房; 反绑
반방향,反方向
반배,半拜; 反扒; 般配
반배자,半辈子
반백,斑白; 半百
반법서사,反法西斯
반벽,半壁
반벽강산,半壁江山
반변,半边; 叛变
반변증법적,反辨证法的
반변천,半边天
반병,半瓶; 半甁
반병신,半病身
반보,半步
반복,反复
반복무상,反复无常
반복성,反复性
반복적,反复的
반봉건,半封建; 反封建
반봉건적,反封建的
반부,反腐; 攀附; 盘符
반부동,搬不动
반부창렴,反腐倡廉
반부패,反腐败
반분,半分; 半份; 半盆
반비,半臂; 攀比; 反比; 班费; 叛匪
반비례,反比例
반비판,反批判
반사,反射; 反思; 半死; 盘查; 班师
반사각,反射角
반사경,反射镜
반사광,反射光
반사등,反射灯
반사률,反射率
반사막,半沙漠
반사부활,半死不活
반사성,反射性
반사식,反射式
반사실주의적,反写实主义的
반사적,反射的
반사파,反射波
반사호,反射弧
반사회적,反社会的
반산,盘算; 蹒跚; 盘山
반산학보,蹒跚学步
반삼투,反渗透
반상,班常; 饭床; 半晌; 反常; 反相; 半箱
반상회,班常会
반생,半生; 伴生
반생명,反生命
반생명성,反生命性
반생명적,反生命的
반생부숙,半生不熟
반생정,潘生丁
반석,盘石; 磐石
반석지고,盘石之固
반석흘,潘石屹
반선,盘旋; 班禅; 半仙
반선생,潘先生
반성,反省
반성문,反省文
반성적,反省的
반성품,半成品
반세,反洗; 半世
반세건,潘世建
반세기,半世纪
반소,反诉; 返销
반소저,潘小姐
반송,返送
반쇄,反锁
반쇠기,半衰期
반수,半数; 半睡; 伴随; 反手; 扳手; 反修; 返修; 潘帅; 反水
반수률,返修率
반수반성,半睡半醒
반숙,半熟
반순상기,反唇相讥
반슬,盘膝
반승,攀升
반식,饭食
반식민,反植民
반식민적,反植民的
반식민지,半植民地; 半殖民地
반식민지적,半植民地的
반신,半身; 反身; 半新
반신반의,半信半疑
반신반인,半神半人
반신부수,半身不遂
반신불수,半身不随; 半身不随
반신상,半身像
반신욕,半身浴
반실성,半失性
반실증주의적,反实证主义的
반심,胖婶
반씨,潘氏
반아,伴儿
반악,潘岳
반안,潘安; 磐安
반암,攀岩
반야,般若; 半夜; 般若
반야바라밀,般若波罗蜜; 般若波罗蜜
반야삼경,半夜三更
반약약,潘若若
반역,反逆; 叛逆
반역기,叛逆期
반역사성,反历史性; 反歷史性
반역자,反逆者; 叛逆者
반연,反演; 攀缘
반열,班列; 班列
반영,反映; 半影
반영구적,半永久的
반영론,反映论
반영론적,反映论的
반영정황,反映情况
반옥룡,潘玉龙
반완,饭碗; 半碗
반왕조,反王朝
반외세,反外势
반요,盘绕; 半腰
반용,搬用
반운,搬运; 盘运
반운공,搬运工
반운소,潘云召
반원,半圆; 攀援
반원자력,反原子力
반원형,半圆形
반월,半月; 攀越
반월간,半月刊
반월명,潘粤明
반월형,半月形
반위,反胃
반위백,潘玮柏
반위성,反卫星
반위회,班委会
반유당,半乳糖
반윤리적,反伦理的
반은,班恩
반음,伴音
반응,反应
반응기,反应器
반응률,反应率
반응부,反应釜
반응성,反应性
반응시,反应时
반응식,反应式
반응퇴,反应堆
반의사,反意思; 反义词
반의지희,斑衣之戯
반이,反而; 搬移
반인간,反人间
반인간적,反人间的
반인권적,反人权的
반인륜,反人伦
반인륜성,反人伦性
반인륜적,反人伦的
반인종,反人种
반일,反日
반입,搬入
반자,胖子; 班子; 盘子; 绊子
반자동,半自动
반자동화,半自动化
반자연주의적,反自然主义的
반작,半勺
반작용,反作用
반작용력,反作用力
반잠,反潜
반잠기,反潜机
반장,班长; 半场; 颁奖; 半张; 饭庄; 返场; 反掌
반장강,潘长江
반장률,返奖率
반재,半载
반저,班底; 盘底
반전,反战; 反转; 饭前; 饭钱; 盘缠
반전록,反转录
반절,半截; 反切
반절기,半切机
반점,斑点; 饭店; 盘点; 半点
반점업,饭店业
반정,半丁; 反正; 盘整; 返程; 潘婷; 反证
반정부,反政府
반정부적,反政府的
반정신병자,反精神病者
반정의,反正意
반제,反帝
반조,班组; 半条; 反照
반조류,反潮流
반조자,半吊子
반존,盘存
반종,拌种
반좌,盘坐
반주,伴奏; 饭酒; 搬走; 半周; 班主; 绊住
반주임,班主任
반죽,斑竹
반증,反证
반지,半指; 反之; 半只; 半支
반지역연,反之亦然
반지화,攀枝花
반지화시,攀枝花市
반진,斑疹
반진골적,反真骨的
반진렬,盘阵列
반진반가,半真半假
반질,盘跌
반집분,班集体
반차,班车; 反差; 班次
반차반엄,半遮半掩
반찬,饭馔
반창,伴唱
반채,饭菜; 盘菜
반척,半尺
반천,半天; 搬迁
반천서,潘天舒
반천수,潘天寿
반천천,潘倩倩
반청,饭厅; 返青; 潘清
반체아제,班达亚齐
반체이,班达尔
반체제,反体制
반초,半秒; 班超
반촌,半寸
반총,潘总
반추,反刍
반추반취,半推半就
반추상적,半抽象的
반축,半轴
반출,搬出
반출거,搬出去
반출입,搬出入
반출증,搬出证
반충,反冲
반칙,反则
반친,反衬; 攀亲
반침략,反侵略
반타,半打
반탁,饭桌
반탄,反弹
반탄탄,半瘫痪
반탈산,半脱产
반탑,潘塔
반토,矾土
반통,饭桶; 半桶
반통일,反统一
반퇴,盘腿
반투명,半透明
반파,半破; 攀爬; 反派; 半坡
반패,反霸
반패위승,反败为胜
반편,盘片
반평생,半平生
반포,颁布; 反哺; 半包; 饭铺
반포지효,反哺之孝
반폭,半幅
반표,饭票; 半票
반풍,反讽; 半疯
반학교,反学校
반한년,潘汉年
반함도탄,反舰导弹
반합,饭盒
반항,反抗; 返航
반항기,反抗期
반항심,反抗心
반항아,反抗儿
반항적,反抗的
반해용,潘海涌
반핵,反核
반행,颁行
반향,反响; 返乡; 反向
반혁명,反革命
반혁명분자,反革命分子
반현,盘县
반호호,胖乎乎
반홍,潘虹
반화,拌和; 反话
반환,返还; 盘桓
반환일,返还日
반환점,返还点
반환형,返还型
반회,返回; 扳回; 班会
반회식,返回式
반회적,返回的
반효,反胶
반효과,反效果
반효정,潘晓婷
반후,饭后
반흔,瘢痕; 斑痕
반희곡적,半戯曲的
반힐,反诘
발,发; 拔; 勃; 拨; 脖; 泼; 跋; 钵; 渤; 孛; 饽; 魃; 钹; 鲅; 鹁; 荸; 菝; 茇; 袚; 綍; 酦; 髪; 鼥; 發; 髮; 発; 撥; 潑
발가,发家
발가사,发家史
발가치부,发家致富
발각,发觉; 拔脚
발간,发刊
발간사,发刊辞
발감,发绀
발강,发奋
발강도강,发奋图强
발개,拨开
발건인,发件人
발견,发见
발경,脖颈
발계,发髻
발고,发告; 发稿; 拔高; 发箍; 发糕
발고소,发高烧
발곤,发困
발공자,发工资
발관,拨款; 拔罐
발광,发光; 发狂
발구,发球
발구권,发球权
발군,拔群
발굴,发掘
발굴물,发掘物
발굴지,发掘地
발권,发卷
발근,发根
발급,发给; 发急
발급식,发给式
발기,勃起; 发起; 拔起; 发气
발기력,勃起力
발기인,发起人
발기인고,发起人股
발기자,发起者
발긴,发紧
발난,发难
발다,发嗲
발단,发端; 发单
발달,发达
발달사,发达史
발대,发带
발대수,发大水
발대식,发队式
발대재,发大财
발도,拔掉
발도상조,拔刀相助
발동,发动
발동공핵,发动攻势
발동기,发动机
발동기창,发动机厂
발동선,发动船
발동자,发动者
발두,发抖
발두주,拔头筹
발라복,拔萝卜
발락,发落
발란등보,勃兰登堡
발란반정,拨乱反正
발랄,泼剌; 泼辣
발랍,发蜡; 拨拉
발랑,发廊
발랑고,拨浪鼓
발랭,发冷
발랭수,泼冷水
발량,发亮
발력,发力
발렬일열부,勃列日涅夫
발령,发令; 脖领
발령창,发令枪
발로,发露; 发怒
발록,发绿
발롱,拨弄
발롱시비,拨弄是非
발뢰소,发牢骚
발릉,发愣
발마,发麻
발망,发网
발매,发卖; 发呆; 发霉
발매기,发卖机
발매식,发卖式
발면,发面
발명,发明
발명가,发明家
발명인,发明人
발명자,发明者
발명장,发明奖
발명품,发明品
발모,发毛
발몽,发蒙
발묘조장,拔苗助长
발묵,泼墨
발문,跋文; 发文; 发问
발민,发闷
발반,发胖; 发盘
발발,勃发; 勃勃; 饽饽; 拨发
발발생기,勃勃生机
발방,发放; 发榜
발배,发配
발백,发白
발변,发辫
발병,发病; 发兵
발병률,发病率; 发病率
발병자,发病者
발보,发报
발보기,发报机
발복,发福
발본색원,拔本塞源; 拔本塞源
발부,发付; 拨付; 泼妇; 发肤
발부매가,泼妇骂街
발분,发愤
발분도강,发愤图强
발비기,发脾气
발사,发射; 发丝; 拔丝
발사가,发射架
발사기,发射器; 发射机
발사대,发射台
발사음,发射音
발사장,发射场
발사정,发射井
발사탑,发射塔
발산,发散; 发酸; 拔山
발산개세,拔山盖世
발산섭수,跋山涉水
발산성,发散性
발상,发想; 发祥; 发丧
발상법,发想法
발상지,发祥地
발생,发生
발생기,发生器
발생량,发生量
발생론,发生论
발생률,发生率; 发生率
발생소계,发生关系
발생원,发生原
발생적,发生的
발생지,发生地
발생형,发生型
발서,发誓
발선,发船
발선심,发善心
발설,发说; 发泄
발설발설,发泄发泄
발설자,发说者
발섭,跋涉
발성,发声
발세,泼洒
발소,发笑
발소우,发烧友
발소우문,发烧友们
발송,发送
발송량,发送量
발송자,发送者
발수,发售; 发愁; 发水
발수절,泼水节
발순,发巡
발식,发式
발신,发信; 发薪; 拔身
발신경,发神经
발신수,发薪水
발신인,发信人
발신자,发信者
발아,发芽; 拔牙
발아률,发芽率
발아핵,发芽势
발악,发恶
발안,发案
발안률,发案率
발암,发癌
발암성,发癌性
발양,发扬; 发痒
발양광대,发扬光大
발어,鲅鱼
발언,发言
발언권,发言权
발언대,发言台
발언인,发言人
발언자,发言者
발연,发软; 勃然
발연대로,勃然大怒
발열,发热
발열량,发热量
발염,发炎
발운견일,拨云见日
발원,发源; 发愿
발원지,发源地
발위,发威
발유,发油; 发乳
발육,发育
발육기,发育期
발육부량,发育不良
발음,发音
발의,发议
발인,发靷
발인식,发靷式
발인심사,发人深思
발인심성,发人深省
발자,脖子; 发紫
발작,发作
발작기,发作期
발작성,发作性
발작적,发作的
발잡,发卡
발장,发奖
발재,发财
발재치부,发财致富
발적,发赤; 发迹
발전,发展; 发电; 发颤; 拨转
발전구,发展区
발전기,发展期; 发电机
발전량,发电量
발전사,发展史
발전상,发展相
발전성,发展性
발전소,发电所
발전안,发展案
발전적,发展的
발전중국가,发展中国家
발전참,发电站
발전창,发电厂
발전형,发展型
발절,拔节
발절기,拔节期
발정,发情; 发怔
발정기,发情期
발제,拔除; 发际; 荸荠
발제자,发题者
발조,发条
발족,发足
발족식,发足式
발종,发肿
발주,发注
발주풍,发酒疯
발지,发指
발지의천,拔地倚天
발지이기,拔地而起
발진,发疹; 发进
발차,发车
발착,发着
발창,发胀
발채,发菜
발처,发妻
발첨,拔尖
발청,发青
발체,发达
발초,发梢
발출,拔出; 发出; 发怵
발췌,拔萃
발취,发臭
발탁,拔擢
발탕,发烫
발통,发痛
발퇴,拔腿
발퇴취포,拔腿就跑
발투,发套
발파,发破
발패,发牌
발포,发砲; 发布; 发包; 发泡
발포기,发泡器
발포물,发泡物
발포자,发布者
발포제,发泡剂
발포회,发布会
발표,发票; 发表
발표력,发表力
발표문,发表文
발표설,发表说
발표자,发表者
발표회,发表会
발풍,发疯
발피,泼皮
발하,发下; 拔河
발한,发汗; 发狠
발해,渤海; 拔海
발해만,渤海湾
발해만지구,渤海湾地区
발해은행,渤海银行
발행,发行
발행가,发行价
발행공사,发行公司
발행권,发行权
발행기,发行期
발행량,发行量
발행부,发行部
발행비,发行费
발행사,发行社
발행소,发行所
발행업,发行业
발행원,发行员
발행인,发行人
발행자,发行者
발허,发虚
발현,发现
발현률,发现率
발현자,发现者
발협,发夹
발형,发型
발호,跋扈; 拨号
발호시령,发号施令
발혼,发挥; 发昏
발홍,发红
발화,发火; 发货; 发话; 发花
발화관,拔火罐
발화량,发货量
발환,发还
발황,发黄; 发慌
발회,发回
발효,发效; 酦酵; 发酵; 发胶
발효관,发酵罐
발효법,酦酵法; 发酵法
발효일,发效日
발훈,发晕
발휘,发挥
발흑,发黑
발흥,勃兴; 发兴
밤,湴
방,方; 放; 房; 防; 帮; 旁; 访; 仿; 邦; 芳; 庞; 妨; 膀; 棒; 纺; 绑; 镑; 坊; 榜; 傍; 磅; 肪; 谤; 彷; 螃; 蚌; 梆; 滂; 舫; 鲂; 枋; 雱; 匚; 耪; 钫; 逄; 蒡; 塄; 氆; 鳑; 趽; 邡; 稖; 髣; 眆; 駹; 艕; 蛖; 邫; 幫; 訪; 綁; 昉; 塝
방가,房价; 放假; 绑架; 方可; 方家; 放歌; 方佳; 房家
방가가,方哥哥
방가래,庞加莱
방가영,庞佳颖
방가자,绑架者
방각,方珏; 蚌壳
방간,房间; 坊间
방간격,房间隔
방강,帮腔; 方强; 方刚
방개,放开; 房改
방개공사,房开公司
방개판,房改办
방객,房客; 访客
방건,方巾
방검명,方剑明
방격,方格
방경,芳烃; 方琼
방계,傍系; 房契; 旁系
방계혈친,旁系血亲
방고,仿古; 访古
방고리대,放高利贷
방고측격,旁敲侧击
방곡령,防谷令
방공,防空; 放空; 帮工; 放工
방공계통,防空系统
방공도탄,防空导弹
방공동,防空洞
방공호,防空壕
방과,放课; 放过
방관,傍观; 放宽; 房款; 房管; 旁观; 放款
방관국,房管局
방관소,房管所
방관자,旁观者
방관자청,旁观者清
방관적,傍观的
방광,膀胱; 方框
방광결석,膀胱结石
방광경,膀胱颈
방광도,方框图
방광암,膀胱癌
방광염,膀胱炎
방괴,方块
방괴자,方块字
방굉진,方宏进
방교,邦交; 帮教
방구,防区
방국장,方局长
방권,放权
방극,庞克
방극장,房剧场
방근,方根
방금,方今
방급,旁及
방기,放弃; 房基
방녀사,方女士
방녕,庞宁
방뇨,放尿
방능,方能
방니,帮你
방단,方单; 方丹
방담,访谈; 放胆
방담록,访谈录
방당,防撞; 方糖
방대,尨大; 庞大; 放大; 放贷; 方队; 绑带
방대경,放大镜
방대기,放大器
방대동,方大同
방대요원,膀大腰圆
방대표,方代表
방덕,庞德; 邦德
방도,方道; 防盗; 放掉; 方都
방도기,防盗器
방도망,防盗网; 帮倒忙
방도문,防盗门
방독,防毒; 放毒
방독면구,防毒面具
방동,房东; 防冻
방등,方凳
방락,旁落
방랍,方腊
방랑,放浪
방랑벽,放浪癖
방랑인,放浪人
방랑자,放浪者
방랑형해,放浪形骸
방략,方略
방량,放良; 放量; 房梁; 放亮
방력신,方力申
방련,邦联
방령,房龄; 芳龄
방로,旁路; 防老; 防涝
방로사,方老师
방료,放疗
방룡,庞龙
방류,放流
방률사,方律师
방리,房里
방림,方林
방만,放漫; 傍晚; 放慢
방망,帮忙
방면,放免; 方面
방면군,方面军
방명,芳名; 方明
방명외,方鸣巍
방모,仿冒; 方某; 庞某
방모남,方慕南
방모품,仿冒品
방목,放牧
방무,防务
방무응,方无应
방문,房门; 访问; 旁门
방문객,访问客
방문단,访问团
방문량,访问量
방문산,方文山
방문자,访问者
방문좌도,旁门左道
방물,方物
방미,访美
방미두점,防微杜渐
방미설,访美说
방민,方敏
방박,磅礴; 绑缚
방박년,方博年
방박회,房博会
방반,放盘
방반반,庞盼盼
방방,房房; 帮帮; 榜榜; 放放; 方方; 方芳; 放榜
방방곡곡,坊坊曲曲
방방망,帮帮忙
방방면면,方方面面
방방정정,方方正正
방백,旁白
방벌적,放伐的
방범,防犯; 防范
방범대원,防犯队员
방범등,防犯灯
방범망,防犯网
방법,方法
방법가,方法可
방법론,方法论
방법론적,方法论的
방법본,方法本
방법적,方法的
방벽,防壁
방변,旁边
방병,防病
방보,方步
방복사,防辐射
방부,防腐; 帮扶; 蚌埠
방부성,防腐性
방부승방,防不胜防
방부시,蚌埠市
방부식,防腐蚀
방부제,防腐剂
방부하,放不下
방북,访北
방북설,访北说
방분비,旁分泌
방불,仿佛; 彷佛
방불뢰뢰,邦弗雷雷
방비,防备; 放屁; 放飞; 芳菲
방비대,防备队
방빈문고,访贫问苦
방사,放射; 放肆; 房事; 纺纱; 房舍; 防沙; 方士; 纺丝; 访查
방사기,放射器
방사능,放射能
방사병,放射病
방사선,放射线
방사선과,放射线科
방사선형,放射线形
방사성,放射性
방사원,放射源
방사주,纺纱䌷
방사형,放射形
방삭,方朔
방산,房产; 房山; 方山; 放散
방산구,房山区
방산상,房产商
방산업,房产业
방산품,房产品
방산현,方山县
방상,方翔
방상무명,榜上无名
방상유명,榜上有名
방생,放生; 仿生
방생학,仿生学
방서강온,防暑降温
방서안,房书安
방석,方席
방선,放船; 放线
방선균,放线菌
방선생,方先生; 庞先生
방설의,方雪宜
방성,放声; 方城; 防城; 方成
방성대곡,放声大哭
방성항,防城港
방성항시,防城港市
방세,房贳
방소운,方少云
방소저,方小姐
방손,傍孙
방송,放送; 放松; 方荣; 仿宋
방송가,放送街
방송계,放送界
방송관,放送观
방송국,放送局
방송권,放送权
방송극,放送剧
방송도,方荣道
방송량,放送量
방송망,放送网
방송명,放送名
방송방송,放松放松
방송사,放送社
방송업체,放送业体
방송인,放送人
방송일하,放松一下
방송학과,放送学科
방수,防水; 防守; 放手; 榜首; 帮手; 放水; 房水; 防修; 防锈
방수량,防水量
방수매,方秀梅
방수성,防水性
방수옥,庞秀玉
방수형,防守型
방술,方术
방습,防湿
방시,方始; 访视; 房时
방식,方式; 防蚀
방신,防身
방실,房室
방실결,房室结
방심,放心; 芳心
방심부하,放心不下
방씨,方氏
방아,帮我
방안,方案; 放眼; 榜眼
방암,防癌
방애,妨碍
방약,方药
방약무인,傍若无人; 旁若无人
방약업,方药业
방양,榜样; 放养; 放羊; 放样
방어,防御
방어벽,防御壁
방어성,防御性
방어용,防御用
방어율,防御率; 防御率
방어율왕,防御率王; 防御率王
방어자,防御者
방어적,防御的
방어전,防御战
방어형,防御型
방언,方言; 放言
방역,防疫
방역법,防疫法
방역원,防疫员
방역참,防疫站
방역침,防疫针
방연,庞涓; 方然; 庞然
방연대물,庞然大物
방열,放热
방영,放映; 房英
방영강,方永刚
방영기,放映机
방영대,放映队
방영분,放映分
방영실,放映室
방영원,放映员
방옥,房屋
방외,方巍
방요,方尧
방용,芳容
방우,放牛; 访友; 方羽; 防龋
방우귀마,放牛归马
방우왜,放牛娃
방욱,庞昱
방원,房源; 方圆
방위,方位; 防卫; 防伪
방위각,方位角
방위력,防卫力
방위비,防卫费
방위성금,防卫诚金; 防卫诚金
방위세,防卫税
방위인상인,方为人上人
방위청,防卫厅
방유벽,防油壁
방유용,方有容
방음,防音
방음문,防音门
방음벽,防音壁
방의,方毅
방이,方怡
방이지,方以智
방인,旁人
방인지심부가무,防人之心不可无
방일,访日
방임,放任
방임자류,放任自流
방입,方入
방자,房子; 放恣; 房者; 方子; 膀子; 帮子; 梆子
방자강,方自强
방자재,方自在
방잡,庞杂; 房卡
방장,房帐; 房长; 方丈
방장부절,方长不折
방장선조대어,放长线钓大鱼
방재,放在; 方才; 防灾
방재안리,放在眼里
방쟁,方铮
방저원개,方底圆盖
방적,纺绩; 邦迪
방적기,纺绩机
방전,放电; 房钱; 放钱
방전굉,方展宏
방전옥후,房前屋后
방전회,房展会
방점,傍点
방정,方正; 方程; 绑定; 房顶; 旁证
방정과기,方正科技
방정박인,旁征博引
방정식,方程式
방정조,方程组
방정지사,方正之士
방정집단,方正集团
방정현,方正县
방제,防除; 仿制; 方剂
방제품,仿制品
방조,帮助; 房租; 防潮; 仿造; 仿照
방조명,房祖名
방조제,防潮堤
방조하,방@助
방종,放纵
방좌,旁坐
방주,方舟; 房主; 放走; 绑住
방주자,方舟子
방죽,方竹
방중,访中; 房中; 方中
방증,傍证
방지,防止; 方志; 旁支; 防地
방지민,方志敏
방지사해이개준,放之四海而皆准
방지산,房地产
방지산계,房地产界
방지산류,房地产类
방지산상,房地产商
방지산상문,房地产商们
방지산업,房地产业
방지산업계,房地产业界
방지산열,房地产热
방지순,方志纯
방지책,防止策
방지호,庞之浩
방직,纺织
방직류,纺织类
방직업,纺织业
방직창,纺织厂
방직품,纺织品
방진,仿真; 方阵; 防尘; 防震; 方辰
방진원,方振远
방차,纺车; 方差
방차보,旁遮普
방차보성,旁遮普省
방찰,绑扎
방채,放债
방책,方策
방천,防川; 方天
방천운,方天云
방천탁,方天卓
방첨,房檐
방청,傍听; 旁听; 放晴; 庞清
방청객,傍听客
방청석,傍听席; 旁听席
방청자,旁听者
방청탁,方青卓
방체,邦达
방초,芳草; 放哨
방초처처,芳草萋萋
방촌,方寸
방촌구,芳村区
방촌대란,方寸大乱
방총,防总
방추,纺锤
방축,防缩; 放逐
방춘화시,方春和时
방출,放出
방출거,放出去
방출량,放出量
방충제,防虫剂
방측,旁侧
방치,放置; 防治
방치법,防治法
방칙,方则
방침,方针
방침정책,方针政策
방칭,磅秤
방타,滂沱
방타대우,滂沱大雨
방탁,方桌
방탄,防弹
방탄복,防弹服
방탄의,防弹衣
방탕,放荡
방탕부기,放荡不羁
방탕아,放荡儿
방탕자,放荡者
방택,芳泽
방통,旁通
방퇴,绑腿
방파,帮派; 方波
방파적,庞巴迪
방파제,防波堤
방판,访贩; 帮办
방패,防牌
방편,方便
방편면,方便面
방편성,方便性
방편용호,方便用户
방편지문,方便之门
방편포,放鞭炮
방포,放炮
방폭,防暴; 防爆
방폭경찰,防暴警察
방표,绑票
방풍,防风; 放风
방풍림,防风林
방하,放下
방하거,放下去
방하도도,放下屠刀
방하래,放下来
방하포복,放下包袱
방학,放学
방학식,放学式
방학후,放学后
방한,访韩; 防寒; 防旱; 帮闲
방한가,方韩佳
방한모,防寒帽
방한복,防寒服
방합자,放鸽子
방항,坊巷
방해,妨害; 螃蟹
방해당,妨害当
방해물,妨害物
방해석,方解石
방해죄,妨害罪
방해진,方海珍
방행,放行
방향,方向; 芳香
방향감,方向感
방향반,方向盘
방향성,方向性
방향안,方向案
방향족,芳香族
방향화,芳香化
방현,房县
방현령,房玄龄
방혈,放血
방형,方形
방호,防护; 绑好
방호귀산,放虎归山
방호림,防护林
방호벽,防护壁
방호복,防护服
방호자위,放虎自卫
방혼,方珲
방홍,防洪; 方鸿
방화,放火; 防火; 芳华; 方华
방화단,访华团
방화문,防火门
방화범,放火犯
방화벽,防火壁
방화장,防火墙
방환,防患; 放还
방환미연,防患未然
방환우미연,防患于未然
방활,防滑
방황,彷徨
방회,放回; 帮会
방효,仿效; 方晓
방휼지쟁,蚌鹬之争
방흉,帮凶
방흥동,方兴东
방흥뢰,庞兴雷
방흥미애,方兴未艾
배,北; 环; 排; 配; 背; 坏; 培; 拜; 倍; 杯; 辈; 陪; 赔; 啡; 胚; 徘; 扒; 裴; 坯; 湃; 蓓; 焙; 掰; 俳; 碚; 褙; 醅; 荖; 肧; 輩; 賠
배가,倍加; 陪嫁
배각,配角; 裴珏
배감,倍感
배개,排开; 扒开
배객,陪客
배건,配件
배건창,配件厂
배격,排击
배견,拜见; 排遣
배경,背景
배경색,背景色
배경음락,背景音乐
배계,扒鸡
배고,配股; 陪考
배고배,背靠背
배곡,配曲
배골,排骨
배공,排空
배과노이발사장,拜科努尔发射场
배관,配管; 赔款; 排灌
배관공,配管工
배광,背光
배구,排球; 杯口
배구새,排球赛
배근,培根; 配筋
배금,拜金
배금주의,拜金主义; 拜金主义
배급,配给
배급량,配给量
배급사,配给社
배급소,配给所
배급제,配给制
배급품,配给品
배기,排气; 背弃; 配器; 背鳍
배기량,排气量
배남,培南
배납모,拜纳姆
배낭,背囊; 胚囊
배낭여행,背囊旅行
배낭족,背囊族
배냉,背冷; 背冷
배녀,陪女
배년,拜年
배뇨,排尿
배뇨량,排尿量
배단,排坛
배달,配达
배달업,配达业
배달원,配达员
배당,配当; 排档; 排挡; 拜堂
배당금,配当金; 配当金
배당률,配当率; 配当率
배대,排队; 配对; 背带
배대배,背对背
배대새,配对赛
배도,拜倒; 陪都; 裴度; 背道
배도이치,背道而驰
배독,拜读; 陪读
배동,陪同
배두,排头; 背头
배두병,排头兵
배락,配乐
배란,排卵
배란기,排卵期
배란일,排卵日
배랍,扒拉
배려,配虑
배력,背力
배련,排练; 陪练; 排联
배렬,排列
배례,赔礼
배례도겸,赔礼道歉
배로,排涝
배뢰,蓓蕾; 排雷
배료,配料; 坯料
배료부인우절병,赔了夫人又折兵
배루,背篓
배륜,拜伦
배률,倍率
배리,背离
배망,拜望
배면,背面; 杯面
배명,排名
배명새,排名赛
배명취,裴茗翠
배명표,排名表
배모,裴某
배물교,拜物教
배반,背反; 陪伴; 背叛; 排班
배반낭자,杯盘狼藉; 杯盘狼藉
배반자,背反者; 背叛者
배발,配发
배방,排放; 配方; 拜访
배방량,排放量
배방물,排放物
배배,拜拜; 排排; 杯杯
배변,排便; 排便
배별,拜别
배병포진,排兵布阵
배본,赔本
배부,配付; 背部; 背负; 赔付
배부기,赔不起
배부률,赔付率
배부상,配不上
배부시,赔不是
배분,配分; 辈分; 配体
배불,排佛; 拜佛
배불론,排佛论
배비,配备; 配比; 排比
배빈,倍频
배사,拜师; 拜谢
배산,背山
배산도해,排山倒海
배산임수,背山临水; 背山臨水
배상,赔偿; 陪床
배상금,赔偿金; 赔偿金
배상법,赔偿法
배상비,赔偿费
배새,杯赛
배색,配色
배서,排序; 背书
배석,陪席
배설,排泄
배설량,排泄量
배설률,排泄率
배설물,排泄物
배소,焙烧; 赔笑
배속,配属
배송,配送; 背诵; 陪送
배수,倍数; 拜受; 排水; 配水; 配售; 扒手; 拜寿
배수거신,杯水车薪; 杯水車薪
배수공,排水孔
배수관,排水管
배수관망,排水管网
배수구,排水口; 排水沟
배수량,排水量
배수일전,背水一战
배수지진,背水之阵
배수진,背水阵
배수차신,杯水车薪
배순,裴淳
배시,背时; 陪侍
배식,配饰; 培植
배신,背信; 陪臣; 拜神
배신감,背信感
배신기의,背信弃义
배신당,背信当
배신자,背信者
배신적,背信的
배심,背心; 陪审
배심단,陪审团
배심원,陪审员
배아,倍儿; 胚芽
배알,拜谒
배암투명,背暗投明
배액,配额
배약,配药
배양,培养
배양기,培养基
배양명,培养皿
배양법,培养法
배양비,培养费
배양액,培养液
배역,配役
배역진,配役阵
배연,排演
배열,配列
배영,背泳; 背影
배오,排污; 配伍
배오량,排污量
배오비,排污费
배외,排外
배용,配用
배용준,裴勇俊
배우,俳优; 配偶
배우난,俳优难
배우자,配偶者
배우적,俳优的
배우해난,排忧解难
배운,背运
배원소,裴元绍
배유,胚乳
배육,培育
배육기,培育期
배은망덕,背恩忘德
배은재,裴恩才
배음,配音; 背阴
배의,裴毅
배인,背人; 排印
배일병행,倍日并行; 倍日幷行
배임,背任
배임수재,背任受财
배자,辈子; 杯子; 胚子; 配子; 坯子; 排字
배장,排长; 排场; 陪葬
배장품,陪葬品
배전,倍前; 配电; 赔钱; 配殿
배절,扒窃
배점,配点; 杯垫
배점정,拜占庭
배정,配定
배정리향,背井离乡
배제,排除; 配制; 排挤
배제만난,排除万难
배제법,排除法
배조,拜祖
배종,配种
배죄,赔罪
배주,陪酒; 陪住
배주해원,杯酒解怨
배준,配准
배중률,排中律
배중사영,杯中蛇影
배증,倍增
배지,背地
배지리,背地里
배차,配车
배착,背着
배찬,配餐
배창,陪唱
배척,排斥; 背脊
배척당,排斥当
배천지,拜天地
배출,排出; 辈出
배출구,排出口
배출량,排出量
배출로,排出路
배층,胚层
배치,排置; 背驰; 配置
배치관리,配置管理
배치군,配置军
배치문건,配置文件
배치형,配置型
배친,陪衬
배칭,配称
배타성,排他性
배타적,排他的
배타주의,排他主义
배탁,拜托
배탁배탁,拜托拜托
배탑,配搭
배태,胚胎
배태기,胚胎期
배태학,胚胎学
배토,培土
배통,背痛
배투,配套
배투건,配套件
배투비,配套费
배투성,配套性
배판,排版
배편,排便
배평,配平
배포,排布; 配布; 背包; 坯布; 胚泡
배포권,配布权
배풍,背风
배풍선,排风扇
배한,排汗
배한정,裴汉庭
배합,配合
배합력,配合力
배합토,配合土
배해,排解
배행,排行
배향,背向
배험,排险
배협,排协
배호,排号
배홍,排洪
배활기,背阔肌
배회,徘徊; 拜会
배회부전,徘徊不前
배회부정,徘徊不定
배후,背后
배후지,背后地
배훈,培训
배훈반,培训班
배훈부,培训部
배훈비,培训费
배훈자,培训者
배흑과,背黑锅
배희,排戏; 配戏
배희량,裴熙亮
백,白; 百; 伯; 柏; 魄; 帛; 佰; 鲌; 銆
백가,百家; 白家
백가성,百家姓
백가쟁류,百舸争流
백가쟁명,百家争鸣
백가헌,白嘉轩
백간,白干
백감교집,百感交集
백강,白刚
백강현,百强县
백개소,白介素
백개수,白开水
백거역,白居易
백검,白脸
백검령,白剑翎
백격,伯格
백견,白绢
백결,白洁
백경채,白茎菜
백계,百计
백곡,百谷
백골,白骨
백골난망,白骨难忘
백골단,白骨团
백골정,白骨精
백과,百科; 白果; 百果
백과사전,百科事典
백과전서,百科全书
백관,百官
백광,白光
백구,白区; 白口; 白沟
백구과극,白驹过隙
백구막변,百口莫辩
백구은,白求恩
백구은의과대학,白求恩医科大学
백군,白军
백궁,白宫
백궁판공청,白宫办公厅
백권,白卷
백귀야행,百鬼夜行
백극,伯克
백극리,伯克利
백극명,白克明
백금,白金
백금한궁,白金汉宫
백급,白给
백기,白旗; 白棋; 白起; 百几
백기돈,白鳍豚
백기위,白奇伟
백남극,伯南克
백납,伯纳
백납오,伯纳乌
백내장,白内障
백녀사,白女士
백년,百年
백년가약,百年佳约
백년기념,百年纪念
백년난우,百年难遇
백년대계,百年大计
백년부우,百年不遇
백년지대계,百年之大计
백년지후,百年之后
백년하청,百年河清; 百年河淸
백년해로,百年偕老
백년호합,百年好合
백눈,白嫩
백니,伯尼; 白泥
백단,白檀
백단대전,百团大战
백단백,白蛋白
백답,白畓
백당,白糖; 伯当
백대,白带
백대괘,白大褂
백대집단,百大集团
백덕,伯德
백도,百度; 白道; 白度
백두,白头
백두도로,白头到老
백두발,白头发
백두산,白头山
백두여신,白头如新
백두옹,白头翁
백두해로,白头偕老
백등,白等
백라,白罗
백락,伯乐
백락일고,伯乐一顾; 伯樂一顾
백란,白兰
백란과,白兰科
백란지,白兰地
백란화,白兰花
백랍,柏拉; 白蜡
백랍도,柏拉图
백랑녕,白朗宁
백래,百来; 白来
백량,白亮
백력,魄力
백련,白莲
백련교,白莲教
백련성강,百炼成钢
백련집단,百联集团
백령,白领; 百灵; 白灵; 白玲
백령문,白领们
백령조,百灵鸟
백로,白露; 白鹭; 白老
백로사,白老师
백로주,白鹭洲
백록,白鹿
백록원,白鹿原
백록항,白鹿巷
백뢰,白磊
백룡,白龙
백릉,白绫
백리,白痢; 白梨
백리도일,百里挑一
백리리,白莉莉
백리부미,百里负米
백리항,伯利恒
백리향,百里香
백림,柏林; 柏霖
백림오림필극분육장,柏林奥林匹克体育场
백림장,柏林墙
백림혁탑,柏林赫塔
백림혁탑대,柏林赫塔队
백립침,白立忱
백마,白马
백마사,白马寺
백마왕자,白马王子
백막,白膜
백만,白万
백만부옹,百万富翁
백만웅사,百万雄师
백만장자,百万长者
백말,白沫
백망,白忙
백망망,白茫茫
백매,白煤
백면,白面
백면귀,白面鬼
백면서생,白面书生
백면포,白绵布
백명한,伯明翰
백모,白茅; 伯母; 白某
백모녀,白毛女
백모대,百慕大
백목,柏木
백목이,白木耳
백몽웅,白梦熊
백묘,白描
백무금기,百无禁忌
백무료뢰,百无聊赖
백무문능,白无纹绫
백문,百闻
백문부여일견,百闻不如一见
백물,百物
백미,白眉; 白米; 百米; 白薇
백반,白矾; 百般; 白饭; 白斑; 白班
백발,白发; 白拔
백발백중,百发百中
백방,百方
백방례,白芳礼
백배,百倍
백배중,白培中
백백,白白; 伯伯
백백반반,白白胖胖
백백정정,白白净净
백백지,白白地
백번,百番
백범,白帆
백병,百病
백보상,百宝箱
백보천양,百步穿杨
백봉,白凤
백부,伯父; 百部
백부인,白夫人
백분,百分; 白粉
백분률,百分率
백분병,白粉病
백분비,百分比
백분수,百分数
백분점,百分点
백분제,百分制
백붕비,白鹏飞
백비,白费; 白非; 白匪
백비비,白飞飞
백빙,白冰
백사,白蛇; 百事; 白沙; 白事
백사가락,百事可乐
백사가락공사,百事可乐公司
백사당,白砂糖
백사부득기해,百思不得其解
백사부해,百思不解
백사십,百四十
백사와,白沙瓦
백사장,白沙场
백사전,白蛇传
백사주,白沙洲
백사청송,白沙青松; 白沙靑松
백사통,百事通
백산,白山
백산시,白山市
백산흑수,白山黑水
백삼삼,白森森
백삼십,百三十
백삼희,白三烯
백새사고,伯塞斯库
백색,白色; 百色
백색공포,白色恐怖
백색시,百色市
백생생,白生生
백서,白书; 白薯; 帛书
백서린,白瑞麟
백석,白皙; 白石; 白晰
백선,百选
백선균,白癣菌
백선생,白先生
백선용,白先勇
백설,白雪; 白说
백설애애,白雪皑皑
백설탕,白雪糖; 白雪糖
백성,百姓; 白城
백성구물중심,百盛购物中心
백성문,百姓们
백성시,白城市
백세,百世
백세목,白细木
백세지사,百世之师
백세포,白细胞
백소,白素
백소언,白少彦
백소저,白小姐
백소정,白素贞
백수,白手; 白水; 白首; 柏树
백수공귀,白首空归
백수기가,白手起家
백수니,白水泥
백수십,百数十
백술,白术
백숭희,白崇禧
백습군,百褶裙
백승찬음집단,百胜餐饮集团
백식,白食
백십,百十
백십래,百十来
백십육,百十六; 百十六
백십이,百十二
백씨,白氏
백아,白牙
백아담,白鹅潭
백아라사,白俄罗斯
백아라사대,白俄罗斯队
백아이,柏阿姨
백아절현,伯牙绝弦
백악,白垩
백악기,白垩纪
백안,白眼
백안랑,白眼狼
백안시,白眼视
백암송,白岩松
백야,白夜
백약,百药; 白药
백양,白杨; 柏杨
백양문,白羊们
백양수,白杨树
백양전,白洋淀
백양좌,白羊座
백어,白鱼
백억,百亿
백업,百业
백여,白茹
백여명,百余名
백여운,白如云
백여인,百余人
백연,白燕
백열,白热
백열등,白热灯
백열전등,白热电灯
백열화,白热化
백엽,白烨
백오,百五
백오십,百五十
백오십만,百五十万
백오십오,百五十五
백옥,白玉
백옥기,白玉骐
백옥당,白玉堂
백옥란,白玉兰
백옥룡,白玉龙
백옥륜,白玉仑
백옥미하,白玉微瑕
백완여,白婉茹
백우,柏宇; 白羽; 白宇
백우당,白雨棠
백욱,白旭
백운,白云
백운관,白云观
백운구,白云区
백운국제기장,白云国际机场
백운기장,白云机场
백운모,白云母
백운비,白云飞
백운산,白云山
백운서,白芸瑞
백운석,白云石
백운암,白云岩
백운항,白云航
백웅,白熊
백월,百越
백유,柏油; 白油
백유로,柏油路
백육,百六; 百六; 白肉
백육십,百六十; 百六十
백육십칠,百六十七; 百六十七
백윤,白润
백은,白银
백은배,白恩培
백은사,伯恩斯
백은사탄,伯恩斯坦
백은시,白银市
백은호,白银虎
백의,白衣; 白蚁; 白毅
백의민족,白衣民族
백의백순,百依百顺
백의종군,白衣从军
백의천사,白衣天使
백이,伯夷
백이니,伯尔尼
백이십,百二十
백이십팔,百二十八
백이지렴,伯夷之廉
백인,白人; 白刃
백인전,白刃战
백일,百日; 白日
백일몽,白日梦
백일장,白日场
백일주몽,白日做梦
백일청천,白日青天; 白日靑天
백일하,白日下
백일해,百日咳
백자,白瓷; 白字; 白煮
백자만,百子湾
백작,伯爵
백장청,柏长青
백저,白苎
백저포,白纻布
백전노장,百战老将; 百战老将
백전백승,百战百胜
백전부태,百战不殆
백전천회,百转千回
백전풍,白癜风
백절계,白切鸡
백절부요,百折不挠
백절부회,百折不回
백절불굴,百折不屈; 百折不屈
백정,白丁; 白净
백정정,白晶晶
백정층,白丁层
백제,百济
백제성,白帝城
백조,白鸟; 白条
백조성,白噪声
백족,白族
백종,白种
백종인,白种人
백주,白昼; 白酒
백주업,白酒业
백중,伯仲; 百中
백중선,白中仙
백중세,伯仲势
백중숙계,伯仲叔季
백중절,百中节
백중지간,伯仲之间
백중지세,伯仲之势
백중홍,白中红
백지,白纸; 柏芝; 白芷; 白地
백지도,白地图
백지상태,白纸状态
백지장,白纸张
백지화,白纸化
백지흑자,白纸黑字
백질,白质
백차,白车; 白茶
백참계,白斩鸡
백채,白菜
백척간두,百尺竿头
백천,白天
백천만,百千万
백천우,白千羽
백천학해,百川学海
백철,白铁
백청정,白晴婷
백체,百体
백체기,伯蒂奇
백초,白醋; 百草
백초의,白初宜
백출,百出
백치,白痴; 白炽
백치등,白炽灯
백칠십,百七十
백칠십오,百七十五
백칠십이,百七十二
백타산,白驼山
백탑,白搭; 白塔
백탕,白汤
백태,白苔
백토,白兔
백팔,百八
백팔번뇌,百八烦恼
백팔십,百八十
백팔십도,百八十度
백팔십도제,百八十度祭
백팔십삼,百八十三
백평형,白平衡
백폐대흥,百废待兴
백포,白布
백포도주,白葡萄酒
백포일쟁,白跑一趟
백피서,白皮书
백하,白河
백하구,白下区
백하로,白下路
백학,白鹤
백합,白蛤; 百合; 白鸽
백합과,百合科
백합장,百合奖
백합화,百合花
백해,白海
백해돈,白海豚
백해무익,百害无益
백혈구,白血球
백혈병,白血病
백협,百叶; 白叶
백협창,百叶窗
백호,白虎; 白狐; 柏豪
백호수,白虎水
백홍,白泓
백홍관일,白虹贯日
백화,百花; 百货; 白花; 白话; 白桦; 白化; 白华
백화공사,百货公司
백화난만,百花烂漫; 百花爛漫
백화문,白话文
백화업,百货业
백화원,百花园
백화장,百花奖
백화쟁염,百花争艳
백화점,百货店
백화점식,百货店式
백화제방,百花齐放
백화화,白花花
백활,白活
백회,白灰
백후,白喉
백흘,白吃
백희림,白喜林
뱀,㖱
번,翻; 烦; 繁; 番; 藩; 樊; 幡; 蕃; 燔; 袢; 蘩; 磻; 蹯; 籓; 膰; 繙; 𬸪; 蠜; 轓; 薠; 緐; 笲; 煩; 璠
번가,番茄
번가장,番茄酱
번갈,烦渴
번갑생,樊甲生
번강도해,翻江倒海
번개,翻开; 翻盖
번건,翻建
번건천,樊建川
번검,翻脸; 翻检
번검무정,翻脸无情
번견,番犬
번경,翻耕
번곤,翻滚
번공,翻供
번과,翻过
번과래,翻过来
번구장,翻旧账
번권,翻卷
번근두,翻跟头
번근투,翻筋斗
번기,烦气
번뇌,烦恼
번다,烦多; 繁多
번도,翻倒
번동,翻动
번등,翻腾
번란,烦乱
번래복거,翻来覆去
번량번,翻两番
번량헌,樊亮轩
번령,翻领
번로,烦劳
번록,翻录
번리,藩篱; 樊篱
번망,繁忙; 樊纲
번모,翻毛; 樊某
번목과,番木瓜
번무,繁茂
번문욕절,繁文缛节
번민,烦闷
번밀,繁密
번배,翻倍
번백,翻白
번백안,翻白眼
번번,番番; 翻番; 翻翻
번범,樊凡
번복,翻覆; 飜覆; 繁复
번본,翻本
번분,繁体
번분자,繁体字
번비,翻飞
번사,翻砂
번사협,番泻叶
번산월령,翻山越岭
번상도궤,翻箱倒柜
번서,番薯; 翻书
번석류,番石榴
번선,翻船
번선생,樊先生
번성,蕃盛; 繁星; 繁盛; 樊城
번속,藩属
번송,繁荣
번송기,繁荣期
번송부강,繁荣富强
번송창성,繁荣昌盛
번쇄,繁琐; 烦琐; 翻晒
번수,翻修
번수위운,翻手为云
번식,繁殖
번식기,繁殖期
번식력,繁殖力
번식률,繁殖率
번식종,繁殖种
번식지,繁殖地
번신,翻身; 翻新
번신장,翻身仗
번심,烦心
번안,翻案
번안곡,翻案曲; 飜案曲
번안극,翻案剧; 飜案剧
번역,翻译; 飜译
번역가,翻译家; 飜译家
번역권,翻译权; 飜译权
번역극,翻译剧; 飜译剧
번역기,翻译机; 飜译机
번역료,翻译料; 飜译料
번역문,翻译文; 飜译文
번역본,翻译本; 飜译本
번역서,翻译书; 飜译书
번역어,翻译语; 飜译语
번역자,翻译者; 飜译者
번역진,翻译阵; 飜译阵
번연,繁衍
번연성오,幡然醒悟
번연회오,幡然悔悟
번열,翻阅; 烦热
번영,繁荣
번옹,番禺
번옹구,番禺区
번옹시,番禺市
번왕,藩王
번요,烦扰
번용,翻涌; 繁冗
번우,烦忧
번운복우,翻云覆雨
번월,翻越
번육,繁育
번인,烦人; 翻印
번일번,翻一番
번잡,烦杂; 繁杂
번장,翻浆
번조,烦躁
번조부안,烦躁不安
번중,繁重
번지,番地; 翻地
번지수,番地数
번진,藩镇
번차,翻车
번창,繁昌
번천,翻天
번천복지,翻天覆地
번청,烦请
번체자,繁体字
번치,繁峙
번침,翻沉
번투,翻斗
번투차,翻斗车
번판,翻版; 翻板
번호,番号
번호판,番号版
번화,繁华; 繁花
번화가,繁华街
번화사금,繁花似锦
벌,罚; 伐; 阀; 筏; 垡; 瞂; 罰
벌과금,罚科金; 罚科金
벌관,罚款
벌구,罚球
벌금,罚金; 罚金
벌금형,罚金刑; 罚金刑
벌목,伐木
벌목공,伐木工
벌문,阀门
벌전,罚钱
벌주,罚酒
벌참,罚站
벌채,伐采
벌채업,伐采业
벌초,伐草
벌칙,罚则
범,范; 犯; 凡; 泛; 帆; 梵; 钒; 訉; 軓; 盕; 範
범가,范家
범가이,范加尔
범간,凡间
범감적,范甘迪
범개혁,泛改革
범고,梵高; 凡高
범곤,犯困
범곽은,范霍恩
범국민,泛国民
범국민적,泛国民的
범규,犯规
범금,犯禁
범기,泛起; 犯忌
범난,犯难
범녀사,范女士
범니,范尼
범니사특로이,范尼斯特鲁伊
범대장군,范大将军
범덕법특,范德法特
범덕살,范德萨
범덕표,范德彪
범독,泛读
범득착,犯得着
범라,犯懒
범람,泛滥
범람성재,泛滥成灾
범량,范良
범려,范蠡
범례,范例; 凡例
범로사,范老师
범로현,范鲁贤
범모,范某
범무,范无
범문,范文; 梵文
범문동,范文同
범문란,范文澜
범문방,范文芳
범문정,范文程
범미,泛美
범민족,泛民族
범박매이,范博梅尔
범범,泛泛; 范范
범범이담,泛泛而谈
범범지교,泛泛之交
범법,犯法
범법자,犯法者
범병,犯病
범복춘,范福春
범본,范本
범부,凡夫
범부상,犯不上
범부속자,凡夫俗子
범부착,犯不着
범빈,范斌
범빙빙,范冰冰
범사,凡事; 犯事
범사림,凡士林
범사예칙립,凡事预则立
범사철,范思哲
범산,泛酸
범상,凡常; 犯上
범상성,凡常性
범서려태,范徐丽泰
범선,帆船
범선새,帆船赛
범선생,范先生
범선운동,帆船运动
범성불이,凡圣不二; 凡圣不二
범세,凡世
범세계적,泛世界的
범소저,范小姐
범속,凡俗
범속성,凡俗性
범수,犯愁; 范帅
범시,凡是
범시민,泛市民
범식,范式
범신,范晨
범신경,犯神经
범신론적,泛神论的
범심,凡心
범씨,范氏
범안,犯案
범야권,泛野圈
범양,范阳
범역모,范易谋
범엽,范晔
범영,帆影; 范瑛
범위,范围; 范伟
범위기,范玮琪
범음,泛音
범이새,凡尔赛
범이새궁,凡尔赛宫
범인,凡人; 犯人
범인문,犯人们
범일신,范逸臣
범장강,范长江
범장국,范长国
범적고,犯嘀咕
범정부,泛政府
범정부적,泛政府的
범죄,犯罪
범죄률,犯罪率
범죄성,犯罪性
범죄인,犯罪人
범죄자,犯罪者
범죄적,犯罪的
범죄행위,犯罪行为
범죄형,犯罪型
범주,范畴; 泛舟
범주적,范畴的
범중엄,范仲淹
범증,范增
범지,泛指
범지군,范志军
범지역,泛地域
범지의,范志毅
범진,凡尘; 范进
범차종종,凡此种种
범착,犯错
범체강,梵蒂冈
범특서,范特西
범파사등,范巴斯滕
범판,帆板
범패서,范佩西
범포,帆布
범하,犯下
범합내형,范哈内亨
범행,犯行
범형,范亨
범화,泛化
범효훤,范晓萱
법,法; 珐; 钫
법가,法家; 法可
법경,法警
법계,法界
법고,法库
법고창신,法古创新
법고현,法库县
법과,法科
법과대,法科大
법관,法官
법관문,法官们
법관법,法官法
법국,法国
법국공사,法国公司
법국국가대,法国国家队
법국대,法国队
법국대사관,法国大使馆
법국식,法国式
법국인,法国人
법국족협,法国足协
법국참,法国站
법국파려은행,法国巴黎银行
법국항공공사,法国航空公司
법국흥업은행,法国兴业银行
법권,法权
법규,法规
법규성,法规性
법규조례,法规条例
법기,法器; 法纪
법단,法缎
법당,法堂
법대,法台; 法大
법덕,法德
법도,法图; 法度
법라군도,法罗群岛
법란,法兰
법란극,法兰克
법란극복,法兰克福
법란극복대,法兰克福队
법란서,法兰西
법란서공화국,法兰西共和国
법란융,法兰绒
법랍,法腊; 法拉
법랍기,法拉奇
법랍리,法拉利
법랍리차대,法拉利车队
법랍제,法拉第
법랑,法郎; 珐琅
법랑질,珐琅质
법력,法力
법력무변,法力无边
법령,法令
법령안,法令案
법령화,法令化
법례,法例
법로,法老
법로극,法鲁克
법륜,法轮; 法伦
법륜공,法轮功
법률,法律
법률가,法律家
법률계,法律界
법률고문,法律顾问
법률관계,法律关系
법률성,法律性
법률안,法律案
법률적,法律的
법률조문,法律条文
법률화,法律化
법리,法理
법망,法网
법망회회,法网恢恢
법맹,法盲
법명,法名
법무,法务
법무관,法务官
법문,法文; 法门
법문사,法门寺
법물,法物
법보,法宝
법복,法服
법부책중,法不责众
법비아낙,法比亚诺
법사,法事; 法师
법사문,法师们
법삼장,法三章
법상,法床; 法相
법상종,法相宗
법서사,法西斯
법선,法线
법성,法性
법술,法术
법신,法身
법신사,法新社
법씨낭,法氏囊
법아,法儿
법안,法案; 法眼
법야자,法耶兹
법어,法语
법열,法悦
법원,法院
법원권근,法远拳近
법원사,法源寺
법의,法医
법의학,法医学
법인,法人; 法印; 法认
법인고,法人股
법인세,法人税
법인체,法人体
법자,法子
법잡,法币
법장,法场
법적,法的; 法籍
법전,法典
법절체,法切蒂
법정,法定; 法廷; 法庭; 法政
법정극,法庭剧
법정주의,法庭主义
법정형,法定刑
법정화,法定化
법제,法制
법제보,法制报
법제적,法制的
법제화,法制化
법조,法曹
법조계,法曹界
법조문,法条文
법조인,法曹人
법질서,法秩序
법체계,法体系
법치,法治
법치주의,法治主义
법치화,法治化
법칙,法则
법칙성,法则性
법칙적,法则的
법탑혁,法塔赫
법통,法统
법판,法办
법포뢰가사,法布雷加斯
법학,法学
법학가,法学家
법학계,法学界
법학사,法学士
법학원,法学院
법학회,法学会
법해,法海
법혁덕,法赫德
법호,法号
법회,法会
벽,壁; 辟; 碧; 劈; 僻; 霹; 璧; 癖; 噼; 擘; 薜; 甓; 襞; 檗; 䴙; 躄; 綼; 擗; 鲾; 鼊; 鐴; 繴
벽간,壁间
벽개,劈开
벽계원,碧桂园
벽공,碧空
벽괘,壁挂
벽괘식,壁挂式
벽궤,壁柜
벽난로,壁暖炉
벽도,碧桃
벽두,劈头
벽두개검,劈头盖脸
벽등,壁灯
벽라춘,碧螺春
벽락,碧落
벽람,碧蓝
벽력,霹雳
벽력무,霹雳舞
벽력섬전,霹雳闪电
벽력화,霹雳火
벽로,壁炉
벽록,碧绿
벽루,壁垒
벽류,碧流
벽리박랍,噼里啪啦; 劈里啪啦
벽립,壁立
벽면,壁面; 劈面
벽박,噼啪; 劈啪
벽벽박박,噼噼啪啪
벽보,壁报
벽봉협,碧峰峡
벽산,劈山; 璧山
벽산현,璧山县
벽살,劈杀
벽성,劈成
벽세포,壁细胞
벽수,劈手
벽시,劈柴
벽시계,壁时计
벽안,碧眼
벽안자염,碧眼紫髥
벽옥,碧玉
벽요,碧瑶
벽운사,碧云寺
벽유이,壁有耳
벽장,壁欌
벽정,僻静
벽주,壁橱
벽지,僻地; 壁纸
벽차,劈叉
벽창우,碧昌牛
벽체,壁体
벽촌,僻村
벽파,碧波
벽파참랑,劈波斩浪
벽파탕양,碧波荡漾
벽해,碧海
벽혈,碧血
벽호,壁虎; 癖好
벽화,壁画
변,变; 便; 边; 辩; 辨; 拚; 辫; 匾; 汴; 卞; 弁; 骈; 笾; 苄; 胼; 釆; 忭; 邉; 覍; 跰; 骿; 邊; 變; 変; 辯; 辺
변가,变价
변각,边角
변각료,边角料
변강,边疆; 边强
변개,变改
변건국,卞建国
변검,变脸
변경,变更; 边境
변경선,变更线; 边境线
변경식,变更式
변계,边界
변계선,边界线
변계층,边界层
변고,变故
변광,边框
변괘,变卦
변괴,变怪
변구,边区; 边沟
변국,变局
변기,便器; 便器
변대,边带
변덕,变德
변도,边度
변동,变动
변동기적,变动机的
변동일실,便同一室; 便同一室
변득,变得
변란,变乱
변량,变量
변론,辩论
변론권,辩论权
변론문,辩论文
변론새,辩论赛
변론회,辩论会
변률,变率
변매,变卖
변명,辨明; 辩明
변모,变貌
변무,边贸
변문,边门
변미,变味
변민,边民
변박,辩驳
변방,边方; 边防
변방군,边防军
변백,辩白
변법,变法
변변각각,边边角角
변별,辨别
변별적,辨别的
변복,变服
변본가려,变本加厉
변봉,边锋
변분,变体; 变分
변비,便秘; 便秘
변빈,变频
변빈기,变频器
변사,变死
변사체,变死体
변상,辨偿; 变相
변상분벌,变相体罚
변상창가,变相涨价
변새,边塞
변색,变色
변색룡,变色龙
변석,辨析
변선,边线
변설여류,辩舌如流
변성,变性; 变成; 边城; 变声
변성기,变声期
변성암,变成岩
변소,便所; 便所; 边关; 辩诉
변소간,便所间; 便所间
변속,变速
변속상,变速箱
변송기,变送器
변수,变数; 边陲; 变修
변순,边淳
변시체,变尸体
변신,变身; 辨识
변신술,变身术
변심,变心
변아,边儿
변압기,变压器
변양,变样
변역,变易
변연,边缘; 边沿
변연구,边缘区
변연성,边缘性
변연화,边缘化
변용,变容
변원,边远
변원지구,边远地区
변위,变为; 变位
변응성,变应性
변응원,变应原
변의,便意; 便意
변이,变异
변이분,变异体
변이성,变异性
변인,变因; 辨认
변자,辫子
변장,变装
변재,辩才
변전,变电
변전소,变电所
변전참,变电站
변절,变节
변절자,变节者
변정,辩证; 辨证
변정라집,辩证逻辑
변정론치,辨证论治
변정법,辩证法
변정변개,边整边改
변정시치,辨证施治
변정유물주의,辩证唯物主义
변제,辨济; 边际
변조,变潮; 变调; 变造
변조기,变阻器
변조단,变造团
변종,变种
변주,变奏
변주곡,变奏曲
변즉통,变则通
변증법,辨证法
변증법적,辨证法的
변지,边地
변지분,胼胝体
변질,变质
변질암,变质岩
변착법아,变着法儿
변천,变迁; 变天
변천사,变迁史
변청,辨清
변칙,变则
변칙적,变则的
변칙통,变则通
변태,变态
변태반응,变态反应
변태반응성,变态反应性
변태심리,变态心理
변태적,变态的
변통,变通
변파,边坡
변폐위보,变废为宝
변폭,变幅
변풍이속,变风移俗
변해,辩解
변혁,变革
변혁기,变革期
변현,变现
변형,变形
변형량,变形量
변형성,变形性
변호,辩护
변호권,辩护权
변호사,辩护士
변호사계,辩护士界
변호인,辩护人
변호인단,辩护人团
변호인제,辩护人制
변호제,辩护制
변화,变化
변화감,变化感
변화구,变化球
변화다단,变化多端
변화률,变化率
변화막측,变化莫测
변화만천,变化万千
변화무궁,变化无穷
변화무상,变化无常
변화무쌍,变化无双
변화범위,变化范围
변화성,变化性
변환,变换; 变幻
변환기,变换器
변환막측,变幻莫测
변환무상,变幻无常
변희법,变戏法
별,别; 瞥; 撇; 憋; 瘪; 鳖; 蹩; 鼈; 莂; 別; 丿
별가,别家
별각,蹩脚
별간,别看
별감,别监
별강교,别康桥
별개,别个; 撇开
별개생면,别开生面
별개완소,别开玩笑
별거,别居
별견,瞥见
별관,别馆; 别管
별구일격,别具一格
별구장심,别具匠心
별국,别国
별굴,憋屈
별극,别克
별금방,别锦房
별기,憋气
별다,别多
별당,别堂
별도,别途
별도리,别道理
별동,别动
별동대,别动队
별래무양,别来无恙
별렬좌부사기,别列佐夫斯基
별리,别离
별매,别卖
별명,别名
별무,别无
별무선택,别无选择
별무소구,别无所求
별무이치,别无二致
별무타법,别无他法
별문단,别纹缎
별문제,别问题
별미,别味
별민,憋闷
별반,别般
별별,别别
별별취,撇撇嘴
별사란,别斯兰
별삼,瘪三
별서,别墅
별서류,别墅类
별서식,别墅式
별설,别说
별설시,别说是
별세,别世
별세계,别世界
별순검,别巡检
별시,别试; 别是
별식,别食
별안간,瞥眼间
별양,别样; 别让
별우,别于
별유,别有
별유동천,别有洞天
별유용심,别有用心
별유일번,别有一番
별유풍미,别有风味
별읍,别邑
별의별,别-别
별이청지,别而听之
별인,别人
별입시,别入侍
별자,别字
별장,别庄
별적,别的
별전,别传
별정,别情
별정직,别定职
별제,别提
별지장,别支障
별차,别差
별책,别册
별처,别处
별천지,别天地
별출심재,别出心裁
별취,撇嘴
별치,别致
별침,别针
별칭,别称
별표,别表
별풍회우,别风淮雨
별하,撇下
별호,别号
별호설,别胡说
별후,别后
병,并; 兵; 病; 瓶; 屏; 柄; 饼; 丙; 秉; 炳; 迸; 乒; 摒; 浜; 骈; 邴; 聠; 竝; 踫; 蛢; 鈵; 缾; 𫐌; 鉼; 絣; 苹; 並; 餅; 椪; 幷
병가,兵家; 病假; 病家
병가상사,兵家常事
병가제구,并驾齐驱
병간,饼干; 兵谏
병간호,病看护
병갑,兵甲
병강마장,兵强马壮
병강즉멸,兵彊则灭
병개,瓶盖
병거,并举
병거지회,兵车之会; 兵車之会
병견,并肩
병견작전,并肩作战
병경,瓶颈
병경기,瓶颈期
병고,病苦; 病故
병고현,兵库县
병공,秉公; 兵工
병공창,兵工厂
병과,并科; 兵科; 苹果; 倂科; 兵戈
병과록,苹果绿
병과산,苹果酸
병과원,苹果园
병구,病区; 病句
병권,兵权
병궤,并轨
병귀신속,兵贵神速
병균,病菌
병근,病根
병급란투의,病急乱投医
병기,兵器; 摒弃; 屏气
병남,屏南
병단,兵团; 乒坛
병도,病倒
병독,病毒
병독성,病毒性
병동,病栋; 丙酮; 屏东
병동산,丙酮酸
병동현,屏东县
병래장당,兵来将挡
병력,兵力; 病历; 并力
병력자,病历者
병련,并联; 乒联
병렬,竝列; 并列; 迸裂
병렬적,竝列的
병례,病例
병롱,并拢
병류,并流
병륜,丙纶
병리,病理
병리과,病理科
병리분형,病理分型
병리사,病理士
병리절편,病理切片
병리학,病理学
병리학가,病理学家
병리학과,病理学科
병리학적,病理学的
병립,竝立; 并立
병립제,竝立制
병마,病魔; 兵马
병마용,兵马俑
병막,屏幕; 屛幕
병망,并网
병망발전,并网发电
병맥주,瓶麦酒; 甁麦酒
병명,病名
병몰유,并没有
병무,兵务
병문안,病问安
병반,餠盘
병발,并发; 迸发
병발성,并发性
병발증,并发症
병발출,迸发出
병방,病房
병배,并排
병법,兵法
병변,病变; 兵变
병변자,病变者
병병,瓶瓶
병병퐁퐁,乒乒乓乓
병부,并不; 幷不; 兵部; 病夫; 兵符
병부시,并不是
병부염사,兵不厌诈
병부혈인,兵不血刃
병부회,并不会
병분,病体
병분량로,兵分两路
병비,并非; 幷非; 饼肥; 兵备; 兵痞
병비여차,并非如此
병사,兵士; 病死; 病史; 迸射; 兵事
병사률,病死率
병사문,兵士们
병산,屏山
병상,病床; 病状
병새,瓶塞; 乒赛
병색,病色
병서,兵书; 病逝
병선,兵船
병설,竝设
병성,秉性
병세,病势
병소,病巢
병수,并修; 幷修
병승,秉承
병식,屏息
병신,病身; 丙申
병신년,丙申年
병실,病室
병아,病儿
병안,病案; 并案
병안산,丙氨酸
병약,病弱
병역,兵役
병역법,兵役法
병영,兵营
병오,丙午
병옥,饼屋
병완,丙烷
병용,竝用; 并用; 病容; 兵勇
병우,病友
병우문,病友们
병원,病院; 病原; 兵员; 病员; 病源; 兵源
병원균,病原菌
병원분,病原体
병원성,病原性
병원장,病院长
병원학,病原学
병위,病危; 病位
병유,病愈
병융상견,兵戎相见
병이순,丙二醇
병인,丙寅; 病人; 病因; 兵刃
병인문,病人们
병인양요,丙寅洋扰
병인학,病因学
병임성하,兵临城下
병입,并入
병입고황,病入膏황; 病入膏肓
병자,丙子; 病者; 瓶子; 饼子
병자문,瓶子们
병자생,丙子生
병자호란,丙子胡乱
병작제,竝作制
병잔,病残
병장,兵长; 屏障; 瓶装
병적,病的
병점,饼店
병정,兵丁; 病情; 病程; 病征
병제,摒除; 兵制
병조,病灶
병존,竝存; 并存
병졸,兵卒
병종,兵种
병종구입,病从口入
병주,屏住; 并州; 病株
병주고향,并州故鄕; 幷州故鄕
병중,病中; 并重; 病重
병증,病症
병지,秉持; 并指
병진,并进; 丙辰
병차,并且; 幷且; 兵车
병참,兵站
병체,并蒂
병촉,秉烛
병촉야유,秉烛夜游
병충해,病虫害
병탄,并吞
병탑,病榻
병태,病态
병통,病痛
병퇴,病退
병패,兵败
병패여산도,兵败如山倒
병폐,病弊; 屏蔽
병퐁,乒乓
병퐁구,乒乓球
병퐁구새,乒乓球赛
병풍,屏风; 屛风
병함,兵舰
병합,并合; 倂合
병해,病害
병해충,病害虫
병핵,病势; 兵势
병행,竝行; 并行
병행부패,并行不悖
병협,乒协
병형간염,丙型肝炎
병호,病号
병환,病患
병황,病况
병황마란,兵荒马乱
병후,病后
병훼해,病虫害
병휴,病休
병희,丙烯
병희산,丙烯酸
병희산지,丙烯酸酯
병희정,丙烯腈
보,报; 保; 步; 普; 宝; 补; 堡; 辅; 甫; 菩; 谱; 葆; 煲; 莆; 褓; 鸨; 逋; 鞴; 黼; 镨; 賲; 簠; 藵; 踄; 寶; 報; 補; 譜; 寳; 埗; 歩; 輔
보가,报价; 保驾
보가리아,保加利亚
보가리아대,保加利亚队
보가위국,保家卫国
보간,报刊
보갑,保甲
보강,补强; 补讲; 宝钢; 普降; 保康
보강집단,宝钢集团
보개,宝盖
보거,保举
보거상의,辅车相依; 辅車相依
보건,保健
보건과,保健课
보건류,保健类
보건법,保健法
보건소,保健所
보건소장,保健所长
보건실,保健室
보건원,保健员
보건조,保健操
보건참,保健站
보건품,保健品
보검,宝剑
보결,补缺; 保洁
보결공사,宝洁公司
보결원,保洁员
보경,报警; 普京; 宝镜; 宝庆
보경기,报警器
보경운,步惊云
보경천,步惊天
보계,宝鸡; 报界; 谱系
보계시,宝鸡市
보고,宝库; 报告; 报考; 补考; 普高
보고기,报告期
보고기기,报告期期
보고단,报告团
보고대회,报告大会
보고문학,报告文学
보고서,报告书
보고원,报告员
보고인,报告人
보고자,报考者
보고회,报告会
보곡,谱曲
보골,补骨
보골지,补骨脂
보과,补课; 补过; 保科
보과비,补课费
보관,保管; 报馆; 报官
보관법,保管法
보관비,保管费
보관소,保管所
보관원,保管员
보관인,保管人
보관함,保管函
보교,普教; 保教
보구,报仇; 补救
보구설한,报仇雪恨
보국,报国
보국대,报国队
보국안민,辅国安民
보군,步军
보궁,宝宫
보궐,补阙
보귀,宝贵
보균자,保菌者
보급,普及; 补给
보급대,补给队
보급로,补给路
보급률,补给率; 普及率; 补给率
보급선,补给线
보급성,普及性
보급소,补给所
보급형,普及型
보급화,普及化
보기,辅机; 宝气
보기금,保基金
보기지단,补己之短
보길,普吉
보길도,普吉岛
보난,保暖
보난성,保暖性
보녕,普宁
보녕시,普宁市
보단,保单; 报端; 报单
보답,报答
보대,保大; 补台
보덕,保德; 报德
보도,宝刀; 报道; 步道; 辅导; 报到; 报导; 宝岛; 补图; 步都
보도국,报道局
보도국장,报道局长
보도기,辅导期
보도반,辅导班
보도부로,宝刀不老
보도서,辅导书
보도원,辅导员
보도정,报到证
보도중생,普度众生
보도진,报道阵
보동,报童
보두,报头
보득주,保得住
보라,保罗; 普罗
보라문찰낙,普罗文扎诺
보라왕사,普罗旺斯
보라적,普罗迪
보란,普兰; 报栏
보란점,普兰店
보란점시,普兰店市
보람,宝蓝
보랍덕곽만,普拉德霍湾
보랍모,普拉姆
보랍제,普拉提
보랍체,普拉达
보랍체니,普拉蒂尼
보래모,普莱姆
보래사,普莱斯
보래탑,保莱塔
보량,保量
보려래,宝丽来
보령구,保龄球
보로사,普鲁士
보로잡인,普鲁卡因
보뢰사과특,普雷斯科特
보료,辅料
보루,堡垒; 补漏
보류,保留
보류극목,保留剧目
보리,菩提; 保利; 步履
보리간난,步履艰难
보리극원,保利剧院
보리마과부,普里马科夫
보리반산,步履蹒跚
보리사통,普利司通; 普利斯通
보리수,菩提树
보리유간,步履维艰
보리책,普利策
보림사,普林斯
보림사돈,普林斯顿
보림사돈대학,普林斯顿大学
보마,宝马; 普马
보매,辅酶
보명,报名; 保命
보명비,报名费
보명자,报名者
보명처,报名处
보명표,报名表
보모,保姆
보모식,保姆式
보묘,保苗; 补苗
보무,步武
보무당당,步武堂堂
보무원,报务员
보문,报文
보물,宝物
보밀,保密
보밀법,保密法
보밀봉,普密蓬
보밀성,保密性
보발,补发
보벌,步伐
보법,普法; 步法
보병,步兵
보병사,步兵师
보병좌,宝瓶座
보보,宝宝; 步步; 补报
보보고승,步步高升
보보과,补补课
보보문,宝宝们
보보위영,步步为营
보보통통,普普通通
보복,报复
보복성,报复性
보복심,报复心
보복적,报复的
보본,保本
보본기금,保本基金
보본형,保本型
보부상,褓负商
보부주,保不住
보분석,谱分析
보비,报批; 保费; 报费
보사,保社; 报社; 普查
보사원,普查员
보산,宝山; 保山
보산구,宝山区
보산시,保山市
보살,菩萨
보살상,菩萨像
보살심장,菩萨心肠
보살행,菩萨行
보상,报偿; 补偿; 褓商; 补上; 保墒
보상과,报偿课
보상금,报偿金; 补偿金; 报偿金; 补偿金
보상무역,补偿贸易
보상비,报偿费; 补偿费
보상성,报偿性; 补偿性
보상액,报偿额
보상적,报偿的
보상제,补偿制
보색,补色
보생이사,报生以死
보서,宝书
보석,宝石; 保释
보석상,宝石商
보석집단,宝硕集团
보선,补选; 保鲜; 普选
보선기,保鲜期
보세,保税; 补税; 报税
보세구,保税区
보소,报销; 报关
보소원,报关员
보송,保送
보송생,保送生
보수,保守; 报酬; 补修; 保修; 报数; 保收
보수기,保修期
보수당,保守党
보수률,报酬率
보수성,保守性
보수적,保守的
보수주의,保守主义
보수주의자,保守主义者
보수파,保守派
보수형,保守型
보습,补湿; 补习
보습반,补习班
보시,布施; 报时
보시첩,保时捷
보식,辅食
보신,保身; 补身; 补肾; 报信
보신용,补身用
보신주의,保身主义
보신지책,保身之策
보신탕,补身汤
보실,报失
보심,报审
보아,补牙
보안,保安; 报案; 宝安; 普安
보안관,保安官
보안구,宝安区
보안대,保安队
보안등,保安灯
보안사,保安司
보안서원,保安署员
보안원,保安员
보안중심,宝安中心
보안현,普安县
보약,补药
보약이,普约尔
보양,保养; 补养
보양품,保养品
보어,补语
보업,报业
보온,保温
보온밥통,保温-桶
보온배,保温杯
보온병,保温瓶; 保温甁
보온재료,保温材料
보완,补完
보완적,补完的
보완책,补完策
보외취의,保外就医
보우,保佑; 报忧
보원,宝元; 补元
보원이덕,报怨以德
보위,保卫; 宝位
보위과,保卫科
보위부,保卫部
보위부장,保卫部长
보위원,保卫员
보위자,保卫者
보위전,保卫战
보유,保有; 保维; 补遗
보유국,保有国
보유량,保有量
보유설,保有说
보유액,保有额
보유율,保有率; 保有率
보유자,保有者
보유주,保有株
보육,保育
보육원,保育院; 保育员
보은,报恩
보음,辅音
보음제,补阴剂
보응,报应; 宝应
보이,普洱; 普尔; 保尔
보이공사,普尔公司
보이사마특,普尔斯马特
보이삼,保尔森
보이시,普洱市
보이차,普洱茶
보이탑,普尔塔
보익,补益
보인,保人; 报人
보일방평안,保一方平安
보입,步入
보자,步子; 谱子; 堡子
보잡,保卡
보장,保藏; 保障; 宝藏; 报章; 步长; 报账
보장금,保障金; 保障金
보장류,保障类
보장법,保障法
보장성,保障性
보장적,保障的
보장형,保障型
보저,保底
보적성,普适性
보전,保全; 补填; 补塡; 宝典; 莆田
보전시,莆田市
보전현,莆田县
보정,补正; 保证; 保定; 补丁; 普定; 宝顶; 保亭
보정금,保证金
보정남시구검찰원,保定南市区检察院
보정률,保证率
보정서,保证书
보정시,保定市
보정인,保证人
보정현,普定县
보제,菩提; 补剂; 普济
보제수,菩提树
보조,步调; 补助; 辅助; 普照
보조건,谱条件
보조금,补助金; 补助金
보조물,补助物
보조비,补助费
보조성,辅助性
보조액,补助额
보조원,补助员
보조율,补助率; 补助率
보조일치,步调一致
보조적,补助的
보족,补足
보존,保存
보존기,保存期
보존률,保存率
보존법,保存法
보존자,保存者
보존회,保存会
보졸,步卒
보종,补种; 保种
보좌,补佐; 宝座; 辅佐
보좌관,补佐官
보좌관실,辅佐官室
보좌역,辅佐役
보좌진,辅佐阵
보주,宝珠; 保住
보준,保准
보중,保重
보증,保证
보증과,保证课
보증금,保证金; 保证金
보증서,保证书
보증인,保证人
보지,保持; 报纸; 宝地; 宝坻
보지경척,保持警惕
보지계,保持系
보지구,宝坻区
보지밀절,保持密切
보지상태,保持状态
보지자,保持者
보지잡지,报纸杂志
보직,补职
보직자,补职者
보진,步进
보질,保质
보질기,保质期
보차,补差
보창,步枪
보천,保荐
보천동경,普天同庆
보천지하,普天之下
보천하,普天下
보첩,补贴; 报捷
보첩비,补贴费
보청,报请
보초,步哨
보출,步出
보충,补充
보충성,补充性
보충역,补充役
보충적,补充的
보충제,补充制
보취,步骤
보치,保值
보치률,保值率
보타,普陀
보타구,普陀区
보타구중심,普陀区中心
보타사,普陀寺
보타산,普陀山
보탄,报摊
보탑,宝塔
보탑산,宝塔山
보태,步态; 保胎
보통,普通
보통고,普通股; 普通高
보통고고,普通高考
보통교육,普通教育
보통례,普通例
보통반,普通班
보통법,普通法
보통인,普通人
보통차,普通车
보통청년,普通青年
보통학교,普通学校
보통형,普通型
보통화,普通话
보특,普特
보판,补办
보패,宝贝
보패문,宝贝们
보패흘탑,宝贝疙瘩
보편,普遍
보편성,普遍性
보편적,普遍的
보편주의,普遍主义
보편타당,普遍妥当
보편화,普遍化
보폐,报废; 补肺
보폐차,报废车
보폭,步幅
보표,报表; 保镖; 补票; 保票
보표문,保镖们
보품,补品
보풍,宝丰
보풍현,宝丰县
보필,辅弼
보학,谱学
보학지인,宝学之人
보함,保函
보합,宝盒
보합권,保合圈
보행,步行
보행가,步行街
보행자,步行者
보험,保险
보험계,保险界
보험고,保险库
보험공사,保险公司
보험궤,保险柜
보험금,保险金; 保险金
보험기,保险期
보험기금,保险基金
보험단,保险单
보험료,保险料
보험류,保险类
보험배상,保险赔偿
보험법,保险法
보험비,保险费
보험비률,保险费率
보험사,保险社; 保险丝
보험상,保险箱
보험시장,保险市场
보험업,保险业
보험업계,保险业界
보험업체,保险业体
보험인,保险人
보험적,保险的
보험제,保险制
보험증,保险证
보혁,保革
보현,普贤
보혈,补血
보호,保护
보호가,保护价
보호구,保护区
보호국,保护国
보호기,保护期; 保护器
보호률,保护率
보호법,保护法
보호비,保护费
보호산,保护伞
보호색,保护色
보호석,保护席
보호설,保护说
보호성,保护性
보호소,保护所
보호실,保护室
보호인,保护人
보호자,保护者
보호제,保护剂
보호주의,保护主义
보호주의자,保护主义者
보호직,保护职
보호책,保护策
보호층,保护层
보화,宝货; 普华
보화기,步话机
보화난수,宝货难수
보화영도,普华永道
보황,保皇
보효,报效; 报晓
보훈,报勋
보휴,补休
보흠생,步鑫生
보흥,宝兴
보희,报喜
보희금,普希金
보희부보우,报喜不报忧
복,服; 复; 福; 伏; 扑; 腹; 仆; 覆; 卜; 辐; 蝠; 袱; 宓; 匐; 濮; 蝮; 馥; 茯; 蹼; 菔; 攵; 醭; 攴; 幞; 鳆; 葍; 鶝; 鍑; 虙; 穙; 纀; 蕧; 菐; 贌; 鳪; 虲; 復; 複; 僕; 蔔
복가,福柯
복간,复刊
복강,腹腔; 福冈
복강경,腹腔镜
복강안,福康安
복강현,福冈县
복개,覆盖
복개률,覆盖率
복개면,覆盖面
복개층,覆盖层
복거지계,覆车之戒
복건,福建
복건농림대학,福建农林大学
복건대,福建队
복건로,福建路
복건사범대학,福建师范大学
복건성,福建省
복건성위,福建省委
복건의과대학,福建医科大学
복건일보,福建日报
복건전시대,福建电视台
복건지구,福建地区
복격,伏击
복격자,福格茨
복계휴,伏季休
복고,复古; 腹稿
복고구,腹股沟
복고적,复古的
복고주의,复古主义
복고풍,复古风
복공,复工
복공판,覆工板
복과,复课
복과뇨혁명,复课闹革命
복과재생,福过灾生
복괘,卜卦
복교,复交
복구,复仇; 复旧; 复句
복구공사,复旧工事
복구자,复仇者
복국,复国
복권,复权; 福券
복권주의자,复权主义者
복귀,复归
복극,复极; 福克
복극사,福克斯
복극사공사,福克斯公司
복극사전시대,福克斯电视台
복기,福气; 服气; 腹肌
복냉,腹冷; 腹冷
복단,复旦
복단대학,复旦大学
복단대학관리학원,复旦大学管理学院
복단대학방지산연구중심,复旦大学房地产研究中心
복단대학의학원,复旦大学医学院
복단대학출판사,复旦大学出版社
복덕방,福德房
복도,复道
복독,复读; 服毒
복독기,复读机
복라희락부,伏罗希洛夫
복락,福乐; 福樂
복랍다,福拉多
복령,茯苓
복로,服老
복룡봉추,伏龙凤雏
복륵,福勒
복리,福利; 复利
복리비,福利费
복리성,福利性
복리원,福利院
복마,卜马
복마전,伏魔殿
복막,腹膜
복막염,腹膜炎
복망,覆亡
복면,覆面; 腹面
복명,复明; 复命
복명서,复命书
복명하,伏明霞
복모음,复母音
복무,服务
복무규정,服务规程
복무기,服务器; 服务期
복무단,服务团
복무대,服务台
복무류,服务类
복무부,服务部
복무비,服务费
복무사,服务社
복무생,服务生
복무성,服务性
복무식,服务式
복무업,服务业
복무원,服务员
복무원문,服务员们
복무자,服务者
복무정서,服务程序
복무중심,服务中心
복무참,服务站
복무처,服务处
복무형,服务型
복반,复返
복발,复发
복발률,复发率
복발성,复发性
복발자,复发者
복방,复方
복배수활,腹背受敌
복백,福伯
복법,服法
복벽,腹壁
복병,伏兵
복병역,服兵役
복복첩첩,服服帖帖
복본,复本
복부,腹部; 仆妇
복부중지,福不重至
복분,福分
복분자,覆盆子
복사,伏射; 复写; 辐射; 腹泻; 复查; 蝮蛇; 卜辞
복사기,复写机
복사량,辐射量
복사력,辐射力
복사면,辐射面
복사무,辐射雾
복사본,复写本
복사성,辐射性
복사실,复写室
복사원,辐射源
복사점,辐射点
복사지,复写纸
복사특,福斯特
복사판,复写版
복산,福山
복상,伏翔; 福相
복상사,腹上死
복상지,卜祥志
복새,复赛
복새특,福塞特
복색,服色
복생,复生
복선,伏线; 复线; 复选
복선광,复选框
복선화,复线化
복성,福星; 复性; 复姓
복성고조,福星高照
복소,复苏; 复关
복소파란,覆巢破卵
복속,服属
복수,复数; 复讐; 腹水; 服输
복수난수,覆水难收
복수심,复讐心
복수안,复数案
복수위우,覆手为雨
복수초,福寿草
복수화,复数化
복술,复述
복습,复习
복습복습,复习复习
복시,复试; 服侍
복식,复式; 服饰; 腹式
복식미,服饰美
복식사,服饰史
복식조,复式组
복신,复信
복심,复审; 腹心
복아탈구,复亚脱欧
복안,腹案; 伏案; 伏安; 福安; 复眼
복안시,福安市
복약,服药
복양,濮阳
복양시,濮阳市
복양현,濮阳县
복업,复业
복여동해,福如东海
복역,服役; 仆役
복역기,服役期
복연,服软; 复燃
복엽,复叶
복영,福永
복왜,福娃
복용,服用
복용자,服用者
복우,福佑
복우산,伏牛山
복욱,馥郁
복원,复元; 复原; 复员; 复圆; 福原
복원군인,复员军人
복위,复位
복음,福音
복음주의,福音主义
복응,卜鹰
복의,复议
복의법,复议法
복이,伏尔
복이가하,伏尔加河
복이마림,福尔马林
복이마사,福尔摩斯
복이태,伏尔泰
복인,复印; 仆人
복인건,复印件
복인기,复印机
복인문,仆人们
복인지,复印纸
복일,福日; 卜一
복임,福临
복잡,复杂
복잡다기,复杂多岐
복잡다단,复杂多端
복잡로동,复杂劳动
복잡성,复杂性
복잡화,复杂化
복장,服装; 腹脏; 福将; 复壮
복장계,服装界
복장류,服装类
복장미,服装美
복장비,服装费
복장설계,服装设计
복장업,服装业
복장창,服装厂
복적,复籍
복전,福田; 复电
복전강부,福田康夫
복전구,福田区
복전구익전로강소대하,福田区益田路江苏大厦
복정,福鼎
복정시,福鼎市
복정준언,福井俊彦
복제,复制
복제권,复制权
복제물,复制物
복제성,复制性
복제판,复制版
복제품,复制品
복조,辐照
복종,服从; 仆从; 复种
복종국가,仆从国家
복주,福州; 伏诛
복주대학,福州大学
복주로,福州路
복주로점,福州路店
복주부대,福州部队
복주시,福州市
복주시공안국,福州市公安局
복주지구,福州地区
복주해소,福州海关
복주화차참,福州火车站
복중,伏中
복지,服地; 福祉; 腹地; 福地; 伏地
복지과,福祉科
복지관,福祉馆
복지부동,伏地不动
복지심령,福至心灵
복지원,福祉院
복지유체,伏地流涕; 伏地流涕
복지학,福祉学
복지학과,福祉学科
복직,复职
복직근,腹直筋
복직기,腹直肌
복진,腹诊; 复诊; 福晋
복창,复唱; 腹胀
복창위,卜昌伟
복채,福彩
복채중심,福彩中心
복천,福泉; 伏天
복천시,福泉市
복천현,福泉县
복첩,服帖
복청,福清
복청시,福清市
복치,复治
복토,覆土
복통,腹痛
복퇴군인,复退军人
복특,福特; 伏特
복특가,伏特加
복특공사,福特公司
복특기차공사,福特汽车公司
복특보공사,福特宝公司
복특복극사,福特福克斯
복특차대,福特车队
복파군,伏波军
복판,腹板
복포사,福布斯
복피,复辟
복필,伏笔
복하,福厦
복학,复学
복학생,复学生
복한,伏旱
복합,复合; 辐合
복합막,复合膜
복합물,复合物
복합분,复合体
복합비,复合肥
복합사,复合词
복합성,复合性
복합식,复合式
복합적,复合的
복합체,复合体
복합판,复合板
복합형,复合型
복해,福海
복핵,复核
복현,复现
복형,服刑
복호,伏虎
복혼,复婚
복활,复活
복활새,复活赛
복활절,复活节
복회,复会
복흥,复兴
복흥로,复兴路
복흥문,复兴门
복흥문내대가,复兴门内大街
복흥사회당,复兴社会党
복희,伏羲
본,本
본가,本家; 本可
본거지,本据地
본건,本件
본걸명,本杰明
본격,本格
본격적,本格的
본격화,本格化
본계,本届; 本溪; 本季
본계시,本溪市
본고,本考
본고사,本考查
본공사,本公司
본과,本科
본과생,本科生
본관,本贯; 本馆
본관제,本贯制
본교,本校
본국,本国
본궁,本宫
본궤도,本轨道
본금,本金
본기,本纪; 本期
본기금,本基金
본기금기금,本基金基金
본년,本年
본년도,本年度
본능,本能
본능적,本能的
본니체사,本尼蒂斯
본다,本多
본단위,本单位
본당,本堂
본대,本队
본도,本岛
본동,本动
본랍등,本拉登
본래,本来
본래면목,本来面目
본래적,本来的
본령,本领
본론,本论
본루,本垒
본루타,本垒打
본류,本流
본리,本利
본말,本末
본말도치,本末倒置
본말전도,本末顚倒
본말체,本末体
본망,本网
본명,本名
본명년,本命年
본문,本文; 本门
본문체,本文体
본반,本班
본방,本方
본방법,本方法
본법,本法
본변,本边
본보,本报
본보신,本报讯
본본,本本
본본주의,本本主义
본봉,本俸
본부,本部; 本埠
본부장,本部长
본분,本分; 本体
본분론,本体论
본비아물,本非我物
본비잡,本菲卡
본비잡대,本菲卡队
본사,本寺; 本社; 本事
본산,本山
본삼,本森
본상,本相
본새계,本赛季
본새단,本赛段
본색,本色
본서,本署
본석련독,本硕连读
본선,本选
본성,本性
본성난이,本性难移
본성적,本性的
본세기,本世纪
본시,本是
본시시,本市市
본식,本息
본신,本身
본심,本心
본아,本儿
본안,本案
본업,本业
본연,本然
본우,本于
본원,本源; 本原; 本愿
본원적,本源的
본월,本月
본월저,本月底
본위,本位
본위주의,本位主义
본의,本意; 本义
본인,本人
본인방,本因坊
본일,本日
본자,本子
본저,本底
본적,本籍
본적지,本籍地
본전,本钱; 本田
본전공사,本田公司
본전차대,本田车队
본점,本店
본제,本题
본제입납,本第入纳
본조,本朝
본존,本尊
본존불,本尊佛
본죄,本罪
본주,本州; 本主
본지,本地; 本志; 本纸
본지구,本地区
본지망,本地网
본지인,本地人
본지화,本地化
본직,本职
본질,本质
본질론,本质论
본질상,本质上
본질성,本质性
본질적,本质的
본차,本次
본착,本着
본참,本站
본처,本妻
본청,本厅
본체,本体
본체적,本体的
본초,本草; 本初
본초망목,本草纲目
본토,本土
본토화,本土化
본특,本特
본파,本派
본편,本片
본표,本票
본항,本港
본행,本行
본향,本鄕
본회의,本会议
볼,乶
봉,封; 丰; 奉; 峰; 凤; 锋; 缝; 蜂; 逢; 棒; 捧; 蓬; 篷; 甭; 俸; 烽; 葑; 唪; 赗; 纄; 芃; 覂; 髼; 蠭; 韼; 盽; 艂; 鞛; 峯; 鋒; 鳳; 縫
봉갈,棒喝
봉강,凤冈; 封疆
봉강대리,封疆大吏
봉강현,凤冈县
봉개,封盖; 封开
봉거대공,凤去台空
봉건,封建
봉건례교,封建礼教
봉건론자,封建论者
봉건미신,封建迷信
봉건사회,封建社会
봉건성,封建性
봉건적,封建的
봉건제,封建制
봉건제도,封建制度
봉건제론자,封建制论者
봉건제적,封建制的
봉건주의,封建主义
봉건파적,封建派的
봉격기,封隔器
봉고,逢高; 奉告; 峰高; 封固
봉공,奉公
봉공수법,奉公守法
봉구,棒球; 封口
봉구비,封口费
봉구장,棒球场
봉군,蜂群
봉권,奉劝
봉극,缝隙
봉근,捧哏
봉금,封禁
봉급,俸给
봉급생활자,俸给生活者
봉급자,俸给者
봉기,蜂起; 封基
봉년과절,逢年过节
봉농,蜂农
봉당,封堂
봉도,峰度
봉도기,封堵器
봉독,奉读; 蜂毒; 捧读
봉동,封冻
봉두구면,蓬头垢面
봉두난발,蓬头乱发; 蓬头亂发
봉란,蓬乱
봉랍,蜂蜡
봉래,蓬莱
봉래각,蓬莱阁
봉래도,蓬莱岛
봉래시,蓬莱市
봉래약수,蓬莱弱水
봉련,缝连
봉령,奉令
봉록,俸禄
봉리,锋利; 凤梨
봉림,峰林
봉만,峰峦; 蜂螨
봉망,锋芒
봉망필로,锋芒毕露
봉면,封面; 锋面
봉면적,峰面积
봉명,奉命
봉명조양,凤鸣朝阳
봉모린각,凤毛麟角
봉목시성,蜂目豺声
봉문,封门
봉밀,蜂蜜
봉발,蓬勃
봉발발전,蓬勃发展
봉방,蜂房
봉배,奉陪; 捧杯
봉배도저,奉陪到底
봉변,逢变
봉보,缝补
봉복,捧腹
봉복대소,捧腹大笑
봉복절도,捧腹绝倒
봉봉,蓬蓬; 峰峰
봉봉당,棒棒糖
봉봉발발,蓬蓬勃勃
봉봉보보,缝缝补补
봉봉장,捧捧场
봉봉적,棒棒的
봉분,封坟
봉사,奉仕; 奉祀; 封沙
봉사관,奉仕馆
봉사단,奉仕团
봉사원,奉仕员
봉사자,奉仕者
봉산,封山; 凤山
봉산육림,封山育林
봉산품,蜂产品
봉살,封杀
봉삼,封三
봉상,凤翔; 蜂箱
봉선,锋线; 缝线; 凤仙; 封禅
봉선화,凤仙花
봉성,凤城
봉소,蜂巢; 封关
봉송,蓬松; 奉送
봉쇄,封锁
봉쇄령,封锁令
봉쇄망,封锁网
봉수,烽燧
봉수대,烽燧台
봉승,奉承
봉시장사,封豕长蛇
봉신,封信; 奉新
봉신현,奉新县
봉안,奉安; 凤眼
봉양,奉养; 凤阳
봉양현,凤阳县
봉연,烽烟
봉영,逢迎; 奉迎
봉예,锋锐
봉옹이래,蜂拥而来
봉옹이상,蜂拥而上
봉옹이입,蜂拥而入
봉옹이지,蜂拥而至
봉옹이출,蜂拥而出
봉와,蜂窝
봉와매,蜂窝煤
봉왕,蜂王
봉왕장,蜂王浆
봉위,封为
봉의천대,缝衣浅带
봉이,封二
봉인,封印; 缝纫; 锋刃
봉인기,缝纫机
봉일,封一
봉자,棒子; 封子
봉자문,棒子们
봉장,捧场; 封装
봉장작희,逢场作戯; 逢场作戏
봉저,凤姐; 逢低; 封底
봉전,峰巅
봉절,奉节
봉절현,奉节县
봉접,凤蝶
봉접수향,蜂蝶随香
봉정,封顶
봉제,缝制
봉제공,缝制工
봉제업,缝制业
봉조,封条; 蜂鸟
봉조부지,凤鸟不至
봉존,封存
봉주,封住
봉준장목,蜂准长目
봉지,封纸; 奉旨; 封地
봉직,奉职
봉차,篷车
봉착,逢着
봉창,封窗; 封窓
봉천,奉天; 封天
봉천승운,奉天承运
봉추,凤雏
봉취,封嘴
봉치,峰值
봉타원앙,棒打鸳鸯
봉토,封土
봉퇴,棒槌
봉투,封套
봉폐,封闭
봉폐기,封闭期
봉폐성,封闭性
봉폐식,封闭式
봉폐형,封闭型
봉포,篷布
봉피,封皮
봉하,封河
봉함,封缄
봉합,封合; 缝合
봉합법,缝合法
봉합선,缝合线
봉행,奉行
봉헌,奉献
봉헌자,奉献者
봉현,奉贤
봉현구,奉贤区
봉호만택,蓬蒿满宅; 蓬蒿满宅
봉화,烽火; 奉化
봉화대,烽火台
봉화련천,烽火连天
봉화시,奉化市
봉화통신,烽火通信
봉환,奉还
봉환단,奉还团
봉황,凤凰
봉황래의,凤皇来仪; 凤皇來仪
봉황산,凤凰山
봉황우비,凤凰于飞
봉황현,凤凰县
봉회,峰会
봉회로전,峰回路转
봉흉화길,逢凶化吉
부,不; 部; 夫; 府; 复; 仅; 父; 否; 负; 富; 怀; 副; 付; 附; 妇; 培; 符; 浮; 腐; 扶; 赋; 肤; 仆; 赴; 傅; 俘; 咐; 俯; 剖; 芙; 斧; 敷; 簿; 孵; 埠; 阜; 孚; 腑; 釜; 溥; 驸; 苻; 讣; 趺; 蚨; 郛; 呋; 凫; 涪; 缶; 鲋; 跗; 罘; 蜉; 麸; 拊; 莩; 瓿; 桴; 锫; 掊; 褔; 赙; 袝; 裒; 滏; 蔀; 缻; 郙; 稃; 祔; 麹; 鄜; 禣; 篰; 釡; 豧; 綒; 負; 垺; 婦; 膚; 吥; 頫
부가,不可; 附加; 夫家; 副歌; 不暇; 傅家; 付家
부가개교,不可开交
부가겸득,不可兼得
부가고,不可靠
부가고량,不可估量
부가고인,不可告人
부가구약,不可救药
부가기급,不可企及
부가능,不可能
부가다득,不可多得
부가동일이어,不可同日而语
부가리유,不可理喻
부가마멸,不可磨灭
부가방물,不可方物
부가부,不可不
부가분할,不可分割
부가비,附加费
부가사색,不假思索
부가사원,副驾驶员
부가사의,不可思议
부가상상,不可想象
부가새,附加赛
부가세,附加税
부가수습,不可收拾
부가승수,不可胜数
부가신기무,不可信其无
부가언유,不可言喻
부가언전,不可言传
부가유월,不可逾越
부가일세,不可一世
부가적,附加的
부가전승,不可战胜
부가조화,不可调和
부가준,傅家俊
부가지,不可知
부가착모,不可捉摸
부가치,附加值
부가편폐,不可偏废
부가피면,不可避免
부가한량,不可限量
부가항거,不可抗拒
부가항력,不可抗力
부가혹결,不可或缺
부가홀시,不可忽视
부가활국,富可敌国
부각,浮刻
부간,不干; 副刊
부간단,不简单
부간부정,不干不净
부간효,不干胶
부감,不敢; 不堪; 不减; 不甘; 俯瞰
부감구동,不敢苟同
부감당,不敢当
부감락후,不甘落后
부감법,俯瞰法
부감부감,不敢不敢
부감설상,不堪设想
부감시약,不甘示弱
부감심,不甘心
부감우,不甘于
부감일격,不堪一击
부감입목,不堪入目
부감입이,不堪入耳
부감적막,不甘寂寞
부감조차,不敢造次
부감회수,不堪回首
부갑천하,富甲天下
부강,富强; 富康; 阜康; 付刚; 傅强
부강도리,不讲道理
부강시,阜康市
부개,剖开
부개의,不介意
부객기,不客气
부거,不去
부건,附件; 部件
부건염,附件炎
부건전,不健全
부걸,溥杰
부걸대하,富杰大厦
부검,剖检; 不检
부견,不见; 仅见; 苻坚
부견득,不见得
부견천일,不见天日
부결,否决
부결권,否决权
부결맹,不结盟
부결맹국가,不结盟国家
부결맹운동,不结盟运动
부경,不经; 不敬
부경기,不景气
부경리,副经理
부경의,不经意
부경이주,不胫而走
부경제,不经济
부계,父系; 不计
부계기수,不计其数
부계대가,不计代价
부계보수,不计报酬
부고,讣告; 不顾; 附睾; 府库
부고일절,不顾一切
부곡,部曲
부곡민,部曲民
부곡제,部曲制
부공,不公
부공대천,不共戴天
부공자파,不攻自破
부공평,不公平
부과,赋课; 不过; 妇科; 浮夸; 傅戈
부과급,副科级
부과여차,不过如此
부과율,赋课率; 赋课率
부과이이,不过尔尔
부과장,副科长
부관,不管; 付款; 釜关; 副官; 不惯
부관부고,不管不顾
부관사,不管事
부관삼칠이십일,不管三七二十一
부관용,不管用
부관인,付款人
부관즘양,不管怎样
부관참시,剖棺斩尸
부광,不光; 富矿
부광략영,浮光掠影
부괴,不乖; 不愧; 腐坏
부교,不巧; 浮桥
부교감,副交感
부교감신경,副交感神经
부교부조,不骄不躁
부교수,副教授
부교장,副校长
부교재,副教材
부구,不够; 不久; 不具; 不拘; 仅够; 负疚; 不苟
부구소절,不拘小节
부구심해,不求甚解
부구언소,不苟言笑
부구의사,不够意思
부구일격,不拘一格
부구장,副区长
부구전,不久前
부구지전,不久之前
부구후,不久后
부국,富国
부국강병,富国强兵
부국강병책,富国强兵策
부국급,副局级
부국장,副局长
부군,夫君; 傅军
부군장,副军长
부굴,不屈
부굴부요,不屈不挠
부권,父权; 夫权
부권제,父权制
부궤,不轨
부귀,富贵
부귀다남,富贵多男
부귀병,富贵病
부귀부능음,富贵不能淫
부귀송화,富贵荣华
부귀영화,富贵荣华
부귀재천,富贵在天
부귀처영,夫贵妻荣
부규칙,不规则
부극,不克; 负极; 傅克
부극태래,否极泰来
부근,附近
부근인정,不近人情
부근일대,附近一带
부금,赋金; 不禁; 赋金; 富锦
부급,不及; 部级
부급물,不及物
부긍,不肯
부기,浮气; 簿记; 不起; 扶起; 负起; 不羁; 负气
부기안,不起眼
부기연,不期然
부기이우,不期而遇
부기장,副机长
부난,不难
부남,呋喃
부남류,呋喃类
부남부녀,不男不女
부남서림,呋喃西林
부남현,阜南县
부내,府内; 部内
부내번,不耐烦
부녀,妇女; 父女
부녀문,妇女们
부녀사,付女士
부녀운동,妇女运动
부녀자,妇女子
부녀절,妇女节
부녀화,妇女化
부녀회,妇女会
부녀회원,妇女会员
부녀회장,妇女会长
부녕,不宁; 阜宁
부농,富农
부농분자,富农分子
부능,不能
부능부,不能不
부능자발,不能自拔
부능자이,不能自已
부능자지,不能自持
부다,不多
부다견,不多见
부다부소,不多不少
부단,不但; 不断; 不单; 不端; 不丹
부단시,不单是
부단장,副团长
부달시변,不达时变
부담,负担
부담감,负担感
부담금,负担金; 负担金
부담률,负担率; 负担率
부담부기,负担不起
부담액,负担额
부담자,负担者
부담자층,负担者层
부담층,负担层
부당,不当
부당성,不当性
부대,不大; 不对; 负袋; 部队; 附带; 不待
부대견,不待见
부대두,不对头
부대변인,副代辩人
부대부소,不大不小
부대설비,附带设备
부대시설,附带施设
부대원,部队员
부대장,部队长; 副队长
부대칭,不对称
부대표,副代表
부대회,妇代会
부덕,不德; 妇德
부도,不到; 不渡; 附图; 不图; 浮屠; 妇道; 浮图
부도가,不到家
부도덕,不道德
부도덕성,不道德性
부도심,副都心
부도연,副导演
부도옹,不倒翁
부도율,不渡率; 不渡率
부도인가,妇道人家
부독,不独
부동,不动; 不同; 不懂; 浮动
부동대천,不同戴天
부동량,不同量
부동리률,浮动利率
부동범향,不同凡响
부동법,不懂法
부동부양,不疼不痒
부동사장,副董事长
부동산,不动产
부동산업,不动产业
부동산업계,不动产业界
부동산업자,不动产业者
부동성색,不动声色
부동심,不动心
부동양,傅东扬
부동여산,不动如山
부동자,不同者
부동자세,不动姿势
부동점,不同点; 不动点
부동표,浮动票
부동화,不动化
부동휘률,浮动汇率
부두,埠头; 斧头
부두목,副头目
부둣,埠头
부득,不得
부득경,不得劲
부득료,不得了
부득번신,不得翻身
부득부,不得不
부득부발,不得不发
부득불,不得不; 不得不
부득요령,不得要领
부득이,不得已
부득이이위지,不得已而为之
부득이지,不得而知
부득인심,不得人心
부등,不等
부등식,不等式
부락,部落
부란,腐烂
부란극림,富兰克林
부랍적옥사탁극,符拉迪沃斯托克
부랑,浮浪
부랑아,浮浪儿
부랑자,浮浪者
부랑패류,浮浪悖类
부래매,不来梅
부래매대,不来梅队
부랭부열,不冷不热
부량,不良; 浮梁
부량대관률,不良贷款率
부량률,不良率
부량자산률,不良资产率
부려,富丽
부려당황,富丽堂皇
부력,浮力; 不力; 富力
부력성,富力城
부련,妇联
부련속,不连续
부련장,副连长
부렬전,不列颠
부령,不灵
부로,俘虏; 父老; 富路
부로성색,不露声色
부로위고,妇老为姑
부로이확,不劳而获
부로향친,父老乡亲
부로휴유,扶老携幼
부록,附录
부론,不论
부론여하,不论如何
부뢰,不赖; 傅雷
부료,不了; 不料; 敷料
부료료지,不了了之
부료사,不了事
부루,负累
부류,部类
부류여지,不留余地
부류정,不留情
부륜부류,不伦不类
부륵모,富勒姆
부륵모대,富勒姆队
부릉,涪陵
부릉구,涪陵区
부리,不利; 不理; 不离
부리방제,部里坊制
부리사장,副理事长
부리우,不利于
부리자,负离子
부리잡,富利卡
부리협,傅里叶
부린,不吝
부린사교,不吝赐教
부립협,傅立叶
부마,驸马; 富马
부만,不满
부만우,不满于
부망,不忙
부매장,不买账
부면,部面; 负面; 不免; 剖面; 不眠
부면도,剖面图
부면부휴,不眠不休
부면지야,不眠之夜
부명,不明; 浮名
부명부백,不明不白
부명비행물,不明飞行物
부모,父母; 付某; 傅某
부모관,父母官
부모구존,父母俱存
부모문,父母们
부모이합,不谋而合
부모지명,父母之命
부모지지,不毛之地
부모친,父母亲
부목,不睦
부몽니,付梦妮
부묘,不妙
부무,不无
부무도리,不无道理
부무유감,不无遗憾
부무정업,不务正业
부문,部门; 不问
부문법,部门法
부문부문,不闻不问
부문분,部门分
부문청홍조백,不问青红皂白
부문화,部门化
부미,富米
부민,府民; 富民
부반,部颁
부반궤,负反馈
부반응,副反应
부반장,副班长
부반표준,部颁标准
부발육,不发育
부발체,不发达
부발체국가,不发达国家
부방,不妨; 不防
부방사,不妨事
부배,不配; 父辈
부배문,父辈们
부배장,副排长
부백,仅百; 剖白
부백지원,不白之冤
부범,不凡
부법,不法
부법분자,不法分子
부법지도,不法之徒
부법파리,浮法玻璃
부법행위,不法行为
부변,不变
부변성,不变性
부병제,府兵制
부복,俯伏; 不服; 剖腹; 不复
부복장주,剖腹藏珠
부복존재,不复存在
부본,副本; 父本
부부,不仅; 夫妇; 仅仅; 不符; 不不
부부간,夫妇间
부부급,副部级
부부부,不仅仅
부부부시,不仅仅是
부부애,夫妇爱
부부유별,夫妇有别
부부자자,父父子子
부부장,副部长
부부장급,副部长级
부부중망,不负众望
부분,部分; 不分; 附体; 剖分
부분리,不分离
부분부분,部分部分
부분성,部分性
부분승부,不分胜负
부분적,部分的
부분전,部分战
부분주야,不分昼夜
부분청홍조백,不分青红皂白
부분품,部分品
부분피차,不分彼此
부분화,部分化; 部分和
부붕,傅鹏
부비,不比; 不菲; 不备
부비부항,不卑不亢
부비서장,副秘书长
부비취회지력,不费吹灰之力
부빈,扶贫
부빈기금,扶贫基金
부빈방곤,扶贫帮困
부빈제곤,扶贫济困
부사,副使; 副词; 府使; 富士; 不谢
부사강,富士康
부사강과기집단,富士康科技集团
부사공사,富士公司
부사년,傅斯年
부사령,副司令
부사령관,副司令官
부사령원,副司令员
부사로고,不辞劳苦
부사무장,副事务长
부사부활,不死不活
부사산,富士山
부사시락,富士施乐
부사신로,不辞辛劳
부사심,不死心
부사이별,不辞而别
부사장,副社长; 副司长; 副师长
부사전시대,富士电视台
부사종자,夫死从子
부사중공,富士重工
부사통,富士通
부산,不算; 釜山; 不散; 富山; 浮山
부산과,妇产科
부산물,副产物
부산품,副产品
부삼부사,不三不四
부상,不想; 副赏; 富商; 扶桑; 浮上; 负伤; 负商; 不像; 不爽; 不详; 附上; 不祥; 府上; 浮想
부상간,不相干
부상당,负伤当
부상련편,浮想联翩
부상부하,不上不下
부상사,扶桑社
부상상하,不相上下
부상소,负相关
부상양,不像样
부상왕래,不相往来
부상용,不相容
부상자,负伤者
부상지조,不祥之兆
부상칭,不相称
부상한,副伤寒
부상화,不像话
부색,肤色
부생,腐生; 附生
부생약몽,浮生若梦
부서,部署; 富庶; 夫婿
부서기,副书记
부서명,部署名
부서복,不舒服
부서장,部署长
부석,浮石; 不惜; 剖析
부석공본,不惜工本
부석로,阜石路
부선,不善; 浮选
부선생,傅先生; 付先生
부설,不说; 附设; 不屑; 敷设
부설방,不设防
부설일고,不屑一顾
부성,不成; 府城
부성급,副省级
부성기,不成器
부성기후,不成气候
부성문,不成文; 阜成门
부성문제,不成问题
부성부향,不声不响
부성상,不成想
부성애적,父性爱的
부성옥,傅成玉
부성인사,不省人事
부성장,副省长
부성형,不成形
부세,赋税
부소,不少; 不关; 不消; 扶苏; 附小; 扶疏
부소심,不关心
부소장,副所长
부소저,付小姐
부소화,傅少华
부속,附属; 不俗; 部属
부속국,附属国
부속물,附属物
부속사,附属寺
부속실,附属室
부속실장,附属室长
부속실장실,附属室长室
부속지,附属地
부속지객,不速之客
부속품,附属品
부손,不逊
부송,付送; 不送; 附送
부수,部数; 附随; 扶手; 副手; 不须; 负数; 俯首; 部首; 负手; 不遂; 付酬; 副帅
부수강,不锈钢
부수리,不受理
부수변폭,不修边幅
부수상,副首相
부수성,不随性
부수적,附随的
부수칭신,俯首称臣
부수환영,不受欢迎
부숙,腐熟
부순안,不顺眼
부습개시,俯拾皆是
부승,不胜
부승기번,不胜其烦
부승매거,不胜枚举
부시,不是; 不时; 俯视; 不啻; 赋诗; 浮尸; 富时
부시부시,不是不是
부시장,副市长
부시지수,不时之需
부식,副食; 腐蚀; 扶植
부식강상,扶植纲常
부식비,副食费
부식성,腐蚀性
부식인간연화,不食人间烟火
부식적,腐蚀的
부식점,副食店
부식질,腐植质; 腐殖质
부식품,副食品
부신,副肾; 不慎; 俯身; 附身; 阜新
부신경,副神经
부신려산진면목,不识庐山真面目
부신박,付辛博
부신상,不识相
부신시,阜新市
부신시무,不识时务
부신임안,不信任案
부신입화,负薪入火
부신지우,负薪之忧
부신태거,不识抬举
부신호알,不识好歹
부실,不实
부실시공,不实施工
부실시기,不失时机
부실위,不失为
부실지사,不实之词
부실화,不实化
부심,副审; 腐心; 负心
부심료료,不甚了了
부십,仅十
부아,不雅
부아우,不亚于
부안,不安
부안분,不安分
부안재도,负案在逃
부암,不谙
부앙,俯仰
부애,不碍
부애사,不碍事
부야성,不夜城
부야천,不夜天
부약,赴约
부약업,富药业
부약이동,不约而同
부양,扶养; 浮扬; 阜阳; 富阳
부양비,扶养费
부양시,阜阳市; 富阳市
부양자,扶养者
부양책,浮扬策
부양현,富阳县
부언부어,不言不语
부언이유,不言而喻
부업,副业
부여,不如; 赋与; 附与; 赋予; 不予; 富余; 付与
부여응지,肤如凝脂
부여의,不如意
부역,赋役; 附逆
부역락호,不亦乐乎
부역장,副驿长; 赋役场
부연,不然; 敷衍; 赴宴
부연구,副研究; 副硏究
부연구원,副研究员
부연료사,敷衍了事
부연새책,敷衍塞责
부연적화,不然的话
부열,不悦
부열대고압,副热带高压
부염기번,不厌其烦
부영,妇婴
부영양화,富营养化
부영장,副营长
부온부화,不温不火
부옹,富翁
부옹문,富翁们
부와,俯卧
부와탱,俯卧撑
부완전,不完全
부완전성,不完全性
부왕,父王
부외,不畏; 不外
부외간험,不畏艰险
부외호,不外乎
부요,不要; 扶摇
부요검,不要脸
부요긴,不要紧
부요명,不要命
부요직상,扶摇直上
부욕사명,不辱使命
부용,不用; 芙蓉; 不容; 不用; 附庸
부용구,芙蓉区
부용부용,不用不用
부용분설,不容分说
부용설,不用说
부용치의,不容置疑
부용풍아,附庸风雅
부용홀시,不容忽视
부우,富于; 不虞; 付邮
부우완항,负隅顽抗
부운,浮云
부운경룡,浮云惊龙
부운유설,浮言流说; 浮言流说
부운조로,浮云朝露
부원,部员; 不愿; 附院; 富源
부원만리,不远万里
부원수,副元帅
부원장,副院长
부원천리,不远千里
부원현,富源县
부위,部位; 部委; 傅威
부위부강,夫为妇纲
부위소동,不为所动
부위원장,副委员长
부위자강,父为子纲
부위제곤,扶危济困
부유,富有; 富裕; 浮游; 不由; 妇幼; 腐乳; 妇孺; 不惟; 赋有; 蜉蝣
부유개지,妇孺皆知
부유득,不由得
부유분설,不由分说
부유여력,不遗余力
부유연,傅悠然
부유자주,不由自主
부유적,仅有的
부유중농,富裕中农
부유층,富裕层
부육,孵育
부육계,不育系
부윤,府尹
부은정,不稳定
부은정성,不稳定性
부음,讣音
부응,副应
부응기,不应期
부의,赙仪; 不宜; 溥仪; 不依; 不意; 附议
부의금,赙仪金; 赙仪金
부의뢰,不依赖
부의부요,不依不饶
부의장,副议长
부의지재,不义之财
부이,不已; 附耳; 不二
부이법문,不二法门
부이위연,不以为然
부이위의,不以为意
부이위치,不以为耻
부익부,富益富
부익이비,不翼而飞
부인,否认; 夫人; 妇人; 富人; 不忍; 不仁; 付印
부인과,妇人科
부인도,不人道
부인문,富人们; 夫人们
부인복,妇人服
부인부의,不仁不义
부인장,不认账
부인지인,妇人之仁
부일,不一; 不日
부일양,不一样
부일이족,不一而足
부일정,不一定
부임,赴任
부임지,赴任地
부입류,不入流
부잉,不孕
부잉증,不孕症
부자,富者; 父子; 附子; 夫子; 斧子; 浮子
부자간,父子间
부자량력,不自量力
부자묘,夫子庙
부자연,不自然
부자유,不自由
부자유자,不自由者
부자유친,父子有亲
부자재,不自在
부자지간,父子之间
부작용,副作用
부작위,不作为
부작의,傅作义
부잣,富者
부장,副长; 部长; 部将; 副将; 付账; 不脏
부장급,部长级
부장문,部长们
부장지약,腐肠之药
부장진,不长进
부장회의,部长会议
부재,不再; 不在; 不才; 负载
부재료,副材料
부재소수,不在少数
부재의,不在意
부재자,不在者
부재중,不在中
부재지족,富在知足
부재호,不在乎
부재화하,不在话下
부저추신,釜底抽薪
부적,符籍; 不适
부적격,不适格
부적격자,不适格者
부적당,不适当
부적용,不适用
부적응,不适应
부적응증,不适应症
부적절,不适切
부적정,不适正
부적합,不适合
부적합성,不适合性
부전,负电
부전공,不专攻
부전양지,富田洋之
부전자전,父传子传
부전증,不全症
부전하,负电荷
부절,不绝; 符节
부절부구,不折不扣
부절실제,不切实际
부절여루,不绝如缕
부절우이,不绝于耳
부점,不点; 浮点
부점과,不粘锅
부점운산,浮点运算
부정,不净; 不定; 不正; 不贞; 否定; 父情; 不停; 扶正; 副井
부정거사,扶正祛邪
부정기적,不定期的
부정론,否定论
부정문,否定文
부정부패,不净腐败
부정사,不定词
부정성,否定性
부정식,不定式
부정위,副政委
부정일절,否定一切
부정적,否定的
부정지부정,否定之否定
부정지풍,不正之风
부정직,不正直
부정합,不整合
부정행위,不正行为
부정확,不正确
부제,副祭; 副题; 付诸; 不济; 扶梯; 府第
부제동류,付诸东流
부제실시,付诸实施
부조,扶助; 浮雕; 浮躁
부조리,不条理
부조리극풍,不条理剧风
부조실,副操室
부조장,副组长
부조화,不调和
부족,不足; 部族; 富足
부족괘치,不足挂齿
부족도,不足道
부족분,不足分
부족신적,部族神的
부족액,不足额
부족위기,不足为奇
부족위외인도,不足为外人道
부족위필,不足为虑
부족자,不足者
부족장,部族长
부족적,部族的
부족제,部族制
부족취,不足取
부존,赋存
부존자원,赋存资源
부종,浮肿
부종자,浮肿者
부죄,负罪
부죄감,负罪感
부주,不住; 附注; 副主; 符咒; 府州
부주석,副主席
부주성,不做声
부주의,不注意
부주임,副主任
부주임위원,副主任委员
부죽,腐竹
부준,不准
부중,府中; 不中; 负重; 附中
부중도,付中涛
부중생어,釜中生鱼
부중용,不中用
부중의,不中意
부중지어,釜中之鱼
부즘마,不怎么
부즘마양,不怎么样
부증,不曾
부증장,负增长
부지,不知; 扶持; 敷地; 不止; 不只; 不迟; 不支; 仅只
부지감고,不知甘苦
부지경중,不知轻重
부지기수,不知其数
부지도,不知道; 不地道
부지도원,副指导员
부지동류,付之东流
부지명,不知名
부지부각,不知不觉
부지부각중,不知不觉中
부지부장,副支部长
부지불식간,不知不识间; 不知不识间
부지사활,不知死活
부지소운,不知所云
부지소이,不知所以
부지소조,不知所措
부지소종,不知所终
부지수치,不知羞耻
부지시,不只是
부지심천,不知深浅
부지우,不至于
부지우여차,不至于如此
부지육미,不知肉味
부지일거,付之一炬
부지일소,付之一笑
부지정,不知情
부지종하설기,不知从何说起
부지중,不知中
부지즘적,不知怎的
부지하락,不知下落
부지하세월,不知何岁月
부지향취,不知香臭
부지호알,不知好歹
부지혼,副指挥
부지혼장,副指挥长
부지회개,不知悔改
부직,副职
부직포,不织布
부진,不振; 不进; 不尽; 浮尘
부진여인의,不尽如人意
부진연,不尽然
부진인의,不尽人意
부진장,副镇长
부진칙퇴,不进则退
부질,不迭
부질부서,不疾不徐
부집,富集
부차,夫差
부차관보,副次官补
부차우,仅次于
부차장,副次长
부차적,副次的
부착,不错; 附着; 斧凿
부착력,附着力
부착변,不着边
부착변제,不着边际
부착점,附着点
부착조,不着调
부찰,不察
부참모장,副参谋长
부창부수,夫唱妇随
부창장,副厂长
부채,负债; 不睬; 富彩
부채루루,负债累累
부채률,负债率
부채표,负债表
부책,负责
부책인,负责人
부책임,负责任
부책제,负责制
부처,夫妻; 部处
부처급,副处级
부처장,副处长
부처점,夫妻店
부천,肤浅; 不擅; 浮浅
부천여,付天余
부첩,敷贴
부청,付清; 傅青
부청급,副厅级
부청부초,不清不楚
부청장,副厅长
부초,不肖
부총,副总; 傅聪
부총경리,副总经理
부총공정사,副总工程师
부총리,副总理
부총장,副总长
부총재,副总裁
부총지혼,副总指挥
부총참모장,副总参谋长
부총통,副总统
부추,不丑
부춘강,富春江
부춘산,富春山
부출,付出; 孵出
부출소료,不出所料
부충,俯冲
부취,腐臭
부측,不测
부치,不值; 不致; 不齿; 不置; 赋值; 府治
부치가부,不置可否
부치득,不值得
부치지증,不治之症
부치하문,不耻下问
부칙,否则; 附则
부친,父亲
부친문,父亲们
부친상,父亲丧
부침,浮沉
부칭,不称
부쾌,不快
부타,不妥
부타부상신,不打不相识
부타자초,不打自招
부탁,付托
부탄,不惮
부탑계,不搭界
부탕도화,赴汤蹈火
부태,不太; 富态; 赴泰
부택수단,不择手段
부토,浮土
부통,不通; 富通
부통령,副统领
부통령제,副统领制
부통부양,不痛不痒
부투,不渝
부투명,不透明
부투자,不透者
부파,不怕; 富婆
부파몰시소,不怕没柴烧
부파부립,不破不立
부패,腐败
부패당,腐败当
부패상,腐败相
부패자,腐败者
부편,不便; 负片
부편부의,不偏不倚
부평,不平; 浮萍; 富平; 阜平
부평등조약,不平等条约
부평범,不平凡
부평형,不平衡
부평형성,不平衡性
부포석,傅抱石
부포화지방산,不饱和脂肪酸
부표,浮标; 浮漂; 傅彪
부표제,副标题
부품,部品
부품도,部品图
부품화,部品化
부풍,扶风
부피,麸皮
부필,不必
부필요,不必要
부핍,不乏
부핍기인,不乏其人
부하,负荷; 部下; 不下
부하률,负荷率
부하문,部下们
부하우,不下于
부학무술,不学无术
부한,赋闲
부한이률,不寒而栗
부함유,富含维
부함호,不含糊
부합,符合; 不合
부합률,符合率
부합성,符合性
부합시의,不合时宜
부합요구,符合要求
부합작,不合作
부합조건자,符合条件者
부항,附缸; 傅恒
부해,不该; 不解; 不懈; 剖解
부해봉,付海峰
부해지연,不解之缘
부행,不行; 不幸
부행료,不行了
부행부행,不行不行
부행자,不幸者
부향장,副乡长
부허,不许
부허지설,浮虚之说
부허차행,不虚此行
부현,浮现; 富县
부현급,副县级
부현산부로수,不显山不露水
부현장,副县长
부형,父兄
부형청죄,负荆请罪
부호,不好; 符号; 负号; 富豪; 富户
부호과,不好过
부호문,富豪们
부호방,富豪榜
부호부호,不好不好
부호야,不好惹
부호의사,不好意思
부호학,符号学
부호화,符号化
부혹,不惑
부혹지년,不惑之年
부홍설,傅红雪
부화,孵化; 附和; 浮华; 腐化; 富华
부화공사,富华公司
부화기,孵化器
부화뇌동,附和雷同; 附和雷同
부화률,孵化率
부화율,孵化率; 孵化率
부화일,付华一
부화장,孵化场
부화타락,腐化堕落
부확,俘获
부확정,不确定
부확정성,不确定性
부환,不欢
부환이산,不欢而散
부활,复活; 復活
부활전,复活战; 復活战
부활절,复活节; 復活节
부활제,复活祭; 復活祭
부황,浮黄
부황부망,不慌不忙
부회,不会; 赴会; 附会
부회장,副会长
부회장직,副会长职
부회호의,不怀好意
부효,不孝
부효명,符晓明
부효유삼,不孝有三
부효응,负效应
부후,腐朽; 不朽
부후몰락,腐朽没落
부휘,不讳; 付汇
부휴,不休
부흘부갈,不吃不喝
부흡연자,不吸烟者
부흥,复兴; 復兴; 不兴
부흥군,复兴军; 復兴军
부흥기,复兴期; 復兴期
북,北; 锫; 踣
북강,北江
북경,北京
북경가,北京街
북경경극원,北京京剧院
북경고압,北京烤鸭
북경곤륜반점,北京昆仑饭店
북경공사,北京公司
북경공상대학,北京工商大学
북경공업대학,北京工业大学
북경과,北京科
북경과기대학,北京科技大学
북경광파학원,北京广播学院
북경교육고시원,北京教育考试院
북경교통대학,北京交通大学
북경국안구락부,北京国安俱乐部
북경국안대,北京国安队
북경국제반점,北京国际饭店
북경국제전람중심,北京国际展览中心
북경국제회의중심,北京国际会议中心
북경기장,北京机场
북경농업대학,北京农业大学
북경단,北京段
북경대,北京队
북경대표처,北京代表处
북경대학,北京大学
북경대학경제학원,北京大学经济学院
북경대학광화관리학원,北京大学光华管理学院
북경대학법학원,北京大学法学院
북경대학인민의원,北京大学人民医院
북경대학중국경제연구중심,北京大学中国经济研究中心
북경대학출판사,北京大学出版社
북경도서관,北京图书馆
북경도서대하,北京图书大厦
북경동로,北京东路
북경동물원,北京动物园
북경동인당,北京同仁堂
북경동인의원,北京同仁医院
북경련합대학,北京联合大学
북경로,北京路
북경루,北京楼
북경리공대학,北京理工大学
북경림업대학,北京林业大学
북경만보,北京晚报
북경반점,北京饭店
북경방지산시장,北京房地产市场
북경보리극원,北京保利剧院
북경복장학원,北京服装学院
북경부대,北京部队
북경분공사,北京分公司
북경분육대학,北京体育大学
북경분행,北京分行
북경사범대학,北京师范大学
북경사자루,北京写字楼
북경산권교역소,北京产权交易所
북경새구,北京赛区
북경서로,北京西路
북경성,北京城
북경세계,北京世界
북경수강대,北京首钢队
북경시,北京市
북경시간,北京时间
북경시건설위원회,北京市建设委员会
북경시검찰원,北京市检察院
북경시공상국,北京市工商局
북경시공상행정관리국,北京市工商行政管理局
북경시공안국,北京市公安局
북경시과위,北京市科委
북경시교위,北京市教委
북경시국토국,北京市国土局
북경시국토자원국,北京市国土资源局
북경시률사협회,北京市律师协会
북경시문물국,北京市文物局
북경시민정국,北京市民政局
북경시분육국,北京市体育局
북경시상업은행,北京市商业银行
북경시성,北京市城
북경시약감국,北京市药监局
북경시위,北京市委
북경시인사국,北京市人事局
북경시장,北京市场
북경시정협,北京市政协
북경시제이중급인민법원,北京市第二中级人民法院
북경시제일중급인민법원,北京市第一中级人民法院
북경시지세국,北京市地税局
북경시질량기술감독국,北京市质量技术监督局
북경시통계국,北京市统计局
북경시혁명위원회,北京市革命委员会
북경시환보국,北京市环保局
북경식물원,北京植物园
북경신보,北京晨报
북경아동의원,北京儿童医院
북경안정의원,北京安贞医院
북경압,北京鸭
북경어언대학,北京语言大学
북경오신위,北京奥申委
북경오운회,北京奥运会
북경우의의원,北京友谊医院
북경우전대학,北京邮电大学
북경원인,北京猿人
북경위시,北京卫视
북경은행,北京银行
북경의과대학,北京医科大学
북경의원,北京医院
북경인,北京人
북경인민광파전대,北京人民广播电台
북경인민예술극원,北京人民艺术剧院
북경일보,北京日报
북경전람관,北京展览馆
북경전력공사,北京电力公司
북경전시대,北京电视台
북경전영제편창,北京电影制片厂
북경전영학원,北京电影学院
북경조양의원,北京朝阳医院
북경중국국제전람중심,北京中国国际展览中心
북경중국대반점,北京中国大饭店
북경중심,北京中心
북경지구,北京地区
북경참,北京站
북경천교극장,北京天桥剧场
북경천단의원,北京天坛医院
북경천문관,北京天文馆
북경철로국,北京铁路局
북경철로분국,北京铁路分局
북경청년보,北京青年报
북경총부,北京总部
북경출판사,北京出版社
북경판사처,北京办事处
북경항공항천대학,北京航空航天大学
북경항천성,北京航天城
북경해소,北京海关
북경현대대,北京现代队
북경협화의원,北京协和医院
북경호동,北京胡同
북경화,北京话; 北京化
북경화공대학,北京化工大学
북경화차참,北京火车站
북괴,北傀
북교,北郊
북구,北欧; 北区
북국,北国
북군,北军
북극,北极
북극광,北极光
북극권,北极圈
북극성,北极星
북극웅,北极熊
북극점,北极点
북극지구,北极地区
북극촌,北极村
북녕,北宁
북단,北端
북대,北大
북대광화관리학원,北大光华管理学院
북대부중,北大附中
북대서양,北大西洋
북대서양집단,北大西洋集团
북대의원,北大医院
북대하,北戴河
북대황,北大荒
북동,北东
북동부,北东部
북두칠성,北斗七星
북로,北路
북록,北麓
북류,北流
북류시,北流市
북륜,北仑
북륜구,北仑区
북륜항,北仑港
북리,北里
북림,北林
북만,北满
북면,北面
북문,北门
북미,北美
북미시장,北美市场
북미주,北美洲
북미지구,北美地区
북반구,北半球
북반부,北半部
북방,北方; 北房
북방경제중심,北方经济中心
북방계,北方系
북방국,北方局
북방대,北方队
북방방,北方邦
북방사도,北方四岛
북방시장,北方市场
북방인,北方人
북방화,北方话
북배구,北碚区
북벌,北伐
북벌군,北伐军
북벌론,北伐论
북벌론자,北伐论者
북벌전쟁,北伐战争
북변,北边
북부,北部
북부만,北部湾
북부만경제구,北部湾经济区
북북동,北北东
북비,北非
북빙양,北冰洋
북산,北山
북산로,北山路
북삼환,北三环
북상,北上
북서,北西
북서류,北西流
북서풍,北西风
북소,北关
북송,北送; 北宋
북시,北市
북시구,北市区
북시장,北市场
북신,北信
북신교,北新桥
북아집단,北亚集团
북악,北岳
북안,北岸; 北安
북애이란,北爱尔兰
북약,北约
북약부대,北约部队
북양,北洋
북양군벌,北洋军阀
북어,北鱼
북어포,北鱼脯
북엇,北鱼
북영,北影
북영창,北影厂
북오새제,北奥塞梯
북외,北外
북운하,北运河
북원대가,北园大街
북위,北纬; 北魏
북의,北医
북익,北翼
북잡라래납,北卡罗来纳
북잡라래납주,北卡罗来纳州
북전,北展
북전극장,北展剧场
북제,北齐
북조,北朝
북주,北周
북진,北进; 北镇
북진구,北辰区
북참,北站
북창삼우,北窗三友; 北窓三友
북천,北川
북측,北侧
북침설,北侵说
북투,北斗
북투성,北斗星
북투칠성,北斗七星
북파,北坡
북평,北平
북포,北布
북풍,北风
북풍한설,北风寒雪
북하,北河
북한,北韩
북한강변,北汉江边
북한어,北韩语
북항,北航
북해,北海
북해공원,北海公园
북해도,北海道
북해시,北海市
북해항,北海港
북행지초,北行至楚
북향,北向
북현무,北玄武
북회귀선,北回归线
분,分; 体; 纷; 奋; 奔; 粉; 愤; 喷; 芬; 扮; 氛; 盆; 吩; 颁; 笨; 坟; 焚; 粪; 忿; 苯; 汾; 酚; 贲; 畚; 偾; 锛; 玢; 湓; 棼; 坌; 雰; 蕡; 鼢; 翉; 翂; 鲼; 鼖; 輽; 蚡; 黺; 翸; 砏; 份; 奮; 噴; 憤; 紛; 犇
분가,分家
분간,分拣
분감공고,分甘共苦
분갑산,苯甲酸
분강,盆腔; 体腔
분강염,盆腔炎
분개,愤慨; 分开; 体改
분개래,分开来
분개위,体改委
분갱,粪坑
분거,分居
분검,体检
분격,分隔; 体格; 愤激
분경,盆景
분계,体系; 分界
분계결구,体系结构
분계단진행,分阶段进行
분계선,分界线
분계역,体系域
분계화,体系化
분고,体高
분골쇄신,粉骨碎身
분공,分工
분공대,体工队
분공사,分公司
분공합작,分工合作
분과,分科; 分课
분과위,分课委
분관,分管; 喷灌; 分馆; 喷管
분광,分光
분광기,分光器
분광학적,分光学的
분교,分校; 体校
분구,分区; 分句; 喷口
분구새,分区赛
분구필합,分久必合
분국,分局
분국장,分局长
분군,分群
분권,分权
분권화,分权化
분귀검,扮鬼脸
분규,纷纠
분급,分给; 分级
분급관리,分级管理
분급제,分给制
분기,分期; 愤气; 分歧; 喷气; 分机; 苯基; 畚箕; 纷起
분기부관,分期付款
분기식,喷气式
분기점,分岐点
분기충천,愤气冲天
분기탱천,愤气撑天
분남,芬南
분내,体内; 分内
분노,愤怒
분노감,愤怒感
분뇨,粪尿
분눈,粉嫩
분능,体能
분니,芬妮
분단,分团; 分断; 笨蛋; 分段; 体坛; 粉团
분단당,分断当
분단장,分团长
분담,分担
분담금,分担金; 分担金
분담론,分担论
분담률,分担率; 分担率
분당,分党
분대,分队; 粉黛
분대원,分队员
분대장,分队长
분도,分度; 喷涂; 奔逃; 分道
분도양표,分道扬镳
분동,奔东
분두,分头; 喷头; 坟头; 奔头; 粉头
분득,分得
분등,奔腾; 分等
분란,纷乱; 芬兰
분란대,芬兰队
분량,分量; 体谅; 体量
분력,体力; 分力
분력로동,体力劳动
분력로동자,体力劳动者
분렬,分裂
분렬법,分裂法
분례,体例
분로,愤怒; 分路; 忿怒
분록,分录
분뢰,奔雷
분루,粪瘘
분류,分类; 奔流; 分流; 分馏
분류법,分类法
분류사,分类史
분류표,分类表
분류학,分类学
분리,分离; 芬利
분리개,分离开
분리도,分离度
분리론,分离论
분리법,分离法
분리수거,分离收去
분리식,分离式
분리액,分离液
분리적,分离的
분리주의,分离主义
분리처,分理处
분립,分立
분립적,分立的
분마,奔马
분마기,粉磨机
분만,分娩
분만법,分娩法
분만실,分娩室
분말,喷沫; 粉末
분말기,粉末机
분망,奔忙
분매,粉煤
분매회,粉煤灰
분면,体面
분명,分明; 奔命
분모,分母; 体貌
분묘,坟墓
분무,喷雾
분무기,喷雾器
분무완부,体无完肤
분묵,喷墨
분묵등장,粉墨登场
분묵타인기,喷墨打印机
분문,分文; 愤懑; 贲门
분문별류,分门别类
분문부취,分文不取
분문암,贲门癌
분미,体味
분박,粉扑; 喷薄
분박이출,喷薄而出
분반,喷饭; 份饭
분발,奋发; 分发; 喷发; 分拨
분방,奔放; 芬芳
분배,分配
분배기,分配器
분배망,分配网
분배부균,分配不均
분배율,分配律; 分配律
분백,体魄; 粉白
분백대록,粉白黛绿
분번,纷繁
분벌,体罚
분변,分辨; 分辩
분변력,分辨力
분변률,分辨率; 分辩率
분별,分别
분별력,分别力
분별지,分别智
분병,粉饼; 分兵
분병알,苯丙胺
분보취,分步骤
분봉,分封
분부,分付; 吩咐; 奔赴; 分部; 分赴; 体肤
분분,纷纷; 愤愤; 苯酚; 忿忿; 喷粪; 喷粉; 盆盆
분분부평,愤愤不平; 忿忿不平
분분식,分体式
분분양양,纷纷扬扬
분분요요,纷纷扰扰
분분의론,纷纷议论
분분초초,分分秒秒
분붕리석,分崩离析
분비,分泌; 分批; 分泌; 纷飞; 喷鼻; 分比; 粪肥
분비기,分泌期
분비량,分泌量
분비물,分泌物; 分泌物
분비성,分泌性
분빈,分频
분사,喷射; 粉丝; 分社
분사문,粉丝们
분사암,粉砂岩
분사제,喷射剂
분산,分散
분산성,分散性
분산식,分散式
분산적,分散的
분산제,分散剂
분산지,分散地
분산화,分散化
분상,扮相; 粉状; 体相; 奔丧
분색,分色
분서,奔西; 焚书
분서갱유,焚书坑儒
분석,分析
분석가,分析家
분석가문,分析家们
분석기,分析器
분석력,分析力
분석률,分析率; 分析率
분석모형,分析模型
분석법,分析法
분석분석,分析分析
분석사,分析师
분석사문,分析师们
분석성,分析性
분석순,分析纯
분석원,分析员
분석자,分析者
분석적,分析的
분석정서,分析程序
분석표,分析表
분석학,分析学
분석학자,分析学者
분석학적,分析学的
분석화학,分析化学
분선,体腺
분설,分设; 分说
분성,分成; 扮成
분세,喷洒
분세질속,愤世嫉俗
분세포,体细胞
분소,分销; 焚烧
분소로,焚烧炉
분송,分送
분쇄,粉碎; 粉刷
분쇄기,粉碎机
분수,分数; 喷水; 分手
분수계,分水界
분수대,喷水台
분수령,分水岭
분수분각,笨手笨脚
분수비,分手费
분수선,分数线
분수지,喷水池
분순환,体循环
분습,奔袭
분승,分乘
분시,分时
분식,分食; 粉食; 粉饰; 体式; 分式
분식점,粉食店
분식태평,粉饰太平
분신,分身; 焚身; 分神
분신기,分神期
분신쇄골,粉身碎骨
분신자살,焚身自杀
분실,分室; 纷失
분실물,纷失物
분심,分心
분아,份儿
분알,苯胺
분압,分压
분액,份额; 体液
분야,分野
분약다병,体弱多病
분양,分让; 汾阳
분양가,分让价
분얼,分蘖
분업,分业
분업화,分业化
분연,奋然; 扮演; 愤然
분연자,扮演者
분열,分裂
분열론,分裂论
분열증,分裂症
분영,坟茔
분오,体悟
분온,体温
분온계,体温计
분외,分外
분외순환,体外循环
분외안홍,分外眼红
분요,纷扰
분용,奔涌; 喷涌
분용이출,喷涌而出
분우,分忧
분우대,奔牛队
분우해난,分忧解难
분운,纷纭
분원,分院; 体院
분위,分为; 氛围; 体委; 体位
분위기,雰围气
분위성,体位性
분유,粉乳
분유기,喷油器
분육,体育
분육경새,体育竞赛
분육계,体育界
분육과,体育课
분육관,体育馆
분육도덕,体育道德
분육류,体育类
분육법,体育法
분육보,体育报
분육사,体育史
분육운동,体育运动
분육장,体育场
분육장관,体育场馆
분육정신,体育精神
분육학원,体育学院
분을희,苯乙烯
분의,分宜
분의현,分宜县
분이분,苯二酚
분이치지,分而治之
분인,笨人
분일배갱,分一杯羹
분임,分任
분자,分子; 份子; 粉刺; 盆子
분자량,分子量
분자사,分子筛
분자생물학,分子生物学
분자시계,分子时计
분자식,分子式
분자전,份子钱
분작,扮作
분잡,纷杂
분장,分掌; 扮装; 分装; 分赃; 分场; 粉肠; 坟场; 分账; 粉墙
분장사,扮装师
분장실,扮装室
분재,盆栽; 体裁
분재원,盆栽院
분쟁,分争; 纷争
분저,粉底; 笨猪
분적,体积
분전,奋战
분전역투,奋战力鬪; 奋战力鬪
분점,分店; 分点
분접,粉蝶
분정,分定; 体征; 纷呈; 粉晶
분정항례,分庭抗礼
분제,体制; 粉剂
분제성,体制性
분제화,体制化
분조,分组; 体操; 粉条
분조대,体操队
분조새,分组赛
분조선비,笨鸟先飞
분조장,分组长
분졸,笨拙
분종,分钟; 分种
분주,奔走; 汾酒
분주상고,奔走相告
분주호호,奔走呼号
분중,体重; 笨重
분중독,苯中毒
분중심,分中心
분증육,粉蒸肉
분지,盆地; 分支; 分枝; 坟地; 份地; 纷至
분지답래,纷至沓来
분지화,分枝化
분진,粉尘
분질,体质
분집,分集
분차,分叉; 分岔; 粪车
분찬,分餐
분찬제,分餐制
분찰,体察
분참,分站
분창,分厂; 喷枪
분채,盆菜
분책,分册
분처,分处
분천,喷泉; 喷溅
분철,酚醛
분첩,体贴
분첩입미,体贴入微
분청,分清
분청사기,粉青沙器; 粉靑沙器
분청주차,分清主次
분체,喷嚏; 芬达
분초,分秒
분초필쟁,分秒必争
분촌,分寸
분출,喷出
분출물,喷出物
분출적,喷出的
분취,喷嘴
분층차,分层次
분치,奔驰; 分值
분칠,粉漆; 喷漆
분침,分针
분타영납,苯妥英钠
분탄,分摊
분탕,焚荡
분태,体态; 酚酞
분토,粪土; 喷吐; 分土
분통,愤痛; 体统; 粪桶
분퇴,粪堆
분투,奋鬪
분파,分派; 奔波
분파비타,苯巴比妥
분파주의자,分派主义者
분패,愤败; 分贝
분편,粪便
분편포간,分片包干
분포,分布; 奔跑
분포구,分布区
분포권,分布圈
분포도,分布图
분포식,分布式
분포암,分布岩
분표,体表
분피,体被; 粉皮
분필,粉笔
분하,汾河
분한,愤恨; 忿恨
분할,分割; 分辖
분할미,分割美
분할선,分割线
분합,分合
분합수,分合水
분해,分解
분해자,分解者
분행,分行
분향,分享; 焚香; 喷香
분허,体虚
분험,体验
분험식,体验式
분험자,体验者
분현,体现
분협,体协
분형,体型; 体形
분형연기,分形连气; 分形連气
분호,分毫; 分号; 喷壶
분홍,粉红; 分红; 分洪
분홍색,粉红色
분홍형,分红型
분화,分化; 盆花; 焚化; 粉化
분화구,喷火口
분화기,分化期
분화와해,分化瓦解
분화적,分化的
분환,苯环
분회,体会; 分会
분효,分晓
분훼,焚毁
분휼,体恤
불,不; 佛; 弗; 拂; 氟; 芾; 怫; 绂; 祓; 黻; 茀; 绋; 笰; 艴; 韨; 髴; 巿; 彿
불가,佛家; 不可; 不可
불가결,不可缺; 不可缺
불가능,不可能; 不可能
불가분,不可分; 不可分
불가불,不可不; 不可不
불가사의,不可思议; 不可思议
불가사의론,不可思议论; 不可思议论
불가입성,不可入性; 不可入性
불가지론,不可知论; 不可知论
불가침,不可侵; 不可侵
불가침성,不可侵性; 不可侵性
불가피,不可避; 不可避
불가피성,不可避性; 不可避性
불가항력,不可抗力; 不可抗力
불가항력적,不可抗力的; 不可抗力的
불가해,不可解; 不可解
불간섭,不干涉; 不干涉
불감,佛龛
불감생심,不敢生心; 不敢生心
불감증,不感症; 不感症
불감청,不敢请; 不敢请
불강,弗冈; 佛冈
불개입,不介入; 不介入
불건강,不健康; 不健康
불건전,不健全; 不健全
불격삼,弗格森
불결,不洁; 不洁
불결감,不洁感; 不洁感
불경,佛经; 不敬; 不敬
불경기,不景气; 不景气
불경죄,不敬罪; 不敬罪
불계,不计; 不计
불계지주,不系之舟; 不系之舟
불계패,不计败; 不计败
불고염치,不顾廉耻; 不顾廉耻
불고지죄,不告知罪; 不告知罪
불공정,不公正; 不公正
불공정성,不公正性; 不公正性
불공평,不公平; 不公平
불과,不过; 不过
불광,佛光
불괴옥루,不愧屋漏; 不愧屋漏
불교,佛教
불교계,佛教界
불교관,佛教观
불교도,佛教徒
불교사,佛教史
불교성지,佛教圣地
불교식,佛教式
불교적,佛教的
불구,不具; 不拘; 不具; 不拘
불구대천,不俱戴天; 不俱戴天
불구속,不拘束; 不拘束
불구자,不具者; 不具者
불구화,不具化; 不具化
불국,佛国
불굴,不屈; 不屈
불귀,不归; 不归
불규칙,不规则; 不规则
불규칙성,不规则性; 不规则性
불규칙적,不规则的; 不规则的
불균등,不均等; 不均等
불균등성,不均等性; 不均等性
불균일성,不均一性; 不均一性
불균형,不均衡; 不均衡
불균형적,不均衡的; 不均衡的
불급마복,不及马腹; 不及马腹
불기소,不起诉; 不起诉
불기이자,不欺二字; 不欺二字
불길,不吉; 不吉
불길니아,弗吉尼亚
불길니아리공대학,弗吉尼亚理工大学
불길니아주,弗吉尼亚州
불길지조,不吉之兆; 不吉之兆
불내증,不内症; 不内症
불농,弗农
불뇨,氟尿
불능,不能; 不能
불당,佛堂
불도,佛道
불동,拂动
불두착분,佛头著粪
불득각,佛得角
불라륜살,佛罗伦萨
불라륜살대,佛罗伦萨队
불라리체,佛罗里达
불라리체주,佛罗里达州
불락뢰사,弗洛雷斯
불락륜체낙,弗洛伦蒂诺
불락이덕,弗洛伊德
불란,弗兰
불란극,弗兰克
불랍기미이,弗拉基米尔
불랍덕과부,弗拉德科夫
불랍미니,弗拉米尼
불랑색와,弗朗索瓦
불랑서사,弗朗西斯
불래,弗莱
불래명,弗莱明
불래철,弗莱彻
불량,不良; 不良
불량률,不良率; 不良率
불량배,不良辈; 不良辈
불량품,不良品; 不良品
불로,不劳; 不劳
불로소득,不劳所得; 不劳所得
불로장생,不老长生; 不老长生; 不老长生
불뢰,弗雷
불뢰덕,弗雷德
불뢰보,弗赖堡
불뢰택,弗雷泽
불륜,不伦; 不伦
불리,不利; 不利; 弗里
불리덕만,弗里德曼
불리돈,弗里敦
불리만,弗里曼
불리앙,氟利昂
불림사,弗林斯
불립,不立; 不立
불립문자,不立文字; 不立文字
불만,不满; 不满
불만기,不满气; 不满气
불만족,不满足; 不满足
불매,不买; 不买
불면,不眠; 不眠; 拂面
불면증,不眠症; 不眠症
불멸,不灭; 不灭
불명,不明; 不明
불명예,不名誉; 不名誉
불명예제대,不名誉除队; 不名誉除队
불명확,不明确; 不明确
불모,不毛; 不毛
불모성,不毛性; 不毛性
불모지,不毛地; 不毛地
불모지지,不毛之地; 不毛之地
불몽특주,佛蒙特州
불문,不问; 不问; 佛门
불문가지,不问可知; 不问可知
불문곡직,不问曲直; 不问曲直
불문과,佛文科
불문율,不文律; 不文律; 不文律
불문지문,不闻之闻; 不闻之闻
불문학,佛文学
불미,不美; 不美
불미지설,不美之说; 不美之说
불반,氟斑
불발,不发; 不发
불발탄,不发弹; 不发弹
불벌기장,不伐己长; 不伐己长
불벌죄,不罚罪; 不罚罪
불법,佛法; 不法; 不法
불법성,不法性; 不法性
불법적,不法的; 不法的
불법화,不法化; 不法化
불변,不变; 不变
불변성,不变性; 不变性
불변숙맥,不辨菽麦; 不辨菽麦
불변적,不变的; 不变的
불보,佛宝
불복,不服; 不服
불분동서,不分东西; 不分东西
불분명,不分明; 不分明
불분불계,不愤不启; 不愤不启
불비,不备; 不备
불비불명,不飞不鸣; 不飞不鸣
불비지혜,不费之惠; 不费之惠
불사,不辞; 不辞; 佛寺; 佛事
불사이군,不事二君; 不事二君
불산,佛山
불산시,佛山市
불산시검찰원,佛山市检察院
불산시공안국,佛山市公安局
불산의원,佛山医院
불상,佛像
불상사,不祥事; 不祥事
불상용,不相容; 不相容
불생불멸,不生不灭; 不生不灭
불성,佛性
불성실,不诚实; 不诚实
불세지재,不世之材; 不世之材
불소,弗素
불손,不逊; 不逊
불수,佛手; 拂袖
불수이거,拂袖而去
불순,不纯; 不顺; 不纯; 不顺
불순물,不纯物; 不纯物
불순분자,不纯分子; 不纯分子
불시,不时; 不时
불시착,不时着; 不时着
불식,不息; 不息; 拂拭
불신,不信; 不信
불신감,不信感; 不信感
불신론,不信论; 不信论
불신자,不信者; 不信者
불심,不审; 不审
불아,佛牙
불안,佛眼; 不安; 不安
불안감,不安感; 不安感
불안정,不安定; 不安定
불안증,不安症; 不安症
불야,佛爷
불야성,不夜城; 不夜城
불어,佛语
불어과,佛语科
불언,不言; 不言
불언지화,不言之化; 不言之花; 不言之化; 不言之花
불여귀,不如归; 不如归
불여일견,不如一见; 不如一见
불역지전,不易之典; 不易之典
불연기연,不然其然; 不然其然
불연성,不燃性; 不燃性
불연속,不连续; 不连续
불연속적,不连续的; 不连续的
불온,不稳; 不稳
불온시,不稳视; 不稳视
불완전,不完全; 不完全
불요구,不要求; 不要求
불요불굴,不挠不屈; 不挠不屈
불요불급,不要不急; 不要不急
불용,不用
불우,不遇; 不遇
불우자,不遇者; 不遇者
불우지변,不虞之变; 不虞之变
불운,不运; 不运
불원천리,不远千里; 不远千里
불유쾌,不愉快; 不愉快
불응,不应; 不应
불의,不义; 不意; 不义; 不意
불이익,不利益; 不利益
불이행,不履行; 不履行
불인,不人; 不人
불인도,不引渡; 不引渡
불인정,不认定; 不认定
불인지심,不忍之心; 不忍之心
불일치,不一致; 不一致
불임,不妊; 不妊
불임증,不妊症; 不妊症
불입,拂入
불입액,拂入额
불전,佛典; 佛殿
불조,佛祖
불조심,­操心
불주,佛珠; 佛州
불중독,氟中毒
불지,佛地; 佛指
불진,拂尘
불참,不参; 不参
불참여,不参与; 不参与
불참자,不参者; 不参者
불처벌,不处罚; 不处罚
불철저,不彻底; 不彻底
불철주야,不撤昼夜; 不撤昼夜
불청객,不请客; 不请客
불체포,不逮捕; 不逮捕
불초자제,不肖子弟; 不肖子弟
불출,不出; 不出
불충,不忠; 不忠
불충분,不充分; 不充分
불측,不测; 不测
불치,不治; 不治
불치병,不治病; 不治病
불치하문,不耻下问; 不耻下问
불친절,不亲切; 不亲切
불침번,不寝番; 不寝番
불쾌,不快; 不快
불쾌감,不快感; 不快感
불쾌지수,不快指数; 不快指数
불타,佛陀
불탑,佛塔
불통,不通; 不通
불퇴전,不退转; 不退转
불투명,不透明; 不透明
불특정,不特定; 不特定
불특정인,不特定人; 不特定人
불패,不败; 不败
불편,不便; 不便
불편부당,不偏不党; 不偏不党; 不偏不党
불평,不平; 不评; 不平; 不评
불평등,不平等; 不平等
불평불만,不平不满; 不平不满
불폐풍우,不蔽风雨; 不蔽风雨
불필다언,不必多言; 不必多言
불필요,不必要; 不必要
불필요론,不必要论; 不必要论
불하,拂下; 不下; 不下
불학,不学; 不学; 佛学
불한당,不汗党; 不汗党
불합격,不合格; 不合格
불합리,不合理; 不合理
불합리성,不合理性; 不合理性
불행,不幸; 不幸
불행사,不行事; 不行事
불허,不许; 不许
불협화,不协化; 不协和; 不协化; 不协和
불협화음,不协和音; 不协和音
불혹,不惑; 不惑
불혹지년,不惑之年; 不惑之年
불화,弗化; 不和; 不和; 氟化
불화물,氟化物
불화설,不和说; 不和说
불화성,不和性; 不和性
불확실,不确实; 不确实
불확실성,不确实性; 不确实性
불확정성,不确定性; 不确定性
불황,不况; 不况
불황기,不况期; 不况期
불효,不孝; 不孝; 拂晓
불효막심,不孝莫甚; 不孝莫甚
불효자,不孝子; 不孝子
불후,不朽; 不朽
불후지공,不朽之功; 不朽之功
붓,㖚
붕,朋; 鹏; 崩; 棚; 蹦; 绷; 硼; 嘣; 堋; 镚; 鬅; 鵬
붕가,棚架
붕괴,崩坏
붕괴설,崩坏说
붕궤,崩溃
붕당,朋党
붕대,绷带
붕대법,绷带法
붕도,蹦跳
붕락,崩落
붕렬,崩裂
붕로승당,鹏路升堂
붕붕도도,蹦蹦跳跳
붕사,硼砂
붕산,硼酸
붕우,朋友
붕우문,朋友们
붕우유신,朋友有信
붕우책선,朋友责善
붕자,棚子
붕정,鹏程
붕정만리,鹏程万里
붕착검,绷着脸
붕탑,崩塌
붕해,崩解
붕호,棚户
붕호구,棚户区
붕화기금관리유한공사,鹏华基金管理有限公司
비,比; 非; 飞; 备; 费; 批; 秘; 悲; 鼻; 菲; 肥; 臂; 卑; 匪; 碑; 脾; 屁; 譬; 鄙; 妃; 泌; 沸; 庇; 啤; 斐; 惫; 婢; 匕; 狒; 痹; 毗; 俾; 诽; 腓; 琵; 丕; 绯; 呸; 媲; 扉; 痞; 翡; 裨; 钚; 辔; 蜚; 贲; 霏; 砒; 蓖; 毖; 芾; 淝; 榧; 纰; 枇; 苤; 鞴; 圮; 鲱; 罴; 鼙; 痱; 庀; 畀; 悱; 蚍; 篦; 睥; 髀; 濞; 邳; 镄; 妣; 秕; 淠; 萆; 貔; 鹎; 舭; 蜱; 芘; 郫; 埤; 陴; 禆; 閟; 聛; 篚; 庳; 仳; 魾; 粊; 螕; 腗; 騛; 秠; 粃; 裶; 赑; 隦; 蕜; 薭; 備; 飛; 費; 俷; 屄; 憊
비가,比价; 悲歌; 飞架; 批假; 费家
비가라,费加罗
비가라보,费加罗报
비가시적,非可视的
비가열,非加热
비가입국,非加入国
비각,碑刻
비감,悲感; 肥甘
비감염성,非感染性
비감정화,非感情化
비강,鼻腔; 备降
비강도,比强度
비강제성,非强制性
비개,批改
비건,备件; 批件
비걸,费杰
비겁,卑怯
비견,比肩
비견수종,比肩随踵
비결,秘诀; 秘结; 肥缺
비결정론적,非决定论的
비경,费劲; 备耕; 飞经
비경쟁,非竞争
비경제,非经济
비계열,非系列
비고,屁股; 备考; 比高; 悲苦
비고전성,非古典性
비고전적,非古典的
비고전주의적,非古典主义的
비곤뇨류,屁滚尿流
비골,腓骨
비공,鼻孔; 费工
비공개,非公开
비공개성,非公开性
비공격적,非攻击的
비공산당,非共产党
비공식,非公式
비공식적,非公式的
비공식화,非公式化
비공인,非公认
비과,备课; 菲戈; 费戈
비과세,非课税
비과학,非科学
비과학적,非科学的
비관,悲观
비관론,悲观论
비관방,非官方
비관자,悲观者
비관적,悲观的
비관주의,悲观主义
비관주의자,悲观主义者
비교,比较
비교기,比较器
비교당,比较当
비교법,比较法
비교사,比较史
비교식,比较式
비교육적,非教育的
비교적,比较的; 秘教的
비교지하,比较之下
비교표,比较表
비구,比丘; 鼻沟; 批购
비구니,比丘尼
비구상적,非具象的
비구설,费口舌
비국대,非国大
비군,匪军
비군사구,非军事区
비굴,卑屈
비궁굴슬,卑躬屈膝
비궁지절,匪躬之节
비극,悲剧; 比克
비극미,悲剧美
비극성,悲剧性
비극적,悲剧的
비극희덕,比克希德
비근,卑近; 鼻根; 费根
비금,飞禽
비금속,非金属; 非金属
비금속광,非金属矿
비금주수,飞禽走兽
비급,比及
비기,飞机; 脾气; 碑记; 鄙弃
비기니,比基尼
비기장,飞机场
비기표,飞机票
비나,比那
비난,非难
비난적,非难的
비난조,非难调
비내,比奈
비녀,婢女
비노예적,非奴隷的; 非奴隸的
비논리,非论理
비농민,非农民
비농산업,非农产业
비농업,非农业
비뇌근,费脑筋
비뇨,泌尿
비뇨과,泌尿科
비뇨기,泌尿器; 泌尿器
비뇨기과,泌尿器科; 泌尿器科
비뇨외과,泌尿外科
비뉵,鼻衄
비능률,非能率; 非能率
비능률성,非能率性; 非能率性
비니,肥腻
비니극사,菲尼克斯
비단,绯缎; 非但
비단류장,飞短流长
비당원,非党员
비대,肥大; 比对; 脾大
비대중화,非大众化
비대칭,非对称
비대화,肥大化
비덕륵,费德勒
비덕림,费德林
비덕이,菲德尔
비도,非道; 匪徒
비도덕성,非道德性
비도덕적,非道德的
비도도,肥嘟嘟
비도문,匪徒们
비독,非独
비동,肥东
비동맥,脾动脉
비동맹국,非同盟国
비동범향,非同凡响
비동소가,非同小可
비동시적,非同时的
비동심상,非同寻常
비동의,非同意
비동현,肥东县
비두,鼻头
비두대이,肥头大耳
비두염,鼻窦炎
비득,非得; 比得
비등,沸腾; 飞腾
비란덕랍,比兰德拉
비래봉,飞来峰
비래비거,飞来飞去
비래횡화,飞来横祸
비략,飞掠
비량,批量; 鼻梁; 悲凉
비력,费力; 肥力; 臂力
비력부토호,费力不讨好
비련,悲恋; 毗连
비렬,卑劣
비렬라,费列罗
비렴,蜚蠊
비령,批零
비례,比例; 非礼
비례물동,非礼勿动
비례실조,比例失调
비례적,比例的
비례지례,非礼之礼
비례척,比例尺
비로,秘鲁; 费老
비로걸,费卢杰
비로대,秘鲁队
비로보사,比卢普斯
비로전,毘卢殿
비뢰라,费雷罗
비뢰랍,费雷拉
비뢰이,费雷尔
비료,肥料; 备料
비룡,飞龙
비룡승운,飞龙乘云
비룡재천,飞龙在天
비루,纰漏; 鼻漏
비루관,鼻泪管
비류직하,飞流直下
비륜,飞轮
비률,比率
비률빈,菲律宾
비률빈대,菲律宾队
비륭,庇隆
비륵타리아,比勒陀利亚
비리,非理; 比利
비리보,菲利普
비리보사,菲利普斯
비리시,比利时
비리시대,比利时队
비리시참,比利时站
비리아,比利亚; 菲利娅
비리아뢰아이,比利亚雷亚尔
비리아뢰아이대,比利亚雷亚尔队
비리포,飞利浦; 菲利浦
비리포공사,飞利浦公司
비린,毗邻; 比邻
비림,碑林
비림구,碑林区
비림비공,批林批孔
비마,蓖麻
비마유,蓖麻油
비만,肥满; 臂弯
비만도,肥满度
비만자,肥满者
비만증,肥满症
비말,飞沫
비망,备忘
비망록,备忘录
비매품,非卖品
비명,悲鸣; 碑铭; 非命
비명횡사,非命横死
비모,鼻毛
비모퇴,飞毛腿
비목어,比目鱼
비몽,比蒙
비몽사몽,非梦似梦
비무,飞舞; 比武
비무역,非贸易
비무장,非武装
비무화,费茂华
비문,碑文; 绯闻; 批文; 飞吻; 秘闻
비문려,费雯丽
비문명적,非文明的
비문자적,非文字的
비문화적,非文化的
비물질계,非物质界
비미,卑微; 媲美; 比美; 肥美; 费米
비민,悲悯
비민족적,非民族的
비민주,非民主
비민주적,非民主的
비밀,秘密
비밀경찰,秘密警察
비밀리,秘密里
비밀문서,秘密文书
비밀주의,秘密主义
비박,批驳; 菲薄; 鄙薄
비반,肥胖; 飞盘
비반률,肥胖率
비반자,肥胖者
비반증,肥胖症
비발,批发
비발가,批发价
비발부,批发部
비발상,批发商
비발업,批发业
비발참,批发站
비방,秘方; 诽谤; 比方; 匪帮; 臂膀
비방전,诽谤战
비방죄,诽谤罪
비방지목,诽谤之木
비범,非凡
비법,秘法; 非法
비법모리,非法牟利
비법행위,非法行为
비보,悲报; 裨补; 秘宝
비보통,比普通
비복,批复
비본질적,非本质的
비봉수풍,飞蓬随风
비부,飞赴; 臂部
비부과,比不过
비부상,比不上
비분,比分; 备份; 飞奔; 悲愤; 非分
비분강개,悲愤慷慨
비분지상,非分之想
비불외곡,臂不外曲; 臂不外曲
비비,卑鄙; 比比; 菲菲; 狒狒; 霏霏; 菲比
비비개시,比比皆是
비비무치,卑鄙无耻
비비양양,沸沸扬扬
비빈,妃嫔
비사,备查; 屁事; 秘史; 费事; 飞驶; 费沙; 比斯
비사맥,俾斯麦
비사실적,非事实的
비사실주의적,非写实主义的
비사용자,非使用者
비사이,费舍尔; 菲舍尔
비사절랍,费斯切拉
비사주석,飞沙走石
비산,砒酸; 飞散
비산비야,非山非野
비살,比萨
비살병,比萨饼
비살이,费萨尔
비상,砒霜; 非常; 飞上; 飞翔; 悲伤; 费翔
비상경계령,非常警戒令
비상경보,非常警报
비상계엄,非常戒严
비상계엄령,非常戒严令
비상구,非常口
비상근무,非常勤务
비상근무령,非常勤务令
비상령,非常令
비상사태,非常事态
비상시,非常时
비상시국,非常时局
비상식적,非常识的
비상업적,非商业的
비상용,非常用
비상임,非常任
비상장,非上场
비상조치,非常措置
비상종,非常钟
비상지변,非常之变
비상책,非常策
비새,比赛
비새리,比赛里
비새일,比赛日
비새장,比赛场
비색,翡色; 比索; 备索
비색법,比色法
비생물,非生物
비생물적,非生物的
비생산성,非生产性
비생산적,非生产的
비서,秘书; 飞逝; 飞絮; 肥西
비서관,秘书官
비서관실,秘书官室
비서실,秘书室
비서실장,秘书室长
비서장,秘书长
비서진,秘书阵
비서현,肥西县
비석,碑石; 肥硕; 沸石
비석지심,匪石之心
비선,飞船; 飞旋
비선생,费先生
비선성,非线性
비선호도,非选好度
비설,飞碟; 费雪
비성,费城; 脾性; 蜚声; 肥城
비성여뢰,沸声如雷
비성중외,蜚声中外
비성해내외,蜚声海内外
비소,批销; 比绍
비소설,非小说
비속,卑俗; 卑属; 飞速
비속어,卑俗语
비수,匕首; 备受; 沸水; 肥瘦; 肥水; 匪首
비수기,非需期
비수업계,备受业界
비승,飞升
비승비속,非僧非俗
비시,鄙视; 批示; 费时; 比试
비시간,费时间
비시적,非诗的
비식,鼻息
비식민지화,非植民地化
비식육,鼻息肉
비신,碑身; 费神
비실명,非实名
비실용성,非实用性
비심,费心
비심사,费心思
비십개극,比什凯克
비아,飞蛾
비아막속,非我莫属
비아박화,飞蛾扑火
비아부화,飞蛾赴火
비아적,比亚迪
비아체,飞亚达
비아특,菲亚特
비아특집단,菲亚特集团
비안,备案
비애,悲哀
비약,飞跃
비약극만,比约克曼
비약상,飞跃状
비약성,飞跃性
비약은,比约恩
비약적,飞跃的
비양,飞扬; 鼻痒
비양발호,飞扬跋扈
비양심적,非良心的
비어,批语; 鲱鱼
비언어적,非言语的
비업무,非业务
비여,比如; 譬如
비여설,譬如说
비역사적,非历史的
비연,斐然
비연고지,非缘故地
비연호,鼻烟壶
비열,卑劣; 卑劣; 批阅; 比热
비염,鼻炎
비엽,鼻叶
비영리,非营利
비영리성,非营利性; 非赢利性
비영리적,非营利的
비예술,非艺术
비예술적,非艺术的
비옥,肥沃
비옥가봉,比屋可封
비옥가주,比屋可诛
비옥청,费玉清
비왕,飞往
비용,费用; 备用; 比容
비용금,备用金
비용률,费用率
비우,肥牛; 庇佑; 悲叹
비운,悲运
비원,肥源
비월,飞越
비위,备位; 脾胃; 非违
비위생적,非卫生的
비유,比喻; 比喩; 譬喻
비유법,比喻法; 比喩法
비유적,比喻的; 比喩的
비육,肥肉; 肥育
비육대주,肥肉大酒
비육지탄,脾肉之叹
비윤리적,非伦理的; 非倫理的
비율,比率; 比率
비은,比恩
비음,鼻音
비읍,悲泣
비응주구,飞鹰走狗
비의,比拟; 非议
비의도적,非意图的
비의류,非衣类
비의지적,非意志的
비이,比尔; 鄙夷; 菲尔
비이개자,比尔盖茨
비이남다,费尔南多
비이남덕사,费尔南德斯
비이덕,菲尔德
비이보사,菲尔普斯
비이부니,肥而不腻
비이부선,秘而不宣
비이부주,比而不周
비이상주의적,非理想主义的
비이성적,非理性的; 非理性的
비이소사,匪夷所思
비이중적,非二重的
비이특,费尔特
비이파합,费尔巴哈
비익,鼻翼; 裨益; 比翼
비익쌍비,比翼双飞
비익연리,比翼连理; 比翼連理
비익제비,比翼齐飞
비익조,比翼鸟
비인,飞人; 非人; 鄙人
비인간성,非人间性
비인간적,非人间的
비인간화,非人间化
비인기,非人气
비인도적,非人道的
비인문학적,非人文学的
비인성적,非人性的
비인암,鼻咽癌
비일비,比一比
비일비재,非一非再
비일상적,非日常的
비자,鼻子; 妃子; 痞子; 痱子; 婢子
비자걸랍덕,菲茨杰拉德
비자금,秘资金; 秘资金
비자생적,非自生的
비자연적,非自然的
비자연주의적,非自然主义的
비자채,痞子蔡
비장,悲壮; 秘藏; 脾脏; 肥肠; 臂章; 肥壮; 裨将; 腓肠
비장기,腓肠肌
비장미,悲壮美
비장비,非装备
비저,肥猪
비적,秘籍; 飞贼; 费迪
비적남덕,费迪南德
비적대적,非敌对的
비전,飞钱; 备战; 非典; 批转; 费钱; 肥田; 飞转
비전문가,非专门家
비전문성,非专门性
비전문적,非专门的
비전분,肥田粉
비전불행,非钱不行; 非钱不行
비전형폐염,非典型肺炎
비절,悲切
비점,沸点
비점막,鼻粘膜
비접촉식,非接触式
비정,非情; 悲情; 飞艇; 碑亭
비정기적,非定期的
비정맥,脾静脉
비정부적,非政府的
비정상,非正常
비정상성,非正常性
비정상인,非正常人
비정상적,非正常的
비정식,非正式
비정치성,非政治性
비정치인,非政治人
비정치적,非政治的
비정태,非晶态
비정한,非情汉
비정형적,非定型的
비제,斐济; 备齐
비제도권,非制度圈
비제조,非制造
비제조업,非制造业
비조,鼻祖; 肥皂; 比照; 飞鸟; 批条
비조객,非钓客
비조자,批条子
비조진양궁장,蜚鸟尽良弓藏
비조포,肥皂泡
비종중래,悲从中来
비죄,非罪
비주,非洲; 啤酒; 备注; 飞走; 批注; 飞舟; 邳州
비주개발은행,非洲开发银行
비주구,非洲区
비주두,啤酒肚
비주류,非主流
비주시,邳州市
비주시장,非洲市场
비주업,啤酒业
비주인,非洲人
비주장,费周章
비주지각,非洲之角
비주지구,非洲地区
비주통일조직,非洲统一组织
비주화,啤酒花
비준,批准
비준룡,费俊龙
비준서,批准书
비중,比重
비중격,鼻中隔
비지,鼻纸; 备至; 飞地
비지중물,非池中物
비직,卑职
비진,费尽; 飞进
비진심기,费尽心机
비진심력,费尽心力
비진흥,非振兴
비차즉피,非此即彼
비참,悲惨
비참여,非参与
비창,飞涨; 悲怆
비책,秘策
비처,悲凄
비처리,批处理
비척,悲戚
비천,卑贱; 鄙浅; 飞天; 飞溅
비천민인,悲天悯人
비천상,飞天像
비천장,飞天奖
비철,非铁
비첨,鼻尖; 飞檐
비첨주벽,飞檐走壁
비첩,碑帖
비청검종,鼻青脸肿
비체,鼻涕; 比蒂
비총,臂丛
비추,悲秋
비축,备蓄
비축미,备蓄米
비출혈,鼻出血
비취,翡翠; 备取
비치,备置; 比值; 飞驰
비치이과,飞驰而过
비친비고,非亲非故
비쾌,飞快
비타,备妥
비타협적,非妥协的
비탁법,比浊法
비탄,悲叹; 飞弹
비탄자,悲叹者
비태,备胎
비통,悲痛; 悲恸
비통신,非通信
비통욕절,悲痛欲绝
비통치,非统治
비투,批斗
비특,比特; 非特
비파,琵琶; 枇杷; 飞播
비파골,琵琶骨
비파괴성,非破坏性
비파형,琵琶形
비판,批判
비판력,批判力
비판론,批判论
비판론자,批判论者
비판성,批判性
비판자,批判者
비판적,批判的
비평,批评
비평가,批评家
비평가문,批评家们
비평계,批评界
비평문,批评文
비평서,批评书
비평성,批评性
비평자,批评者
비평적,批评的
비평준화,非平准化
비평형,批评型
비포,批捕; 飞跑
비포장도로,非铺装道路
비폭,飞瀑
비폭력,非暴力
비표,飞镖
비품,备品
비필충천,飞必冲天
비하,卑下; 备下
비하정치,鼻下政事
비합,飞鸽
비합리성,非合理性
비합리적,非合理的
비합법화,非合法化
비항,飞航
비해,费解
비핵,非核
비핵화,非核化
비행,卑行; 非行; 飞行
비행기,飞行机; 飞行器
비행기구,飞行气球
비행대,飞行队
비행물,飞行物
비행사,飞行士
비행선,飞行船
비행아,非行儿
비행운,飞行云
비행원,飞行员
비행원문,飞行员们
비행자,飞行者
비행장,飞行场
비행체,飞行体
비현,郫县; 费县
비현실,非现实
비현실감,非现实感
비현실성,非现实性
비현실적,非现实的
비혈,鼻血; 扉页
비혈연적,非血缘的
비협조,非协调
비호,庇护; 飞虎; 批号
비호남,非湖南
비호대,飞虎队
비호소,庇护所
비호자,庇护者
비홍,飞红; 绯红; 飞虹
비화,秘话; 飞火; 飞花; 屁话; 比画; 费话
비환,悲欢; 匪患
비환리합,悲欢离合
비활,比活
비황,备荒; 飞蝗
비황등체,飞黄腾达
비회원,非会员
비획,比划
비효,肥效
비효율,非效率; 非效率
비효율성,非效率性; 非效率性
비효율적,非效率的; 非效率的
비효통,费孝通
비후,肥厚
비훼,飞虫
비휴,貔貅
비흡연자,非吸烟者
비희교집,悲喜交集
비희이,费希尔
빈,份; 贫; 宾; 频; 斌; 滨; 苹; 彬; 濒; 鬓; 缤; 殡; 嫔; 槟; 浜; 摈; 膑; 颦; 牝; 髌; 傧; 豳; 镔; 邠; 赟; 鬂; 頻; 蘋; 賓; 貧; 濱
빈각,鬓角
빈강,滨江
빈강공원,滨江公园
빈강구,滨江区
빈강로,滨江路
빈객,宾客
빈계신명,牝鸡晨鸣
빈고,贫苦
빈고농,贫雇农
빈곤,贫困
빈곤선,贫困线
빈곤자,贫困者
빈곤현,贫困县
빈곤호,贫困户
빈곤화,贫困化
빈골,髌骨
빈공과,宾贡科
빈관,宾馆; 频宽
빈국,贫国
빈궁,嫔宫; 贫穷
빈궁락후,贫穷落后
빈기,摈弃
빈노,宾努
빈농,贫农
빈농군,贫农军
빈니,宾尼
빈단,频段
빈대,频带
빈도,频度; 频道; 贫道
빈득,宾得
빈랑,槟榔
빈률,频率
빈리,宾利
빈민,贫民
빈민가,贫民街
빈민구,贫民区
빈민굴,贫民窟
빈민층,贫民层
빈밀,频密
빈발,频发; 鬓发
빈번,频繁
빈변,鬓边
빈병교가,贫病交加
빈보,频谱
빈부,贫富
빈부귀천,贫富贵贱
빈부부균,贫富不均
빈부현수,贫富悬殊
빈분,缤纷
빈붕,宾朋
빈비,嫔妃
빈빈,频频
빈빈유례,彬彬有礼
빈빈지,频频地
빈사,濒死
빈석법니아,宾夕法尼亚
빈석법니아대학,宾夕法尼亚大学
빈석법니아주,宾夕法尼亚州
빈성,槟城; 滨城
빈소,殡所
빈수,频数
빈승,贫僧
빈약,贫弱
빈양,宾阳
빈양현,宾阳县
빈어,宾语
빈역,频域
빈우,濒于
빈위,濒危
빈의관,殡仪馆
빈이낙도,贫而乐道; 贫而樂道
빈익빈,贫益贫
빈인대,髌韧带
빈임,濒临
빈잉,频仍
빈자소인,贫者小人
빈장,殡葬
빈장업,殡葬业
빈전,频传
빈점,频点
빈주,宾主; 滨州; 宾州
빈주시,滨州市
빈지여귀,宾至如归
빈차,频次
빈척,贫瘠
빈천,贫贱
빈천부능이,贫贱不能移
빈천불능이,贫贱不能移; 贫贱不能移
빈천지교,贫贱之交
빈축,嚬蹙
빈취,贫嘴
빈핍,贫乏
빈하로,滨河路
빈하중농,贫下中农
빈한,贫寒
빈해,滨海
빈해국제기장,滨海国际机场
빈해로,滨海路
빈해지구,滨海地区
빈현,宾县
빈혈,贫血
빈혈증,贫血症
빈호,滨湖
빈호구,滨湖区
빙,冰; 凭; 冯; 聘; 泵; 骋; 娉; 俜; 憑
빙가,冰架
빙거,凭据
빙격릉,冰激凌
빙고,冰糕; 冰库
빙곤,冰棍
빙곤아,冰棍儿
빙공,凭空
빙공날조,凭空捏造
빙공영사,凭公营私
빙과,冰菓; 氷菓
빙괴,冰块
빙교,冰窖
빙구,冰球
빙궤,冰柜
빙금,聘金
빙기,冰期
빙기림,冰淇淋; 氷淇淋
빙기설장,冰肌雪肠; 氷肌雪肠
빙단,凭单
빙당,冰糖
빙당호로,冰糖葫芦
빙대,冰袋
빙도,冰岛; 冰刀; 冰道
빙도대,冰岛队
빙독,冰毒
빙동,冰冻
빙동삼척비일일지한,冰冻三尺非一日之寒
빙등,冰灯
빙란,凭栏
빙랭,冰冷
빙량,冰凉
빙량빙량,冰凉冰凉
빙례,聘礼
빙륜,冰轮
빙릉,冰凌
빙면,冰面
빙박,冰雹
빙방,泵房
빙벽,冰壁; 氷壁
빙봉,冰封; 冰棒; 冰峰
빙산,冰山; 氷山
빙상,冰上; 冰箱; 氷上; 冰霜; 凭祥
빙상시,凭祥市
빙서,聘书
빙석,冰释
빙설,冰雪
빙설절,冰雪节
빙설총명,冰雪聪明
빙소와해,冰消瓦解; 氷消瓦解
빙수,冰水; 氷水
빙수기,冰水机; 氷水机
빙심,冰心
빙용,聘用
빙임,聘任
빙임제,聘任制
빙자,凭借
빙장,冰场; 凭仗
빙전,冰砖
빙점,冰点; 氷点
빙정,凭证; 冰晶; 娉婷
빙정식,凭证式
빙조,冰雕; 凭吊
빙주,冰柱
빙진,冰镇
빙차,凭借
빙착,凭着
빙천,冰川
빙천설지,冰天雪地
빙청,聘请
빙청옥결,冰清玉洁; 氷淸玉洁
빙초산,冰醋酸; 氷醋酸
빙추,冰锥
빙층,冰层
빙탄불상용,冰炭不相容; 氷炭不相容
빙탄상애,冰炭相爱; 氷炭相爱
빙판,冰板; 氷板
빙편,冰片
빙포,泵浦
빙폭,冰瀑
빙하,冰下; 冰河; 氷下; 氷河
빙하기,冰河期; 氷河期
빙해,冰海
빙혜,冰鞋
빙화,冰花
뿐,兺; 哛
사,事; 些; 使; 斯; 四; 社; 司; 思; 死; 师; 士; 似; 写; 史; 查; 食; 射; 沙; 谢; 词; 私; 丝; 舍; 辞; 驶; 邪; 蛇; 斜; 寺; 饲; 傻; 赐; 啥; 莎; 狮; 耍; 撕; 诈; 纱; 肆; 卸; 蜡; 梭; 嗣; 奢; 砂; 泻; 伺; 咋; 乍; 仕; 赦; 祀; 渣; 喳; 祠; 巳; 筛; 徙; 俟; 唆; 鲨; 崽; 麝; 碴; 榭; 娑; 咝; 蛳; 泗; 蓑; 赊; 笥; 佘; 楂; 裟; 嗄; 槎; 姒; 挲; 驷; 厍; 鸶; 痧; 汜; 肀; 馇; 耜; 猞; 桫; 葸; 屣; 砟; 阇; 铊; 揸; 猹; 蹅; 虒; 鮻; 藛; 蓰; 覗; 鼶; 髿; 禠; 鈶; 鍦; 閯; 齄; 鯋; 鶳; 逤; 缷; 蕼; 鉂; 䴓; 磃; 魳; 竢; 虵; 禩; 騇; 禗; 謝; 師; 寫; 絲; 詞; 捨; 獅; 厶; 賜; 紗; 駛; 辭; 亊; 詐; 瀉
사가,史家; 私家; 谢家; 事假; 沙家
사가가,傻呵呵
사가근,谢家瑾
사가려,斯嘉丽; 斯佳丽
사가법,史可法
사가빈,沙家浜
사가정탐,私家侦探
사가체,斯柯达
사각,四角; 死角; 斜角
사각조천,四脚朝天
사각지대,死角地带
사각형,四角形
사간,查看; 査看; 乍看
사간지하,乍看之下
사갈,蛇蝎
사감,私感; 舍监; 查勘
사감적납유아,斯堪的纳维亚
사강,谢强; 查岗; 筛糠; 诈降
사강생,谢康生
사개,四个; 咋个; 些个
사개현대화,四个现代化
사객,谢客
사갱,沙坑
사거,舍去
사거이도,舍车而徒; 舍車而徒
사거활래,死去活来
사건,事件; 纱巾; 丝巾
사격,射击
사격뢰납,斯格雷纳
사격장,射击场
사견,私见; 纱绢; 丝绢
사결,死结
사경,死境; 使劲; 死硬; 死劲
사계,四季
사계두,四季豆
사계사야,使鸡司夜
사계상청,四季常青
사계여춘,四季如春
사계절,四季节
사계청,四季青
사고,事故; 史库; 四苦; 思考; 思顾; 写稿; 四顾; 词库; 师古; 查考; 四库; 师姑; 司考
사고가,思考家
사고관,思考观
사고력,思考力
사고률,事故率
사고무친,四顾无亲
사고방식,思考方式
사고율,事故率; 事故率
사고자,思考者
사고전서,四库全书
사고제,思考题
사곡,纱谷; 词曲
사골,四骨
사공,沙工; 司空; 师公; 辞工; 射孔; 事功; 筛孔
사공견관,司空见惯
사공문청,司空文青
사공의,司空毅
사공중곡,射空中鹄
사과,沙果; 谢过; 赦过; 傻瓜; 社科; 思科; 驶过; 丝瓜; 斯科; 沙锅; 思过; 史科
사과경천,事过境迁
사과계,社科界
사과계통공사,思科系统公司
사과공사,思科公司
사과랍리,斯科拉里
사과류,社科类
사과문,谢过文
사과원,社科院
사과이사,斯科尔斯
사과탄,沙果弹
사과특,斯科特
사관,史官; 史观; 士官; 使馆; 史馆; 寺观
사관생도,士官生徒
사관학교,士官学校
사관후보생,士官候补生
사광,丝光
사괴,使坏
사교,社交; 邪教; 私交; 赐教; 社教
사교계,社交界
사교성,社交性
사교술,社交术
사교육비,私教育费
사교적,社交的
사구,四球; 沙丘; 社区; 奢求; 查扣; 词句; 蛇口; 谢丘; 查究; 私仇; 谢玖; 沙鸥; 死区; 死球
사구공업구,蛇口工业区
사구성,社区性
사구영신,辞旧迎新
사구화,社区化
사국급,司局级
사국충,谢国忠
사군,谢军
사군이충,事君以忠
사군자,四君子
사군호,谢君豪
사궁,词穷
사권,事权; 私权
사권화,私权化
사귀,死鬼
사극,史剧; 沙棘; 斯克
사극유탑택,查克维塔泽
사근,词根
사근교원,舍近交远
사근구원,舍近求远
사금,沙金; 沙金; 查禁
사금격,斯金格
사금격일락,斯琴格日乐
사금고왜,斯琴高娃
사금덕,沙金德
사금인,谢金印
사급,写给; 赐给
사급계생,事急计生
사기,士气; 沙器; 诈欺; 司机; 舍弃; 四起; 伺机; 史记; 死机; 斯基; 邪气; 傻气; 使气
사기경배,死记硬背
사기고앙,士气高昂
사기구인,舍己救人
사기극,诈欺剧
사기단,诈欺团
사기당,诈欺当
사기림,斯基林
사기문,司机们
사기범,诈欺犯
사기위인,舍己为人
사기이동,伺机而动
사기저락,士气低落
사기적,诈欺的
사기충천,士气冲天
사기침침,死气沉沉
사기포서,使骥捕鼠
사기화,谢企华
사나,谢娜
사낙,斯诺
사낙극,斯诺克
사난,死难
사난자,死难者
사난환한,乍暖还寒
사남,司南; 思南
사남현,思南县
사낭,师娘; 私囊
사내,寺内; 社内; 舍内
사내내,沙奶奶
사내덕,斯奈德
사녀,仕女; 使女
사녀사,谢女士
사년,蛇年
사년급,四年级
사념,邪念; 思念; 私念
사노비,史努比
사농,司农
사농공상,士农工商
사뇌근,死脑筋
사능,使能
사다,死多
사단,事端; 四端; 师团; 社团; 四段; 使团; 傻蛋; 词坛
사단설,四端设
사단장,师团长
사단취장,舍短取长
사달이이의,辞达而已矣
사담,蛇胆
사당,祠堂; 死党; 砂糖
사당문,死党们
사당양자,祠堂养子
사당적,私党的
사대,事大; 四大; 师大; 丝带; 沙袋; 查对
사대가족,四大家族
사대개공,四大皆空
사대금강,四大金刚
사대당,事大党
사대두,死对头
사대림,斯大林
사대림격륵,斯大林格勒
사대면,斜对面
사대문,四大门
사대보,斯台普
사대부,士大夫
사대부가,士大夫家
사대부중,师大附中
사대사상,事大思想
사대생,师大生
사대성,事大性
사대육신,四大六身; 四大六身
사대주의,事大主义
사대주의자,事大主义者
사대주의적,事大主义的
사덕,师德; 查德; 私德
사덕가이마,斯德哥尔摩
사도,四都; 师徒; 司徒; 仕途; 驶到; 邪道; 使徒; 斜度
사도가특,斯图加特
사도가특대,斯图加特队
사도검도,司徒剑韬
사도량,师徒俩
사도렬,司徒烈
사도뢰등,司徒雷登
사도명월,司徒明月
사도문,司徒文
사도미,司徒美
사도여금,事到如今
사도연,司徒燕
사도이특,斯图尔特
사도일,司徒一
사도임두,事到临头
사도존엄,师道尊严
사도평,司徒平
사독,蛇毒
사독서,死读书
사돈,查顿
사돈팔촌,查顿八寸
사동,舍栋; 谢东; 史东
사동나,谢东娜
사동문,谢东文
사동붕,史冬鹏
사동비동,似懂非懂
사두,蛇头
사두각,沙头角
사두품,四头品
사득,使得; 舍得; 乍得
사득기소,死得其所
사득호,写得好
사등,死等
사등과,谢登科
사등보,斯登堡
사등삼,斯滕森
사등장,四等奖
사또,使道
사라,纱罗; 桫椤
사라수,沙罗树
사락,傻乐
사락모,沙洛姆
사락문니아,斯洛文尼亚
사락문니아대,斯洛文尼亚队
사락벌극,斯洛伐克
사락벌극대,斯洛伐克队
사란진,沙兰镇
사랍,沙拉; 莎拉; 咋啦; 斯拉
사랍교,斜拉桥
사랍랍,沙拉拉
사랍부,斯拉夫
사랍비,沙拉比
사랍파왜,莎拉波娃
사랑,舍廊; 谢浪; 沙朗
사랑방,舍廊房
사래극,史莱克
사략,史略
사량,思量; 史良
사려,思虑; 谢丽
사려연,谢丽娟
사력,死力; 沙砾; 使力
사력지,沙砾地
사련,思恋; 谢联
사령,使令; 司令; 辞令
사령관,司令官; 使领馆
사령기,司令旗
사령대,司令台
사령부,司令部
사령운,谢灵运
사령원,司令员
사령탑,司令塔
사례,事例; 谢礼; 司礼; 司隶
사례교위,司隶校尉
사례비,事例费
사례품,事例品
사로,思路; 死路; 邪路; 司炉
사로사,谢老师
사로일조,死路一条
사록화탄,四氯化碳
사론,社论; 史论
사롱,耍弄
사뢰,耍赖
사료,史料; 思料; 死了; 饲料; 私了; 卸料
사료관,史料馆
사료량,饲料粮
사료적,史料的
사룡,沙龙
사루,沙漏
사류,射流; 词类
사류맹,耍流氓
사륜,四轮; 砂轮
사률,斜率
사륭,斯隆
사륭체,沙隆达
사릉,沙凌
사리,事理; 舍利; 私利; 查理; 斯利; 莎莉
사리나가,斯利那加
사리도생,死里逃生
사리란잡,斯里兰卡
사리부,谢里夫
사리사기,傻里傻气
사리사반,斯里查潘
사리사욕,私利私欲
사리이,谢莉尔
사리자,舍利子; 查理兹
사리탑,舍利塔
사리특,沙利特
사린,四邻
사림,士林; 谢琳; 沙林; 谢林
사림한모,谢林汉姆
사립,私立; 沙粒; 砂粒
사립대,私立大
사립대학,私立大学
사립학교,私立学校
사마,司马; 邪魔
사마고,司马库
사마광,司马光
사마남,司马南
사마림,司马林
사마백,司马白
사마상여,司马相如
사마소,司马昭
사마씨,司马氏
사마염,司马炎
사마영,司马英
사마의,司马懿
사마천,司马迁
사마충,司马衷
사막,沙漠; 谢幕
사막화,沙漠化
사만,沙湾
사만나길집단,沙湾拿吉集团
사말,丝袜; 斯帕
사말래체,斯帕莱蒂
사망,死亡; 奢望; 丝网; 四望; 筛网
사망률,死亡率; 死亡率
사망선,死亡线
사망자,死亡者
사망지해,死亡之海
사매,师妹; 舍妹
사매문,师妹们
사면,丝绵; 四面; 斜面; 赦免
사면령,赦免令
사면분,四面体
사면초가,四面楚歌
사면춘풍,四面春风
사면출격,四面出击
사면팔방,四面八方
사면환수,四面环水
사멸,死灭
사명,使命; 查明; 死命; 舍命; 思明; 司命; 谢明
사명감,使命感
사명구,思明区
사명남로,思明南路
사명령,死命令
사명산,四明山
사모,师母; 思慕; 纱帽; 谢某; 傻冒; 思茅; 史某; 死耗; 思谋
사모관대,纱帽冠带
사모사이혁,沙姆沙伊赫
사모시,思茅市
사목,司牧
사목지신,徙木之信
사묘,寺庙
사무,事务; 师巫; 私务
사무거세,事无巨细
사무과장,事务课长
사무관,事务官
사무국,事务局
사무국장,事务局长
사무기탄,肆无忌惮
사무대정,死无对证
사무두불행,蛇无头不行; 蛇无头不行
사무성,事务性
사무소,事务所
사무소장,事务所长
사무실,事务室
사무여한,死无余恨
사무원,事务员
사무이성,事无二成
사무장,事务长; 司务长
사무장신지지,死无葬身之地
사무적,事务的
사무전례,史无前例
사무직,事务职
사무직원,事务职员
사무처,事务处
사무처장,事务处长
사무총장,事务总长
사무총장직,事务总长职
사문,查问; 沙门; 射门; 斯文; 师门; 邪门; 斜纹; 思文; 谢文; 纱门
사문난적,斯文乱贼; 斯文亂贼
사문동,谢文东
사문룡,谢文龙
사문부산,使蚊负山
사문씨균,沙门氏菌
사문장,写文章
사문조직,斜纹组织
사문주의,沙文主义
사문준,谢文俊
사문직,斜纹织
사문화,死文化
사물,事物; 四物
사물적,事物的
사물화,事物化
사미,些微; 奢靡; 沙弥; 四美; 词尾; 史弥
사미륜,史美伦
사미승,沙弥僧
사민,士民; 斯敏
사민당,社民党
사민이시,使民以时
사민주의자,社民主义者
사밀,斯密
사밀사,史密斯
사밀체,思密达; 斯密达
사바세계,娑婆世界
사반,沙盘
사반공배,事半功倍
사반낙리사,斯潘诺里斯
사반세기,四半世纪
사발,沙钵; 沙发; 事发
사발농사,沙钵农事
사발시계,沙钵时计
사발의,沙发椅
사발통문,沙钵通文
사방,四方; 沙防; 私房; 查房; 查访; 私方; 谢芳; 四旁
사방구,四方区
사방기,斜方肌
사방전,私房钱
사방팔방,四方八方
사방형,四方形
사배공반,事倍功半
사배분,四倍体
사백도,史白都
사범,事犯; 师范; 思凡
사범대,师范大
사범대학,师范大学
사범류,师范类
사범성,师范性
사범학교,师范学校
사범학원,师范学院
사법,司法; 写法; 私法; 师法; 词法
사법계,事法界; 四法界; 司法界
사법관,司法官
사법권,司法权
사법부,司法府; 司法部
사법부장,司法部长
사법적,司法的
사법흑,司法黑
사벽,四壁
사변,事变; 思辨; 四边; 斜边
사변적,思辨的
사변형,四边形
사별,死别; 辞别
사병,士兵
사병문,士兵们
사보,社报
사보금과,谢甫琴科
사보량,沙宝亮
사보만,查普曼
사복,私服; 伺服; 赐福
사복계통,伺服系统
사복첨,谢伏瞻
사본,写本
사본축말,舍本逐末
사본치말,舍本治末
사봉,查封
사부,四部; 师傅; 师父; 师部; 辞赋
사부과삼,事不过三
사부득,舍不得; 使不得
사부명목,死不瞑目
사부문,师傅们
사부사장,司副司长
사부소기,事不关己
사부요검,死不要脸
사부의지,事不宜迟
사부족석,死不足惜
사부진,射埠镇
사부체의,词不达意
사부치,谢富治
사부회개,死不悔改
사분,私奔; 私分; 事体; 筛分; 私愤; 沙芬; 斜体
사분기,四分期
사분오렬,四分五裂
사분오열,四分五裂; 四分五裂
사분지삼,四分之三
사분지일,四分之一
사불급설,驷不及舌; 驷不及舌
사불여의,事不如意; 事不如意
사불을희,四氟乙烯
사비,私费; 谢飞
사비기,耍脾气
사비련,谢菲联
사비이덕,谢菲尔德
사비이덕련대,谢菲尔德联队
사빈,射频
사빈새,斯宾塞
사빈취,耍贫嘴
사사,师事; 私私; 谢谢; 事事; 傻傻; 死死; 丝丝; 私事; 沙沙; 写写; 莎莎; 唆使; 斜射; 喳喳; 思思; 沙司; 赐死; 查查; 史事; 梭梭; 咝咝; 师师; 辞谢; 斯斯
사사건건,事事件件
사사명,史思明
사사무애법계,事事无碍法界
사사문문,斯斯文文
사사밀,沙士密
사사방방,四四方方
사사분기,四四分期
사사비아,莎士比亚
사사연,谢师宴
사사오입,四死五入; 四舍五入
사사온,史思温
사사입구,丝丝入扣
사사장,司司长
사사적,傻傻的; 死死的
사사제,沙师弟
사사지,死死地
사산,四山; 死产; 四散; 私产; 沙山
사산율,死产率; 死产率
사살,射杀
사상,事象; 史上; 思想; 死伤; 死状; 舍上; 舍象; 私商; 丝状; 砂箱
사상가,思想家
사상가문,思想家们
사상계,思想界
사상고,思想库
사상누각,沙上楼阁; 沙上樓阁
사상림,佘祥林
사상사,思想史
사상사적,思想史的
사상서,思想书
사상성,思想性
사상수양,思想修养
사상자,死伤者; 蛇床子; 思想者
사상적,思想的
사상제자,泗上弟子
사상준비,思想准备
사상집,思想集
사색,四色; 思索; 死色
사색가,思索家
사색당쟁,四色党争
사색적,思索的
사생,舍生; 师生; 写生
사생결단,死生决断
사생계활,死生契阔
사생련,师生恋
사생망사,舍生忘死
사생문,师生们
사생아,私生儿
사생영욕,死生荣辱
사생자,私生子
사생취의,舍生取义
사생활,私生活
사서,史书; 司书; 思绪; 辞书; 四书; 词序
사서극,史瑞克
사서린,谢瑞麟
사서만천,思绪万千
사서성호,社鼠城狐
사서오경,四书五经
사서함,私书函
사석,私席; 砂石; 沙石; 司夕
사석음우,射石飮羽
사선,斜线; 死线; 私船; 事先; 筛选; 射线; 丝线; 纱线; 沙宣
사선미,斜线美
사선생,谢先生; 史先生
사설,社说; 私设; 私说; 咋舌; 邪说
사설란,社说栏
사설조,辞说调
사섭법,四摄法
사성,四成; 沙星; 词性; 四声; 死性; 沙城; 狮城; 赐姓
사성구,四省区
사성급,四星级
사성자,耍性子
사성제,四圣谛
사세,社势; 辞世; 谢世
사소,些少; 事关; 傻笑; 赊销; 词素
사소룡,四小龙
사소비소,似笑非笑
사소자,傻小子
사소저,谢小姐
사소전국,事关全局
사소중대,事关重大
사소흔,查小欣
사속,丝束
사손,谢逊
사수,射手; 死守; 查收; 死水; 死囚; 泗水
사수년화,似水年华
사수단,耍手段
사수대,死守队
사수류년,似水流年
사수문,射手们
사수인원,司售人员
사수좌,射手座
사숙,私塾
사순,查询; 査询
사순비,查询费
사승,沙僧; 师承
사승인원,司乘人员
사시,四时; 斜视; 似是; 史诗; 死尸; 沙市
사시급,史诗级
사시도,四时图
사시만,佘诗曼
사시사,四时四
사시이비,似是而非
사시장,四时长
사시장춘,四时长春
사식기,写植机
사신,使臣; 辞神; 写信; 死神; 死讯; 舍身; 士绅; 四新; 谢神; 查新
사신사,四神砂
사실,事实; 写实; 史实; 查实; 射失
사실감,事实感
사실무근,事实无根
사실상,事实上
사실성,事实性; 写实性
사실승우웅변,事实胜于雄辩
사실적,事实的; 写实的
사실주의,写实主义
사실주의자,写实主义者
사실주의적,写实主义的
사심,死心; 私心; 查寻
사심불구,蛇心佛口
사심안,死心眼; 耍心眼
사심자용,师心自用
사심잡념,私心杂念
사심탑지,死心塌地
사십,四十
사십구,四十九
사십기,四十几
사십래,四十来
사십만,四十万
사십사,四十四
사십삼,四十三
사십오,四十五
사십오만,四十五万
사십이,四十二
사십이불혹,四十而不惑; 四十而不惑
사십초말,四十初袜
사씨,谢氏; 史氏
사아,事儿; 沙哑; 词儿; 沙俄; 史阿; 渣儿
사아기수,舍我其谁
사아룡,谢亚龙
사아사,沙阿斯
사악,邪恶
사안,事案; 傻眼; 斜眼; 沙眼; 谢安; 砂眼
사안기,谢安琪
사안산,丝氨酸
사안색,使眼色
사암,沙岩; 砂岩
사야,师爷; 四野
사야형,谢野馨
사약,芍药; 泻药
사약매,史若梅
사양,仕样; 斜阳; 辞让; 饲养; 咋样; 师洋; 射阳; 私养; 泗阳
사양량,饲养量
사양서,仕样书
사양업,饲养业
사양원,饲养员
사양자,饲养者
사양장랑,使羊将狼
사양지심,辞让之心
사양현,射阳县; 泗阳县
사양화,斜阳化
사어,死语; 词语; 鲨鱼; 死鱼; 私语
사어지천,射鱼指天
사언,斯言
사업,事业
사업가,事业家
사업과장,事业课长
사업관,事业馆
사업권,事业圈
사업단,事业团
사업단위,事业单位
사업부,事业部
사업부장,事业部长
사업부제,事业部制
사업비,事业费
사업성,事业性
사업소,事业所
사업심,事业心
사업자,事业者
사업작풍,事业作风
사업장,事业场
사업주,事业主
사업체,事业体
사업형,事业型
사업화,事业化
사업회,事业会
사여,私与; 赐予
사여원위,事与愿违
사역,使役
사역우,师亦友
사연,事缘; 私缘; 辞缘; 乍然; 似然
사연신,谢延信
사열,查阅
사열식,查阅式
사영,私营; 射影; 斯咏
사영공상업자,私营工商业者
사영하,沙颍河
사예,斜睨
사오,四五
사오백,四五百
사오십,四五十
사옥,社屋
사옥주,史玉柱
사온,四温
사옹,莎翁
사와,舍瓦; 沙窝
사와이덕납택,谢瓦尔德纳泽
사완,死缓
사왕,驶往; 狮王
사왕사래,乍往乍来
사왕서,斯旺西
사왜,莎娃
사외,社外; 四外
사외보,社外报
사요면자,死要面子
사욕,私欲
사용,使用; 私用
사용가치,使用价值
사용감,使用感
사용권,使用权
사용기,使用期
사용량,使用量
사용료,使用料
사용률,使用率; 使用率
사용법,使用法
사용비,使用费
사용성,使用性
사용자,使用者
사용자층,使用者层
사용주,使用主
사용처,使用处
사우,死于; 师友
사우비명,死于非命
사우안락,死于安乐
사우흔,谢雨欣
사욱인,谢旭人
사운,史运
사원,寺院; 沙原; 社员; 私怨; 师院; 词源
사원교,四元桥
사원문,社员们
사원지,寺院址
사월,四月
사월분,四月份
사위,四围; 诈伪; 饲喂; 谢炜
사위동,谢卫东
사위부특,斯威夫特
사위사,查韦斯
사위사란,斯威士兰
사위이,斯威尔
사위지기자사,士为知己者死
사위특,斯威特
사위특집단,斯威特集团
사유,事由; 思惟; 私有; 思维; 四维; 谢维; 渣油
사유권,私有权
사유론,私有论
사유민첩,思维敏捷
사유방법,思维方法
사유사,查维斯
사유서,事由书
사유여고,死有余辜
사유재산,私有财产
사유적,私有的
사유제,私有制
사유지,私有地
사유화,私有化
사육,饲育; 蛇肉
사육신,死六臣; 死六臣
사융,丝绒
사은,谢恩
사은품,谢恩品
사의,谢意; 辞意; 事宜; 肆意; 写意; 司仪; 词义; 蓑衣
사의망위,肆意妄为
사의홍,史依弘
사이,查尔
사이개,谢尔盖
사이극,沙尔克
사이돈,查尔顿
사이돈대,查尔顿队
사이무감,死而无憾
사이복생,死而复生
사이비,似而非
사이사,查尔斯
사이후이,死而后已
사인,使人; 死因; 私人; 死人; 士人; 词人; 砂仁; 耍人
사인방,四人帮
사인여천,事人如天
사인의생,私人医生
사인화,私人化
사일구,四一九
사일위,司一位
사임,辞任; 卸任
사입,写入; 驶入
사자,使者; 死者; 狮子; 傻子; 师资; 私自; 写字; 啥子; 沙子; 筛子; 渣子; 砂子; 梭子; 死字
사자구,狮子狗
사자대,写字台
사자대개구,狮子大开口
사자두,狮子头
사자루,写字楼
사자리,斜刺里
사자문,狮子们
사자산,狮子山
사자심상빈,奢者心常贫
사자왕기,四子王旗
사자전,查字典
사자좌,狮子座
사자차시학,写字此是学
사자해,梭子蟹
사자회,狮子会
사자후,狮子吼
사작,写作
사작자,写作者
사잡랍매랍,斯卡拉梅拉
사잣,使者
사장,死藏; 沙场; 社长; 卸妆; 师长; 司长; 私藏; 砂浆; 查账; 赊账; 私章; 卸装
사장단,社长团
사장석,斜长石
사장정,谢长廷
사장직,社长职
사장품,卸妆品
사재,私财; 卸载; 渣滓
사재인위,事在人为
사쟁,佘峥
사저,私邸; 师姐
사저문,师姐们
사저부파개수탕,死猪不怕开水烫
사저하,私底下
사적,写的; 史的; 史迹; 社的; 私的; 似的; 事迹; 史迪; 死寂; 史籍; 思迪
사적기,史迪奇
사적위,史迪威
사전,事典; 事前; 死前; 私田; 私电; 辞典; 词典; 射箭; 师专; 死缠; 史前; 死战; 沙田; 射电; 使钱
사전상후,思前想后
사전식,辞典式
사전적,事前的; 辞典的
사절,使节; 谢绝; 辞绝
사절기,四节气
사절단,使节团
사절단장,使节团长
사점,查点
사정,事情; 司正; 射精; 查定; 查正; 射程; 查证; 辞呈; 社情; 私情; 纱锭; 斜井; 谢顶; 谢祯
사정거리,射程距离
사정거리권,射程距离圈
사정권,射程圈
사정봉,谢霆锋
사정사정,事情事情
사정어,沙丁鱼
사정위,师政委
사정정,史婷婷
사정항,沙埕港
사제,司祭; 师弟; 私制; 卸除; 沙堤
사제단,司祭团
사제동행,师弟同行
사제문,师弟们
사제복,司祭服
사제장,司祭长
사제지간,师弟之间
사제직,司祭职
사제춘,史济春
사조,思潮; 查找; 写照; 词组; 词条; 辞藻; 词藻; 斜照; 沙枣
사조강,沙祖康
사조영,史朝英
사조영웅,射雕英雄
사족,四足; 蛇足
사존명,史存明
사졸,士卒
사졸문,士卒们
사종,师从; 师宗
사죄,谢罪; 死罪
사주,使嗾; 四柱; 社主; 四周; 丝绸; 事主; 沙洲; 沙州; 司州
사주단자,四柱单子
사주위,四周围
사주임,谢主任
사주지로,丝绸之路
사주팔자,四柱八字
사죽,丝竹
사죽영,谢竹缨
사중,四重; 查中
사중구활,死中求活
사중박,谢中博
사증,查证
사증상신,似曾相识
사지,四肢; 死地; 沙地; 使之; 四至; 史志; 砂纸
사지무력,四肢无力
사지발체,四肢发达
사지오등,死之五等
사지혜,谢芷蕙
사직,司直; 社稷; 纱织; 辞职
사직단,社稷坛
사직서,辞职书
사직원,辞职愿
사직위허,社稷为墟
사직지신,社稷之臣
사직창,丝织厂
사직품,丝织品
사진,写真; 沙尘; 驶进; 仕进; 谢晋
사진관,写真馆
사진기,写真机
사진반,写真班
사진반원,写真班员
사진부,写真部
사진원,谢晋元
사진작가,写真作家
사진전,写真展
사진집,写真集
사진첩,写真帖
사진학,写真学
사질,沙质; 砂质
사집,查缉
사차,卸车; 莎车
사차불피,死且不避; 死且不避
사차불후,死且不朽; 死且不朽
사차원,四次元
사차원적,四次元的
사착사착,写着写着
사찰,伺察; 寺刹; 查察
사찰과장,查察课长
사찰단,查察团
사참,沙参
사창,史仓; 纱窗; 纱厂
사창가,私娼街
사채,社债; 私债
사채업자,私债业者
사책,史册; 卸责
사처,查处; 四处; 私处
사처분파,四处奔波
사처유탕,四处游荡
사처장망,四处张望
사천,四川
사천농업대학,四川农业大学
사천대,四川队
사천대학,四川大学
사천로,四川路
사천미술학원,四川美术学院
사천북로,四川北路
사천북로점,四川北路店
사천분지,四川盆地
사천사범대학,四川师范大学
사천사지,谢天谢地
사천새구,四川赛区
사천성,四川省
사천성위,四川省委
사천왕,四天王
사천위시,四川卫视
사천이백구십일,四千二百九十一
사천일보,四川日报
사천전시대,四川电视台
사천전흥대,四川全兴队
사천지구,四川地区
사천화,谢天华
사철,词缀
사철생,史铁生
사청,查清; 四清
사체,斯达; 谢蒂
사체강,斯达康
사체격리자,斯蒂格利茨
사체고과,思达高科
사체극,斯达克
사체륵,斯蒂勒
사체문,史蒂文; 斯蒂文
사체문사,史蒂文斯
사체문삼,史蒂文森
사체부,史蒂夫; 斯蒂夫
사체분,斯蒂芬; 史蒂芬
사체서,斯达舒
사체이,斯蒂尔
사체제,沙达提
사초,莎草; 饲草; 查抄
사초과,莎草科
사초료,饲草料
사촌,四寸; 思忖
사춘기,思春期
사출,写出; 查出; 使出; 射出
사출래,查出来
사출물,射出物
사출유인,事出有因
사취피자,耍嘴皮子
사치,奢侈
사치성,奢侈性
사치품,奢侈品
사칙,四则
사친,思亲
사친이효,事亲以孝
사칭,诈称
사타,渣打
사타은행,渣打银行
사탁극,斯托克
사탁극돈,斯托克顿
사탄,沙滩; 斯坦; 沙坦; 私吞
사탄과,斯坦科
사탄과유기,斯坦科维奇
사탄리,斯坦利
사탄복,斯坦福
사탄복교,斯坦福桥
사탄복대학,斯坦福大学
사탄상,蛇吞象
사탑,斜塔
사탑극,斯塔克
사탑극호사,斯塔克豪斯
사탑덕매이,斯塔德迈尔
사탑모,斯塔姆
사탑이,斯塔尔
사탕,沙糖; 沙糖
사태,事态; 沙汰; 死胎
사태룡,史泰龙
사태발전,事态发展
사태이,斯太尔
사택,舍宅; 舍宅; 私宅
사토,渣土; 沙土; 砂土
사토로,斜土路
사통,斯通; 四通; 私通; 司通
사통팔달,四通八达
사통팔체,四通八达
사퇴,辞退
사퇴서,辞退书
사투,思鬪; 死鬪; 私斗
사특,沙特; 斯特
사특대,沙特队
사특랍감,斯特拉坎
사특랍사보,斯特拉斯堡
사특랑,斯特朗
사특로,斯特劳
사특로사,斯特劳斯
사특아랍백,沙特阿拉伯
사특아랍백대,沙特阿拉伯队
사특은,斯特恩
사파,斜坡; 沙巴; 查破
사파극,史派克
사파로,斯巴鲁
사파체,斯巴达
사파체극,斯巴达克
사판,咋办; 查办; 死板; 筛板
사판안건,查办案件
사패,赐牌; 词牌
사편,欺骗; 诈骗
사편범,诈骗犯
사편죄,诈骗罪
사평,四平; 谢平
사평로,四平路
사평시,四平市
사평파구,沙坪坝区
사평팔은,四平八稳
사포,沙布; 纱布; 沙包
사폭,邪幅; 沙暴
사표,辞表; 查表; 师表; 查票
사풍,沙风
사피,蛇皮
사피구,沙皮狗
사피덕,斯皮德
사피뢰검,死皮赖脸
사피이백격,斯皮尔伯格
사필,思虑
사필궁친,事必躬亲
사필귀정,事必归正
사핍,傻逼
사하,舍下; 私下; 卸下; 沙河
사하구구,沙河口区
사하래,写下来
사하리,私下里; 四下里
사하무인,四下无人
사하시,沙河市
사학,史学; 四学; 私学; 肆虐
사학가,史学家
사학계,史学界
사학과,史学科
사학론,史学论
사학사,史学史
사학사적,史学史的
사학자,史学者
사한,谢寒
사합원,四合院
사항,事项; 四缸
사항기본원칙,四项基本原则
사해,四海; 四害; 死海; 辞海; 沙海
사해동포,四海同胞
사해위가,四海为家
사해일가,四海一家
사핵,查核
사행,辞行; 蛇行
사행방,谢杏芳
사행삭질,射幸数跌; 射幸數跌
사향,驶向; 射向; 麝香; 思乡; 四乡
사향지정,思乡之情
사허,些许
사험,查验
사혁,谢赫
사현,沙县; 泗县; 谢玄; 丝弦
사혈,死穴
사혈가입,使穴可入
사형,死刑; 师兄; 砂型; 蛇形; 私刑
사형당,死刑当
사형매,师兄妹
사형문,师兄们
사형수,死刑囚
사형제,师兄弟
사호,似乎; 丝毫; 邪乎; 谢胡; 咋呼
사호대,查号台
사호동,死胡同
사호부고,丝毫不顾
사호부차,丝毫不差
사호호,傻乎乎
사홍,泗洪; 射洪
사홍영,史红英
사홍현,泗洪县
사화,奢华; 四化; 沙化; 卸货; 丝花; 词话; 私货; 史话; 死火; 傻话; 沙华
사화초,耍花招
사확,查获
사환,使唤; 仕宦
사환로,四环路
사환소,四环素
사환소류,四环素类
사활,死活; 死敌; 私活
사황,沙皇
사회,司会; 社会; 四会; 死灰; 私会
사회각계,社会各界
사회공작,社会工作
사회공작자,社会工作者
사회과,社会科
사회과학,社会科学
사회과학가,社会科学家
사회과학계,社会科学界
사회과학원,社会科学院
사회관,社会观
사회관계,社会关系
사회교육,社会教育
사회극,社会剧
사회단체,社会团体
사회당,社会党
사회론,社会论
사회론자,社会论者
사회면,社会面
사회명류,社会名流
사회민주당,社会民主党
사회복무,社会服务
사회복무업,社会服务业
사회복연,死灰复燃
사회봉사,社会奉仕
사회부,社会部
사회부연,死灰复燃; 死灰復燃
사회부장,社会部长
사회사,社会史
사회사가,社会史家
사회사상,社会思想
사회사업,社会事业
사회사업과,社会事业课
사회사업학과,社会事业学科
사회사적,社会史的
사회상,社会相
사회생활,社会生活
사회설,社会说
사회성,社会性
사회시,四会市
사회심리학,社会心理学
사회악,社会恶
사회안전원,社会安全员
사회의식,社会意识
사회의식적,社会意识的
사회인,社会人
사회자,司会者
사회적,社会的
사회제도,社会制度
사회주의,社会主义
사회주의권,社会主义圈
사회주의자,社会主义者
사회주의적,社会主义的
사회지위,社会地位
사회체,社会体
사회층,社会层
사회풍기,社会风气
사회학,社会学
사회학가,社会学家
사회학과,社会学科
사회학도,社会学徒
사회학자,社会学者
사회학적,社会学的
사회현상,社会现象
사회화,社会化
사효봉,谢晓峰
사후,事后; 死后; 伺候; 耍猴; 嗣后
사후약방문,死后药方文
사후제갈량,事后诸葛亮
사훈,师训
사훼,沙虫; 丝虫
사훼병,丝虫病
사휘,词汇; 谢晖; 谢辉
사휘량,词汇量
사흑중심,查黑中心
사흔,沙欣
사흠,赊欠
사희,社戏
삭,数; 索; 削; 烁; 朔; 嗍; 槊; 铄; 蒴; 搠; 箾; 矟
삭가,削价
삭감,削减
삭구,削球
삭도,削掉
삭막,索莫; 索莫
삭발,削发
삭발위승,削发为僧
삭방,朔方
삭수,削瘦
삭약,削弱
삭제,削除
삭족적리,削足适履
삭주,朔州
삭주굴근,削株掘根
삭주시,朔州市
삭철여니,削铁如泥
삭탈관직,削夺官职
삭평,削平
삭풍,朔风
산,产; 山; 算; 散; 酸; 伞; 珊; 删; 铲; 蒜; 讪; 汕; 姗; 跚; 闩; 孪; 狻; 霰; 潸; 馓; 舢; 疝; 毵; 馂; 笇; 筭; 藖; 祘; 繖; 浐; 產; 刪; 傘; 産
산가,山歌; 产假; 散架
산각,山脚
산간,产看; 山间; 山涧
산간벽지,山间僻地
산감,删减
산감도,酸碱度
산강,山岗; 山冈
산개,散开; 删改
산객,散客
산거,删去; 散居; 山居
산건,散件
산결,散结
산겸,产钳
산경,山景; 山径
산계,算计; 山鸡; 山系
산계야목,山鸡夜鹜
산고,产苦; 酸苦
산고로원,山高路远
산고수장,山高水长
산고파,山高坡
산곡,山谷; 散曲
산공소,产供销
산과,产科; 散伙
산관,散官
산광,散光
산괘,算卦
산괴,山块
산괴형,山块形
산구,山区; 产区; 山口; 山丘; 山沟
산구백혜,山口百惠
산구절초,山九折草
산구혜자,山口惠子
산국,山菊; 山国
산군,山群
산궁수진,山穷水尽
산권,产权
산권식,产权式
산근,山根
산기,产气; 疝气; 散记
산남,山南
산남수북,山南水北
산남지구,山南地区
산내,酸奶
산니,蒜泥
산단계,产蛋鸡
산단단,山丹丹
산단률,产蛋率
산당,山塘
산대,蒜薹
산도,酸度
산동,山东; 山洞; 酸疼
산동과기대학,山东科技大学
산동농업대학,山东农业大学
산동대,山东队
산동대학,山东大学
산동로능구락부,山东鲁能俱乐部
산동로능대,山东鲁能队
산동리공대학,山东理工大学
산동반도,山东半岛
산동사범대학,山东师范大学
산동성,山东省
산동성분육중심,山东省体育中心
산동성위,山东省委
산동위시,山东卫视
산동의과대학,山东医科大学
산동전시대,山东电视台
산동지구,山东地区
산동진,山东镇
산두,汕头; 山头; 蒜头
산두대학,汕头大学
산두시,汕头市
산두일보,汕头日报
산두해소,汕头海关
산득,算得
산득료십마,算得了什么
산득십마,算得什么
산등,酸橙
산락,散落
산란,产卵; 散乱
산란기,产卵期
산란율,产卵率; 产卵率
산랄탕,酸辣汤
산람,山岚
산량,产量; 山梁
산량구,产粮区
산령,山岭
산로,山路
산록,山麓
산록부,山麓部
산료,算了
산류,酸类
산류류,酸溜溜
산릉,山陵
산리인,山里人
산림,山林
산림처사,山林处士
산마,酸麻
산만,散漫; 山峦
산매,酸梅
산매업,散卖业
산매점,散卖店
산매탕,酸梅汤
산맥,山脉
산맥형,山脉型
산맹해서,山盟海誓
산명,算命
산명수려,山明水丽
산명수수,山明水秀
산모,产母
산묘,山猫; 蒜苗
산문,山门; 散文
산문가,散文家
산문극,散文剧
산문부,散文部
산문시,散文诗
산문집,散文集
산물,产物
산미,酸味; 汕尾
산미료,酸味料
산미시,汕尾市
산민,山民
산민문,山民们
산반,算盘
산발,散发
산발성,散发性
산발적,散发的
산방,产房; 散放; 山房
산번취간,删繁就简
산법,算法
산별,产别
산병,伞兵; 散兵
산병유용,散兵游勇
산보,散步
산복,山腹
산본,山本
산본오십륙,山本五十六
산봉,山峰
산부,产妇; 算符
산부료,算不了
산부료십마,算不了什么
산부인과,产妇人科
산분,山体; 散体
산불염고,山不厌高; 山不厌高
산붕,山崩
산붕지렬,山崩地裂
산사,山寺; 山查; 散士; 算士; 山楂; 散射; 散沙
산사광,散射光
산사태,山沙汰
산산,散散; 算算; 酸酸; 姗姗; 讪讪
산산래지,姗姗来迟
산산보,散散步
산산수수,山山水水
산산심,散散心
산산첨첨,酸酸甜甜
산삼,山参
산삽,酸涩
산상,山上; 产状; 产床
산색,山色
산생,产生; 孪生
산생량,产生量
산생우,产生于
산생형제,孪生兄弟
산서,山西
산서곡음,山栖谷飮
산서대,山西队
산서대학,山西大学
산서로,山西路
산서만보,山西晚报
산서성,山西省
산서성위,山西省委
산서의과대학,山西医科大学
산서일보,山西日报
산석,散席
산성,山城; 酸性
산성도,酸性度
산성화,酸性化
산세,山势; 酸洗
산소,山所; 酸素; 产销; 讪笑; 山魈
산소량,产销量
산소률,产销率
산소합동,产销合同
산쇄,散碎
산수,山水; 算数; 散手
산수소,酸水素
산수유,山茱萸
산수화,山水画
산술,算术
산술급수적,算术级数的
산술법,算术法
산술식,算术式
산술적,算术的
산시,算是; 产时
산식,算式
산신,山神
산신령,山神灵
산실,产室; 散失
산심,散心
산아,产儿
산악,山岳
산악회,山岳会
산악회원,山岳会员
산애,山崖
산야,山野
산야채,山野菜
산약,山药
산양,山羊; 山阳
산양융,山羊绒
산양좌,山羊座
산업,产业
산업계,产业界
산업과장,产业课长
산업구,产业区
산업국,产业国
산업군,产业群
산업로,产业路
산업론,产业论
산업별,产业别
산업용,产业用
산업적,产业的
산업주의,产业主义
산업체,产业体
산업형,产业型
산업화,产业化
산연,酸软; 潸然
산연루하,潸然泪下
산열,散热
산열기,散热器
산외유산,山外有山
산요,山腰; 山坳
산욕기,产褥期
산우,山芋; 酸雨
산우내,酸牛奶
산우욕래,山雨欲来
산우욕래풍만루,山雨欲来风满楼
산유,产油
산유구,产油区
산유국,产油国
산유량,产油量
산유육,山萸肉
산음,山阴
산응,山鹰
산인,山人
산일엽초,山一叶草
산입,算入
산자,产仔; 铲子; 算子
산자수명,山紫水明
산작,山雀
산장,山庄; 散装; 算账; 散场; 山场; 山墙
산장수원,山长水远
산재,产灾; 散在
산저귀저,山底贵杵
산적,山积; 散炙; 散炙
산전,山田; 产前; 山前; 山巅
산전수전,山战水战
산절,删节
산점상,散点状
산정,山顶; 算定; 产程
산정동인,山顶洞人
산제,删除; 铲除; 散剂
산조,散调; 酸枣
산중,山中
산중독,酸中毒
산중백운,山中白云
산중수복의무로,山重水复疑无路
산지,产地; 山地
산진,山珍
산진해미,山珍海味
산차,铲车; 山茶
산차화,山茶花
산채,山寨; 山菜; 酸菜
산책,散策
산책로,散策路
산척,山脊
산천,山川; 山泉
산천초목,山川草木
산첨,酸甜
산첨고랄,酸甜苦辣
산청수수,山清水秀
산체,山体
산초,山椒; 酸楚
산촌,山村
산총장,算总账
산출,产出; 算出
산출률,产出率
산취,酸臭; 山嘴
산치,产值; 酸值
산타,散打
산태,蒜苔
산통,酸痛
산파,产婆; 山坡; 散播
산파역,产婆役
산판,山坂; 舢板; 蒜瓣; 散板; 舢舨
산패,酸败
산평,铲平; 山坪
산포,散布; 山炮; 山包
산포도,山葡萄
산품,产品
산품규격,产品规格
산품성,产品性
산품세,产品税
산품인정,产品认证
산품화,产品化
산풍,山风; 散风
산하,伞下; 山河; 山下
산학,产学; 算学; 散学
산한,散寒
산항,酸酐
산해경,山海经
산해소,山海关
산해진미,山海珍味
산핵,山势
산핵도,山核桃
산행,山行
산향,山乡; 山响
산협,山峡
산형,山形
산호,散户; 珊瑚
산호도,珊瑚岛
산호초,珊瑚礁
산호해소,山呼海啸
산홍,山洪
산홍폭발,山洪暴发
산화,酸化; 山火; 山货
산화란만,山花烂漫
산화물,酸化物
산화선,散货船
산회,散会
산후,产后
산후병,产后病
산후열,产后热
살,杀; 萨; 撒; 蔡; 煞; 閷; 脎; 蔱; 铩; 殺; 薩
살가,杀价; 萨迦
살개,撒开
살격륵포,萨格勒布
살계,杀戒
살계경후,杀鸡儆猴
살계취란,杀鸡取卵
살과제,萨科齐
살교,撒娇
살균,杀菌
살균제,杀菌剂
살극랍문탁,萨克拉门托
살극사,萨克斯
살극삼,萨克森
살극삼주,萨克森州
살기,杀气; 杀机; 煞气; 撒气; 萨基
살기등등,杀气腾腾
살나,萨那
살내체,萨内蒂
살농,杀农
살뇨,撒尿
살니오이,萨尼奥尔
살단,撒旦
살덕이,萨德尔
살덕이성,萨德尔城
살도,杀掉
살두,杀头
살두랍야부,萨杜拉耶夫
살랍,萨拉; 撒拉
살랍과살,萨拉戈萨
살랍열와,萨拉热窝
살랍족,撒拉族
살륙,杀戮
살리,萨利
살리모,萨利姆
살리혁,萨利赫
살마,萨摩
살마기,萨马基
살마란기,萨马兰奇
살마아,萨摩亚
살막랍,萨莫拉
살말특라,萨帕特罗
살망,撒网
살매랍,萨迈拉
살멸,杀灭
살멸률,杀灭率
살모,萨姆
살모사,杀母蛇
살모색낙부,萨姆索诺夫
살목애이,萨穆埃尔
살묵사,萨默斯
살미,萨米
살박,萨博
살반사,萨班斯
살발,撒泼
살백,煞白
살벌,杀伐
살법유,萨法维
살분,萨芬
살분나,萨芬娜
살비고심,煞费苦心
살사,杀死; 萨沙
살살교,撒撒娇
살상,杀伤
살상력,杀伤力
살상성,杀伤性
살생,杀生
살성진천,杀声震天
살소,萨苏
살수,杀手; 撒手
살수간,撒手锏
살수급,杀手级
살수문,杀手们
살수부관,撒手不管
살시,撒施
살신,煞神; 杀身
살신성인,杀身成仁
살신지화,杀身之祸
살아덕,萨阿德
살야,撒野
살오정,萨乌丁
살우이귀,铩羽而归
살유개사,煞有介事
살유오랍,萨维奥拉
살육,杀戮
살의,杀意
살이,萨尔
살이가다,萨尔加多
살이과기,萨尔科奇
살이과제,萨尔科齐
살이사보,萨尔斯堡
살이와다,萨尔瓦多
살이자보,萨尔茨堡
살인,杀人
살인마,杀人魔
살인멸구,杀人灭口
살인방화,杀人放火
살인범,杀人犯
살인부견혈,杀人不见血
살인부잡안,杀人不眨眼
살인상명,杀人偿命
살인안,杀人案
살인여마,杀人如麻
살인월화,杀人越货
살인자,杀人者
살인적,杀人的
살인죄,杀人罪
살일경백,杀一儆百
살잡십유리,萨卡什维利
살절이,撒切尔
살정도,撒丁岛
살주,煞住
살질,杀跌
살차,煞车
살청,杀青
살체모,萨达姆
살체특,萨达特
살충제,杀虫剂
살퇴,撒腿
살특,萨特
살파,撒播
살파아농장,萨巴阿农场
살파혁,萨巴赫
살패녕,撒贝宁
살포,撒布
살포리,萨布里
살풍경,煞风景
살합,萨哈
살합랍,撒哈拉
살합랍사막,撒哈拉沙漠
살해,杀害
살해당,杀害当
살해범,杀害犯
살환,撒欢
살활,杀敌
살황,撒谎
살훼약,杀虫药
살훼제,杀虫剂
삼,三; 才; 参; 森; 衫; 渗; 杉; 掺; 仨; 芟; 糁; 钐; 毵; 彡; 縿; 蓡; 贂; 䦂; 糂; 葠
삼가촌,三家村
삼각,三角
삼각가,三脚架
삼각고,三角裤
삼각관계,三角关系
삼각근,三角筋
삼각기,三角肌
삼각묘,三脚猫
삼각선,三角线
삼각주,三角洲
삼각지,三角地
삼각채,三角债
삼각함수,三角函数
삼각형,三角形
삼각화,三角和
삼간두옥,三间斗屋
삼간방,三间房
삼강,三纲; 三江
삼강오륜,三纲五伦
삼개,三个
삼개취피장,三个臭皮匠
삼결합,三结合
삼경,三敬; 三更
삼경반야,三更半夜
삼계,三界
삼계탕,参鸡汤
삼고륙파,三姑六婆
삼고모려,三顾茅庐
삼고초려,三顾草庐
삼관,三观
삼광,三光
삼교,三教
삼교구류,三教九流
삼구천,三九天
삼국,三国
삼국사,三国史
삼국연의,三国演义
삼국정립,三国鼎立
삼국지,三国志
삼군,三军
삼군가탈수,三军可夺帅
삼권,三权
삼권분립,三权分立
삼극관,三极管
삼급도,三级跳
삼급도원,三级跳远
삼기,三几
삼기색,三基色
삼남,三南
삼년,三年
삼년급,三年级
삼년불비,三年不蜚; 三年不蜚
삼년상,三年丧
삼년오재,三年五载
삼다도,三多岛
삼단,三段
삼단론,三段论
삼단식,三段式
삼대,三代; 三大; 三台
삼대기,三代记
삼덕라사,森德罗斯
삼도,三都
삼도수족자치현,三都水族自治县
삼동,三冬
삼두근,三头筋
삼두륙비,三头六臂
삼두박근,三头膊筋
삼등,三等
삼등공,三等功
삼등분,三等分
삼등장,三等奖
삼라만상,森罗万象
삼락,三乐; 三樂
삼래,三来
삼랭,森冷
삼려액,渗滤液
삼령오신,三令五申
삼루,三垒; 渗漏
삼루수,三垒手
삼류,三流; 渗流
삼륙구등,三六九等
삼륜차,三轮车
삼릉,三菱; 三棱
삼릉경,三棱镜
삼릉공사,三菱公司
삼릉중공,三菱重工
삼릉차대,三菱车队
삼리둔,三里屯
삼리둔점,三里屯店
삼림,森林
삼림공안국,森林公安局
삼림공원,森林公园
삼림리,森林里
삼림방화지혼부,森林防火指挥部
삼림법,森林法
삼림토,森林土
삼마,森马
삼만,三万; 三湾
삼만이천,三万二千
삼망오상,三纲五常
삼매,三昧
삼매경,三昧境
삼매진화,三昧真火
삼면,三面
삼면홍기,三面红旗
삼명,三明
삼명시,三明市
삼명치,三明治
삼모,三毛
삼목,杉木
삼문,三门
삼문협,三门峡
삼문협시,三门峡市
삼민주의,三民主义
삼박자,三拍子
삼반,三反
삼배,三陪
삼배녀,三陪女
삼배분,三倍体
삼백,三百
삼백륙십행,三百六十行
삼백만,三百万
삼백육십,三百六十
삼백이,三百二
삼번량차,三番两次
삼번사차,三番四次
삼번시,三藩市
삼번오차,三番五次
삼법인,三法印
삼보,三宝
삼보병작량보,三步并作两步
삼복,三伏
삼복천,三伏天
삼부,三府; 三部; 三副
삼부곡,三部曲
삼부관,三不管
삼북방호림,三北防护林
삼분,三份
삼분정족,三分鼎足
삼분지이,三分之二
삼분지일,三分之一
삼사,三四; 三思
삼사십,三四十
삼사이행,三思而行
삼사이후행,三思而后行
삼산,三产
삼산오악,三山五岳
삼삼,森森
삼삼량량,三三两两
삼삼오오,三三五五
삼삼집단,杉杉集团
삼상,三相
삼색,三色
삼생,三生
삼생석,三生石
삼생연분,三生缘分
삼생유행,三生有幸
삼서,三唑
삼선,三选; 三线; 三鲜
삼성,三省; 三星; 三成
삼성구,三省区
삼성급,三星级
삼성시,三省市
삼성오신,三省吾身
삼세,三世; 三税
삼수,三修; 三水; 渗水; 三穗
삼수구,三水区
삼수현,三穗县
삼숙,三熟
삼순구식,三旬九食
삼시,三时
삼시금근,三豕金根; 三豕金根
삼신,三神
삼심이의,三心二意
삼십,三十
삼십구,三十九
삼십기,三十几
삼십래,三十来
삼십륙계,三十六计
삼십만,三十万
삼십사,三十四
삼십삼인,三十三人
삼십삼천,三十三天
삼십억,三十亿
삼십오,三十五
삼십육계,三十六计; 三十六计
삼십이립,三十而立
삼십일,三十一
삼십조,三十兆
삼십팔도선,三十八度线
삼아,三亚
삼아만,三亚湾
삼아시,三亚市
삼야,三野
삼양,三洋
삼억,三亿
삼언량어,三言两语
삼엄,森严
삼역,三役
삼연,森然
삼오,三五
삼오성군,三五成群
삼원,三原
삼원교,三元桥
삼원리,三元里
삼원색,三原色
삼월,三月
삼월분,三月份
삼월생,三月生
삼위일분,三位一体
삼위일체,三位一体
삼유,三维
삼유공간,三维空间
삼육,三育
삼인무,三人舞
삼인성호,三人成虎
삼인행,三人行
삼일,三一
삼일절,三一节
삼일천하,三日天下
삼입,渗入
삼자,三者; 三资
삼자경,三字经
삼자기업,三资企业
삼자세,三姿势
삼자일포,三自一包
삼장,三藏
삼장량단,三长两短
삼재,三才
삼조,三朝
삼조로,三条路
삼족정립,三足鼎立
삼종사덕,三从四德
삼종지도,三从之道
삼종지의,三从之义
삼좌대산,三座大山
삼중,三重
삼중고,三重苦
삼중전회,三中全会
삼지구엽초,三枝九叶草
삼지량군,三支两军
삼지수,三只手
삼지창,三枝枪
삼진,三嗪
삼진도시보,三秦都市报
삼차구,三岔口
삼차극,三叉戟
삼차로구,三岔路口
삼차신경,三叉神经
삼차원,三次元
삼차원적,三次元的
삼차하,三岔河
삼찬,三餐
삼창,三唱
삼처사첩,三妻四妾
삼척동자,三尺童子
삼천,三千
삼천갑자,三千甲子
삼천량두,三天两头
삼천리,三千里
삼천리강산,三千里江山
삼천만,三千万
삼천오백,三千五百
삼천지교,三迁之教
삼첩계,三叠系
삼첩기,三叠纪
삼첩반상,三-饭床
삼청산,三清山
삼체,三谛
삼촌,三寸
삼촌부란지설,三寸不烂之舌
삼촌지설,三寸之舌
삼총사,三铳士
삼최,三崔
삼추,三秋
삼춘,三春
삼출,渗出
삼출물,渗出物
삼출성,渗出性
삼취,三聚
삼층,三层
삼칠일,三七日
삼태,三胎
삼통,三通
삼투,渗透
삼투률,渗透率
삼투성,渗透性
삼투압,渗透压
삼파전,三巴战
삼판시장,三板市场
삼팔,三八
삼팔부녀절,三八妇女节
삼팔선,三八线
삼팔주,三八䌷
삼폐,三废
삼하,三河; 三夏
삼하량하,三下两下
삼하시,三河市
삼하오제이,三下五除二
삼하향,三下乡
삼한,三寒
삼한사온,三寒四温
삼함기구,三缄其口
삼합일,三合一
삼합판,三合板
삼합회,三合会
삼해,三害
삼현,三弦
삼협,三峡; 三叶
삼협고,三峡库
삼협공지,三峡工地
삼협광장,三峡广场
삼협박물관,三峡博物馆
삼협수전참,三峡水电站
삼협전참,三峡电站
삼협전창,三峡电厂
삼협지구,三峡地区
삼협초,三叶草
삼협총공사,三峡总公司
삼호,三好
삼호학생,三好学生
삼환로,三环路
삼황,三皇
삼황오제,三皇五帝
삼희랑,森喜朗
삽,插; 涩; 霎; 卅; 飒; 趿; 锸; 歃; 靸; 霅; 唼; 翜; 翣; 臿; 钑; 箿; 澀
삽곡,插曲
삽공,插孔
삽과타원,插科打诨
삽관,插管
삽구,插口
삽대,插队
삽대락호,插队落户
삽도,插图
삽두,插头
삽반,插班
삽상영자,飒爽英姿
삽소,插销
삽수,插手
삽시,霎时; 插翅
삽시간,霎时间
삽앙,插秧
삽앙기,插秧机
삽언,插言
삽일각,插一脚
삽입,插入; 揷入
삽입술,插入术; 揷入术
삽조,插槽; 插条
삽족,插足
삽좌,插座
삽진거,插进去
삽취,插嘴
삽치,插值
삽파,插播
삽혈,插页
삽화,插画; 插话; 揷画; 揷话; 插花
상,上; 想; 相; 常; 像; 象; 商; 状; 伤; 尚; 床; 偿; 丧; 详; 赏; 箱; 桑; 尝; 祥; 倘; 翔; 湘; 爽; 厢; 嗓; 霜; 晌; 裳; 橡; 嫦; 孀; 墒; 庠; 搡; 泷; 觞; 绱; 殇; 缃; 徜; 颡; 垧; 磉; 鲿; 鲞; 葙; 蟓; 謪; 鱌; 傷; 狀; 賞; 詳; 嘗; 喪; 嚐; 償; 廂
상가,丧家; 商家; 商街; 上街; 想家; 相加; 商贾; 上家; 尚家; 尚可; 常家; 床架; 桑家; 尚佳; 常可
상가문,商家们
상가지견,丧家之犬
상가지구,丧家之狗
상간,相间; 相干; 上干; 相看
상감,上监; 象嵌; 伤感; 尚感; 相减
상감정,伤感情
상갑판,上甲板
상강,霜降; 上岗; 湘江; 上江
상개,想开
상객,常客; 上客
상거,上去; 上渠; 相距; 相去
상거래,商去来
상거부원,相距不远
상거심원,相去甚远
상검,商检; 上睑; 上脸; 赏脸; 湘黔
상격,上缴; 相隔
상견,相见; 常见; 想见
상견례,相见礼
상견우,常见于
상견한만,相见恨晚
상경,上京; 商经; 常耕; 上镜; 上劲; 桑琼
상경대,商经大
상경두,上镜头
상경여빈,相敬如宾
상경장,上镜奖
상경화,常耕化
상계,相计; 相继; 上届; 商界; 上界
상계유,商季儒
상고,上古; 上告; 相考; 状告; 上高; 商股; 相顾
상고사,上古史
상고선,商贾船; 商賈船
상고심,上告审
상고현,上高县
상곡,上谷
상골,伤骨
상공,上空; 商工; 相公; 上工; 上供
상공업,商工业
상공업자,商工业者
상공인,商工人
상공진,相控阵
상과,上课; 商科; 伤科
상과령,上果岭
상과비,上课费
상관,上官; 相关; 常宽; 上款
상관관계,相关关系
상관금홍,上官金虹
상관기,上官琦
상관령,上官灵
상관모룡,上官慕龙
상관민화,上官敏华
상관비봉,上官飞凤
상관성,相关性
상관완아,上官婉儿
상관의,上官仪
상관홍,上官红
상광,上光; 赏光
상교,上交; 上校; 相交; 商榷; 桑乔
상교소,上交所
상교지하,相较之下
상구,伤口; 爽口; 上钩; 商丘; 上口; 上扣; 上区; 床具
상구시,商丘市
상국,上国; 相国
상군,湘军; 尚军
상군구락부,湘军俱乐部
상군대,湘军队
상궁,尚宫; 尙宫
상궁지조,伤弓之鸟
상권,上卷; 商圈; 商权; 相劝
상권욕국,丧权辱国
상궤도,上轨道
상규,常规
상규무기,常规武器
상규법,常规法
상규새,常规赛
상규성,常规性
상규전쟁,常规战争
상규화,常规化
상극,相克
상극적,相克的
상근,常勤; 相近
상근동골,伤筋动骨
상금,赏金; 赏金
상급,上级
상급반,上级班
상급생,上级生
상급자,上级者
상급파이,桑给巴尔
상기,上气; 上记; 想起; 相机; 象棋; 上机; 丧气; 爽气
상기래,想起来
상기부접하기,上气不接下气
상기생,桑寄生
상기율,想起率; 想起率
상긴,上紧
상나,桑拿
상나방,桑拿房
상나욕,桑拿浴
상납,上纳
상년,上年; 常年
상년기,上年纪
상년루월,常年累月
상념,想念
상녕,常宁
상노,床奴
상뇌근,伤脑筋
상능,尚能
상다처,上多处
상단,上段; 上端; 床单; 商团
상담,相谈; 商谈; 湘潭; 详谈; 丧胆; 常谈
상담계,相谈系
상담대학,湘潭大学
상담료,相谈料
상담소,相谈所
상담시,湘潭市
상담시공안국,湘潭市公安局
상담실,相谈室
상담역,相谈役
상담원,相谈员
상담자,相谈者
상담현,湘潭县
상당,相当; 上当; 相撞; 上党; 上膛; 上堂
상당량,相当量
상당로,上塘路
상당성,相当性
상당수,相当数
상당액,相当额
상당연,想当然
상당우,相当于
상당차,上档次
상대,上代; 商大; 相对; 上台; 尚待; 商代; 商队
상대국,相对国
상대등,上大等
상대등제,上大等制
상대론,相对论
상대무언,相对无言
상대방,相对方
상대사,上代史
상대성,相对性
상대수,相对数
상대역,相对役
상대오차,相对误差
상대자,相对者
상대적,相对的
상대주의,相对主义
상대주의적,相对主义的
상대편,相对便
상대표,商代表
상대학,上大学
상대화,相对化
상덕,常德; 尚德; 桑德; 商德
상덕란,桑德兰
상덕랍,桑德拉
상덕사,桑德斯
상덕시,常德市
상덕이,桑德尔
상도,商图; 想到; 商都; 相图; 详图
상동,相同; 霜冻; 上冻
상동성,相同性
상동자,相同者
상두,床头; 上头; 想头
상두궤,床头柜
상득개,想得开
상득익창,相得益彰
상등,上等; 相等; 上灯
상등병,上等兵
상등품,上等品
상락,商洛; 常乐
상락시,商洛市
상란,桑兰; 丧乱
상랑,爽朗
상래,上来; 想来; 常来
상래상왕,常来常往
상략,详略
상량,上梁; 商量; 常量
상량문,上梁文
상량부정하량왜,上梁不正下梁歪
상량상량,商量商量
상량식,上梁式
상려,商旅
상련,相连; 相恋; 上联
상렬,上列
상례,常例; 丧礼; 上例
상로,上路; 商路; 常璐
상록,常绿
상록수,常绿树
상록활협림,常绿阔叶林
상뢰,尚磊
상루,上楼
상루하습,上漏下湿
상류,上流
상류사,相类似
상류층,上流层
상륙,上陆
상륙자,上陆者
상륙정,上陆艇
상률,相率
상리,常理; 爽利
상린,相邻
상림,上林; 常琳; 桑林
상림원,上林苑
상마,上马
상만,上万
상망,上网; 伤亡; 上纲; 想望
상망비,上网费
상망자,上网者; 伤亡者
상매경,尚梅卿
상매병,霜霉病
상면,上面; 相面
상명,上命; 丧命; 偿命; 详明
상명하복,上命下服
상모,相貌; 常模; 常某
상모당당,相貌堂堂
상모상양,像模像样
상목,橡木
상무,商务; 常务; 商贸; 尚无; 尚武; 常茂
상무국,商务局
상무동사,常务董事
상무부,商务部
상무부시장,商务部市场
상무부연구원,商务部研究院
상무업,商贸业
상무위원,常务委员
상무이사,常务理事
상무인서관,商务印书馆
상무형,商务型
상문,上门; 嗓门; 上文
상문강,商文强
상문녀서,上门女婿
상문첩,尚雯婕
상미,尚未
상민,常民
상박,相扑
상반,上班; 相反; 相伴; 上盘
상반구,上半区
상반기,上半期
상반년,上半年
상반단,上半段
상반시,上半时
상반신,上半身
상반야,上半夜
상반월,上半月
상반천,上半天
상방,上方; 上榜; 上访; 相仿; 上房; 厢房; 上绑; 相帮
상방보검,尚方宝剑
상방설법,想方设法
상방자,上访者; 上榜者
상배,相配; 上辈
상배자,上辈子
상백피,桑白皮
상벌,赏罚
상벌분명,赏罚分明
상범,常犯
상법,想法; 商法; 常法
상법원,上法院
상법자,想法子
상변,上边; 相变
상병,上兵; 伤兵
상병원,伤病员
상보,相补; 详报; 商报; 上报; 桑普; 常宝
상보다,桑普多
상보다리아,桑普多利亚
상보다리아대,桑普多利亚队
상보랍사,桑普拉斯
상보삼,桑普森
상보상성,相辅相成
상보적,相补的
상복,上服; 丧服; 尚服; 尙服; 常服
상복림,尚福林
상복착,常服窄
상봉,相逢; 上峰
상부,上部; 相符; 偿付; 商埠
상부개,想不开
상부거,上不去
상부교자,相夫教子
상부기래,想不起来
상부도,想不到
상부봉정,上不封顶
상부상,像不像
상부상조,相扶相助
상부상조적,相扶相助的
상분,上坟; 上体
상분지도,尝粪之徒
상비,相比; 伤悲; 常备; 上臂; 象鼻
상비교,相比较
상비군,常备军
상비기,上飞机
상비부해,常备不懈
상비약,常备药
상빈,上宾
상사,上司; 上士; 商社; 相似; 想死; 相思; 赏赐; 丧事; 常事; 相士; 上思
상사기,上斜肌
상사도,相似度
상사병,相思病
상사성,相似性
상사수,相思树
상사원,商社员
상사지처,相似之处
상산,上山; 常山; 象山; 上算; 像散
상산하향,上山下乡
상산현,象山县; 常山县
상상,常常; 想像; 想想; 想象; 上床; 尝尝; 上上; 相像; 上相; 相商; 桑桑
상상간,想想看
상상과,上上课
상상력,想像力
상상세세,详详细细
상상용품,床上用品
상상적,想像的
상상주,上上周
상상하하,上上下下
상색,上色
상생,上生; 丧生
상생상극,相生相克
상생적,相生的
상서,祥瑞; 尚书; 上书; 湘西; 伤逝
상서령,尚书令
상서성,尚书省
상서자치주,湘西自治州
상서천,上西天
상서토가족묘족자치주,湘西土家族苗族自治州
상서화,商瑞华
상석,床石; 赏析
상선,上线; 商船; 上船; 尝鲜; 上选
상선률,上线率
상선생,常先生; 尚先生
상설,常设; 赏雪
상설관,常设馆
상설화,常设化
상성,商城; 相声; 上声; 相成; 尚诚; 常性
상성계,相声界
상성구,上城区
상성로,商城路
상성점,商城店
상세,详细; 上税; 商税
상세설계,详细设计
상세자료,详细资料
상소,上疏; 相关; 像素; 上诉; 象素; 上溯; 上关; 橡塑
상소급,像素级
상소단위,相关单位
상소문,上疏文
상소성,相关性
상소자,上诉者; 相关者
상소천,常啸天
상속,相续
상속론,相续论
상속분,相续分
상속세,相续税
상속인,相续人
상속자,相续者
상손,伤损
상송,相送
상쇄,相杀; 相殺; 上锁
상수,上手; 尚需; 常数; 相随; 上水; 橡树; 上首; 桑树; 湘绣; 商数
상수당,尚修堂
상수도,上水道
상수원,上水原
상숙,常熟; 相熟
상숙로,常熟路
상숙시,常熟市
상순,上旬; 上唇
상술,上述; 商术; 详述
상습,常习
상습적,常习的
상습화,常习化
상승,上升; 上乘; 相承; 常胜; 相乘
상승고,上升股
상승군,常胜军
상승기,上升期
상승률,上升率; 上升率
상승세,上升势
상승지작,上乘之作
상승폭도,上升幅度
상승효과,相乘效果
상시,上市; 常时; 尝试; 相视
상시량,上市量
상시이소,相视而笑
상시일,上市日
상시정권,上市证券
상식,上食; 常识; 常食; 桑植
상식선,常识线
상식적,常识的
상식현,桑植县
상식화,常识化
상신,相信; 常识; 相识; 上身; 赏识; 伤神; 尝新; 丧身
상신분,爽身粉
상신성,常识性
상실,丧失; 翔实; 详实
상실감,丧失感
상실자,丧失者
상실증,丧失症
상실집단,上实集团
상심,伤心; 上心; 赏心; 爽心
상심병광,丧心病狂
상심열목,赏心悦目
상아,象牙
상아색,象牙色
상아탑,象牙塔
상악,上颚
상안,上岸; 相安
상안무사,相安无事
상앙,商鞅
상앙변법,商鞅变法
상애,相爱
상애령,常爱玲
상야,相爷
상약,相约; 上药; 爽约; 商约
상양,上扬; 像样; 徜徉; 相让
상어,状语; 湘语
상언,常言
상언도,常言道
상업,商业
상업가,商业街
상업계,商业界
상업구,商业区
상업권,商业圈
상업극,商业剧
상업루,商业楼
상업류,商业类
상업망,商业网
상업부,商业部
상업성,商业性
상업업,商业业
상업은행,商业银行
상업은행법,商业银行法
상업자본,商业资本
상업적,商业的
상업주의,商业主义
상업주의화,商业主义化
상업청,商业厅
상업표거,商业票据
상업학교,商业学校
상업화,商业化
상업휘표,商业汇票
상여,丧舆; 相与
상여금,赏与金; 赏与金
상여조,商如潮
상연,上演; 上缘; 床沿; 相沿
상열,相悦
상엿,丧舆
상영,上映; 上影; 相映
상영관,上映馆
상영생휘,相映生辉
상영성취,相映成趣
상영실,上映室
상영작,上映作
상영집단,上影集团
상영창,上影厂
상예,商誉
상오,上午; 晌午
상옥,上屋
상온,常温
상옹,相拥
상완,赏玩
상외,相偎
상요,想要; 上饶
상요시,上饶市
상요지구,上饶地区
상요현,上饶县
상용,常用; 商用; 相容
상용성,相容性
상용자,常用字
상용차,商用车
상용한자,常用汉字
상용화,常用化; 商用化
상우,相遇; 上虞; 丧偶; 商于
상우시,上虞市
상운,祥云
상원,上院; 状元; 伤员; 桑园; 上元
상월,上月; 赏月
상위,上位; 常委; 床位; 上尉; 相位; 尚为; 相违; 常为
상위권,上位圈
상위문,常委们
상위법,上位法
상위비,床位费
상위자,上位者
상위직,上位职
상위차,相位差
상위회,常委会
상유,上游; 尚有; 常有; 上油; 上谕; 上犹; 桑榆
상유양심,尚有良心; 尙有良心
상유이말,相濡以沫
상유현,上犹县
상은,上瘾
상음,嗓音; 湘阴
상읍례,上揖礼; 上揖禮
상응,相应
상의,上衣; 相议; 详议; 商议; 相依; 相宜; 商毅; 尚义
상의원,上议院
상의위명,相依为命
상의하상,上衣下裳
상이,相异; 常以
상이용사,伤痍勇士
상이점,相异点
상인,商人; 伤人; 常人; 上人; 相认; 象人; 常因
상인문,商人们
상일상,想一想; 尝一尝
상일장,上一场
상임,常任; 上任
상임리사국,常任理事国
상입비비,想入非非
상자,相者; 箱子; 嗓子; 床子; 床笫; 状子
상자안,嗓子眼
상자화,箱子化
상잔,伤残
상잔인,伤残人
상잠,桑蚕
상잠사,桑蚕丝
상장,上场; 上将; 丧章; 赏状; 商场; 赏狀; 上装; 丧葬; 上妆; 像章; 上浆; 上庄
상장비,丧葬费
상장사,上场社
상장송,尚长荣
상재,桑梓; 伤财
상쟁,相争
상저,相抵; 箱底
상적,上的; 上积; 桑迪; 湘籍
상적응,相适应
상전,上传; 上典; 上前; 相传; 商战; 商展; 桑田; 赏钱; 商专
상전벽해,桑田碧海
상전시,上电视
상절,相切
상절사,桑切斯
상점,商店; 床垫
상접,相接
상정,上程; 想定; 详情; 象征; 商定; 伤情; 商情; 墒情; 常情; 上情; 商亭
상정성,象征性
상정소,上证所
상정지수,上证指数
상제,上帝; 丧制
상제병론,相提并论
상조,尚早; 上调; 尙早; 相助; 上吊; 上朝; 床罩; 商潮; 商调; 上操
상조부해,常抓不懈
상조회,相助会
상존,尚存; 常存; 尙存
상종,相从; 丧钟
상종격,上纵隔
상좌,上座; 相左
상좌률,上座率
상좌평,上佐平
상좌평제,上佐平制
상주,丧主; 常住; 常驻; 上周; 常州; 上奏; 商周; 商州; 相州
상주구,商州区
상주시,常州市
상주인구,常住人口
상중,相中
상중하,上中下
상지,相知; 上肢; 相持; 相纸; 尚志; 丧志; 上支
상지기,上肢肌
상지부하,相持不下
상지시,尚志市
상직,爽直
상직기,上直肌
상진,上阵; 详尽; 上进
상진명,常振明
상진심,上进心
상진천량,丧尽天良
상집,上集; 商集; 翔集
상징,象征
상징계,象征界
상징물,象征物
상징성,象征性
상징적,象征的
상징주의,象征主义
상징체계,象征体系
상징화,象征化
상차,上次; 上车; 相差; 尚且; 常差; 像差
상차무기,相差无几
상착상착,想着想着
상찬하도,上蹿下跳; 上窜下跳
상창,上涨; 上苍
상창률,上涨率
상채,上菜; 湘菜; 上蔡
상채현,上蔡县
상책,上策; 相册; 上册; 像册
상처,丧妻; 伤处; 相处
상처당,伤处当
상처지도,相处之道
상척,相斥
상천,上天; 常天
상천입지,上天入地
상천차,上千次
상천해리,伤天害理
상첨,上签
상청,常青; 偿清
상청등,常青藤
상청사,上清寺
상청수,常青树
상청액,上清液
상청홍,桑青虹
상체,上体; 上达
상체니,桑蒂尼
상춘,赏春
상춘객,赏春客
상춘등,常春藤
상출,想出
상충,相冲; 上冲
상취,相聚; 爽脆
상측소,上厕所
상층,上层
상층건축,上层建筑
상층권,上层圈
상층부,上层部
상칙,商则
상친,相亲
상친상애,相亲相爱
상침,桑椹
상칭,相称
상쾌,爽快
상탁,相托
상탁사,桑托斯
상탁하부정,上浊下不净
상탄덕,桑坦德
상탑,床榻
상탑납,桑塔纳
상탕,商汤
상태,常态; 状态
상태란,状态栏
상태화,常态化
상토,商讨
상토하사,上吐下泻
상통,相通; 伤痛; 想通
상통하달,上通下达
상퇴,象腿
상투,上套; 相投; 相斗
상투어,常套语
상투적,常套的
상투형,常套型
상투화,常套化
상파,伤疤; 上坡; 桑巴
상파군단,桑巴军团
상파로,上坡路
상판,商贩; 商办
상판문,商贩们
상팔자,上八字
상패,赏牌
상편,相片
상평형,相平衡
상포,常布; 上铺; 床铺
상표,商标; 上标
상표권,商标权
상표권자,商标权者
상표력,商标力
상표명,商标名
상표법,商标法
상표시,商表示
상표율,商标率; 商标率
상품,上品; 商品; 赏品
상품기,商品期
상품량,商品粮
상품류,商品类
상품률,商品率
상품방,商品房
상품성,商品性
상품화,商品化
상품화권자,商品化权者
상풍,上风; 伤风
상풍고절,霜风高节
상풍패속,伤风败俗
상피,上皮; 橡皮
상피관,橡皮管
상피근,橡皮筋
상피니,橡皮泥
상피성,上皮性
상피정,橡皮艇
상피조직,上皮组织
상피찰,橡皮擦
상필,想必
상하,上下; 商厦; 商河
상하기수,上下其手
상하문,上下文
상하반,上下班
상하수,上下水
상하수도,上下水道
상하오,上下午
상하일심,上下一心
상하층,上下层
상하한,上下限
상하행,上下行
상학,上学
상학원,商学院
상한,上限; 象限; 伤寒
상한가,上限价
상한간균,伤寒杆菌
상한론,伤寒论
상한제,上限制
상함,商函
상합,相合; 上合; 上颌
상합골,上颌骨
상합두,上颌窦
상항,上杭; 商港
상항집단,上港集团
상항현,上杭县
상해,上海; 伤害; 详解; 商海; 相偕
상해가극원,上海歌剧院
상해경극원,上海京剧院
상해고적출판사,上海古籍出版社
상해공사,上海公司
상해과기출판사,上海科技出版社
상해교역소,上海交易所
상해교육출판사,上海教育出版社
상해교통대학,上海交通大学
상해교향락단,上海交响乐团
상해국제대,上海国际队
상해국제항운중심,上海国际航运中心
상해국제회의중심,上海国际会议中心
상해기상창,上海机床厂
상해기장,上海机场
상해대,上海队
상해대표처,上海代表处
상해대학,上海大学
상해도서관,上海图书馆
상해동물원,上海动物园
상해동방대,上海东方队
상해동방예술중심,上海东方艺术中心
상해동방위시,上海东方卫视
상해련대,上海联队
상해련합산권교역소,上海联合产权交易所
상해로,上海路
상해루,上海楼
상해리공대학,上海理工大学
상해문광집단,上海文广集团
상해미술관,上海美术馆
상해미술전영제편창,上海美术电影制片厂
상해박물관,上海博物馆
상해방지산시장,上海房地产市场
상해보강집단공사,上海宝钢集团公司
상해분공사,上海分公司
상해분육장,上海体育场
상해분육학원,上海体育学院
상해분행,上海分行
상해사,上海社
상해사범대학,上海师范大学
상해사서출판사,上海辞书出版社
상해새구,上海赛区
상해석유교역소,上海石油交易所
상해성,上海城; 伤害性
상해세계,上海世界
상해수산대학,上海水产大学
상해시,上海市
상해시공상국,上海市工商局
상해시공안국,上海市公安局
상해시교위,上海市教委
상해시구,上海市区
상해시분육국,上海市体育局
상해시분행,上海市分行
상해시위,上海市委
상해시장,上海市场
상해시정협,上海市政协
상해시제이중급인민법원,上海市第二中级人民法院
상해시제일중급인민법원,上海市第一中级人民法院
상해시중심,上海市中心
상해시통계국,上海市统计局
상해시혁명위원회,上海市革命委员会
상해신화대,上海申花队
상해야생동물원,上海野生动物园
상해위시,上海卫视
상해은행,上海银行
상해의과대학,上海医科大学
상해인민출판사,上海人民出版社
상해재경대학,上海财经大学
상해전기집단,上海电气集团
상해전람중심,上海展览中心
상해전시대,上海电视台
상해전영제편창,上海电影制片厂
상해정교소,上海证交所
상해정권교역소,上海证券交易所
상해정권대하,上海证券大厦
상해제이의과대학,上海第二医科大学
상해죄,伤害罪
상해중심,上海中心
상해지구,上海地区
상해참,上海站
상해철로국,上海铁路局
상해총부,上海总部
상해탄,上海滩
상해통용기차유한공사,上海通用汽车有限公司
상해판사처,上海办事处
상해포동발전은행,上海浦东发展银行
상해항,上海港
상해항공공사,上海航空公司
상해해사국,上海海事局
상해해소,上海海关
상해협화의원,上海协和医院
상해홍교화차참,上海虹桥火车站
상해화,上海话
상해화원고분유한공사,上海华源股份有限公司
상해화차참,上海火车站
상핵,伤势
상행,上行; 商行
상행선,上行线
상행위,商行为
상행하효,上行下效
상향,上向; 相向; 上香; 湘乡
상향옥,常香玉
상현,上弦; 尚贤
상협,桑叶
상협행,常叶行
상형,象形; 相形
상형견출,相形见绌
상형문자,象形文字
상혜,上鞋
상호,商号; 相互; 相好; 商户; 上好; 常昊; 伤号
상호문,商户们
상호적,相互的
상호주의,相互主义
상호흡도,上呼吸道
상혼,商魂
상화,上火; 祥和; 赏花; 上货; 像话
상화기,伤和气
상환,偿还
상황,状况
상황극,状况剧
상황성,状况性
상황실,状况室
상황적,状况的
상황판,状况板
상회,上回; 商会; 上廻; 常会; 相会; 伤怀
상효,橡胶
상효수,橡胶树
상흔,伤痕
상흡,商洽
상흥,祥兴
새,赛; 塞; 崽; 玺; 鳃; 噻; 簺; 賽
새격,赛格
새계,赛季
새계영격란,赛季英格兰
새고,赛高
새과,赛过
새구,赛区; 赛欧; 赛球
새기,赛期
새납,塞纳; 赛纳
새납하,塞纳河
새내가이,塞内加尔
새내가이대,塞内加尔队
새도,赛道
새락성,赛洛城
새랍,塞拉
새랍도,赛拉图
새랍리앙,塞拉利昂
새랍불,塞拉弗
새래사,塞莱斯
새룡주,赛龙舟
새륭,塞隆
새리목호,赛里木湖
새림격,塞林格
새마,赛马
새마장,赛马场
새만,塞满
새만제사,塞万提斯
새매이,塞梅尔
새문철극,赛门铁克
새문철극공사,赛门铁克公司
새미송,塞米松
새박,赛博
새반,塞班
새반도,塞班岛
새북,塞北
새불,塞弗
새사,赛事
새살이,塞萨尔
새상,塞上
새서,噻唑
새서리아,塞西莉亚
새설이,塞舌尔
새아,塞牙
새양,赛扬
새옹실마,塞翁失马
새옹지마,塞翁之马
새외,塞外
새유리아,塞维利亚
새유리아대,塞维利亚队
새은사,塞恩斯
새의덕,赛义德
새의부,赛义夫
새이,塞尔; 赛尔
새이유아,塞尔维亚
새이탑,塞尔塔
새일장,赛一场
새입,塞入
새자,塞子
새장,赛场
새적,赛迪
새정,赛程; 赛艇
새제,赛制
새족,塞族
새주,塞住
새차,赛车; 塞车
새차계,赛车界
새차수,赛车手
새차장,赛车场
새특,赛特
새파사체안,塞巴斯蒂安
새포,赛跑
새포로사,塞浦路斯
새풍새,赛风赛
새한구,赛罕区
새황,赛况
새회,赛会
새흑,塞黑
새흑대,塞黑队
색,色; 索; 塞; 嗦; 啬; 蔷; 穑; 槭; 赜; 铯; 穯
색가,索价
색각,色觉
색감,色感
색견,色绢
색계,索契
색광,色光
색광증,色狂症
색괴,色块
색교,索桥
색구,色球; 索求
색귀,色鬼
색난,色难
색납탑,索纳塔
색니,索尼
색니공사,索尼公司
색니아,索尼娅
색담포천,色胆包天
색대,色带
색도,索道; 色度
색등,色灯
색라사,索罗斯
색랍,色拉
색랍납,索拉纳
색랍리,索拉里
색랍유,色拉油
색랑,色狼
색려내임,色厉内荏
색뢰도,色牢度
색륜,索伦
색륜사탄,索伦斯坦
색륭,索隆
색림,索林
색마,色魔
색마리,索马里
색맹,色盲
색미,色迷
색배,索赔
색백,索伯
색백격,索伯格
색백차대,索伯车队
색보,索普
색보도,色谱图
색보법,色谱法
색보봉,色谱峰
색보의,色谱仪
색보주,色谱柱
색복서,索福瑞
색부특,索芙特
색비,索菲
색비아,索非亚; 索菲亚; 索菲娅
색비특,索菲特
색사,色丝
색산,色散
색상,色相
색색,色色
색서이,索绪尔
색성,索性
색소,色素
색수,色数
색수상행식,色受想行识; 色受想行識
색심,色心
색씨,索氏
색안경,色眼镜
색안산,色氨酸
색애,索爱
색약,色弱
색연,索然
색연무미,索然无味
색연필,色铅笔
색온,色温
색요,索要
색욕,色欲
색위,色纬
색유,色釉
색은,索隐
색이,索尔
색이사극아,索尔斯克亚
색인,索引
색자,色子
색정,色情
색정업,色情业
색조,色调
색조명,色照明
색즉시공,色即是空
색지,色纸
색직,色织
색차,色差
색채,色彩
색채감,色彩感
색채반란,色彩斑斓
색채빈분,色彩缤纷
색채선명,色彩鲜明
색채염려,色彩艳丽
색체길,索达吉
색출,索出
색취,索取
색칠,色漆
색택,色泽
색향미,色香味
색환,索还
색회,索贿; 索回
생,生; 省; 牲; 甥; 笙; 眚; 苼; 鼪
생가,生家
생강,生姜
생강즙,生姜汁
생객,生客
생견,生绢
생경,生硬; 生境
생경광주,生镜光䌷
생경험,生经验
생계,生计
생계란,生鸡卵
생계비,生计费
생고사,生库纱
생공,生恐
생광,生光
생광목,生广木
생구,生口; 牲口
생근,生根
생근발아,生根发芽
생금,生擒
생기,生气; 生机
생기발발,生机勃勃; 生气勃勃
생기앙연,生机盎然
생난리,生乱离
생년,生年
생년월일,生年月日
생도,生徒
생동,生动; 生疼
생동감,生动感
생동성,生动性
생동유취,生动有趣
생동활발,生动活泼
생두부,生豆腐
생득적,生得的
생래,生来
생래적,生来的
생랭,生冷
생략,省略; 省略
생력군,生力军
생력화,省力化; 省力化
생령,生灵
생령도탄,生灵涂炭
생로,生路
생로병사,生老病死
생료,生料
생룡활호,生龙活虎
생리,生利; 生理
생리기,生理期
생리대,生理带
생리사별,生离死别
생리성,生理性
생리염수,生理盐水
생리적,生理的
생리통,生理痛
생리학,生理学
생리학가,生理学家
생리학자,生理学者
생리학적,生理学的
생매,生煤
생매장,生埋葬
생매장당,生埋葬当
생맥주,生麦酒
생맹해선,生猛海鲜
생면,生面
생면부지,生面不知
생멸,生灭
생명,生命
생명감,生命感
생명계,生命界
생명관,生命观
생명권,生命权
생명력,生命力
생명론,生命论
생명부식,生命不息
생명선,生命线
생명수,生命水
생명원,生命原
생명적,生命的
생명주,生明䌷
생명체,生命体
생명표,生命表
생모,生母
생목,生木
생무살인,生巫杀人
생문화,生文化
생물,生物
생물감,生物碱
생물계,生物界; 生物系
생물공정,生物工程
생물군,生物群
생물군락,生物群落
생물권,生物圈
생물량,生物量
생물련,生物链
생물막,生物膜
생물분,生物体
생물소,生物素
생물적,生物的
생물전,生物电
생물종,生物钟
생물질,生物质
생물체,生物体
생물학,生物学
생물학가,生物学家
생물학과,生物学科
생물학자,生物学者
생물학적,生物学的
생물화학,生物化学
생물화학적,生物化学的
생미자성숙반,生米煮成熟饭
생민,生民
생민기,生闷气
생반경투,生搬硬套
생발,生发
생방,生放
생방송,生放送
생벽,生僻
생변,生变
생병,生病
생보사,生保社
생보업계,生保业界
생부,生父
생부봉시,生不逢时
생분,生分
생사,生死; 生事; 生词; 生丝
생사륜회,生死轮回
생사미복,生死未卜
생사박투,生死搏斗
생사상의,生死相依
생사소두,生死关头
생사시속,生死时速
생사실,生事实
생사여공,生死与共
생사유소,生死攸关
생사육골,生死肉骨
생사존망,生死存亡
생사지교,生死之交
생사화복,生死祸福
생산,生产
생산고,生产高
생산관계,生产关系
생산구,生产区
생산국,生产国
생산대,生产队
생산량,生产量
생산력,生产力
생산력적,生产力的
생산률,生产率
생산물,生产物
생산비,生产费
생산상,生产商
생산선,生产线
생산성,生产性
생산소계,生产关系
생산업계,生产业界
생산업자,生产业者
생산업체,生产业体
생산자,生产者
생산자료,生产资料
생산자층,生产者层
생산적,生产的
생산지,生产地
생산직,生产职
생산품,生产品
생산형,生产型
생살여탈,生杀与夺; 生杀予夺
생삽,生涩
생상,生相
생색,生色
생생,生生
생생부식,生生不息
생생세세,生生世世
생생지,生生地
생석고,生石膏
생석회,生石灰
생선,生鲜
생선회,生鲜脍
생성,生成; 生性
생성기,生成器
생성량,生成量
생성물,生成物
생성성,生性性
생세목,生细木
생소,生疏
생수,生水; 生锈; 生手; 生受
생시,生时
생식,生殖; 生息; 生食
생식기,生殖器
생식세포,生殖细胞
생신,生辰; 生辰; 生身
생아육녀,生儿育女
생애,生涯
생야채,生野菜
생약,生药
생양,生养
생어편,生鱼片
생업,生业
생여사,生与死
생염,生厌
생엽,生叶
생영사애,生荣死哀
생외,生畏
생우우환,生于忧患
생원,生员
생월,生月
생유,生油
생유리,生琉璃; 生琉璃
생육,生育; 生肉
생육기,生育期
생육력,生育力
생육률,生育率
생육분,生育酚
생육신,生六臣; 生六臣
생의,生意; 生疑
생의경,生意经
생의인,生意人
생의흥륭,生意兴隆
생이별,生离别; 生離别
생이지지,生而知之
생인,生人
생일,生日
생일례물,生日礼物
생일쾌락,生日快乐
생자,生字
생자필멸,生者必灭
생장,生长
생장기,生长期
생장량,生长量
생장력,生长力
생장률,生长率
생장소,生长素
생장점,生长点
생재,生财
생재유도,生财有道
생재지도,生财之道
생저,生猪
생전,生前
생전우호,生前友好
생존,生存
생존경쟁,生存竞争
생존권,生存权
생존권적,生存权的
생존기,生存期
생존력,生存力
생존률,生存率
생존시,生存时
생존율,生存率; 生存率
생존자,生存者
생졸,生卒
생주,生䌷
생중계,生中继
생즙,生汁
생지,生纸; 生地
생지옥,生地狱
생지황,生地黄
생진,生辰
생채,生菜
생채식,生菜式
생철,生铁
생체,生体; 生达
생체막,生体膜
생초,生肖
생축,牲畜
생출,生出
생취,生就; 生趣
생칠,生漆
생탄활박,生吞活剥; 生呑活剥
생태,生态
생태계,生态系
생태계적,生态系的
생태계통,生态系统
생태공정,生态工程
생태구,生态区
생태권,生态圈
생태성,生态性
생태위,生态位
생태적,生态的
생태주의,生态主义
생태평형,生态平衡
생태학,生态学
생태학가,生态学家
생태학자,生态学者
생태학적,生态学的
생태형,生态型
생태화,生态化
생토,生土
생파,生怕
생평,生平
생포,生捕
생풍,生风
생피,生皮
생필품,生必品
생하,生下
생항라,生亢罗
생해자,生孩子
생화,生化; 生火
생화학,生化学
생화학과,生化学科
생화학적,生化学的
생환,生还
생환자,生还者
생활,生活
생활고,生活苦
생활공간,生活空间
생활관,生活观
생활구,生活区
생활권,生活圈
생활난,生活难
생활력,生活力
생활류,生活类
생활면,生活面
생활방식,生活方式
생활보,生活报
생활복,生活服
생활부,生活部
생활부장,生活部长
생활비,生活费
생활사,生活史
생활상,生活相
생활성,生活性
생활수준,生活水准
생활시간,生活时间
생활신조,生活信条
생활양식,生活样式
생활용수,生活用水
생활용품,生活用品
생활인,生活人
생활자,生活者
생활자료,生活资料
생활적,生活的
생활체,生活体
생활필수품,生活必需品
생활하수,生活下水
생활화,生活化
생활환경,生活环境
생활회,生活会
생효,生效; 生胶
생효일기,生效日期
생후,生后
생흘,生吃
서,西; 书; 序; 徐; 瑞; 署; 绪; 舒; 叙; 鼠; 誓; 逝; 恕; 撕; 栖; 屿; 暑; 墅; 庶; 抒; 婿; 絮; 噬; 薯; 曙; 犀; 锄; 胥; 唑; 纾; 硒; 黍; 蜍; 溆; 筮; 舾; 樨; 粞; 谞; 糈; 鉏; 醑; 藇; 聟; 魣; 耡; 鵨; 蝑; 書; 緒; 閪
서가,书架; 暑假; 徐家; 西家
서가군,徐家军
서가심,舒可心
서가휘,徐家汇
서가휘로,徐家汇路
서가휘점,徐家汇店
서각,犀角
서간,书刊; 书简; 锄奸
서간체,书简体
서간충비,鼠肝虫臂
서감,西甘
서강,西江; 徐强; 徐刚; 西康
서강구,西岗区
서강로,西康路
서개,撕开; 徐凯
서객참,西客站
서거,逝去; 栖居
서건,徐健; 徐建
서건국,徐建国
서건화,徐建华
서걸,徐杰
서격마,西格玛
서경,西京; 西经; 徐庆; 书经
서경리,徐经理
서경약,徐京跃
서경위,徐经纬
서경의원,西京医院
서고,书库; 书稿
서고구,西固区
서곡,序曲
서곤,徐坤
서공,徐工; 西贡
서공자,徐公子
서공집단,徐工集团
서과,西瓜
서관,书馆
서관거,徐冠巨
서관화,徐冠华
서광,曙光
서광계,徐光启
서광의원,曙光医院
서광적,徐匡迪
서광춘,徐光春
서교,西郊; 徐娇
서교수,徐教授
서구,西欧; 西区; 叙旧; 西口; 西沟
서구식,西欧式
서구어,西欧语
서구인,西欧人
서구적,西欧的
서구형,西欧型
서구화,西欧化
서국,书局
서국걸,徐国杰
서군,徐军
서궁,西宫
서권,书卷
서권기,书卷气
서궤,书柜
서균분,噬菌体
서극,徐克; 瑞克; 舒克
서근보,徐根宝
서근활락,舒筋活络
서근활혈,舒筋活血
서금,瑞金
서금로,瑞金路
서금시,瑞金市
서금의원,瑞金医院
서금천,徐金泉
서긍,徐兢
서기,书记; 西纪; 暑期; 舒淇; 暑气; 庶几
서기관,书记官
서기원,书记员
서기장,书记长
서기처,书记处
서길,西吉
서길현,西吉县
서남,西南
서남각,西南角
서남구,西南区
서남단,西南端
서남방,西南方
서남부,西南部
서남서,西南西
서남이,西南夷
서남지구,西南地区
서남풍,西南风
서내,西奈
서내반도,西奈半岛
서녀사,徐女士
서녕,西宁; 徐宁
서녕시,西宁市
서녕지구,西宁地区
서녕특,西宁特
서니오랍,西尼乌拉
서다부,西多夫
서단,西端; 西单; 徐丹; 书坛
서단대열성,西单大悦城
서단도서대하,西单图书大厦
서단상장,西单商场
서당,书堂
서당식,书堂式
서대망로,西大望路
서대인,徐大人
서덕,西德; 瑞德
서덕대,西德队
서덕량,徐德亮
서덕은,徐德恩
서도,书道; 徐涛; 撕掉; 絮叨; 西道; 徐韬
서동,书童
서동부언,胥动浮言
서동해,徐东海
서두,书头; 序头; 锄头
서락,西乐
서랑,徐浪
서랭,徐冷
서량,徐亮; 徐良
서려,瑞丽; 西丽
서력,西历
서렬,序列; 撕裂
서령인사,西泠印社
서로,西路; 徐老
서로사,徐老师
서로태,徐老太
서록,西麓
서론,序论; 绪论
서뢰,徐磊
서루,西楼
서류,书类
서릉협,西陵峡
서리,署理; 犀利; 西里; 徐利; 舒利
서리가,徐莉佳
서리아,叙利亚
서리아대,叙利亚队
서리지탄,黍离之叹
서림,西林; 徐林; 书林
서마마,徐妈妈
서마혁,舒马赫
서막,序幕
서만,舒曼
서망,西芒
서매,舒玫
서매자,书呆子
서맹가랍방,西孟加拉邦
서면,书面; 西面; 絮棉
서면어,书面语
서명,署名; 书名; 徐明
서명서,署名书
서명식,署名式
서모,徐某; 徐模
서목,书目
서목촌광,鼠目寸光
서몽,西蒙
서몽니,西蒙尼
서몽사,西蒙斯
서무과,庶务课
서무과장,庶务课长
서묵,舒默
서문,序文; 西门; 徐文; 西文; 徐闻
서문경,西门庆
서문자,西门子
서문자공사,西门子公司
서문취설,西门吹雪
서문현,徐闻县
서미,西米; 书迷; 舒米
서민,庶民; 徐敏
서민적,庶民的
서민초,徐敏超
서민층,庶民层
서민형,庶民型
서박,西博
서반,西班
서반구,西半球
서반부,西半部
서반아,西班牙
서반아국가대,西班牙国家队
서반아대,西班牙队
서반아문,西班牙文
서반아어,西班牙语
서반아족협,西班牙足协
서반아참,西班牙站
서발,抒发
서방,书房; 西方; 徐方; 徐芳; 书坊
서방렬강,西方列强
서방명,徐放鸣
서방문,西方文
서방문명,西方文明
서방인,西方人
서방정토,西方净土
서방화,西方化
서배,鼠辈
서백리아,西伯利亚
서백리아지구,西伯利亚地区
서백림,西柏林
서백특,舒伯特
서백파,西柏坡
서범,徐帆
서법,书法
서법가,书法家
서법계,书法界
서변,西边
서병,徐苹; 徐兵
서보,书报; 徐步
서보간,书报刊
서복,舒服; 西服; 徐福
서본,书本
서본비,书本费
서본우,徐本禹
서봉,西峰
서부,西部
서부가,舒肤佳
서부권,西部圈
서부극,西部剧
서부량립,誓不两立
서부범,徐不凡
서부우자,西部牛仔
서부파휴,誓不罢休
서부편,西部片
서북,西北
서북각,西北角
서북공업대학,西北工业大学
서북구,西北区
서북농림과기대학,西北农林科技大学
서북대학,西北大学
서북부,西北部
서북사범대학,西北师范大学
서북지구,西北地区
서북풍,西北风
서분,书体
서불한,舒弗邯
서붕,徐鹏
서비,西非; 徐飞
서비홍,徐悲鸿
서빈,徐斌; 徐彬
서빙,徐冰
서사,敍事; 瑞士; 书写; 叙事; 誓死; 西沙; 西四; 抒写; 誓词; 西斯; 誓师; 书社; 瑞斯
서사군도,西沙群岛
서사극,敍事剧
서사극론,敍事剧论
서사대,瑞士队
서사대회,誓师大会
서사락상,瑞士洛桑
서사법랑,瑞士法郎
서사부,徐师傅
서사성,敍事性; 叙事性
서사시,敍事诗; 叙事诗
서사은행,瑞士银行
서사적,敍事的
서사탑니,西斯塔尼
서사파새이,瑞士巴塞尔
서사호동,西祠胡同
서산,西山
서산구,西山区
서산낙일,西山落日; 西山落日
서산로,西山路
서삼,瑞森
서삼기,西三旗
서삼환,西三环
서상,书商; 絮状; 舒爽; 西厢; 徐翔
서상기,西厢记
서새,西塞
서색,曙色
서색과,西索科
서생,书生
서생기,书生气
서생원,鼠生员
서서,徐徐; 徐庶; 西西; 舒舒; 絮絮
서서구,叙叙旧
서서기,徐书记
서서니오,西西尼奥
서서도도,絮絮叨叨
서서리도,西西里岛
서서복복,舒舒服服
서선생,徐先生
서설,序说; 瑞雪; 叙说
서설조풍년,瑞雪兆丰年
서성,书城; 西城; 舒城; 徐盛
서성공사,瑞星公司
서성구,西城区
서성법원,西城法院
서성우,舒圣佑
서세,逝世
서세동점,西势东占
서세적,徐世绩
서세창,徐世昌
서소룡,徐少龙
서소명,徐小明
서소봉,徐小凤
서소저,徐小姐
서소춘,徐少春
서소평,徐小平
서송,徐荣; 徐松
서송개,徐荣凯
서송상,徐荣祥
서쇄,撕碎
서수,徐水; 序数; 西首
서수구,西秀区
서수송,徐寿松
서순,徐舜
서술,敍述; 叙述
서술서,敍述书
서술자,敍述者; 叙述者
서승문,徐胜文
서승평,徐承平
서시,西施; 书市
서시봉심,西施捧心
서식,书式; 栖息; 西式
서식지,栖息地
서식처,栖息处
서신,书信; 栖身; 徐晨
서신지소,栖身之所
서심,舒心
서심렬폐,撕心裂肺
서쌍판납,西双版纳
서쌍판납주,西双版纳州
서쌍판납태족자치주,西双版纳傣族自治州
서씨,徐氏
서아,西亚; 舒雅
서아도,西雅图
서아도시,西雅图市
서악,西岳
서안,西安; 西岸; 瑞安; 书案
서안고신구,西安高新区
서안교통대학,西安交通大学
서안국제대,西安国际队
서안녕,徐雁宁
서안대,西安队
서안로,西安路
서안만보,西安晚报
서안사변,西安事变
서안새구,西安赛区
서안성,西安城
서안시,西安市; 瑞安市
서안시공안국,西安市公安局
서안시중급인민법원,西安市中级人民法院
서안위성측공중심,西安卫星测控中心
서안의과대학,西安医科大学
서안전자과기대학,西安电子科技大学
서안지구,西安地区
서안참,西安站
서안철로국,西安铁路局
서안화차참,西安火车站
서야,西野
서약,誓约; 西药; 徐若
서약서,誓约书
서양,西洋; 徐阳; 徐扬; 西阳
서양경,西洋镜
서양목,西洋木
서양사,西洋纱
서양식,西洋式
서양인,西洋人
서양적,西洋的
서양참,西洋参
서양화,西洋化; 西洋画
서어,絮语; 西语
서언,誓言; 序言
서얼차대,庶孼差待
서엄,徐俨
서여우,徐汝愚
서역,西域; 鼠疫
서연,西延; 徐燕
서연위,徐妍玮
서열,序列; 暑热
서열식,序列式
서열화,序列化
서영,徐莹; 徐颖
서예,书艺
서예관,书艺馆
서예인,书艺人
서옥,婿屋; 壻屋; 书屋; 徐玉
서옥란,徐玉兰
서옥린,徐玉麟
서완,舒缓
서왕모,西王母
서요,誓要
서용,徐勇
서우,犀牛
서욱,徐昱
서운,暑运
서운려,徐云丽
서운룡,徐云龙
서원,书院; 誓愿; 西苑; 西元
서원평,徐元平
서위,徐伟; 西魏; 徐渭; 徐威
서유기,西游记
서융,西戎
서은,瑞恩; 西恩
서을,舒乙
서응,絮凝
서응제,絮凝剂
서응한,徐应寒
서의,西医; 徐毅
서의덕,徐义德
서이,瑞尔
서이리안,西伊里安
서이자,舒尔茨
서이행지,恕而行之
서익,徐翊
서인,西人; 庶人
서인생,徐寅生
서인영,徐仁英
서일범,徐一凡
서자,庶子; 徐子
서자기,徐子淇
서자릉,徐子陵
서자산,徐子珊
서자여사,逝者如斯
서자호,西子湖
서잡,西卡
서장,序章; 西藏; 西装; 舒张; 署长; 书场
서장고원,西藏高原
서장기,舒张期
서장남로,西藏南路
서장대,西将台
서장대학,西藏大学
서장등산대,西藏登山队
서장로,西藏路
서장반,西藏班
서장안가,西长安街
서장압,舒张压
서장일보,西藏日报
서장자치구,西藏自治区
서장자치구당위,西藏自治区党委
서장자치구주비위원회,西藏自治区筹备委员会
서장지구,西藏地区
서장청,徐长青
서장혁리,西装革履
서재,书斋
서재후,徐才厚
서쟁,徐峥; 徐铮
서적,书籍; 舒适
서적성,舒适性
서적형,舒适型
서전,瑞典; 舒展; 书展
서전대,瑞典队
서절구투,鼠窃狗偷; 鼠窃狗偸
서점,书店; 西点
서점가,书店街
서점군교,西点军校
서정,抒情; 徐静; 舒婷; 书证; 徐征
서정뢰,徐静蕾
서정미,抒情味
서정성,抒情性
서정시,抒情诗
서정적,抒情的
서정화,抒情化
서조기,徐兆骥
서죄,恕罪
서주,徐州; 西周; 书橱
서주사범대학,徐州师范大学
서주성,徐州城
서주시,徐州市
서주의학원,徐州医学院
서주임,徐主任
서준,徐俊
서중악,徐中岳
서지,锄地
서지강,徐志强
서지마,徐志摩
서지빈,徐志斌
서지영,徐智英
서지학,书志学
서직문,西直门
서직문교,西直门桥
서진,西进; 西晋; 西秦; 徐进
서차,撕扯
서찬,西餐
서찬청,西餐厅
서찰,书札
서참,西站
서창,舒畅; 西昌; 瑞昌; 西厂
서창시,瑞昌市; 西昌市
서책,书册
서천,西天; 西川; 徐天; 暑天
서천홍,徐天红
서철,徐哲
서철성,西铁城
서첨,书签
서청,徐清; 西青
서청구,西青区
서청범,徐清凡
서청풍,徐清风
서체,书体; 徐达
서체억,徐达亿
서초,徐超
서촉,西蜀
서총,徐总
서추,瑞秋
서춘류,徐春柳
서측,西侧
서탁,书卓; 书桌
서탄,舒坦; 书摊
서탑,西塔
서태평양,西太平洋
서태평양지구,西太平洋地区
서택헌,徐泽宪
서특륵,舒特勒
서특립,徐特立
서파,撕破; 徐波
서파검,撕破脸
서파검피,撕破脸皮
서파탄,舒巴坦
서패,西贝
서패동,徐沛东
서패잡,瑞贝卡
서편,西便
서평,书评; 西平; 徐平
서포,书包
서표,鼠标; 撕票
서풍,西风; 徐枫
서피,西皮; 书皮
서하,西夏; 撕下; 栖霞; 西河; 徐霞
서하객,徐霞客
서하구,栖霞区; 西夏区
서하사,栖霞寺
서하산,栖霞山
서하지통,西河之痛
서학,西学
서한,书翰; 西汉
서한모,西汉姆
서한모련대,西汉姆联队
서합노극,西哈努克
서해,西海; 鼠害; 书海; 徐海
서해동,徐海东
서행,徐行; 西行
서향,书香; 西乡; 瑞香
서향당,西乡塘
서향문제,书香门第
서향전,徐向前
서혈,书页
서협,鼠夹; 西峡
서협현,西峡县
서혜국,舒惠国
서호,西湖; 序号; 书号; 徐浩; 徐虎
서호공원,西湖公园
서호구,西湖区
서호로,西葫芦; 西湖路
서호박람회,西湖博览会
서호풍경구,西湖风景区
서호풍경명승구,西湖风景名胜区
서홍,徐弘; 徐红
서홍시,西红柿
서홍신성,瑞虹新城
서화,书画; 西化; 西和; 西华; 西画; 叙话
서화가,书画家
서화계,书画界
서화원,书画院
서화의,徐和谊
서화전,书画展
서화현,西华县
서회,抒怀
서회문,徐怀雯
서회옥,徐怀钰
서훼,撕毁
서휘,徐汇; 徐辉
서휘구,徐汇区
서휘상장,徐汇商场
서휘점,徐汇店
서흠,徐鑫
서흥문,徐兴雯
서희범,舒希凡
서희원,徐熙媛
석,石; 释; 席; 析; 腊; 惜; 夕; 锡; 晰; 硕; 昔; 汐; 蜥; 皙; 淅; 螫; 矽; 裼; 穸; 炻; 祏; 菥; 舄; 褯; 鉐; 襫; 鼫; 舃; 釋; 錫; 碩; 奭
석가,释迦; 石家
석가모니,释迦牟尼
석가장,石家庄
석가장기장,石家庄机场
석가장시,石家庄市
석가장화차참,石家庄火车站
석각,石刻
석간,夕刊
석간수,石间水
석간신문,夕刊新闻
석감,石坎
석갱,石坑
석거,石渠
석견,石坚
석결명,石决明
석경,石径; 石经
석경당,石敬瑭
석경산,石景山
석경산구,石景山区
석경산유락원,石景山游乐园
석계,石阶
석계등천,释阶登天
석고,石膏; 石鼓
석고대죄,席藁待罪
석고상,石膏像
석고실,石膏室
석고판,石膏板
석곡,石斛
석공,石工
석과,硕果
석과루루,硕果累累
석과부존,硕果仅存
석과불식,硕果不食; 硕果不食
석광,锡矿
석광생,石广生
석괴,石块
석교,石桥
석국,石菊
석굴,石窟
석궁,石弓
석권,席卷
석권지세,席卷之势
석극,锡剧
석근관지,释根灌枝
석금,锡金
석급,石级
석기,石器
석기관,石器馆
석녀사,石女士
석년,昔年
석뇌유,石脑油
석대,石台; 硕大
석대무비,硕大无比
석대인,石大人
석도,石涛; 石岛; 释道
석동,石洞
석두,石头
석등,石灯
석란,锡兰
석랍,石蜡
석량,石梁
석력,淅沥
석로사,石老师
석록,石绿
석뢰,石磊
석료,石料
석룡,石龙
석루,石楼
석류,石榴
석류군,石榴裙
석류석,石榴石
석륵,石勒; 席勒
석림,石林; 席琳; 席林
석림곽륵,锡林郭勒
석림곽륵맹,锡林郭勒盟
석마,石磨
석매,石煤
석면,石绵; 石棉
석면와,石棉瓦
석명,释明
석모,石某
석모용,席慕容
석몽사,席梦思
석묵,石墨
석문,石门; 释文
석문현,石门县
석박,锡箔
석방,释放; 石方
석방량,释放量
석백,锡伯
석백족,锡伯族
석벽,石壁
석별,惜别
석병,石屏
석복종길,释服从吉
석봉,石峰
석불,石佛
석불가난,席不暇暖; 席不暇暖
석비,石碑
석사,硕士; 石狮
석사생,硕士生
석사시,石狮市
석산,石山; 锡山
석산구,锡山区
석상,席上; 石像
석생,石生
석석력력,淅淅沥沥
석선생,石先生
석성,石城; 石星
석성현,石城县
석쇄,石锁
석수,石手; 石水; 石秀; 石首
석수시,石秀诗
석순,石笋
석승선,石承先
석시,昔时
석식,夕式
석실,石室
석심철장,石心铁肠
석씨,石氏
석야납,锡耶纳
석양,夕阳; 昔阳
석양서하,夕阳西下
석양하,石羊河
석양현,昔阳县
석어,石鱼
석연,释然
석열군,石悦军
석영,石英; 释永
석영암,石英岩
석영종,石英钟
석영표,石英表
석옥,石玉
석옥연향,惜玉怜香; 惜玉憐香
석용,石勇
석원,石原
석원신태랑,石原慎太郎
석월,石越
석위,席位
석유,石油
석유기,石油气
석유류,石油类
석유수출국조직,石油输出国组织
석유업,石油业
석유화학,石油化学
석의,释义; 释疑
석이,石耳
석이와,席尔瓦
석인,石人; 石印; 昔人
석인중,石仁中
석자,石子; 席子
석장,石匠
석재,石材
석전창,石田彰
석정,石正; 石亭
석조,石造; 石雕; 夕照; 石槽
석조빈,石兆彬
석종원,石宗源
석주,石柱
석죽,石竹
석준,石俊
석지,锡纸; 席地
석지실장,惜指失掌
석지용,石智勇
석지이좌,席地而坐
석지헌,石之轩
석질,石质
석차,席次
석창포,石菖蒲
석척,蜥蜴
석천,石阡; 石泉
석천우,石天宇
석천현,石阡县; 淅川县
석청선,石青璇
석체개,石达开
석축,石筑
석축물,石筑物
석출,析出
석취산,石嘴山
석취산시,石嘴山市
석침대해,石沉大海
석탄,石炭; 石滩
석탄계,石炭系
석탄기,石炭纪
석탄일,释诞日
석탄층,石炭层
석탑,石塔
석퇴,石堆
석파천경,石破天惊
석판,石板
석편,石片; 释片
석폐,矽肺
석하,石河
석하자,石河子
석하자대학,石河子大学
석하자시,石河子市
석학,硕学
석헌중,石轩中
석협,石叶
석혜,石慧
석호,石虎
석화,石花; 石化
석회,石灰; 释怀
석회분,石灰分
석회석,石灰石
석회수,石灰水
석회암,石灰岩
석회요,石灰窑
석회질,石灰质
석회층,石灰层
선,先; 单; 线; 选; 船; 善; 宣; 鲜; 洗; 仙; 旋; 扇; 璇; 禅; 腺; 羡; 蝉; 煽; 膳; 渲; 漩; 亘; 姗; 婵; 缮; 酰; 癣; 藓; 蟮; 诜; 鳝; 霰; 铣; 嬗; 鄯; 跹; 跣; 籼; 燹; 氙; 揎; 镟; 蜁; 骟; 筅; 脧; 軐; 譔; 鱻; 縼; 鯅; 蔙; 選; 線; 撰; 鮮; 瑄; 羨; 綫; 碹; 禪
선가,禅家; 船价; 船家; 仙家
선각,先觉
선각자,先觉者
선감,腺苷; 善感
선갑,船闸
선강,宣讲
선객래,仙客来
선거,选举; 选擧; 善举; 仙居
선거결과,选举结果
선거구,选举区; 选擧区
선거권,选举权; 选擧权
선거법,选举法
선거사,选举史; 选擧史
선거인,选举人; 选擧人
선거인단,选举人团; 选擧人团
선거일,选举日; 选擧日
선거전,选举战; 选擧战
선거제,选举制
선거현,仙居县
선건전곤,旋干转坤; 旋乾转坤
선견,先遣; 先见
선견대,先遣队
선견자,先见者
선견지명,先见之明
선결,先决
선결조건,先决条件
선경,仙境
선경험자,先经验者
선계,仙界
선고,宣告; 撰稿; 仙姑; 亘古; 先考
선고부변,亘古不变
선고심,宣告审
선곡,选曲
선공,船工; 铣工
선공무덕,善供无德
선공후사,先公后私
선과,选课; 鲜果; 善果
선관,善管; 禅观; 善款; 线管
선광,选矿
선광창,选矿厂
선교,宣教; 禅教
선교론,宣教论
선교사,宣教师
선교용,宣教用
선교회,宣教会
선구,先驱; 船具; 选购; 选区; 扇区
선구자,先驱者
선구적,先驱的
선권,线圈
선금,先金; 先金
선금제,先金制; 先金制
선기,先期; 先机; 氙气; 船期; 禅机
선기자타,善骑者堕
선기준,先基准
선남선녀,善男善女
선남신녀,善男信女
선납,先纳
선내,船内; 鲜奶
선녀,仙女
선농단,先农坛
선눈,鲜嫩
선뉴,旋钮
선니,线呢
선단,线段; 仙丹; 选单; 先端
선달,先达
선대,先代; 线带; 选对; 善待; 船队; 线对; 仙台; 船台
선덕,宣德
선도,先导; 善导; 仙桃; 籼稻; 铣刀; 宣导
선도부,善导部
선도부원,善导部员
선도성,先导性
선도시,仙桃市
선도위쾌,先睹为快
선도자,先导者
선도적,先导的
선독,宣读; 选读
선동,煽动; 船东
선동가,煽动家
선동부,煽动部
선동성,煽动性
선동시방,扇动翅膀
선동적,煽动的
선두,先头; 船头; 线头
선두마,先头马
선두부대,先头部队
선두적,先头的
선락사점,仙乐斯店
선래후도,先来后到
선량,善良; 选良; 鲜亮
선려,鲜丽
선련,蝉联
선렬,先烈; 线列
선렬문,先烈们
선령,先令
선례,先例
선례후병,先礼后兵
선로,线路
선로대,船老大
선로판,线路板
선록,鲜绿; 选录
선료,选料
선류,善类
선류기,旋流器
선률,旋律
선린,善隣; 腺鳞
선림대학성,仙林大学城
선립분,线粒体
선망,羡望; 善忘
선매,选煤
선명,鲜明; 蝉鸣; 船名
선명력,宣明历
선명성,鲜明性
선모,羡慕; 旋毛; 船模
선묘,线描
선묘룡,善妙龙; 善妙龍
선무,宣武; 旋舞; 扇舞
선무공사,船务公司
선무구,宣武区
선무군,宣武军
선무문,宣武门
선무의원,宣武医院
선문,禅门; 撰文
선문답,禅问答
선문답식,仙问答式
선물,先物; 膳物
선물전,先物展
선미,船尾; 鲜美; 选美; 鲜味; 籼米
선민,先民; 选民; 船民
선민문,选民们; 先民们
선민사상,选民思想
선민의식,选民意识
선민정,选民证
선박,船舶
선반,旋盘
선발,先发; 选拔
선발권,选拔权
선발대,先发队
선발새,选拔赛
선발제인,先发制人
선방,善防; 禅房; 船帮
선배,先辈; 选配
선배문,先辈们
선범,船帆
선변,善变; 嬗变
선별,选别
선별적,选别的
선병복약,先病服药
선본,善本; 选本
선봉,先锋
선봉대,先锋队
선봉매소,先锋霉素
선봉장,先锋将
선부,船夫; 先父; 先夫
선분,船体
선불,先拂
선비,鲜卑
선빙,选聘
선사,先史; 禅师; 膳赐; 船社; 撰写; 善事; 禅寺; 先师
선삭,铣削
선산,先山; 仙山
선상,线上; 线状; 船上; 选上; 铣床
선상피,腺上皮
선상후벌,先赏后罚
선색,线索
선색비,线索费
선색장,线索奖
선생,先生
선생문,先生们
선생실,先生室
선서,宣誓; 仙逝
선서취직,宣誓就职
선선,鄯善; 船船; 扇扇
선설,宣泄
선성,线性; 宣城; 禅城; 先声
선성구,禅城区
선성규획,线性规划
선성시,宣城市
선성탈인,先声夺人
선성화,线性化
선속도,线速度
선송,选送
선수,先手; 船首; 选手; 选修
선수과,选修课
선수권,选手权
선수권자,选手权者
선수단,选手团
선수문,选手们
선수제,选手制
선수촌,选手村
선순환,先循环
선술,撰述
선승,禅僧; 线绳
선승제,先胜制
선시,先是; 宣示
선시선종,善始善终
선시험,先试验
선식,膳食
선신,船身
선실,船室
선심,善心; 禅心
선심성,善心性
선아,旋儿
선악,善恶
선악과,善恶果
선악로,仙岳路
선암,腺癌
선약,先约
선양,宣扬; 煽扬; 禅让
선양후억,先扬后抑
선어,鲜鱼; 鳝鱼
선억후양,先抑后扬
선언,宣言
선언문,宣言文
선언서,宣言书
선언자,宣言者
선언적,宣言的
선연,鲜然; 婵娟
선열,先烈; 先烈
선염,鲜艳; 渲染
선염탈목,鲜艳夺目
선오,船坞
선와,漩涡; 旋涡
선왕,先王
선용,善用; 选用
선용품,船用品
선우,单于; 善于; 鲜于
선우후락,先忧后乐; 先忧后樂
선운,船运
선원,船员
선원문,船员们
선위,宣威
선위시,宣威市
선위인지,鲜为人知
선유,宣谕; 仙游
선유선보,善有善报
선유현,仙游县
선육,选育; 鲜肉
선율,旋律
선의,善意; 线衣; 蝉衣
선의지,善意志
선인,仙人; 先人; 善人
선인구,仙人球
선인수,先引受
선인장,仙人掌
선인후기,先人后己
선임,先任; 选任
선임권,先任权
선입감,先入感
선입견,先入见
선입관,先入观
선입위주,先入为主
선자,仙子; 扇子
선자옥질,仙姿玉质
선자유화,先自由化
선장,船长; 线装; 禅杖; 船桨
선장실,船长室
선재,线材; 选材; 善哉
선적,船积; 船籍
선적분,船积分
선전,善战; 宣传; 宣战; 旋转; 先前
선전기,宣传期
선전대,宣传队
선전란,宣传栏
선전망,宣传网
선전문,宣传文
선전물,宣传物
선전부,宣传部
선전비,宣传费
선전선전,宣传宣传
선전식,旋转式
선전실,宣传室
선전용,宣传用
선전원,宣传员
선전자,宣传者
선전장,宣传场
선전적,旋转的
선전전,宣传战
선전주,宣传周
선전차,宣传车
선전책,宣传册
선전품,宣传品
선전화,宣传画
선절화,鲜切花
선점,先占
선점기,先占期
선정,禅定; 选定; 煽情; 线程
선정성,煽情性
선정자,先证者
선정작,选定作
선정적,煽情的
선정주의,煽情主义
선제,先制; 选题
선조,先祖; 线条; 先兆; 选调
선조사,先调查
선조생,选调生
선조업,先操业
선종,禅宗; 选种; 善终
선주,船主; 先走; 先主; 宣州
선주민,先住民
선중,选中
선즉,旋即
선지,船只; 选址; 先知; 宣纸
선지선각,先知先觉
선지자,先知者
선진,先进; 先秦
선진공작자,先进工作者
선진국,先进国
선진국형,先进国型
선진성,先进性
선진적,先进的
선진화,先进化
선질량,线质量
선집,选集; 选辑
선차적,先次的
선착,先着
선착순,先着顺
선착장,船着场
선참후주,先斩后奏
선창,先唱; 船厂; 船窗; 船舱; 船窓
선채,鲜菜
선처,善处
선천,先天
선천부족,先天不足
선천성,先天性
선천적,先天的
선철,先哲
선체,船体
선초,鲜初
선추,扇锤
선출,选出
선취,先取; 船醉; 选取
선친,先亲
선칭,宣称
선탄,煽炭; 选炭; 霰弹
선탄장,选炭场
선태,蝉蜕
선태류,藓苔类
선택,选择
선택권,选择权
선택법,选择法
선택성,选择性
선택장,选择奖
선택적,选择的
선택제,选择题
선통,先通; 宣统
선파,选派; 线把
선파감휴,善罢甘休
선판,宣判; 线板
선패,扇贝
선패유기,善败由己
선편,选编
선포,宣布; 腺泡
선포권,宣布权
선포안,宣布案
선표,船票; 选票
선표령,腺嘌呤
선풍,旋风; 禅风; 扇风
선풍기,扇风机
선풍도골,仙风道骨
선풍적,旋风的
선풍점화,煽风点火
선하,先河; 鲜虾
선하로,仙霞路
선하수위강,先下手为强
선하일성,先下一城
선학,先学; 仙鹤
선학초,仙鹤草
선함,船舰
선해인의,善解人意
선행,先行; 善行
선행관,先行官
선행무철적,善行无铁迹
선행자,先行者
선험,先验
선험론,先验论
선험적,先验的
선현,先贤; 船舷
선혈,鲜血
선혈림리,鲜血淋漓
선형,扇形; 线形; 线型; 船型
선호,选好
선호도,选好度
선호층,选好层
선홍,鲜红
선홍색,鲜红色
선화,鲜花; 宣化; 宣和; 酰化
선화적,禅画的
선화점,鲜花店
선화후과,先花后果
선활,鲜活
선회,旋回
선후,先后; 善后
선후배,先后辈
선후지책,善后之策
선훤,宣萱
선훼,线虫
선훼병,线虫病
설,说; 设; 雪; 薛; 舌; 泄; 屑; 碟; 亵; 楔; 啮; 鳕; 挈; 榍; 渫; 绁; 蔎; 揲; 絏; 稧; 蛥; 說; 設; 説; 洩
설가,雪茄; 薛家
설가응,薛佳凝
설강,设岗
설개,说开
설개기,薛凯琪
설객,说客
설건국,薛建国
설건순초,舌干唇焦
설검,薛剑
설계,设计
설계가,设计家
설계계,设计界
설계계단,设计阶段
설계도,设计图
설계류,设计类
설계비,设计费
설계사,设计士; 设计师
설계사문,设计师们
설계심사,设计审查
설계안,设计案
설계어언,设计语言
설계업,设计业
설계원,设计院; 设计员
설계자,设计者
설계자문,设计者们
설계장,设计奖
설고,雪糕
설골,舌骨
설과,说过
설교,说教
설구,雪球
설국,设局
설근,舌根
설근미건,舌根未干
설금파,薛锦波
설기,泄气
설녀사,薛女士
설니홍조,雪泥鸿爪
설대화,说大话
설도,说道; 薛涛
설도저,说到底
설도주도,说到做到
설독,亵渎
설돈절,雪顿节
설두,舌头; 说头
설득,说得
설득과거,说得过去
설득력,说得力
설득상,说得上
설래,雪莱
설래화장,说来话长
설량,雪亮
설량성,薛良诚
설련,雪莲
설령,设令; 薛玲
설로,泄露
설로사,薛老师
설로출래,泄露出来
설료,说了
설루,泄漏
설루료취,说漏了嘴
설릉운,薛凌云
설리,说理; 雪莉; 雪里
설리홍,雪里红; 雪里蕻
설립,设立; 薛立
설립자,设立者
설망우검,舌芒于剑
설매,雪梅; 说媒
설면,舌面
설명,说明; 薛明
설명문,说明文
설명서,说明书
설명성,说明性
설명자,说明者
설명적,说明的
설명회,说明会
설모,薛某
설모교,薛暮桥
설몽,说梦
설몽화,说梦话
설문,设问; 说文
설문지,设问纸
설밀,泄密
설방,设防; 雪邦
설방새도,雪邦赛道
설백,雪白; 说白
설백료,说白了
설법,说法; 设法
설벽,雪碧
설보채,薛宝钗
설복,说服; 设伏
설복력,说服力
설복성,薛福成
설봉,雪峰
설봉산,雪峰山
설부득,说不得
설부래,说不来
설부상,说不上
설부상래,说不上来
설부신원,雪愤伸寃
설부정,说不定
설부청,说不清
설부화용,雪肤花容
설분,泄愤
설붕,雪崩
설비,设备; 薛飞; 雪菲
설비선형,设备选型
설비업,设备业
설비창,设备厂
설빙,薛冰
설사,泄泻; 设使; 说辞
설사병,泄泻病
설사약,泄泻药
설산,雪山
설산초지,雪山草地
설삼도사,说三道四
설상,设想; 说上
설상가상,雪上加霜
설상화,舌状花
설색,设色
설서,说书
설선,雪线
설선생,薛先生
설설,说说; 雪雪
설설소소,说说笑笑
설설이이,说说而已
설설화,说说话
설소,说笑
설소화,说笑话
설송,雪松
설수,雪水; 泄水
설숭,薛嵩
설시,设施
설시비,设施费
설시제전,设施齐全
설시지,说时迟
설식강,泄殖腔
설신,薛申
설신처지,设身处地
설악,薛岳
설악산,雪岳山
설암,舌癌
설약,设若
설양,薛阳
설어,鳕鱼
설연,设宴; 薛延
설연관대,设宴款待
설영영,薛莹莹
설옥양,薛玉洋
설완,亵玩
설왕설래,说往说来
설욕전,雪辱战
설원,雪原
설위,薛伟
설음,舌音
설인,雪人
설인귀,薛仁贵
설일부이,说一不二
설자,碟子; 楔子
설잡,设卡
설장,雪仗
설장도단,说长道短
설적,说的
설전,舌战
설전군유,舌战群儒
설정,设定; 说情; 说定
설정치,设定值
설조,雪雕
설중군자,雪中君子
설중송백,雪中松柏
설중송탄,雪中送炭
설지,雪地
설지겸,薛之谦
설지약,薛芷若
설진,雪津
설차,雪车
설착,说错
설착설착,说着说着
설창,说唱; 设厂
설천,说穿
설철룡,雪铁龙
설철룡집단,雪铁龙集团
설철룡차대,雪铁龙车队
설첨,舌尖
설청,说清
설출,说出
설취,雪橇
설치,设置; 雪耻
설치물,设置物
설치비,设置费
설친,说亲
설탕,雪糖
설태,舌苔
설통,说通
설퇴,雪堆
설파,说破
설편,雪片
설표,雪豹
설풍량화,说风凉话
설한화,说闲话
설할화,说瞎话
설합,说合
설호,说好
설혹,设或
설홍,泄洪
설화,说话; 雪花; 說话; 说和
설화고,雪花膏
설화자,说话者
설화적,说话的
설화정,薛华鼎
설황,说谎
설황자,说谎者
설회화,薛怀华
설휘,薛辉
설흥화,薛兴华
설희,说戏
섬,闪; 歼; 纤; 陕; 掺; 赡; 蟾; 暹; 谵; 剡; 铦; 睒; 讝; 韱; 閃; 纖
섬가,掺假
섬개,闪开
섬객,闪客
섬격,歼击; 闪击
섬격기,歼击机
섬과,闪过
섬광,闪光
섬광등,闪光灯
섬광점,闪光点
섬교,纤巧
섬념,闪念
섬동,闪动
섬라,暹罗
섬량,闪亮
섬련,闪联
섬멸,歼灭
섬멸전,歼灭战
섬모,纤毛
섬부,纤夫
섬사,闪射
섬삭,闪烁
섬삭기사,闪烁其词
섬서,蟾蜍; 闪恕
섬석,闪石
섬섬,闪闪; 纤纤
섬섬발광,闪闪发光
섬섬옥수,纤纤玉手
섬세,纤细
섬세성,纤细性
섬소,蟾酥
섬수,纤瘦; 纤手
섬신,闪身
섬실,闪失
섬약,纤弱
섬양,赡养
섬양비,赡养费
섬요,闪耀
섬용매,纤溶酶
섬유,纤维; 纤柔
섬유류,纤维瘤
섬유막,纤维膜
섬유성,纤维性
섬유소,纤维素
섬유속,纤维束
섬유적,纤维的
섬유조직,纤维组织
섬유질,纤维质
섬유판,纤维板
섬유화,纤维化
섬유환,纤维环
섬잡,掺杂
섬장,纤长
섬장암,闪长岩
섬전,闪电
섬전식,闪电式
섬전전,闪电战
섬존,闪存
섬진부염,纤尘不染
섬타,闪躲
섬피,闪避
섬현,闪现
섬호,纤毫
섬화,掺和
섬활,歼敌
섭,叶; 涉; 摄; 聂; 慑; 蹑; 嗫; 燮; 歙; 颞; 镊; 躞; 滠; 詟; 攝
섭가,聂家
섭골,颞骨
섭급,涉及
섭급면,涉及面
섭렵,涉猎
섭로체,聂鲁达
섭리,摄理
섭리음양,燮理阴阳
섭매생,聂梅生
섭모,聂某
섭복,慑服
섭상,摄像
섭상기,摄像机
섭상사,摄像师
섭생,摄生
섭선생,聂先生
섭세,涉世
섭세부심,涉世不深
섭소천,聂小倩
섭송,涉讼
섭송진,聂荣臻
섭수,涉水; 聂帅
섭수빈,聂树斌
섭수섭각,蹑手蹑脚
섭식,摄食
섭씨,摄氏
섭씨도,摄氏度
섭영,摄影
섭영가,摄影家
섭영계,摄影界
섭영기,摄影机
섭영붕,摄影棚
섭영사,摄影师
섭영사문,摄影师们
섭영자,摄影者
섭영장,摄影奖
섭외,涉外
섭외국장,涉外局长
섭원,聂远
섭위평,聂卫平
섭유,嗫嚅
섭이,聂耳
섭입,摄入
섭입량,摄入量
섭자,镊子
섭작,涉猎
섭정,摄政
섭정왕,摄政王
섭제,摄制
섭제조,摄制组
섭족,涉足
섭창,涉枪
섭천상,聂天翔
섭취,摄取
섭취량,摄取量
섭풍,聂风
섭해승,聂海胜
섭험,涉险
섭현,涉县
섭혐,涉嫌
섭협,颞叶
성,成; 性; 声; 城; 星; 省; 胜; 圣; 醒; 盛; 姓; 诚; 猩; 腥; 惺; 饧; 晟; 铖; 郕; 篂; 骍; 絾; 鍟; 聖; 聲; 誠
성가,圣歌; 声价; 成家; 盛家
성가립업,成家立业
성가붕,盛佳鹏
성각,省却; 醒觉
성간,诚恳
성감,性感
성강,声腔; 姓江
성개,盛开
성거,盛举; 姓居
성건,城建
성격,性格
성격소,性激素
성격적,性格的
성격파,性格派
성격화,性格化
성견,成见
성결,圣洁
성경,圣经; 盛京; 盛景
성경반,圣经班
성경전서,圣经全书
성계,星系; 省界
성고,姓高
성고조,性高潮
성골,圣骨
성공,成功; 星空; 声控
성공담,成功谈
성공률,成功率; 成功率
성공리,成功里
성공법,成功法
성공자,成功者
성공작,成功作
성공적,成功的
성공학,成功学
성과,成果
성과래,醒过来
성과물,成果物
성과장,成果奖
성곽,城郭; 姓郭
성관,城馆
성관대원,城管队员
성광,星光; 声光
성광대,成矿带
성광찬란,星光灿烂
성교,性交; 成交; 城郊
성교가,成交价
성교량,成交量
성교률,成交率
성교액,成交额
성교육,性教育
성교형,城郊型
성구,城区; 星球; 城口; 声区; 成仇
성군,成群; 星群
성군결대,成群结队
성군구,省军区
성군구당위,省军区党委
성규,成规
성극걸,成克杰
성극일시,盛极一时
성근,城根
성금,诚金; 诚金; 姓金
성급,性急; 省级; 星级; 声级
성급반점,星级饭店
성급성,性急性
성기,性器; 星期; 盛期; 腥气; 性气; 成器; 声气; 盛器
성기관,性器官
성기륙,星期六
성기릉인,盛气凌人
성기사,星期四
성기삼,星期三
성기오,星期五
성기이,星期二
성기일,星期一; 星期日
성기천,星期天
성기후,成气候
성길사한,成吉思汗
성남,城南
성납,声纳
성내,城内
성녀,圣女
성년,成年; 盛年
성년기,成年期
성년률,成年率
성년인,成年人
성능,性能
성다명각,圣多明各
성단,星团
성당,圣堂; 盛唐; 姓唐
성대,声带; 盛大
성대모사,声带模写
성대사자,成大事者
성덕,圣德
성도,成都; 星岛; 圣徒; 星图
성도고신구,成都高新区
성도대,成都队
성도덕,性道德
성도루,成都楼
성도리공대학,成都理工大学
성도만보,成都晚报
성도분행,成都分行
성도새구,成都赛区
성도시,成都市
성도시공안국,成都市公安局
성도시구,成都市区
성도시위,成都市委
성도시장,成都市场
성도시중급인민법원,成都市中级人民法院
성도일보,成都日报
성도전시대,成都电视台
성도지구,成都地区
성도차참,成都车站
성도참,成都站
성도철로국,成都铁路局
성도화차참,成都火车站
성동,城东; 姓董
성동격서,声东击西
성동구,城东区
성두,城头; 姓杜
성득,省得
성라,姓罗
성라기포,星罗棋布
성라운포,星罗云布
성락,声乐
성랑,声浪
성래,醒来
성랭담,性冷淡
성략,省略
성략호,省略号
성량,姓梁
성력,省力
성령,圣灵; 性灵
성령화,圣灵化
성로,盛怒
성로서아,圣卢西亚
성로역사,圣路易斯
성료,成了
성룡,成龙; 姓龙
성루,城楼
성루구하,声泪俱下
성류,姓刘
성륙,姓陆
성리,城里; 姓李
성리인,城里人
성리학,性理学
성림,成林; 姓林
성립,成立; 省立
성립기,成立期
성립설,成立说
성마,姓马
성마력낙,圣马力诺
성마력낙참,圣马力诺站
성망,声望
성면,成眠
성명,声明; 姓名; 性命; 成名; 盛名; 声名; 圣明
성명랑자,声名狼藉
성명서,声明书
성명성가,成名成家
성명유소,性命攸关
성명작기,声名鹊起
성명지하,盛名之下
성모,圣母; 声母
성모마리아,圣母玛利亚
성목,醒目
성목요일,圣木曜日
성묘,省墓
성묘객,省墓客
성무,圣务; 圣武
성문,城门; 成文; 声门; 声闻
성문과정,声闻过情
성문법,成文法
성문제,成问题
성물,圣物
성미,性味; 腥味
성반,盛饭; 姓潘
성방,城邦; 城防; 成方; 姓方; 声旁; 圣方
성방원,成方圆
성배,成倍; 成排
성백,姓白
성백상천,成百上千
성범죄,性犯罪
성벽,城壁
성변태,性变态
성별,性别
성병,性病
성병자의,先病者医
성보,城堡; 省报
성보건품,性保健品
성보라,圣保罗
성보라대,圣保罗队
성보라시,圣保罗市
성보라주,圣保罗州
성본,成本
성본가,成本价
성본률,成本率
성본법,成本法
성본비,成本费
성본선,性本善
성본핵산,成本核算
성본회계,成本会计
성부,城府; 省府; 声部
성부급,省部级
성북,城北
성북구,城北区
성분,成分; 省份; 星体
성불,成佛
성비,性比; 成批
성빈,声频
성사,圣事; 成事; 盛事; 省事; 醒狮; 姓谢; 姓司
성사위,成思危
성산,盛产; 星散
성상,成像; 性状; 圣上; 声像; 性相; 星象; 城厢; 星相; 星状
성상모,性状毛; 性狀毛
성색,成色; 声色
성색견마,声色犬马
성색구려,声色俱厉
성생활,性生活
성서,圣书; 城西; 成书; 姓徐
성서구,城西区
성서라,圣西罗
성서적,圣书的
성선,性腺; 成仙
성선생,盛先生
성선설,性善说
성선회,盛宣怀
성설,圣雪
성성,星星; 猩猩; 省城; 声声; 醒醒; 成性
성성문,星星们
성성상석,惺惺相惜
성성숙,性成熟
성성작태,惺惺作态
성성점점,星星点点
성성지화,星星之火
성세,盛世
성세재,盛世才
성세포,性细胞
성소,城关; 姓苏
성소계,性关系
성소공사,城关公社
성소구,城关区
성소요,性骚扰
성소진,城关镇
성소파출소,城关派出所
성속,声速
성손,姓孙
성송,姓宋
성쇠,盛衰
성쇠흥폐,盛衰兴废
성수,成数; 圣手; 圣水
성수기,盛需期
성수률,成穗率
성수화,盛秀华
성숙,成熟; 星宿
성숙기,成熟期
성숙도,成熟度
성숙미,成熟美
성숙성,成熟性
성숙형,成熟型
성시,城市; 成市; 省时; 声嘶
성시군,城市群
성시력갈,声嘶力竭
성시빈민,城市贫民
성시장,城市场
성시화,城市化
성시화률,城市化率
성식,声息; 成式
성신수법,诚信守法
성실,诚实
성실도,诚实度
성실성,诚实性
성심,诚心; 省心; 成心
성심명수,姓甚名谁
성심성의,诚心诚意
성쌍성대,成双成对
성씨,姓氏
성아,声儿
성악,声乐
성악가,声乐家
성악과,声乐科
성안,成安
성안덕로사,圣安德鲁斯
성안동니오,圣安东尼奥
성애,性爱
성야,星爷; 星夜
성약,成药; 圣药
성약한,圣约翰
성양,姓杨; 城阳; 声扬
성양구,城阳区
성어,成语
성언,声言
성업,成业; 盛业
성역,圣域; 城役
성역망,城域网
성역화,圣域化
성연,盛宴; 诚然; 盛筵
성염색분,性染色体
성예,声誉; 盛誉
성오,醒悟; 姓吴; 省悟
성왕,姓王
성욕,性欲
성욕자,性欲者
성우,声优; 省优
성운,星云; 声韵
성운회,城运会
성원,声援; 成员; 城垣; 声源
성원국,成员国
성원문,成员们
성위,成为; 省委; 声威; 星位; 姓魏
성위업계,成为业界
성유,圣谕
성은,圣恩
성음,声音
성음소모,声音笑貌
성읍,城邑
성의,诚意; 成衣; 盛意
성인,圣人; 成人; 成因; 成仁; 圣因
성인고교,成人高校
성인교육,成人教育
성인군자,圣人君子
성인기,成人期
성인병,成人病
성인식,成人式
성인지미,成人之美
성인지악,成人之恶
성인화,成人化
성일이만,圣日尔曼
성일장,成一场
성자,圣者; 姓字; 性子
성자유,性自由
성자현,星子县
성장,成长; 省长; 城墙; 盛装; 姓张; 声张; 声场; 成章; 姓蒋
성장고,成长股
성장기,成长期
성장력,成长力
성장률,成长率; 成长率
성장성,成长性
성장세,成长势
성장주,成长株
성장지,成长地
성장형,成长型
성재,成才; 成灾; 成材
성적,性的; 成绩; 成迹
성적단,成绩单
성적비연,成绩斐然
성적순,成绩顺
성적표,成绩表
성전,圣典; 圣战; 圣殿; 盛典; 省钱; 成全; 盛传; 姓钱; 姓田
성전기장,成田机场
성전자,圣战者
성점,星点
성정,性情; 盛情; 姓郑; 性征; 姓丁
성정난각,盛情难却
성정병무,声情并茂
성정부,省政府
성정비,成正比
성정요청,盛情邀请
성제,星际
성조,成鸟; 声调; 姓赵; 成组; 城雕; 姓曹
성조기,星条旗
성조숙,性早熟
성종,惺忪
성좌,星座
성주,城主; 醒酒; 姓周; 姓朱
성주석,省主席
성죽,成竹
성죽재흉,成竹在胸
성중촌,城中村
성지,圣地; 诚挚; 城池; 圣旨; 城址
성지성,圣地性
성지아가,圣地亚哥
성지형,省地型
성직,圣职; 省直
성직기소,省直机关
성직자,圣职者
성진,城镇; 星辰; 姓陈; 姓秦
성진임목,声振林木; 声振林木
성진화,城镇化
성진화률,城镇化率
성질,性质
성징,性征
성찬,盛馔; 盛赞
성찰,省察
성채,城砦; 城寨; 姓蔡
성천,成天
성천상만,成千上万
성천성만,成千成万
성체,成体
성초,诚招
성초판,省招办
성총,盛宠
성추행,性丑行
성취,成就; 腥臭
성취감,成就感
성취동기,成就动机
성취욕,成就欲
성취장,成就奖
성취전,成就展
성층권,成层圈
성층화,成层化
성친,成亲; 省亲
성침,姓沈
성침범,性侵犯
성칭,声称
성탄,圣诞
성탄례물,圣诞礼物
성탄로인,圣诞老人
성탄수,圣诞树
성탄잡,圣诞卡
성탄절,圣诞节
성토,声讨
성퇴,成堆
성투,成套; 成渝; 星斗
성투철로,成渝铁路
성파,声波
성파극문점,星巴克门店
성패,成败
성패득실,成败得失
성패론영웅,成败论英雄
성팽,姓彭
성폭력,性暴力
성폭행,性暴行
성폭행당,性暴行当
성품,性品; 成品; 圣品
성품률,成品率
성풍,成风; 姓冯
성풍혈우,腥风血雨
성피득보,圣彼得堡
성피득보시,圣彼得堡市
성하,省下; 盛夏; 星河; 姓何
성하분통,成何体统
성하새,圣何塞
성하지맹,城下之盟
성학,声学
성한,姓韩
성할시,省辖市
성함,姓衔
성항,省港
성해광장,星海广场
성해방,性解放
성핵,声势; 成核
성핵호대,声势浩大
성행,性行; 盛行; 成行
성행야귀,星行夜归
성행위,性行为
성향,性向; 城乡; 声响
성허,姓许
성현,圣贤; 成县
성협,姓叶
성형,成型; 成形; 星形; 星型
성형기,成型机
성형술,成形术
성형외과,成形外科
성형외과의,成形外科医
성형외과학,成形外科学
성형의,成形医
성형학적,成形学的
성호,姓胡; 星号
성호사서,城狐社鼠
성혼,成婚
성혼식,成婚式
성홍,猩红
성홍열,猩红热
성화,圣化; 圣火; 成火; 星火; 成化
성화구,成华区
성화료원,星火燎原
성화인,盛华仁
성활,成活
성활률,成活率
성황,盛况; 姓黄; 城隍
성황공전,盛况空前
성황당,城隍堂
성황리,盛况里
성황묘,城隍庙
성황성공,诚惶诚恐
성회,盛会; 省会
성효,成效
성훈,圣训
성훼,成虫
성휘공사,星辉公司
성흘검용,省吃俭用
성희롱,性戯弄
세,说; 世; 势; 细; 岁; 税; 洗; 洒; 穗; 蜕; 贳; 笹; 軎; 齛; 歲; 細; 勢; 稅; 歳; 跩
세가,世家
세각,洗脚
세간,世间; 细看
세강속말,世降俗末
세검,洗脸
세검분,洗脸盆
세겁,洗劫
세결정,洗洁精
세계,世界; 岁计; 世系
세계공회련합회,世界工会联合会
세계관,世界观
세계관적,世界观的
세계급,世界级
세계기록,世界纪录
세계대동,世界大同
세계대전,世界大战
세계말일,世界末日
세계무대,世界舞台
세계무역조직,世界贸易组织
세계배,世界杯
세계배새,世界杯赛
세계보,世界报
세계사,世界史
세계사적,世界史的
세계상,世界像
세계성,世界性
세계시,世界时
세계어,世界语
세계위생조직,世界卫生组织
세계은행,世界银行
세계인,世界人
세계적,世界的
세계정세,世界情势
세계주의,世界主义
세계화,世界化
세고,世故; 细高
세곡,税谷
세공,细工; 细孔
세공품,细工品
세과립,细颗粒
세관,税关; 税款
세관원,税关员
세교,世交
세구,细究; 世仇
세궁역진,势穷力尽; 势穷力尽
세권,势圈
세균,细菌
세균성,细菌性
세균전,细菌战
세균학,细菌学
세금,税金; 税金
세금새,世锦赛
세기,世纪
세기극원,世纪剧院
세기말,世纪末
세기말적,世纪末的
세기성,世纪城
세기세계,世纪世界
세기적,世纪的
세기형,世纪型
세뇌,洗脑
세뇌당,洗脑当
세뇌자,洗脑者
세눈,细嫩
세니,细腻
세단,税单
세단의다,世短意多
세담,细谈
세답족백,洗踏足白
세대,世代; 世带
세대교체,世代交替
세대교체론,世代交替论
세대론,世代论
세대론적,世代论的
세대상전,世代相传
세대주,世带主
세대표,世带表
세도,势道; 世道; 洗掉
세도가,势道家
세두,洗头
세두방,洗头房
세락,洒落
세량,细粮
세력,势力
세력가,势力家
세력권,势力圈
세력론,势力论
세력사,势力史
세력체,势力体
세력화,势力化
세련,洗练
세련미,洗练味
세례,洗礼
세례명,洗礼名
세례식,洗礼式
세루,洒泪
세률,税率
세리,税利
세리지교,势利之交
세립질,细粒质
세말,世末; 岁末
세말년초,岁末年初
세매,洗煤
세면,洗面; 世面
세면기,洗面器
세면대,洗面台
세면도구,洗面道具
세면실,洗面室
세면장,洗面场
세명,细明
세모,细毛; 岁暮
세모양,细毛羊
세목,细木; 细目; 税目; 世木
세무,税务
세무국,税务局
세무기소,税务机关
세무사,税务士; 税务司
세무서,税务署
세무조직,世贸组织
세무직,税务职
세무집단,世茂集团
세문,细纹
세물,贳物
세미,细微
세밀,细密
세박원,世博园
세발,洗发
세발정,洗发精
세배,岁拜
세백,细白; 世伯
세뱃,岁拜
세법,税法
세병새,世乒赛
세봉,细缝
세부,细部; 税负
세부적,细部的
세분,细分
세분화,细分化
세불아여,岁不我与; 岁不我与
세불양립,势不两立; 势不兩立
세비,税费
세사,世事; 细纱; 细查
세상,世上; 世相
세상만사,世上万事
세상무난사,世上无难事
세상사,世上事
세선,细线
세설,细说; 洗雪
세설신어,世说新语
세성,岁星
세성세기,细声细气
세세,细细; 洗洗; 岁岁; 洒洒
세세대대,世世代代
세세연년,岁岁年年; 岁岁年年
세세조,洗洗澡
세소,细小
세속,世俗
세속계,世俗界
세속사,世俗史
세속성,世俗性
세속오계,世俗五戒
세속적,世俗的
세속화,世俗化
세손,世孙
세쇄,洗刷; 细碎; 洗涮
세수,岁首; 洗手; 税收; 洗漱; 岁数; 洒水
세수간,洗手间
세수법,洗手法
세수봉직,洗手奉职
세수분,洗手盆
세수장류,细水长流
세수차,洒水车
세숫,洗手
세습,世袭
세습적,世袭的
세습제,世袭制
세습화,世袭化
세시,岁时
세심,细心
세심혁면,洗心革面
세안,洗颜
세안법,洗眼法
세안제,洗眼剂
세액,税额
세약,细弱
세여파죽,势如破竹
세역,岁易
세연,细软
세열혈,洒热血
세염,洗染
세완,洗碗
세완기,洗碗机
세외,世外
세외도원,世外桃源
세요,细腰
세욕,洗浴
세우,细雨
세원,税源
세월,岁月
세월부요인,岁月不饶人
세월여류,岁月如流
세월차타,岁月蹉跎
세율,税率; 税率
세의,洗衣
세의기,洗衣机
세의방,洗衣房
세의복,洗衣服
세의분,洗衣粉
세의점,洗衣店
세이,洗耳
세이공청,洗耳恭听
세인,世人; 洗印
세입,岁入
세입자,贳入者
세자,世子
세작,细作
세작만인,细嚼慢咽
세장,细长; 细账
세저,细苎
세전,税钱; 洗钱; 税前
세전박지,细田博之
세절,细节
세점,细点
세정,世情; 洗净
세정력,洗净力
세정제,洗净剂
세제,洗剂; 税制
세제실장,税制室长
세조,岁租; 洗澡; 细条
세족,世族
세종,税种
세종대왕,世宗大王
세주,细绸
세중마포,细中麻布
세지말절,细枝末节
세진,洗尘
세차,洗车
세척,洗涤
세척액,洗涤液
세척제,洗涤剂
세청,洗清
세청새,世青赛
세출,岁出
세치,细致
세칙,细则; 税则
세침,细针
세칭,世称
세탁,洗濯
세탁기,洗濯机
세탁물,洗濯物
세탁성,洗濯性
세탁소,洗濯所
세탈,洒脱; 洗脱
세탈액,洗脱液
세태,世态
세태염량,世态炎凉
세파,世波
세패,洗牌
세평,世评
세포,细布; 细胞
세포계,细胞系
세포기,细胞器
세포막,细胞膜
세포벽,细胞壁
세포분,细胞体
세포성,细胞性
세포주,细胞株
세포질,细胞质
세포체,细胞体
세포학,细胞学
세포핵,细胞核
세포형,细胞型
세풍,世风
세풍일하,世风日下
세피눈육,细皮嫩肉
세필,细笔
세한,岁寒
세한삼우,岁寒三友
세한송백,岁寒松柏
세형동검,细形铜剑
세화,细化
세활,细活
세후,税后
셋방,贳房
소,所; 小; 关; 少; 笑; 消; 苏; 诉; 素; 销; 烧; 召; 绍; 扫; 艘; 疏; 萧; 塑; 昭; 骚; 稣; 巢; 啸; 沼; 梳; 蔬; 溯; 梢; 邵; 俏; 鞘; 霄; 宵; 潇; 钊; 搔; 韶; 酥; 逍; 愫; 捎; 箫; 筱; 缫; 埽; 瘙; 艄; 笤; 劭; 嗉; 魈; 尕; 筲; 蛸; 翛; 潲; 袑; 鲹; 箾; 窼; 鄛; 鯂; 鯵; 鳋; 簘; 膆; 矂; 踃; 颵; 螦; 訴; 燒; 騒; 蘇; 掃; 騷; 紹; 銷; 蕭; 咲; 瀟; 篠; 甦; 穌; 炤; 焼
소가,小家; 苏家; 小柯; 萧家; 小贾; 关家; 邵家; 邵佳; 销假
소가가,笑呵呵
소가과문,小家伙们
소가낙,苏加诺
소가둔구,苏家屯区
소가벽옥,小家碧玉
소가일,邵佳一
소가자기,小家子气
소가전,小家电
소가정,小家庭
소가항,小街巷
소각,烧却; 小脚; 小角
소각로,烧却炉
소각장,烧却场
소간,小看; 疏肝
소갈,消渴; 小葛
소감,所感; 烧碱; 消减; 小甘
소강,小康; 小强; 萧强; 小江; 小姜; 苏强; 苏钢
소강촌,小岗村
소강포,小钢炮
소강형,小康型
소개,召开; 疏开; 绍介; 小凯; 小开
소개령,疏开令
소개서,绍介书
소개수,烧开水
소개자,小个子
소객,骚客
소객차,小客车
소거,关键
소거기,关键期
소거매,关键酶
소거부분,关键部分
소거사,关键词
소거성,关键性
소거자,关键字
소건,萧建; 关健; 萧乾
소건위,邵建伟
소걸,萧杰; 邵杰
소검,笑脸
소검한,萧剑寒
소게,小憩
소격,疏隔; 小格
소격란,苏格兰
소격란대,苏格兰队
소격란황가은행,苏格兰皇家银行
소견,所见; 少见; 消遣; 召见; 小犬
소견다괴,少见多怪
소견서,所见书
소견소문,所见所闻
소결,小结; 烧结
소결광,烧结矿
소결절,小结节
소경,小径; 小景; 少顷; 小琼; 苏琼; 小庆
소경등,萧敬腾
소경전,所耕田
소계,关系; 小鸡; 小溪; 烧鸡; 小计; 小季
소계기업,关系企业
소계도,关系到
소계망,关系网
소계법,关系法
소계보,小系谱
소계사,关系史
소계수거고,关系数据库
소계식,关系式
소계학,关系学
소계형,关系型
소계호,关系户
소고,小考; 烧烤; 诉苦; 小高; 小姑; 小顾; 昭告; 小鼓
소고낭,小姑娘
소고낭문,小姑娘们
소고로,小高炉
소고자,小姑子
소고탄,烧烤摊
소고향,烧高香
소곡,小曲; 小谷
소공,小孔; 关公; 小工; 小龚; 艄公
소공공기차,小公共汽车
소공동체,小共同体
소공사,小公司
소공신,苏共新
소공연,小公演
소공원,小公园
소공위,少工委
소과,蔬果; 绍科; 小过; 小科; 烧锅; 小果; 苏果
소과반문,小伙伴们
소과자,小伙子
소과자문,小伙子们
소과초,苏果超
소곽,小郭
소곽모림사기,苏霍姆林斯基
소관,所关; 所管; 小管; 小官; 小馆; 少管
소관소,少管所
소관한사,少管闲事
소광,苏光; 韶光
소광장,小广场
소괴,小块; 烧坏
소교,小巧; 小乔; 少校
소교령롱,小巧玲珑
소교류수,小桥流水
소교차,小轿车
소구,小区; 诉求; 小狗; 关口; 苏区; 所求; 关区; 小勾; 小丘; 所惧; 小邱; 小欧
소구경,小口径
소구구,小九九
소구력,诉求力
소구상개,笑口常开
소구업,小区业
소구자,小舅子
소구조,小球藻
소국,小国; 小菊
소국가,小国家
소국적,小国的
소군,苏军; 昭君; 萧军
소굴,巢窟
소권자,小圈子
소귀,小鬼
소귀당가,小鬼当家
소귀두,小鬼头
소규,啸叫
소규모,小规模
소규모적,小规模的
소규화,小叫化
소극,笑剧; 消极; 苏克
소극성,消极性; 笑剧性
소극장,小剧场
소극적,消极的; 笑剧的
소극침주,小隙沈舟
소근,苏瑾; 小根
소금,小金; 宵禁; 所擒
소금고,小金库
소금붕,关锦鹏
소금천,小金川
소급,溯及
소기,所期; 关机; 小气; 沼气; 笑肌; 小器; 小纪
소기귀,小气鬼
소기업,小企业
소기위,邵琪伟
소기자문,小记者们
소기지,沼气池
소기차,小汽车
소기후,小气候
소긴,关紧
소길,小吉
소낙,小诺
소남,苏南; 小南
소남과,小南瓜
소남소녀,少男少女
소남지구,苏南地区
소납,笑纳
소낭,小娘; 嗉囊
소내,关内; 小内
소내내,少奶奶; 小内内
소녀,少女; 小女
소녀문,少女们
소녀사,苏女士
소녀자,小女子
소년,少年; 小年
소년경,小年轻
소년궁,少年宫
소년기,少年期
소년득지,少年得志
소년로성,少年老成
소년문,少年们
소년반,少年班
소년범,少年犯
소년법정,少年法庭
소년병,少年兵
소년부,少年部
소년선봉대,少年先锋队
소년야,小年夜
소년원,少年院
소년인,少年人
소녕,苏宁; 小宁; 邵宁
소농,小农
소농경제,小农经济
소농민,小农民
소농민적,小农民的
소농적,小农的
소뇌,小脑
소뇨,少尿
소뉴,小妞
소뉴아,小妞儿
소니,小尼
소니자,小妮子
소단,苏丹; 小段; 小丹; 小单; 烧断
소단원,小单元
소담,笑谈; 小谭; 素淡; 疏淡; 消痰
소당,小唐; 小党; 酥糖
소대,小队; 捎带; 小戴
소대가,萧大哥
소대원,小队员
소대원문,小队员们
소대인,小大人; 萧大人
소대장,小队长
소덕,小德; 苏德
소덕건,苏德建
소도,苏涂; 小岛; 疏导; 关掉; 小道; 小刀; 烧掉; 小图; 关岛; 小陶
소도구,小道具
소도대아,笑掉大牙
소도사,小道士
소도성,萧道成
소도소식,小道消息
소도시,小都市
소독,消毒; 扫毒
소독비,消毒费
소독액,消毒液
소독약,消毒药
소독제,消毒剂
소독포,消毒布
소동,骚动; 关东; 小童; 小东; 小董; 苏童; 苏东; 邵东
소동동,小东东
소동맥,小动脉
소동문,小东门
소동물문,小动物们
소동작,小动作
소동파,苏东坡
소동해,小东海
소동현,邵东县
소두,小斗; 关头; 梳头; 小豆; 小杜; 搔头
소두계장,小肚鸡肠
소두자,小肚子
소둔,小屯
소득,所得
소득세,所得税
소득세률,所得税率
소득세법,所得税法
소득세액,所得税额
소득세율,所得税率; 所得税率
소득자,所得者
소득적,所得的
소등,关灯; 小邓
소라,小罗
소라납이다,小罗纳尔多
소라문군도,所罗门群岛
소라복,小萝卜
소라복두,小萝卜头
소락,小乐; 小洛
소란,骚乱; 小兰
소란자,骚乱者
소람,小蓝
소랍,苏拉; 烧腊
소랍위서도,苏拉威西岛
소랑,疏朗
소랑저,小浪底
소래,素来
소래만,苏莱曼
소랭,小冷
소량,少量; 销量; 小梁; 小两; 小量
소량구,小两口
소량망,小梁网
소려,俏丽; 小黎; 小吕
소려세,苏黎世
소력자,邵力子
소련,苏联; 关联; 关连
소련대,苏联队
소련대사관,苏联大使馆
소련방,关联方
소련성,关联性
소령,少领; 萧翎; 苏翎; 关岭; 小令; 苏灵
소로,小炉; 小路; 销路; 小卢; 小鲁
소로사,苏老师
소로파,小老婆
소록,小鹿
소론,小论
소뢰,扫雷; 小雷; 小赖
소뢰특,小赖特
소료,塑料; 笑料; 小廖
소료대,塑料袋
소료통,塑料桶
소료판,塑料板
소료포,塑料布
소룡,小龙
소룡녀,小龙女
소루,小楼; 疏漏
소류,小刘; 小柳
소류지,沼溜地
소륙,小陆
소률,小栗
소륭,萧隆
소륵,疏勒
소릉,昭陵; 小凌
소리,小李; 梳理; 小利; 疏理
소리남,苏里南
소리장도,笑里藏刀
소림,疏林; 少林; 小林; 苏琳; 笑林
소림사,少林寺
소림일지,巢林一枝
소립자,素粒子
소립홍,苏立弘
소마,小马; 消磨; 酥麻; 苏摩
소막,小莫
소만,小满; 小万; 小曼
소만기니,小曼奇尼
소만려,苏曼丽
소만장,萧万长
소망,所望; 消亡
소매,小卖; 小妹; 小梅; 笑骂; 烧卖
소매가,小卖价
소매도,苏梅岛
소매매,小买卖
소매부,小卖部
소매상,小卖商
소매업,小卖业
소매업자,小卖业者
소매점,小卖店
소매평생,素昧平生
소맥,小麦; 烧麦
소맥기,小麦期
소맥분,小麦粉
소맹,扫盲; 小孟
소맹반,扫盲班
소면,素面
소면호,笑面虎
소멸,消灭
소명,召命; 疏明; 小明; 小名; 小命
소명립,邵明立
소모,消耗; 小毛; 苏某; 邵某; 关某; 召募
소모두,小毛头
소모량,消耗量
소모성,消耗性
소모적,消耗的
소모전,消耗战
소모품,消耗品
소모품화,消耗品化
소목,小目; 苏木
소목정,苏木精
소묘,扫描; 小猫; 素描; 扫墓; 小苗
소묘기,扫描器
소묘령,苏妙玲
소묘법,扫描法
소묘선,扫描线
소묘전,小锚展
소무,小巫; 小武; 邵武; 苏武; 萧武; 萧无
소무견대무,小巫见大巫
소무시,邵武市
소무지,小拇指
소무총협정,关贸总协定
소묵헌,萧墨轩
소문,所闻; 关门; 小文; 小门; 邵文; 笑纹
소문능,小纹绫
소문답랍,苏门答腊
소문답랍도,苏门答腊岛
소문답랍성,苏门答腊省
소문대길,关门大吉
소문자,小文字
소문제자,关门弟子
소미,小米; 苏美; 消弭; 扫尾; 苏眉; 萧眉
소미기,邵美琪
소미모면,素未谋面
소미미,笑眯眯
소미죽,小米粥
소미지급,烧眉之急
소미한양,小尾寒羊
소민,小民; 小闵
소밀,疏密
소박,疏薄; 素朴; 所迫; 小博; 小薄
소박당,素朴当
소박사,小博士
소박이,苏泊尔
소반,小盘; 小班; 烧饭; 小半; 小潘
소반화,小班化
소발노,苏发努
소방,消防; 小方; 小房; 苏方; 关防; 萧方; 萧邦; 扫房
소방관,消防官
소방교,消防校
소방대,消防队
소방대원,消防队员
소방법,小方法; 消防法
소방서,消防署
소방수,消防手
소방원,消防员
소방장,消防长
소방전,苏房典; 消防栓
소방중대,消防中队
소방차,消防车
소배,小辈; 烧杯
소배량,小排量
소백,素白; 小白; 小柏
소백검,小白脸
소백룡,小白龙
소백루,小白楼
소백서,小白鼠
소백채,小白菜
소백화,小百货
소범,小范; 萧凡
소변,小便; 小便
소변량,小便量; 小便量
소변자,小辫子
소병,烧饼; 小病; 笑柄; 烧瓶; 酥饼; 邵兵
소보,小步; 小报; 所报; 少保
소보고,小报告
소보모,小保姆
소보청,苏步青
소보패,小宝贝
소복,素服; 小腹; 小福
소본,小本
소본경영,小本经营
소본생의,小本生意
소부,少妇; 所部; 小富; 少府; 小付; 小傅
소부경사,少不更事
소부득,少不得
소부료,少不了
소부비,苏富比
소부상신,素不相识
소부인,萧夫人
소부인칙란대모,小不忍则乱大谋
소부점,小不点
소부점아,小不点儿
소부족,小部族
소북,苏北
소북지구,苏北地区
소분,小芬
소분대,小分队
소분류,小分类
소불개의,少不介意; 少不介意
소붕우,小朋友
소붕우문,小朋友们
소비,消费; 小费; 苏菲; 小菲; 小秘; 巢脾
소비급,消费级
소비기금,消费基金
소비량,消费量
소비력,消费力
소비류,消费类
소비률,消费率
소비문화,消费文化
소비성,消费性
소비세,消费税
소비자,消费者
소비자문,消费者们
소비자층,消费者层
소비재,消费财
소비적,消费的
소비주의,消费主义
소비주의적,消费主义的
소비지,消费地
소비층,消费层
소비품,消费品
소비합작사,消费合作社
소비형,消费型
소빙하기,小冰河期; 小氷河期
소사,扫射; 烧死; 小事; 少些; 小谢; 小写; 小斯; 缫丝; 苏斯; 小师; 小史; 苏莎; 小沙
소사전,小辞典
소사탑덕매이,小斯塔德迈尔
소사화료,小事化了
소산,所产; 疏散; 小山; 萧山; 消散; 韶山; 苏珊; 关山; 小产; 萧珊
소산구,萧山区
소산기장,萧山机场
소산나,苏珊娜
소산물,所产物
소산반,小算盘
소산시,萧山市
소산월,关山月
소산현,萧山县
소살,烧杀; 小萨
소삼,小森
소삼통,小三通
소상,昭详; 烧伤; 关上; 潇湘; 塑像; 诉状; 苏翔; 小象; 小伤; 小商; 梳状; 小常
소상소판,小商小贩
소상인,小商人
소상품,小商品
소상품생산,小商品生产
소색,素色
소생,苏生; 小生
소생산,小生产
소생산자,小生产者
소생생,俏生生
소서,小暑; 消逝; 小西; 消暑; 小徐; 关西; 小书; 小婿; 苏瑞; 小舒
소서과,小西瓜
소서락,苏西洛
소서마혁,小舒马赫
소서환,邵书桓
소석,小石
소석상,苏锡常
소석성,小石城
소선,小船; 小宣
소선거구,小选举区; 小选擧区
소선거구제,小选举区制; 小选擧区制
소선대,少先队
소선대대대,少先队大队
소선대원,少先队员
소선대원문,少先队员们
소선생,苏先生; 萧先生; 邵先生; 关先生
소선수문,小选手们
소설,小说; 小雪; 诉说; 昭雪; 小薛
소설가,小说家
소설다주,少说多做
소설론,小说论
소설우,关雪羽
소설적,小说的
소설집,小说集
소설책,小说册
소설화,小说化
소섭,关涉; 所摄
소성,笑声; 小声; 苏醒; 小城; 烧成; 塑性; 笑星; 小星; 关星; 素性; 消声
소성구,塑性区
소성기,消声器
소성닉적,销声匿迹
소성변형,塑性变形
소세,关税; 潇洒; 梳洗
소세벽루,关税壁垒
소세포,小细胞
소소,小小; 笑笑; 萧萧; 韶关; 潇潇; 消消; 苏苏; 小关; 小苏; 少小; 关关; 昭昭; 酥酥; 扫扫; 小邵; 萧潇
소소산,邵小珊
소소소,苏小小
소소시,韶关市
소소야련창,韶关冶炼厂
소소저,苏小姐; 关小姐
소소타,小苏打
소소화,苏小禾
소속,所属
소속감,所属感
소속원,所属员
소손,小孙
소송,诉讼; 疏松; 小宋; 小松; 小荣; 苏颂
소송대리인,诉讼代理人
소송법,诉讼法
소송보전,诉讼保全
소송비,诉讼费
소수,少数; 销售; 消瘦; 苏修; 少帅; 小数; 烧水; 小帅; 小睡; 消受; 消愁; 小修; 疏水; 小穗; 苏绣; 素数
소수기,销售期
소수량,销售量
소수롱자,搔首弄姿
소수률,销售率
소수망,销售网
소수민족,少数民族
소수생,萧水生
소수성,疏水性
소수신,萧寿臣
소수액,销售额
소수업,销售业
소수원,销售员
소수유,潲水油
소수인,少数人
소수자,销售者
소수전,小水电
소수점,小数点; 销售点
소수집단,苏修集团
소수층,少数层
소수파,少数派
소숙,小叔
소숙신,萧淑慎
소숙자,小叔子
소순,苏洵
소슬,萧瑟
소승,小乘; 小僧
소승적,小乘的
소시,小时; 昭示; 小视; 少时; 扫视; 小厮; 关市; 小柴; 小施
소시민,小市民
소시민적,小市民的
소시우도,小试牛刀
소시호,小柴胡
소시호탕,小柴胡汤
소시후,小时候
소식,小食; 消息; 素食; 苏轼; 消食; 消蚀; 巢式
소식보,消息报
소식부,小媳妇
소식원,消息源
소식자,素食者
소식주의자,小食主义者
소식지,消息纸
소식통,消息通
소신,小臣; 所信; 萧新; 小辛; 苏晨; 小信
소실,消失; 烧失; 疏失
소실자,消失者
소심,小心; 关心; 烧心
소심근신,小心谨慎
소심소심,关心关心
소심안,小心眼
소심안아,小心眼儿
소심익익,小心翼翼
소심증,小心症
소씨,邵氏; 苏氏; 萧氏
소아,小儿; 少儿; 素雅; 小我; 苏俄; 小阿; 苏娅
소아과,小儿科
소아뢰사,苏亚雷斯
소아마비,小儿痲痺; 小儿麻痹
소아마비증,小儿麻痹症
소아부의,少儿不宜
소아적,小儿的
소아헌,萧亚轩
소아휘,苏娅辉
소악,小岳
소안,笑颜; 小安; 小颜
소안산,苏氨酸
소압,关押
소압자,关押者
소애,关爱; 小艾; 关隘
소액,少额
소앵,苏樱
소야,宵夜; 少爷; 消夜
소야곡,小夜曲
소야사,小野寺
소약,萧若; 小若
소양,素养; 小样; 瘙痒; 小杨; 小阳; 小羊; 邵阳; 萧阳; 昭阳; 搔痒
소양시,邵阳市
소어,小鱼; 笑语
소언,萧言
소언과어,少言寡语
소엄,小严
소업주,小业主
소여,小余; 小茹
소역,小易
소연,骚然; 小燕; 萧然; 酥软; 萧衍; 昭然; 小然
소연약게,昭然若揭
소연원문,小演员们
소염,消炎; 小冉
소엽,小叶; 笑靥
소영,小英; 小影; 笑影; 萧影
소영산,关颖珊
소영웅,小英雄
소영웅주의,小英雄主义
소영항,小营巷
소예,萧睿; 小倪
소오,小吴; 小奥; 小伍; 苏澳; 小乌
소오강호,笑傲江湖
소오금,小五金
소오니이,小奥尼尔
소옥,小屋; 小沃
소온,小温
소옹,邵雍
소와,苏瓦
소와려,苏瓦丽
소완,小宛
소완의아,小玩意儿
소왕,小王; 小汪
소외,疏外; 关外
소외감,疏外感
소외당,疏外当
소외수,小外水
소요,所要; 骚扰; 逍遥; 小姚; 萧瑶
소요법외,逍遥法外
소요유,逍遥游
소요자,骚扰者
소요자재,逍遥自在
소용,所用; 昭容; 笑容; 苏蓉; 小容; 苏勇
소용가국,笑容可掬
소용만면,笑容满面
소용용,苏蓉蓉
소우,关于; 小雨; 小于; 小牛; 少于; 关羽; 疏于; 萧雨; 萧宇; 小尤
소우가강,关于加强
소우방범,疏于防范
소우본,关于本
소우성,关于省
소우시,关于市
소우주,小宇宙
소우함,邵雨涵
소운,小云; 苏云; 疏运; 少云
소운동회,小运动会
소운비,萧云飞
소운장,关云长
소웅,小熊
소웅묘,小熊猫
소웅좌,小熊座
소원,所愿; 溯源; 疏远; 素愿; 诉愿; 关员; 小袁; 关元; 素元; 小远
소월,小月
소월생,萧月生
소위,小委; 少尉; 所谓; 所为; 小魏; 苏伟; 小卫; 所围; 小韦; 苏威
소위강,邵炜刚
소위렴모사,小威廉姆斯
소위명,苏伟铭
소위원회,小委员会
소위회,消委会
소유,所有; 少有; 酥油; 所由; 小俞; 小维; 小游
소유관계,所有关系
소유권,所有权
소유권자,所有权者
소유론,所有论
소유명기,小有名气
소유붕,苏有朋
소유애,苏维埃
소유욕,所有欲
소유인,所有人
소유자,所有者
소유자적,所有者的
소유자층,所有者层
소유적,所有的
소유제,所有制
소유주,所有主
소유지,所有地
소유차,酥油茶
소유층,所有层
소유화,所有化
소윤,小尹
소융,消融
소은,消隐
소은룡,萧银龙
소은소혜,小恩小惠
소은체,关隐达
소음,骚音; 小阴; 消音
소음기,消音器
소음도,消音度
소음순,小阴唇
소음음,笑吟吟
소읍,小邑
소의,笑意
소의사,小意思
소이,所以; 小姨; 小伊; 绍尔; 小耳
소이부답,笑而不答
소이부루,疏而不漏
소이사,苏伊士
소이사운하,苏伊士运河; 苏彝士运河
소이연,所以然
소이자,小姨子
소이정,少而精
소인,小人; 消印
소인국,小人国
소인득지,小人得志
소인묵객,骚人墨客
소인물,小人物
소인서,小人书
소일,消日; 萧逸; 素日
소일변,小一变
소일부,邵逸夫
소일부의원,邵逸夫医院
소일신,萧逸臣
소일자,小日子
소일헌,萧逸轩
소임,所任; 小任
소잉무기,所剩无几
소자,小子; 素子; 梳子; 小字; 关子; 消磁; 少子
소자문,小子们
소자배,小字辈
소자보,小字报
소자산계급,小资产阶级
소자헌,苏紫轩
소작,小作; 烧灼; 小酌
소작권,小作权
소작기,萧灼基
소작농,小作农
소작료,小作料
소작소위,所作所为
소작인,小作人
소작제,小作制
소잡,关卡
소잡편,小卡片
소장,小将; 少壮; 少将; 所藏; 所长; 诉状; 小张; 诉狀; 小肠; 销赃; 梳妆; 萧蔷; 消长; 小蒋; 关张; 小庄; 小章; 小账
소장대,梳妆台
소장문,小将们
소장부노력,少壮不努力
소장타분,梳妆打扮
소장파,少壮派
소장품,所藏品
소재,所在; 素材; 消灾
소재벌,小财阀
소재적,素材的
소재지,所在地
소재지처,所在之处
소저,小姐; 小猪
소저문,小姐们
소적,小迪
소적만,苏迪曼
소전,疏典; 小钱; 小田; 小篆; 小传; 小全
소전장,小全张
소절,小节; 关节; 关切
소절강,关节腔
소절낭,关节囊
소절면,关节面
소절반,关节盘
소절병,关节病
소절염,关节炎
소절점,关节点
소절통,关节痛
소점,小店
소점구,小店区
소정,所定; 消停; 小丁; 小艇; 小郑; 小程; 素净; 小井
소정남,萧正楠
소정령,小精灵
소정맥,小静脉
소정방,苏定方
소정병전,关停并转
소정정,关婷婷
소정창,苏贞昌
소제,扫除; 消除; 小弟; 诉诸; 小齐; 苏堤
소제갈,小诸葛
소제금,小提琴
소제대주,小题大做
소제묘,关帝庙
소제무력,诉诸武力
소제문,小弟们
소제양난,笑啼两难; 笑啼兩难
소제제,小弟弟
소조,小组; 塑造; 关照; 萧条; 小赵; 小调; 小灶; 小曹; 小潮
소조산,小祖山
소조의인,小鸟依人
소조정,小朝廷
소조종,小祖宗
소졸,小卒
소종,消肿; 小钟; 小种; 小宗
소좌,小坐; 小左
소주,关注; 烧酒; 苏州; 小周; 小朱; 小舟; 小住; 绍酒; 小柱
소주가,苏州街
소주고신구,苏州高新区
소주공업원구,苏州工业园区
소주대학,苏州大学
소주병,烧酒瓶; 烧酒甁
소주성,苏州城
소주시,苏州市
소주의학원,苏州医学院
소주자,关注者
소주잔,烧酒盏
소주제,小主题
소주지구,苏州地区
소주촌,小洲村
소주하,苏州河
소준,疏浚; 萧峻
소중,所重; 关中; 苏中
소중악,关中岳
소중지구,关中地区
소중휘,苏中辉
소증,小曾
소지,所持; 素地; 扫地; 小指; 所至; 烧纸; 小池; 小智; 苏志
소지량,苏智良
소지류,小支流; 小支流
소지림,关之琳
소지빈,关智斌
소지역,小地域
소지인,所持人
소지자,所持者
소지죄,所持罪
소지출문,扫地出门
소지품,所持品
소지황금출,扫地黄金出; 扫地黄金出
소직,小职
소진,消尽; 烧尽; 小陈; 关进; 苏秦; 小秦; 邵真; 关震
소진강,苏进强
소진화,苏振华
소질,素质; 小侄
소집,召集
소집단,小集团
소집단적,小集团的
소집인,召集人
소집처,召集处
소차,小车
소착소착,笑着笑着
소찬,苏灿
소참,小站
소채,蔬菜; 小菜; 素菜; 烧菜; 小蔡
소채류,蔬菜类
소채아,小菜蛾
소채일설,小菜一碟
소채즙,蔬菜汁
소책자,小册子
소처,小觑
소척,萧拓
소천,小泉; 萧天; 苏茜
소천민,苏天民
소천사,苏天赐
소천순일랑,小泉纯一郎
소천지,小天地
소철,小铁; 苏哲; 苏铁
소첨,小尖
소청,扫清; 苏青
소청년,小青年
소청룡,小青龙
소청림,萧清琳
소청청,苏青青
소체,小达
소초,小草; 烧焦; 小瞧; 小抄; 小肖; 小楚
소촌,小村
소총,小铳; 小葱
소총명,小聪明
소최,小崔
소추,诉追; 小丑; 扫帚; 笤帚; 小邹
소추권,诉追权
소추수,小秋收
소추차,小推车
소축안개,笑逐颜开
소축적,小蓄积
소축척,小缩尺
소춘,小春
소출,所出; 笑出
소취,酥脆
소치,所致
소칠판,小漆板
소침,消沉; 小沈
소타,苏打
소타소뇨,小打小闹
소탁,小卓
소탈,疏脱
소탐대실,小贪大失
소탑나마,关塔那摩
소탑나마감옥,关塔那摩监狱
소탑나마기지,关塔那摩基地
소탕,扫荡; 小汤
소탕령,扫荡令
소탕산,小汤山
소태양,小太阳
소택,沼泽
소택군,苏泽群
소택일랑,小泽一郎
소택지,沼泽地
소통,疏通; 昭通
소통시,昭通市
소퇴,小腿; 消退
소투,小偷
소투문,小偷们
소투소모,小偷小摸
소파,小波; 扫把; 小巴
소파희,小把戏
소판,小贩; 塑板
소판등,小板凳
소판문,小贩们
소팔로,小八路
소패,小贝
소팽,小彭
소편,小便
소편의,小便宜
소평,小平; 扫平; 关平
소평동지,小平同志
소폐,关闭
소포,小包; 小跑; 小布; 小泡; 萧布; 小鲍; 烧包
소포십,小布什
소포자,小孢子
소포장,小包装
소폭,小幅
소폭화,小幅化
소표제,小标题
소품,小品
소품문,小品文
소풍,逍风; 小冯; 关风
소피,小避; 所避; 俏皮; 小皮
소피화,俏皮话
소필지,小笔地
소하,小河; 小何; 萧何; 小夏; 消夏; 小贺; 沼虾
소하구,小河区
소학,小学
소학교,小学校
소학생,小学生
소학생문,小学生们
소한,小寒; 萧寒; 小韩; 消闲
소한경,关汉卿
소한옥,萧寒玉
소함추,萧涵秋
소합,小哈; 苏哈
소합탁,苏哈托
소합합,笑哈哈
소항,小巷; 小项
소항로,疏港路
소해,小孩; 消解; 小海; 疏解; 小解; 小楷
소해문,小孩们
소해아,小孩儿
소해자,小孩子
소해자문,小孩子们
소핵,销势
소행,所行; 所幸
소행성,小行星
소향,烧香
소향무활,所向无敌
소향배불,烧香拜佛
소향피미,所向披靡
소허,少许; 小许
소현,萧县; 小玄
소현택,苏显泽
소혈,巢穴
소협,消协; 小叶
소형,小型; 塑型; 小兄
소형교차,小型轿车
소형선,小型船
소형장,小型张
소형차,小型车
소형화,小型化
소혜,小惠; 小鞋
소혜륜,苏慧伦
소호,小户; 小号; 关乎; 巢湖; 小胡; 小豪
소호시,巢湖市
소호형,小户型
소혼,销魂
소혼단장,消魂断肠
소홀,疏忽
소홀대의,疏忽大意
소홍,萧红; 小洪; 苏虹; 苏红
소화,消化; 烧火; 笑话; 小花; 小火; 小华; 骚货; 销货; 塑化; 韶华; 邵华; 疏花; 烧化
소화계통,消化系统
소화금,小花锦
소화기,消化器; 消火器
소화도암,消化道癌
소화률,消化率
소화매,消化酶
소화물,小货物
소화부량,消化不良
소화성,消化性
소화액,消化液
소화어아금,小花鱼牙锦
소화전,消火栓
소화제,消化剂
소환,召唤; 苏皖
소환경,小环境
소황,小黄; 扫黄; 烧荒
소황과,小黄瓜
소황어,小黄鱼
소황제,小皇帝
소황타비,扫黄打非
소황후,萧皇后
소회,所怀; 关怀; 召回
소회비지,关怀备至
소회의실,小会议室
소회향,小茴香
소효,塑胶
소효령,邵晓铃
소효질,小胶质
소후,小侯
소훼,销毁; 烧毁
소휘,苏晖
소휴,小休
소흉,酥胸
소흑,小黑
소흑점,小黑点
소흘,小吃
소흘부,小吃部
소흘점,小吃店
소흥,绍兴; 扫兴
소흥로,绍兴路
소흥시,绍兴市
소흥안령,小兴安岭
소흥주,绍兴酒
소흥현,绍兴县
소희,小戏; 小希
소희희,笑嘻嘻
속,续; 属; 速; 束; 俗; 赎; 粟; 簌; 谡; 僳; 涑; 藚; 觫; 蔌; 藗; 續; 屬; 続
속가,俗家
속개,续开
속거천리,速去千里
속건,续建
속결,速决
속공,速攻
속국,属国
속극흔,束克欣
속금,赎金
속기,速记; 俗气
속기록,速记录
속기사,速记士
속단,速断; 续断
속단단장,续短断长
속달,速达
속담,俗谈
속도,速度
속도감,速度感
속도계,速度计
속도비,速度比
속도전,速度战
속도형,速度型
속독,速读
속동,速冻
속등자이전,速登者易顚; 速登者易顚
속락,续落
속량,赎良
속력,速力
속록,速录
속률,速率
속마현거,束马悬车; 束马悬車
속매,赎买
속명,俗名
속물,俗物
속물적,俗物的
속물화,俗物化
속미,粟米
속박,束缚
속박당,束缚当
속발,束发
속보,速报
속부가내,俗不可耐
속비,速比
속빙,续聘
속사,速写; 俗事
속산,速算
속상,属相
속생,速生
속설,俗说
속성,俗姓; 属性; 续姓; 速成
속세,俗世
속속,续续; 簌簌
속수,束手
속수대폐,束手待毙
속수무책,束手无策
속수속각,束手束脚
속수지례,束修之礼
속수취금,束手就擒
속식,速食
속신,束身; 赎身
속실,属实
속어,俗语
속언,俗谚
속요,束腰
속용,速溶
속우,属于
속우완강자,属于顽强者
속우자신자,属于自信者
속우집저자,属于执著者
속유,粟裕
속음,速飮
속의,属意
속인,俗人
속전속결,速战速决
속죄,赎罪
속죄양,赎罪羊
속지,属地
속지고각,束之高阁
속지화,属地化
속집,续集
속첨,续签
속체,速递
속출,续出
속측,速测
속칭,俗称
속투,俗套
속편,续篇; 续编
속하,属下
속항,续航
속행,续行
속현,属县; 续弦
속홍관후,粟红贯朽
속화,俗话
속활,速滑
속회,属会; 赎回
속회비,赎回费
속회비률,赎回费率
속효,速效
손,损; 孙; 逊; 荪; 飧; 巽; 狲; 蕵; 顨; 孫; 損; 遜
손가,孙家
손가만,孙家湾
손가정,孙家正
손감,孙淦
손강,孙刚; 孙强; 孙钢
손강영설,孙康映雪
손건,孙健; 孙乾
손건군,孙建军
손걸,孙杰
손견,孙坚
손결,孙洁
손경리,孙经理
손계해,孙继海
손공비사,损公肥私
손과,孙科
손괴,损坏
손굉빈,孙宏斌
손교수,孙教授
손국강,孙国强
손국경,孙国庆
손군,孙军
손권,孙权
손금룡,孙金龙
손기맹,孙起孟
손길,孙吉
손나,孙娜
손남,孙楠; 孙南
손납,孙纳
손녀,孙女
손녀사,孙女士
손녕,孙宁
손대성,孙大圣
손대야,孙大爷
손덕량,孙德良
손덕승,孙德胜
손덕체,孙德棣
손도,损徒; 孙涛
손도임,孙道临
손래연,孙来燕
손량,孙亮
손려,孙丽
손려평,孙丽萍
손로,孙露
손로사,孙老师
손뢰,孙磊
손리,孙犁; 孙莉
손림,孙琳
손림림,孙琳琳
손립,孙立
손립인,孙立人
손립평,孙立平
손망,孙纲
손명,孙明
손명명,孙明明
손모,损耗; 孙某
손모률,损耗率
손무,孙武
손문,孙雯; 孙文
손민,孙敏
손배소,损赔诉
손백리,孙百里
손병절장,损兵折将
손보결,孙葆洁
손보사,损保社
손보생,孙保生
손복명,孙福明
손봉유,孙凤有
손부릉,孙孚凌
손부인,孙夫人
손붕,孙鹏
손비,损费; 孙飞
손비비,孙菲菲
손비서,孙丕恕
손빈,孙膑; 孙斌
손사막,孙思邈
손사부,孙师傅
손사아,孙思娅
손상,损伤; 孙祥; 孙翔
손상구,损伤区
손상성,损伤性
손상익하,损上益下
손상자,损伤者
손상향,孙尚香
손색,逊色
손서기,孙书记
손선생,孙先生
손선홍,孙先红
손세탁,­洗濯
손소미,孙小美
손소저,孙小姐
손소청,孙小清
손소홍,孙小红
손수박,孙寿博
손수화,孙树华
손승남,孙胜男
손승모,孙升模
손승빈,孙承斌
손승종,孙承宗
손식부,孙媳妇
손실,损失
손실량,损失量
손실률,损失率
손실비,损失费
손실액,损失额
손쌍성,孙双成
손씨,孙氏
손아,孙儿
손아부,孙亚夫
손야방,孙冶方
손약단,孙若丹
손연,孙妍
손연자,孙燕姿
손열,孙悦
손영,孙颖
손영걸,孙英杰
손영언,孙永言
손예심,孙艺心
손예진,孙艺珍
손오,孙吴
손오공,孙悟空
손옥,孙玉
손옥새,孙玉玺
손외,孙巍
손요위,孙耀威
손용,孙勇
손우,损友; 孙宇
손우정,孙宇挺
손운,孙云
손운효,孙云晓
손위,孙伟; 孙威; 孙玮; 孙卫
손위민,孙为民
손유,孙瑜
손은,孙恩
손의,孙毅
손익,损益
손익표,损益表
손인,损人
손인리기,损人利己
손인부리기,损人不利己
손일선,孙逸仙
손자,孙子
손자문,孙子们
손자법,孙自法
손자삼요,损者三乐; 损者三樂
손자삼우,损者三友
손장군,孙将军
손재,损财
손재수,损财数
손전방,孙传芳
손전정,孙传庭
손정,孙静
손정의,孙正义
손정정,孙婷婷
손정평,孙正平
손주임,孙主任
손준,孙俊
손중산,孙中山
손지강,孙志刚
손진,孙震
손진방,孙晋芳
손진요,孙振耀
손찬,孙灿
손참,孙参
손책,孙策
손청운,孙清云
손초,孙超
손총,孙总
손춘란,孙春兰
손충환,孙忠焕
손파,孙波
손평,孙平
손필간,孙必干
손한,孙寒
손해,损害; 孙海
손해광,孙海光
손해금,孙海琴
손해배상,损害赔偿
손해액,损害额
손해영,孙海英
손해자,损害者
손해평,孙海平
손호,孙浩; 孙昊; 孙皓
손홍뢰,孙红雷
손화,孙华
손효동,孙晓东
손효혜,孙晓慧
손훼,损毁
손흥,孙兴
솔,率; 摔; 甩; 蟀; 窣
솔개방자,甩开膀子
솔괴,摔坏
솔교,摔跤
솔구이발,率口而发
솔근두,摔跟头
솔단,摔断
솔도,摔倒; 甩掉
솔마이기,率马以骥
솔매,甩卖
솔사,摔死
솔선,率先
솔선수범,率先垂范
솔성지위도,率性之谓道
솔솔,甩甩
솔수,甩手
솔수식인,率兽食人
솔직,率直
솔타,摔打
솔토지빈,率土之滨
솔파,摔破
솔하,摔下
솔하래,摔下来
솟,㕾
송,送; 松; 宋; 荣; 讼; 颂; 诵; 悚; 淞; 凇; 竦; 锶; 菘; 駷; 鬆; 餸
송가,宋佳; 宋家; 颂歌; 宋柯; 荣家
송강,松江; 宋江; 宋钢; 松冈
송강구,松江区
송강대학,松江大学
송개,松开
송객,送客
송건,宋健; 宋建
송걸,宋杰
송격,荣格
송견,宋坚
송경,松劲; 诵经
송경령,宋庆龄
송경령기금회,宋庆龄基金会
송계,松溪
송고,送稿; 荣枯
송고당,荣高棠
송고종,宋高宗
송과분,松果体
송광,荣光
송교,送交
송교인,宋教仁
송구,悚惧; 松口
송구기,松口气
송구영신,送旧迎新
송국,宋国
송국부,荣国府
송국성,宋国城
송국주인,松菊主人
송국청,宋国青
송군,宋军; 荣军
송귀,荣归
송귀고리,荣归故里
송금,送金; 送金
송금강,宋金刚
송금서,宋金书
송급,送给
송기,松肌; 送气
송긴,松紧
송긴대,松紧带
송녀사,宋女士
송녕,宋宁
송니나,宋妮娜
송단단,宋丹丹
송달,送达
송대,宋代
송덕복,宋德福
송덕비,颂德碑
송덕생,荣德生
송도,送到; 松涛; 松桃; 宋涛
송도묘족자치현,松桃苗族自治县
송도삼절,松都三绝
송도채채자,松岛菜菜子
송독,诵读
송동,松动
송등,荣登
송등소,宋腾霄
송래,送来
송량량,宋亮亮
송려휘,宋黎辉
송력충,宋力忠
송례,送礼
송로,松露
송로사,宋老师
송록,荣禄
송뢰,宋磊
송류근,宋留根
송릉운,宋凌云
송림,松林
송립,荣立
송립동,宋立东
송명,送命; 荣明
송명리학,宋明理学
송모,宋某
송모훼,松毛虫
송목,松木
송목장,松木场
송무백열,松茂柏悦
송미령,宋美龄
송미영,宋美英
송반,松潘
송방,松绑
송백,松柏
송백지무,松柏之茂
송범평,宋凡平
송법당,宋法棠
송별,送别
송별회,送别会
송병,宋兵
송보,送报
송보재,荣宝斋
송본,松本
송부군,宋不群
송분,宋体
송사,讼事; 送死; 宋词; 宋史
송사도,宋师道
송산,松散
송산형,松散型
송산호,松山湖
송상문,送上门
송서,松鼠; 宋书
송서원,宋舒苑
송선생,宋先生
송성,荣成
송성시,荣成市
송세웅,宋世雄
송세익,宋世益
송소저,宋小姐
송소형,荣少亨
송송,松松
송송과과,松松垮垮
송송적,松松的
송수,松树; 松手
송수관,送水管
송수신,送受信
송수신자,送受信者
송수암,宋秀岩
송수화기,送受话器
송승,荣升
송승헌,宋承宪
송시,宋时; 宋诗
송신,送信
송신기,送信机
송신소,送信所
송신종,宋神宗
송심,送审
송씨,宋氏; 荣氏
송안,讼案
송양,颂扬; 松阳
송양지인,宋襄之仁
송여화,宋如华
송연,悚然; 松软
송영강,宋永强
송예,荣誉
송예감,荣誉感
송예장,荣誉奖
송옥,宋玉
송온난,送温暖
송왕,送往
송요,荣耀
송욕,荣辱
송욕여공,荣辱与共
송용,松茸
송우,宋雨
송우항,宋雨航
송운아,宋云雅
송원,宋元; 松原
송원시,松原市
송위,荣威
송위평,宋卫平
송유,松油; 宋儒; 宋维
송유관,送油管
송응,荣膺
송의,宋毅
송의교,宋仪侨
송의인,荣毅仁
송이,松弛; 宋颐
송인,松仁
송인종,宋仁宗
송일,松日
송일구기,松一口气
송일흔,宋一欣
송임,荣任
송임궁,宋任穷
송입,送入
송자,松子; 松滋
송자문,宋子文
송잡,宋卡
송장,送葬
송장경,宋长庚
송전,送电; 送钱
송절유,松节油
송조,宋朝
송조덕,宋祖德
송조영,宋祖英
송종,送终
송주임,宋主任
송죽,松竹
송죽매,松竹梅
송죽지절,松竹之节
송지,松脂; 宋之
송지건,荣智健
송진,松津
송진유,宋振瑜
송진종,宋真宗
송진평,宋振平
송차,松茶; 松茶
송찬간포,松赞干布
송창,荣昌
송창현,荣昌县
송천,宋茜
송철무,宋哲武
송철원,宋哲元
송청산,宋青山
송체,送达
송초유,宋楚瑜
송춘려,宋春丽
송춘화,宋春华
송출,送出
송출률,送出率
송충,松虫
송치,送致
송친,送亲
송침,松针
송태곤,宋泰坤
송태조,宋太祖
송태종,宋太宗
송토,松土
송판,松板
송평,宋平
송평순,宋平顺
송풍,松风; 送风
송풍구,送风口
송풍기,送风机
송풍수월,松风水月
송하,松下
송하공사,松下公司
송하전기,松下电器
송하행지조,松下幸之助
송학,宋学; 松鹤
송해,松懈; 宋海
송행,荣幸; 送行
송향,松香
송현,荣县
송혜교,宋慧乔
송호,淞沪
송호회전,淞沪会战
송홍,宋红
송화,松花; 送货; 荣华
송화강,松花江
송화단,松花蛋
송화부귀,荣华富贵
송화비,送话费
송화상문,送货上门
송화색별문능,松花色别纹绫
송화원,送货员
송화하향,送货下乡
송확,荣获
송환,送还
송회,送回; 宋会
송효군,宋晓军
송효봉,宋晓峰
송효운,宋晓云
송효파,宋晓波
송휘종,宋徽宗
솨,惢; 䐝
솰,唰
솰솰,唰唰
솰솰솰,唰唰唰
쇄,杀; 碎; 锁; 刷; 洒; 晒; 琐; 涮; 铩; 唢; 鏁; 繀; 曬; 鎖; 嗮; 灑; 瑣
쇄간,晒干
쇄곡,晒谷
쇄골,锁骨
쇄골분신,碎骨粉身
쇄공,锁孔
쇄괴,碎块
쇄눌,唢呐
쇄도,杀到; 殺到; 晒图
쇄두편관,杀头便冠; 殺头便冠
쇄련,锁链
쇄렬,碎裂
쇄미,碎米
쇄반,晒斑
쇄백,刷白
쇄보,碎步
쇄사,琐事
쇄상,锁上; 锁相
쇄석,碎石
쇄석기,碎石机
쇄설,碎屑; 琐屑
쇄설암,碎屑岩
쇄세,刷洗
쇄소응대,洒扫应对
쇄쇄,晒晒; 琐碎; 刷刷; 碎碎
쇄쇄적,碎碎的
쇄시,锁匙
쇄시만단,碎尸万段
쇄신,刷新
쇄신률,刷新率
쇄심,锁心
쇄아,刷牙
쇄양육,涮羊肉
쇄염,晒盐
쇄육,碎肉
쇄자,刷子; 锁子
쇄장,锁匠; 晒场
쇄전,晒田
쇄정,锁定; 锁钉
쇄정기,锁定期
쇄주,锁住
쇄태양,晒太阳
쇄편,碎片
쇄편화,碎片化
쇄화,碎花
쇄흑,晒黑
쇠,衰; 钊; 鞖
쇠갈,衰竭
쇠감,衰减
쇠락,衰落
쇠로,衰老
쇠망,衰亡
쇠미,衰微
쇠변,衰变
쇠약,衰弱
쇠잔,衰残
쇠퇴,衰退
쇠퇴기,衰退期
쇠패,衰败
수,手; 水; 数; 受; 收; 需; 须; 首; 随; 虽; 谁; 树; 修; 守; 输; 睡; 授; 售; 秀; 殊; 搜; 垂; 兽; 寿; 袖; 粹; 瘦; 帅; 酬; 遂; 羞; 愁; 圳; 嫂; 绣; 竖; 囚; 绥; 髓; 嗽; 隋; 狩; 隧; 锈; 穗; 漱; 祟; 酥; 铢; 嗖; 戍; 叟; 擞; 邃; 绶; 馐; 飕; 睢; 泅; 岫; 馊; 陲; 燧; 薮; 濉; 莠; 嗾; 涑; 茱; 洙; 雠; 艏; 谇; 锼; 殳; 溲; 缍; 腧; 螋; 粋; 蓚; 瞍; 雔; 譢; 腄; 脺; 篲; 蓨; 裋; 禭; 蓃; 醻; 膄; 脽; 菙; 蕦; 訹; 絒; 𬭼; 穟; 誰; 帥; 數; 雖; 隨; 須; 輸; 樹; 壽; 獸; 扌; 氵; 琇; 廋; 鬚
수가,酬价; 售价; 帅哥; 首家; 输家
수가문,帅哥们
수각,睡觉; 手脚; 修脚
수간,收看; 树干; 首间
수간모옥,数间茅屋
수간전시,收看电视
수감,收监; 手感; 随感; 水感
수감자,收监者
수갑,手匣; 水闸
수강,受讲; 首钢; 髓腔; 受降; 帅康
수강대,首钢队
수강료,受讲料
수강생,受讲生
수강자,受讲者
수강증,受讲证
수강집단,首钢集团
수강총공사,首钢总公司
수개,修改; 首个; 谁个
수개기록,首开纪录
수개월,数个月
수객,水客
수갱,水坑; 树坑
수거,收去; 数据; 收据; 水渠; 修渠
수거결구,数据结构
수거고,数据库
수거고계통,数据库系统
수거공향,数据共享
수거관리,数据管理
수거량,收去量
수거련,数据链
수거련로,数据链路
수거류,数据流
수거류형,数据类型
수거망,数据网
수거망락,数据网络
수거보,数据报
수거보호,数据保护
수거분석,数据分析
수거비,收去费
수거수입,数据输入
수거원,数据源
수거장,收去场
수거전수,数据传输
수거질량,数据质量
수거집,数据集
수거채집,数据采集
수거처리,数据处理
수거통신,数据通信
수거포,数据包
수거표,数据表
수거함,收去函
수거화,数据化
수건,手巾; 修建; 收件
수건인,收件人
수겁,羞怯
수격,收缴
수견,手绢
수결,手决
수경,受惊; 水景; 手轻; 水警
수계,水界; 水系; 首届; 首季; 受戒; 遂溪
수고,树高; 水库; 受苦; 手铐; 手稿; 受雇; 瘦高; 愁苦; 睡裤; 手鼓
수고수난,受苦受难
수곡류,水曲柳
수골,手骨
수골린순,瘦骨嶙峋
수공,手工; 水攻; 数控; 收工; 水工
수공업,手工业
수공업자,手工业者
수공업품,手工业品
수공예,手工艺
수공예품,手工艺品
수공품,手工品
수과,水果; 授课; 守寡
수과도,水果刀
수과두,睡过头
수과류,水果类
수관,树冠; 水管; 收官; 收款; 水罐; 袖管
수관기,收款机
수관원,收款员
수관인,收款人
수괄,搜刮
수광,受光; 输光; 寿光; 水光
수광시,寿光市
수광즉어유,水广则鱼游
수괘,垂挂; 树挂
수괴,首魁; 羞愧; 水怪
수교,修交; 水饺; 水窖; 受教; 手巧
수구,守旧; 收购; 水球; 需求; 输球; 随口; 水沟; 袖口; 漱口; 水口; 受够; 手球; 绣球; 收口; 水垢; 数九
수구가,收购价
수구대,手球队
수구량,需求量; 收购量
수구리폐,修旧利废
수구분석,需求分析
수구수,漱口水
수구여병,守口如瓶; 守口如甁
수구자,需求者; 收购者
수구적,守旧的
수구참,收购站
수구초심,首邱初心
수구한천,数九寒天
수군,水军; 守军; 随军; 隋军; 受窘
수굴일지,首屈一指
수궁,受穷; 守宫
수권,授权; 水圈; 受权; 手卷
수권량,授权量
수귀,收归
수규구,守规矩
수규수도,随叫随到
수근,树根; 须根
수금,收金; 收金; 囚禁; 酬金; 水禽; 竖琴
수급,受给; 收给; 需给; 首级
수긍,首肯
수기,手机; 手记; 随机; 帅气; 手气; 收起; 竖起; 首期; 水汽; 秀气; 受气; 输气; 授旗; 收肌
수기도락,手起刀落
수기성,随机性
수기수,随机数
수기응변,随机应变
수기집,手记集
수기치인,修己治人
수기화,随机化
수긴,收紧; 手紧
수나사,树挪死
수난,受难; 水暖; 羞赧
수난사,受难史
수난자,受难者
수납,收纳
수납장,收纳欌
수납함,受纳函
수녀,修女
수년,数年; 水碾
수녕,遂宁; 寿宁; 睢宁
수녕시,遂宁市
수뇌,首脑; 羞恼
수뇌문,首脑们
수뇌부,首脑部
수뇨관,输尿管
수능,受能; 水能
수능식,受能式
수능재주,水能载舟
수니,水泥
수니관,水泥管
수니로,水泥路
수니요,水泥窑
수니장,水泥浆
수니지,水泥地
수니창,水泥厂
수단,手段; 手短
수단화,手段化
수달피,水獭皮
수담,水潭
수답답,羞答答
수당,手当; 水塘; 寿堂
수당기충,首当其冲
수대,手袋; 睡袋; 绶带; 随带
수대각,睡大觉
수대류,随大流
수대초풍,树大招风
수덕,绥德; 修德
수도,修道; 受到; 囚徒; 收到; 水道; 首都; 隧道; 水稻; 首度; 寿桃; 泅渡; 授徒
수도거성,水到渠成
수도계,修道界
수도관,水道管
수도국제기장,首都国际机场
수도권,首都圈
수도금래,手到擒来
수도기장,首都机场
수도동귀,殊途同归
수도분육관,首都体育馆
수도사범대학,首都师范大学
수도성,首都性
수도세,水道税
수도승,修道僧
수도요,隧道窑
수도원,修道院
수도자,修道者
수도전,水稻田
수도회,修道会
수돗,水道
수동,受动; 手动; 树洞; 随同; 隧洞
수동량,隋东亮
수동성,受动性
수동식,手动式
수동적,受动的
수동화,受动化
수두,手头; 水头; 水痘; 垂头
수두긴,手头紧
수두상기,垂头丧气
수두색이,垂头塞耳; 垂头塞耳
수득,须得
수라,搜罗; 修罗; 收罗
수라각,睡懒觉
수라장,修罗场
수락,受诺; 受諾; 数落; 垂落
수락석출,水落石出
수란관,输卵管
수랄,水獭
수랭,水冷; 受冷
수량,数量; 水量; 受凉; 首辆; 水亮
수량급,数量级
수량형,数量型
수량화,数量化
수려,秀丽; 隋丽
수력,水力
수력발전,水力发电
수력자원,水力资源
수력학,水力学
수련,修炼; 睡莲; 手链
수련원,修炼院
수련의,修炼医
수련자,修炼者
수련장,修练帐; 首炼匠
수련회,修炼会
수렬,数列; 首列
수렴,收敛; 水帘
수렴성,收敛性
수렴주의,收敛主义
수렴청정,垂帘听政
수렵,狩猎
수렵군,狩猎群
수렵도,狩猎图
수렵무,狩猎舞
수렵민,狩猎民
수렵자,狩猎者
수령,受领; 守令; 树龄; 首领; 水灵; 守灵; 垂怜; 手令
수령령,水灵灵
수령액,受领额
수령인,受领人
수례,首例; 收礼; 数例; 寿礼; 受礼
수로,水路; 修路; 酬劳
수록,收录; 水绿
수록기,收录机
수론,数论
수롱,收拢
수뢰,受赂; 手雷; 水雷; 水牢; 囚牢
수뢰설,受赂说
수료,修了; 水疗
수료생,修了生
수룡,水龙
수룡두,水龙头
수루,受累; 垂泪
수루부,售楼部
수루소저,售楼小姐
수류,水流; 收留; 垂柳; 兽类
수류단급,水流湍急
수류운공,水流云空
수류탄,手榴弹
수륙,水陆
수륜,首轮
수륜기,水轮机
수륜빙,水轮泵
수리,修理; 受理; 数理; 水利
수리거,水里去
수리공,修理工
수리공정,水利工程
수리국,水利局
수리라집,数理逻辑
수리부,水利部; 修理部
수리비,修理费; 受理费
수리적,数理的
수리점,修理店
수리창,修理厂
수리추뉴,水利枢纽
수리통계,数理统计
수리학,水理学
수리학자,水理学者
수리화,水利化
수림,树林
수림림,水淋淋
수립,树立; 竖立
수마,水魔; 数码; 水磨
수만,数万; 手慢
수만금산,水漫金山
수만착수,手挽着手
수말,手帕
수망,守望; 水网
수망각란,手忙脚乱
수망상조,守望相助
수망자,守望者
수매,收买; 售卖; 树莓
수매가,收买价
수매량,收买量
수매인심,收买人心
수면,水面; 睡眠; 寿面; 手面; 水绵
수면권,睡眠权
수면제,睡眠剂
수면함정,水面舰艇
수명,寿命; 受命; 授命
수모,受侮; 水母; 手模
수목,树木; 数目
수목원,树木园
수목자,数目字
수목청화,水木清华
수몰,水没
수몽,睡梦
수묘,树苗
수무,修武
수무박계지력,手无缚鸡之力
수무족도,手舞足蹈
수무촌철,手无寸铁
수묵,水墨
수묵화,水墨画
수문,水门; 水文; 守门; 修文
수문원,守门员
수문장,守门将
수문제,隋文帝
수문참,水文站
수문현,修文县
수미,须弥; 秀美; 收尾; 首尾; 须眉; 修米; 愁眉
수미고검,愁眉苦脸
수미부전,愁眉不展
수미상응,首尾相应
수민,愁闷
수밀도,水蜜桃
수밀비,水密扉
수박,手搏
수반,水盘; 随伴; 首班; 收盘; 首盘; 锈斑
수반가,收盘价
수발,受发; 首发; 秀发; 收发; 须发; 水发
수발기,收发器
수발식,首发式
수발실,收发室
수방,随访; 收放; 收房
수방기,随访期
수방률,随访率
수배,手配; 手背; 修配; 水培
수배자,手配者
수배창,修配厂
수백,数百
수백만,数百万
수백억,数百亿
수벌,受罚
수범,垂范; 囚犯; 首犯
수범문,囚犯们
수법,手法; 守法
수변,手边; 戍边
수병,手柄; 水兵; 收兵; 锈病; 守兵
수병문,水兵们
수병좌,水瓶座; 水甁座
수병투약,随病投药
수보,修补; 收报
수복,收复; 修复; 收服
수복강녕,寿福康宁
수봉,水封
수부,首府; 首富; 水富
수부관,首付款
수부기,受不起
수부련,水浮莲
수부료,受不了
수부승수,数不胜数
수부완,数不完
수부인,嫂夫人
수부주,受不住
수부지,殊不知
수부착,睡不着
수부청,数不清
수부타랍기,手扶拖拉机
수분,受粉; 水分; 受体; 水体; 垂体; 授粉; 水粉; 羞愤; 随体
수분량,水分量
수분류,垂体瘤
수분자,水分子
수분하,绥芬河
수분화,水粉画
수불석권,手不释卷; 手不释卷
수비,守备; 收费; 首批; 手臂; 水费; 水肥; 穗肥
수비남산,寿比南山
수비대,守备队
수비대원,守备队员
수비력,守备力
수비립전,树碑立传
수비벽,守备壁
수비비,隋菲菲
수비수,守备手
수비원,收费员
수비정책,收费政策
수비진,守备阵
수비참,收费站
수비처,收费处
수빈,酬宾
수빙,水泵; 受聘
수사,修士; 修辞; 搜查; 寿司; 手写; 水师; 垂死; 酬谢; 殊死; 水榭; 修斯; 水蛇; 数词; 修史; 愁思
수사과,搜查课
수사과장,搜查课长
수사관,搜查官
수사국,搜查局
수사권,搜查权
수사대,搜查队
수사력,搜查力
수사문,修士们
수사박투,殊死搏斗
수사반,搜查班
수사법,修辞法
수사본부,搜查本部
수사부,搜查部
수사설,搜查说
수사쟁찰,垂死挣扎
수사필,手写笔
수사학,修辞学
수삭,瘦削
수산,水产; 秀山; 数算
수산물,水产物
수산분육장,秀山体育场
수산석,寿山石
수산업,水产业
수산품,水产品
수산화,水酸化
수삼,数三; 水参; 水杉
수삽,羞涩
수상,受赏; 殊常; 水上; 首相; 受伤; 水箱; 手相; 水相; 随想; 睡相; 水床
수상감,受赏感
수상기,受像机
수상록,随想录
수상불변,守常不变; 守常不变
수상실,首相室
수상운동,水上运动
수상자,受赏者; 受伤者
수상작,受赏作
수색,搜索; 水色; 秀色
수색가찬,秀色可餐
수색대,搜索队
수생,手生
수생동물,水生动物
수생식물,水生植物
수서,手书; 愁绪; 修书
수서과,受书课
수서과장,受书课长
수서양단,首鼠两端; 首鼠兩端
수서호,瘦西湖
수석,水石; 首席
수석대표,首席代表
수석률사,首席律师
수석실,首席室
수선,修缮; 首先; 首选; 水仙; 修仙; 水线; 垂线; 修撰
수선자,修仙者
수선지구,首善之区
수선화,水仙花
수설,虽说; 数说
수설부통,水泄不通
수설불통,水泄不通; 水泄不通
수성,守城; 守成; 水性; 水星; 睡醒; 收成; 寿星; 修成; 水城; 兽性; 手性
수성부화,随声附和
수성승,隋盛胜
수성암,水成岩
수성양화,水性杨花
수성현,水城县
수세,守势; 水洗; 收税; 守岁; 受洗
수세식,水洗式
수세적,守势的
수소,水素; 瘦小
수소라,修小罗
수소문,搜所闻
수속,手续; 收束; 随俗
수속비,手续费
수송,输送; 殊荣; 手松
수송기,输送机
수송대장,输送队长
수송량,输送量
수송부,输送部
수송선,输送船
수송차,输送车
수송함,输送舰
수수,收受; 随手; 水手; 谁谁; 瘦瘦; 数数; 嗖嗖; 嫂嫂; 修修; 垂首; 垂手; 修水; 飕飕; 袖手; 水袖; 帅帅; 戍守; 水圳; 授受
수수가,秀水街
수수각,睡睡觉
수수답답,羞羞答答
수수량,需水量
수수로의,垂垂老矣
수수료,手数料
수수료율,手数料率; 手数料率
수수문,水手们
수수방관,袖手傍观; 袖手旁观
수수상면,囚首丧面
수수시장,秀水市场
수수편편,随随便便
수수현,修水县
수순,手顺; 垂询
수순환,水循环
수술,手术
수술기,手术期
수술대,手术台
수술료,手术料
수술률,手术率; 手术率
수술법,手术法
수술비,手术费
수술실,手术室
수술자,手术者
수술진,手术阵
수습,修习; 收拾
수습기자,修习记者
수습사원,修习社员
수습수습,收拾收拾
수습잔국,收拾残局
수습제,修习制
수습책,收拾策
수습행리,收拾行李
수시,随时; 虽是; 收视; 收市; 守时; 收尸; 随侍; 授时; 随市
수시력,授时历
수시률,收视率
수시비,收视费
수시수비,谁是谁非
수시수지,随时随地
수시자,受试者
수식,修饰; 数式; 首饰; 锈蚀; 手饰; 水蚀
수식어,修饰语
수신,受信; 修身; 随身; 守信; 搜身; 收信; 树身
수신고,受信库
수신기,受信机
수신반,受信班
수신분리,首身分离
수신여옥,守身如玉
수신용,守信用
수신인,受信人
수신자,受信者
수신제가,修身齐家
수신형,修身型
수실,囚室
수심,修心; 愁心; 水深; 搜寻; 手心; 受审; 随心; 收心; 收审; 遂心
수심소욕,随心所欲
수심어취,水深鱼聚
수심화열,水深火热
수십,数十
수십만,数十万
수십억,数十亿
수아,手儿; 秀雅
수악,手握; 首恶
수악한,手握汗
수안,睡眼; 水眼
수안성종,睡眼惺忪
수암,岫岩
수압,水压; 收押
수압기,水压机
수액,树液; 水液; 数额; 输液
수야,守夜
수약,兽药; 瘦弱; 守约
수양,修养; 垂杨; 收养; 水样; 手痒; 寿阳; 绥阳; 睢阳
수양법,修养法; 收养法
수양산,水杨酸
수양암,髓样癌
수양제,隋炀帝
수양편,水样便
수양향,水阳乡
수양현,绥阳县
수어,守御; 手语
수어지교,水鱼之交
수억,数亿
수억만,数亿万
수엄,水淹
수업,修业; 受业; 授业; 守业
수업료,授业料
수업해혹,授业解惑
수여,授与; 授予
수여비봉,首如飞蓬
수여자,授与者
수역,水域; 兽疫
수연,虽然; 手软; 随缘; 首演; 垂涎; 寿宴; 水烟
수연삼척,垂涎三尺
수연여차,虽然如此
수연욕적,垂涎欲滴
수열,受热
수염,须髥
수영,水泳; 首映; 输赢; 树影
수영복,水泳服
수영식,首映式
수영장,水泳场
수예,手艺
수예품,手艺品
수오,首乌
수오염,水污染
수오지심,羞恶之心; 羞惡之心
수온,水温
수완,手腕; 售完
수왕,兽王; 树王
수왕왕,水汪汪
수왕저처류,水往低处流
수외혜중,秀外慧中
수요,需要; 首要; 须要
수요력,需要力
수요일,水曜日
수요자,需要者
수요자층,需要者层
수요지,水浇地
수요처,需要处
수요층,需要层
수욕,羞辱; 水浴; 受辱; 兽欲
수욕정이풍부지,树欲静而风不止
수용,受容; 收容; 收用; 受用; 愁容; 修容
수용당,收容当
수용도,收用度
수용산출,水涌山出
수용성,水溶性
수용소,收容所
수용소식,收容所式
수용액,水溶液
수용자,收容者
수용적,受容的
수우,水牛
수우이안,随遇而安
수우죽백,垂于竹帛
수운,水运; 水云; 愁云
수원,水源; 受援; 绥远; 随员; 随园
수원국,受援国
수원수구,谁怨谁咎
수원지,水源地; 水源池
수월,水月
수월경화,水月镜花
수위,守卫; 水位; 首位; 修为; 垂危; 数位
수위굴,受委屈
수위실,守卫室
수유,授乳; 输油; 须臾; 手谕; 茱萸; 水乳
수유관,输油管
수유교융,水乳交融
수유성,水游城
수유아,授乳儿
수육,瘦肉
수육률,瘦肉率
수육형,瘦肉型
수은,水银
수은기,收银机
수은대,收银台
수은등,水银灯
수은사지,水银泻地
수은원,收银员
수은제,水银剂
수은주,水银柱
수음,收音; 手淫; 树阴
수음기,收音机
수응효,水凝胶
수의,囚衣; 寿衣; 随意; 兽医; 睡衣; 睡意; 授意; 首义
수의사,兽医师
수의성,随意性
수의학,兽医学
수이,首尔
수이대학,首尔大学
수이만계,数以万计
수이백계,数以百计
수이백만계,数以百万计
수이부실,秀而不实
수이시,首尔市
수이십만계,数以十万计
수이억계,数以亿计
수이천계,数以千计
수이천만계,数以千万计
수익,收益; 受益
수익금,收益金; 收益金
수익류,收益类
수익률,收益率; 收益率
수익률곡선,收益率曲线
수익비천,受益匪浅; 受益非浅
수익성,收益性
수익액,收益额
수익인,受益人
수익자,受益者
수익형,收益型
수인,囚人; 水印; 数人; 谁人; 手印; 树人; 羞人
수인원,遂人愿
수인이병,授人以柄
수인지탁,受人之托
수인환영,受人欢迎
수일,数日; 首日
수일봉,首日封
수일수이,数一数二
수임,受任; 首任
수임료,授任料
수임위,受任委
수입,收入; 输入
수입국,输入国
수입량,输入量
수입물,输入物
수입법,输入法
수입산,输入产
수입성,输入性
수입수거,输入数据
수입수출,输入输出
수입액,收入额; 输入额
수입원,收入源
수입자,收入者
수입품,输入品
수잉,受孕
수잉률,受孕率
수자,数字; 嫂子; 袖子; 瘦子; 穗子; 修者
수자공제,数字控制
수자상,寿者相
수자식,数字式
수자원,水资源
수자원비,水资源费
수자전로,数字电路
수자통신,数字通信
수자표시,数字表示
수자현시,数字显示
수자화,数字化
수작,秀作; 酬酌; 狩猎
수작업,手作业
수작장,狩猎场
수장,收藏; 水葬; 首长; 首场; 手掌; 修长; 收场; 手杖; 守将; 瘦长; 受奖; 授奖; 树桩; 袖章; 收账; 愁肠; 手长; 随葬; 水墙; 树葬
수장가,收藏家
수장계,收藏界
수장괄두,搜肠刮肚
수장국,首长国
수장문,首长们
수장자,收藏者
수장적구,搜章摘句
수장품,收藏品; 随葬品
수재,收财; 水灾; 受灾; 守在; 秀才; 帅才
수재노,守财奴
수재민,水灾民
수재죄,受财罪
수저,水底
수저하,手底下
수적,数的; 水滴; 手迹
수적석천,水滴石穿
수적성천,水积成川
수전,水电; 首战; 修剪; 水田; 输电; 水战; 数钱; 手电; 输钱; 袖箭
수전고첩,首战告捷
수전망조,数典忘祖
수전부,水电部
수전비,水电费
수전증,手颤症
수전참,水电站
수전창,水电厂
수전통,手电筒
수절,守节
수점,数点
수정,修整; 修正; 修订; 受精; 水晶; 水井; 授精; 水情; 绥靖; 竖井; 收订
수정관,输精管
수정구,水晶球
수정궁,水晶宫
수정궁대,水晶宫队
수정란,受精卵
수정률,受精率
수정본,修订本
수정안,修正案
수정주의,修正主义
수정주의자,修正主义者
수정체,水晶体
수정판,修订版
수제,数制; 手提; 受制; 水剂; 绣制
수제대,手提袋
수제상,手提箱
수제식,手提式
수제우인,受制于人
수제일,数第一
수제자,首弟子
수제포,手提包
수조,受租; 数兆; 水槽; 受阻; 首条; 受潮; 修造; 水鸟; 隋朝; 收条; 数组
수조권,收租权
수조권론,收租权论
수조권설,收租权说
수조권자,收租权者
수조권적,收租权的
수조론,收租论
수조지,收租地
수조창,修造厂
수족,手足; 水族
수족관,水族馆
수족궐냉,手足厥冷; 手足厥冷
수족무조,手足无措
수족상,水族箱
수족지애,手足之爱
수족지정,手足之情
수존,收存
수졸,戍卒
수종,树种; 水肿; 随从
수종정침,寿终正寝
수좌,受挫; 首座
수죄,受罪
수죄병벌,数罪并罚
수주,受注; 水䌷; 水珠; 手肘; 随州; 水酒; 受主; 寿州
수주대토,守株待兔; 守株待兎
수주시,随州市
수주액,受注额
수주의,馊主意
수주전,受注战
수준,水准
수준급,水准级
수준작,水准作
수중,手中; 水中; 手重
수중고혼,水中孤魂
수중전,水中战
수즉,随即
수즉다욕,寿则多辱
수즙,修葺
수증기,水蒸气
수지,手指; 收支; 树脂; 树枝; 水池; 须知; 随地; 手纸; 修志; 水地; 修枝
수지갑,手指甲
수지두,手指头
수지반중찬,谁知盘中餐
수지상유,收之桑榆
수지식,手持式
수지유괴,受之有愧
수지청무어,水至清无鱼; 水至淸无鱼
수지청칙무어,水至清则无鱼
수지침,手指针
수지평형,收支平衡
수직,垂直
수직선,垂直线
수직적,垂直的
수직주의,垂直主义
수직형,垂直型
수진,修真; 受尽; 袖珍; 寿辰; 收尘
수질,水质; 水蛭
수집,搜集; 收集; 收执
수집가,搜集家
수집광,搜集狂
수집량,收集量
수집상,搜集商
수집소,收集所
수집인,收集人
수차,数次; 首次; 修车; 水车; 囚车; 收车; 树杈
수차례,数次例
수착,随着
수찬,水钻
수찰,手札
수참,羞惭
수창,手枪; 首创; 水厂; 水枪; 寿昌; 首倡; 遂昌
수창선고,水涨船高
수채,水彩
수채화,水彩画
수책,手册
수처,随处
수처가견,随处可见
수처리,水处理
수척,瘦瘠
수천,数千; 水泉; 遂川; 随迁
수천만,数千万
수천수만,数千数万
수천억,数千亿
수천일색,水天一色
수천현,遂川县
수첩,手帖
수청,收听
수청률,收听率
수초,水草; 手抄; 树梢; 髓鞘; 水貂
수촌,树村
수총,树丛; 受宠
수총약경,受宠若惊
수추차,手推车
수축,收缩; 修筑
수축감,收缩感
수축기,收缩期
수축률,收缩率
수축성,收缩性
수축압,收缩压
수춘,寿春
수춘성,寿春城
수출,输出; 售出
수출과,输出课
수출국,输出国
수출량,输出量
수출설비,输出设备
수출액,输出额
수출업체,输出业体
수출입,输出入
수출층,输出层
수출품,输出品
수충,水冲
수충격,受冲击
수취,受取; 收取; 收聚
수취인,受取人
수취조산,兽聚鸟散
수층,水层
수치,数值; 羞耻; 收治; 数値
수치분석,数值分析
수치심,羞耻心
수칙,守则; 虽则
수쾌,手快
수탁,手镯; 受托
수탁고,受托库
수탁인,受托人
수탄,收摊; 寿诞
수탈,收夺
수탈당,收夺当
수탈론,收夺论
수탈자,收夺者
수탈적,收夺的
수탑,水塔
수태,受胎
수태률,受胎率
수태일,受胎日
수토,水土; 守土
수토류실,水土流失
수토보지,水土保持
수토보지법,水土保持法
수토부복,水土不服
수토유책,守土有责
수통,水桶; 修通
수투,手套; 袖套
수파,首播; 水坝; 水波; 首波
수파리,水玻璃
수파수,手把手
수파축류,随波逐流
수패유송,虽败犹荣
수편,随便; 受骗; 收编
수편자,受骗者
수평,水平
수평면,水平面
수평방향,水平方向
수평선,水平线
수평적,水平的
수평정,水平井
수평주의,水平主义
수포,水泡; 搜捕; 水疱; 睡袍; 水饱
수포성,水疱性
수포형,水疱型
수폭,水爆
수표,手票; 手表; 售票; 水表; 水漂; 数表
수표원,售票员
수표점,售票点
수표처,售票处
수품,绣品
수풍,随风
수풍금,手风琴
수풍요예,随风摇曳
수풍표탕,随风飘荡
수피,树皮
수필,随笔; 手笔; 水笔
수필가,随笔家
수필계,随笔界
수필집,随笔集
수하,手下; 收下
수하고고,水下考古
수하류정,手下留情
수하인,手下人
수하친병,手下亲兵
수하패장,手下败将
수학,修学; 受学; 数学
수학가,数学家
수학계,数学界
수학광,受虐狂
수학분석,数学分析
수학여행,修学旅行; 修学旅行
수학여행지,修学旅行地; 修学旅行地
수학자,数学者
수학적,数学的
수학화,数学化
수한,水旱; 受寒
수한충박상,水旱虫雹霜
수할,收割
수할기,收割机
수함,授衔
수합,水合
수합물,水合物
수항,首航; 守恒; 水缸; 穗港; 水巷
수해,水害; 受害; 水解
수해매,水解酶
수해인,受害人
수해자,受害者
수핵,手势; 髓核; 水势; 守势
수행,修行; 遂行; 随行; 兽行
수행계,修行界
수행과장,随行课长
수행법,修行法
수행실장,随行室长
수행실장실,随行室长室
수행원,随行员
수행인원,随行人员
수행자,修行者
수행취시,随行就市
수향,水乡
수향입향,随鄕入鄕
수허,水浒
수헌,修宪
수험,受验; 寿险
수험생,受验生
수험업,寿险业
수험표,受验票
수현,寿县
수혈,输血; 首页
수혈량,输血量
수협,树叶
수형,树形; 水型
수혜,受惠
수혜자,受惠者
수호,守护; 搜狐; 修好; 水壶; 修护
수호공사,搜狐公司
수호로,水葫芦
수호신,守护神
수호자,守护者
수호초,秀好草
수홍,水红
수화,手话; 水货; 随和; 绣花; 水火; 水花; 收货; 水化; 售货; 绥化; 修和; 水华
수화기,受话器; 售货机
수화무교,水火无交
수화부상용,水火不相容
수화부용,水火不容
수화상극,水火相克
수화수채,受和受采
수화시,绥化市
수화원,售货员
수화인,收货人
수화침두,绣花枕头
수화폐월,羞花闭月
수화혜,绣花鞋
수확,收获
수확고,收获高
수확기,收获期
수확량,收获量
수확물,收获物
수확분,收获分
수확제,收获祭
수환,水患
수활,手滑; 树敌; 守敌; 受敌
수황,水荒
수회,数回; 收回; 受贿
수회비,水灰比
수회성명,收回成命
수회자,受贿者
수회죄,受贿罪
수효,数爻; 收效; 树胶; 守孝
수후,随后; 守候; 售后
수후복무,售后服务
수훈,殊勋; 首勋; 受训; 授勋
수훈자,受训者
숙,熟; 叔; 肃; 宿; 淑; 倏; 孰; 塾; 蓿; 夙; 菽; 莤; 骕; 粛; 跾; 俶; 肅
숙객,熟客
숙견,熟绢
숙고,熟考
숙고사,熟库纱
숙공,叔公
숙과,熟果
숙기,熟记
숙녀,淑女
숙녀복,淑女服
숙능생교,熟能生巧
숙능어지,孰能御之
숙단,熟缎
숙달,熟达
숙독,熟读
숙독완미,熟读玩味
숙련,熟炼; 熟练; 熟鍊
숙련가,熟炼家
숙련공,熟炼工; 熟练工
숙련도,熟炼度
숙련자,熟炼者
숙료,熟料
숙립,肃立
숙맥,菽麦
숙맥불변,菽麦不辨
숙면,熟眠
숙명,宿命
숙명론,宿命论
숙명론적,宿命论的
숙명성,宿命性
숙명적,宿命的
숙명주,熟明䌷
숙목,肃穆
숙무,宿务
숙무진,宿茂臻
숙문숙로,熟门熟路
숙박,宿泊
숙박료,宿泊料
숙박비,宿泊费
숙박업소,宿泊业所
숙반,肃反
숙배,肃拜
숙백,叔伯
숙변,宿便; 宿便
숙본화,叔本华
숙부,叔父
숙부가인,孰不可忍
숙불환생,熟不还生
숙사,宿舍
숙살,肃杀
숙서식동,宿西食东
숙성,熟成
숙소,宿所
숙수,熟手; 熟睡
숙수지공,菽水之供
숙숙,叔叔
숙숙문,叔叔们
숙숙아이문,叔叔阿姨们
숙습,熟习
숙시무도,熟视无睹
숙시숙비,孰是孰非
숙시주의,熟柿主义
숙식,宿食; 熟食
숙식비,宿食费
숙신,熟识
숙실,熟悉
숙암,熟谙
숙어,熟语
숙연,肃然; 倏然
숙연기경,肃然起敬
숙영,宿营
숙영지,宿营地
숙우,宿友
숙우숙렬,孰优孰劣
숙원,宿愿; 夙愿; 宿怨
숙위,宿卫
숙육,熟肉
숙의,淑仪; 熟议
숙인,熟人
숙임,熟稔
숙장,宿将
숙적,宿敌
숙정,肃正; 肃静
숙제,宿题
숙제물,宿题物
숙조,叔祖
숙주,宿主; 宿州
숙주시,宿州市
숙지,熟知; 倏地; 熟地
숙직,宿直
숙직실,宿直室
숙직자,宿直者
숙질,叔姪; 叔侄
숙천,宿迁
숙천시,宿迁市
숙청,肃清; 肃淸
숙청당,肃清当; 肃淸当
숙취,熟醉
숙투,熟透
숙항라,熟亢罗
숙호충비,宿虎冲鼻
숙홀,倏忽
숙화,熟化
숙환,宿患
숙활,宿敌
숙흥야매,夙兴夜寐
순,顺; 纯; 盾; 巡; 询; 循; 唇; 瞬; 旬; 醇; 驯; 淳; 舜; 殉; 笋; 荀; 谆; 徇; 洵; 盹; 鹑; 峋; 榫; 恂; 肫; 莼; 郇; 𬭚; 陙; 𬘓; 鯙; 輴; 磭; 醕; 鹠; 蕣; 簨; 駨; 順; 純; 詢; 珣; 楯
순간,瞬间; 笋干
순간순간,瞬间瞬间
순간적,瞬间的
순감,纯碱
순검,巡检
순검청,巡检厅
순결,纯洁
순결무구,纯洁无垢
순결성,纯洁性
순경,巡警; 顺境; 巡更
순고,唇膏; 巡考
순교,殉教
순교자,殉教者
순구,顺口
순구류,顺口溜
순국,殉国
순국선열,殉国先烈; 殉国先烈
순규도구,循规蹈矩
순금,纯金
순금제,纯金制; 纯金制
순기,顺气
순기능,顺机能
순기자연,顺其自然
순난,殉难
순당,顺当
순대,顺带
순덕,顺德
순덕구,顺德区
순덕시,顺德市
순도,纯度; 顺道; 殉道
순등모과,顺藤摸瓜
순라,巡逻
순라대,巡逻队
순라원,巡逻员
순라정,巡逻艇
순라차,巡逻车
순량,纯良
순렬,唇裂
순례,巡礼; 循例
순례자,巡礼者
순로,顺路
순록,驯鹿
순류,顺流; 顺溜
순류이하,顺流而下
순리,顺理; 顺利; 纯利
순리성장,顺理成章
순리윤,纯利润
순리적,顺理的
순림,纯林
순망치한,唇亡齿寒
순무,巡抚
순무대장,巡抚大将
순문,询问; 唇纹
순문학,纯文学
순미,纯美; 醇美
순민,顺民
순박,淳朴; 纯朴
순발력,瞬发力
순방,巡访
순배,巡杯
순백,纯白
순백색,纯白色
순백자,纯白瓷
순번,顺番
순번제,顺番制
순변,瞬变
순복,驯服; 顺服
순부치락,唇腐齿落
순사,巡查; 徇私
순사무폐,徇私舞弊
순사보,巡查补
순사정,徇私情
순산,顺产
순서,顺序; 循序
순서도,顺序图
순서점진,循序渐进
순설,唇舌
순성,循声
순속,纯属
순수,纯粹; 顺手; 顺水; 顺遂
순수견양,顺手牵羊
순수사,驯兽师
순수성,纯粹性
순수시,纯粹诗
순수익,纯收益
순수인정,顺水人情
순수입,纯收入
순수주의,纯粹主义
순수주의적,纯粹主义的
순수추주,顺水推舟
순숙,纯熟
순순,顺顺; 谆谆
순순고계,谆谆告诫
순순교도,谆谆教导
순순교회,谆谆教诲
순순당당,顺顺当当
순순리리,顺顺利利
순순선유,循循善诱
순시,巡视; 瞬时
순시선,巡视船
순시원,巡视员
순시침,顺时针
순식,瞬息
순식간,瞬息间
순식만변,瞬息万变
순심,顺心
순아,盹儿
순안,顺眼; 淳安
순안현,淳安县
순애보적,殉爱谱的
순야,巡夜
순양,驯养
순양함,巡洋舰
순연,顺延; 纯然
순예술,纯艺术
순위,顺位
순위권,顺位圈
순위자,顺位者
순위표,顺位表
순유,巡游
순유자,巡游者
순은,纯银
순음,纯音
순응,顺应
순응성,顺应性
순응적,顺应的
순응조류,顺应潮流
순응주의,顺应主义
순의,顺义; 顺意
순의구,顺义区
순이,顺耳
순이익,纯利益; 纯利益
순이익률,纯利益率; 纯利益率
순익,纯益
순일,旬日
순일주의,纯一主义
순자,荀子
순장,殉葬
순장제,殉葬制
순전,纯全
순정,纯情; 纯正; 纯净; 殉情
순정적,殉情的
순조,顺调
순종,纯种; 顺从
순종적,顺从的
순주,醇酒
순직,殉职
순진,纯真; 巡诊
순진성,纯真性
순차,顺差; 顺次
순차적,顺次的
순찰,巡察
순찰차,巡察车
순창,顺畅; 顺昌
순창설검,唇枪舌剑
순창현,顺昌县
순채,莼菜
순천,顺天; 巡天
순천연,纯天然
순천응인,顺天应人
순첨,笋尖
순취,顺嘴
순치,驯致; 顺治; 唇齿
순치상의,唇齿相依
순탄,顺坦
순판,唇瓣
순패,盾牌
순편,顺便
순평,纯平; 顺平
순평현시기,纯平显示器
순포,巡捕
순품,纯品
순풍,顺风; 顺丰
순풍이,顺风耳
순풍이호,顺风而呼
순하디,顺-顺
순합자,纯合子
순항,顺航; 巡航
순핵,顺势
순행,巡幸; 巡行
순향,醇香
순홍치백,唇红齿白
순화,纯化; 醇化; 驯化; 醇和; 淳化; 顺和; 顺化
순화미,纯化美
순화안,纯化案
순환,循环
순환계,循环系
순환기,循环器
순환류화,循环流化
순환새,循环赛
순환수,循环水
순환식,循环式
순환왕복,循环往复
순환적,循环的
순환형,循环型
순회,巡回; 巡廻
순회공연,巡回公演; 巡廻公演
순회공연단,巡回公演团; 巡廻公演团
순회단,巡回团; 巡廻团
순회새,巡回赛
순회연출,巡回演出
순회전,巡回展
순후,醇厚; 淳厚
술,术; 述; 恤; 戌; 沭; 袕; 蒁; 鶐; 術
술과,术科
술사,术师; 术士
술설,述说
술수,术数
술양,沭阳
술양현,沭阳县
술어,术语; 述语
술어학,述语学
술업,术业
술이부작,述而不作; 述而不作
술직,述职
술책,术策
술평,述评
술회,述怀
숫자,数字
숫자판,数字板
숭,崇; 嵩; 滕; 崧; 菘
숭경,崇敬
숭고,崇高
숭고감,崇高感
숭덕,崇德
숭례,崇礼
숭명,崇明
숭명도,崇明岛
숭명현,崇明县
숭문,崇文
숭문구,崇文区
숭문문,崇文门
숭배,崇拜
숭배자,崇拜者
숭배적,崇拜的
숭산,嵩山; 崇山
숭산로,嵩山路
숭산준령,崇山峻岭
숭상,崇尚; 崇尙
숭신,崇信
숭안,崇安
숭앙,崇仰
숭양,崇洋
숭양미외,崇洋媚外
숭유,崇儒
숭의,崇义
숭의현,崇义县
숭인,崇仁
숭인현,崇仁县
숭정,崇祯
숭조,崇祖
숭조상문,崇祖尚门; 崇祖尙门
숭좌,崇左
숭좌시,崇左市
숭주,崇州
숭주시,崇州市
숭천,崇泉
숭현,嵩县
쉬,淬
쉬화,淬火
슬,瑟; 膝; 虱
슬갑도적,膝甲盗贼
슬개,膝盖
슬두,膝头
슬리부,瑟利夫
슬소절,膝关节
슬슬,瑟瑟
슬슬발두,瑟瑟发抖
슬자,虱子
슬처두이흑,虱处头而黑
슬축,瑟缩
슬하,膝下
슬하유황금,膝下有黄金
습,习; 袭; 湿; 拾; 啃; 褶; 熠; 隰; 鳛; 騽; 霫; 習; 濕; 襲
습격,袭击
습격당,袭击当
습격자,袭击者
습관,习惯
습관법,习惯法
습관성,习惯性
습관성자연,习惯成自然
습관적,习惯的
습관화,习惯化
습근평,习近平
습금부매,拾金不昧
습급이상,拾级而上
습기,习气; 湿气
습기래,拾起来
습도,湿度
습도대,湿度大
습득,习得; 拾得
습록록,湿漉漉
습림림,湿淋淋
습무,习武
습생,湿生
습서,啃噬
습성,习性; 湿性
습성화,习性化
습속,习俗
습속이성,习俗移性
습수,习水
습수현,习水县
습습,熠熠; 习习; 湿湿
습습생휘,熠熠生辉
습습섬광,熠熠闪光
습습적,湿湿的
습식,湿食
습여성성,习与性成
습열,湿热
습예,习艺
습요,袭扰
습용,习用
습유,拾遗
습유보결,拾遗补缺
습윤,湿润
습윤성,湿润性
습이위상,习以为常
습자,习字; 褶子
습작,习作
습작기,习作期
습제,习题
습중훈,习仲勋
습지,湿地
습지성,湿地性
습진,湿疹
습철,拾掇
습추,褶皱
습취,拾取
습투,湿透
습파,湿婆
습합,习合
습호호,湿乎乎
습황,拾荒
습황자,拾荒者
승,承; 胜; 升; 乘; 绳; 僧; 蝇; 丞; 嵊; 冼; 塍; 蝿; 蕂; 鬙; 勝; 昇; 繩
승가,僧伽
승감,乘监
승강,升降
승강기,升降机
승강대,升降台
승강이,升降­
승강장,乘降场
승객,乘客
승객문,乘客们
승건,承建
승격,升格
승결장,升结肠
승경,乘警; 胜景; 胜境
승계,承继
승계권,承继权
승계설,承继说
승고,升高
승고월하문,僧敲月下门
승고자,升高者
승공,升空
승과,僧科; 胜过
승관,升官
승관발재,升官发财
승교,乘轿
승권,胜券
승권재악,胜券在握
승극,乘隙
승급,升级; 升给
승급분,升级分
승기,升起; 乘机; 升旗; 乘骑
승낙,承诺
승낙기,承诺期
승니,僧尼
승다죽소,僧多粥少
승담,承担
승담자,承担者
승당,承当
승당입실,升堂入室
승덕,承德
승덕시,承德市
승도,僧道
승독십년서,胜读十年书
승두소리,蝇头小利
승등,升腾
승람,承揽
승량,乘凉
승려,僧侣
승려군,僧侣军
승력,升力
승룡,乘龙
승률,胜率; 胜率
승리,胜利
승리과실,胜利果实
승리자,胜利者
승마,乘马; 升麻
승몽,承蒙
승무,乘务; 僧舞
승무원,乘务员
승반,升班
승발,升发
승법,乘法
승병,僧兵
승보,承保
승복,僧服; 承服
승부,承讣; 胜负
승부수,胜负手
승부욕,胜负欲
승부처,胜负处
승사,胜似; 嵊泗
승산,胜算
승상,丞相
승상계하,承上启下
승상접하,承上接下
승색,绳索
승선,乘船
승성해,冼星海
승소,胜诉; 承销
승소단,承销团
승속,僧俗
승수,乘数; 承受
승수력,承受力
승습,承袭
승승,乘胜
승승장구,乘胜长驱
승승추격,乘胜追击
승압,升压
승압기,升压器
승야월장,乘夜越墙
승여,乘舆
승온,升温
승용,乘用
승용차,乘用车
승우,胜于
승운,承运
승운인,承运人
승원부,乘员部
승위,升为
승은,承恩
승인,承认; 胜因; 僧人; 承印
승인서,承认书
승인지위,乘人之危
승일장,胜一场
승임,胜任; 升任
승자,胜者; 绳子
승자위왕,胜者为王
승장,胜仗; 升帐
승재,承载
승재량,承载量
승재력,承载力
승적,胜绩; 乘积; 胜迹
승전가,胜战歌
승전계후,承前启后
승전지,胜战地
승점,胜点
승접,承接
승제,乘除
승조,承租; 升调
승조원,乘组员
승조인,承租人
승조자,承租者
승조칠급부도,胜造七级浮屠
승좌,乘坐
승좌자,乘坐者
승주,嵊州; 乘舟
승주시,嵊州市
승중,承重; 僧众
승지,胜地; 升支
승지이법,绳之以法
승진,升进
승차,乘车
승차감,乘车感
승차권,乘车券
승천,升天; 升迁; 承天
승치,升值
승탁,承托
승태,承兑
승태휘표,承兑汇票
승통,僧统
승투,绳套
승판,承办
승패,胜败
승평,升平; 承平
승포,承包; 僧袍
승포기,承包期
승포법,承包法
승포비,承包费
승포상,承包商
승포자,承包者
승포제,承包制
승포지,承包地
승풍,乘风
승풍파랑,乘风破浪
승하,升遐
승하차,乘下车
승학,升学
승학률,升学率
승합차,乘合车
승핵,乘势
승허,乘虚
승허이입,乘虚而入
승현,嵊县
승화,升华
승환,承欢
승흥,乘兴
승흥이래,乘兴而来
승희,绳戯
시,是; 时; 十; 市; 始; 示; 视; 施; 试; 诗; 尸; 猜; 侍; 寺; 柴; 翅; 撕; 匙; 嘶; 矢; 厮; 腮; 恃; 屎; 柿; 谥; 豺; 啻; 弑; 豕; 豉; 鲥; 缌; 莳; 蓍; 澌; 铈; 埘; 兕; 邿; 眎; 酾; 飔; 葹; 鉃; 禔; 膪; 鸍; 時; 試; 視; 詩; 屍; 偲; 礻
시가,媤家; 市价; 市歌; 市街; 时价; 诗歌; 施加; 时家; 施家
시가부사기,柴可夫斯基
시가불이,市贾不贰
시가압력,施加压力
시가액,市价额
시가인,是可忍
시가전,市街战
시가지,市街地
시가행진,市街行进
시각,时刻; 视觉; 视角
시각랑,屎壳郎
시각적,视觉的
시각차,视角差
시각표,时刻表
시각화,视觉化
시간,时间; 试看; 诗刊
시간간격,时间间隔
시간대,时间带
시간론,时间论
시간문제,时间问题
시간선,时间线
시간성,时间性
시간적,时间的
시간제,时间制
시간주의적,时间主义的
시간차,时间差
시간표,时间表
시강,试讲
시강릉약,恃强凌弱
시개,是个
시거,试举; 视距
시건,始建; 试件
시검,尸检
시격,时隔
시견,时见
시경,市警; 诗经; 示警; 诗境
시계,市界; 时计; 视界
시계추,时计锤
시계탑,时计塔
시곗,时计
시고,是故
시고시저,时高时低
시골,尸骨
시골미한,尸骨未寒
시공,施工; 时空; 试工
시공간,时空间
시공간적,时空间的
시공권,施工圈
시공기,施工期
시공대,施工队
시공도,施工图
시공사,施工社
시공원,施工员
시공천사,时空穿梭
시과경천,时过境迁
시과부사기,柴科夫斯基
시관,试管
시관묘,试管苗
시광,时光
시교,市郊; 施教
시교구,市郊区
시교수휵,豕交兽畜
시교차,视交叉
시구,诗句; 施救; 时区
시구부인,矢口否认
시국,时局
시권,试卷; 猜拳
시규,嘶叫
시극,诗剧; 时隙
시극론,诗剧论
시극적,诗剧的
시근,市斤
시금석,试金石; 试金石
시급,时急; 市级
시기,始期; 时期; 时机; 猜忌; 时气; 时基
시기상조,时机尚早; 时机尙早
시기상조론,时机尚早论; 时机尙早论
시기심,猜忌心
시기적,时期的
시기적절,时期适切
시남구,市南区
시내,市内
시내덕,施耐德; 施奈德
시내암,施耐庵
시내전화,市内电话
시녀,侍女
시니사,柴尼斯
시단,诗坛; 时段
시단성,时段性
시단시속,时断时续
시달,示达
시대,尸台; 时代; 时带
시대감,时代感
시대극,时代剧
시대론,时代论
시대병,时代病
시대사,时代史
시대상,时代相
시대성,时代性
시대적,时代的
시대정신,时代精神
시대주간,时代周刊
시대주보,时代周报
시대착오,时代错误
시대착오적,时代错误的
시댁,媤宅
시덕자창,恃德者昌
시도,市道; 示度; 试图; 视图; 柴刀; 猜度
시도관,市道馆
시도지교,市道之交
시독,侍读
시동,始动
시라덕,施罗德
시락,施乐
시란종기,始乱终弃
시랍격,施拉格
시랍보납,施拉普纳
시랑,侍郎; 豺狼; 施琅
시래운전,时来运转
시량,矢量; 市两
시력,视力; 诗历
시력표,视力表
시련,试炼
시령,时令
시례,施礼; 示例
시론,时论; 诗论; 试论
시론적,试论的
시롱,侍弄
시료미급,始料未及
시료부급,始料不及
시류,时流
시리,市里
시리마체,施里玛达
시립,市立; 侍立
시말,始末
시망막,视网膜
시면,市面
시명,嘶鸣
시명덕,施明德
시명봉,施鸣峰
시모,时髦; 施某
시묘,侍墓
시무,时务; 市亩
시무식,始务式
시무책,时务策
시문,诗文; 试问; 时文; 柴门
시미,猜谜; 柴米
시미유염,柴米油盐
시미유염장초차,柴米油盐酱醋茶
시민,市民
시민권,市民权
시민문,市民们
시민상,市民赏
시민성,市民性
시민운동,市民运动
시민적,市民的
시민화,市民化
시밀특,施密特
시반,视盘
시발,始发
시발역,始发驿
시발점,始发点
시발참,始发站
시방,十方; 时方; 翅膀; 施放
시방자,腮帮子
시범,示范; 是凡
시범고중,示范高中
시범구,示范区
시범성,示范性
시범적,示范的
시범학교,示范学校
시법,施法
시병,柿饼; 施秉
시병현,施秉县
시보,时报
시봉,侍奉
시부,是否; 市府
시부모,媤父母
시부시,是不是; 时不时
시부시자,是父是子
시부아대,时不我待
시부재래,时不再来
시부출,猜不出
시부투,猜不透
시북구,市北区
시분,尸体; 时分
시분자,屎盆子
시비,是非; 诗碑; 施肥; 试飞
시비곡직,是非曲直
시비량,施肥量
시비문제,是非问题
시비법,施肥法
시비부분,是非不分
시비원,试飞员
시비지심,是非之心
시빈,视频
시빈현시,视频显示
시빗,是非
시사,时事; 示唆; 试写; 诗史; 诗词; 施舍; 诗社; 施事; 视事
시사가부,诗词歌赋
시사사,时事社
시사성,时事性
시사실,试写室
시사여귀,视死如归
시사여생,视死如生
시사적,时事的
시사점,示唆点
시사회,试写会
시사회장,试写会场
시산혈해,尸山血海
시살,厮杀
시상,施赏; 时尚; 诗想; 时常; 猜想; 时尙; 试想
시상계,时尚界
시상류,时尚类
시상성,时尚性
시상식,施赏式
시상식장,施赏式场
시상형,时尚型
시상화,时尚化
시생대,始生代
시서,诗书; 时序
시선,视线; 腮腺; 诗仙; 时鲜
시선생,施先生
시선염,腮腺炎
시설,施设
시설물,施设物
시설비,施设费
시성,诗圣
시세,时势; 时世
시소,试销; 柴绍
시속,时速; 市属
시송,柴荣
시송악,柴松岳
시쇄본,试刷本
시수,厮守; 尸首; 市树; 试手
시숙,媤叔
시술,施术
시술가,施术家
시술법,施术法
시술소,施术所
시술적,施术的
시시,嘻嘻; 试试; 时时; 猜猜; 是是
시시각각,时时刻刻
시시간,试试看; 猜猜看
시시비비,是是非非
시식,试食
시식회,试食会
시신,尸身; 时新; 试新
시신경,视神经
시심,诗心
시아,是啊; 是我; 嘶哑
시안,试案
시압,施压
시액,试液
시야,视野
시야비야,是耶非耶
시약,示弱; 试药
시약무도,视若无睹
시약풍,施若风
시양,试样
시어,诗语; 鲥鱼
시어사,侍御史
시언,施言
시업계,是业界
시여,施与
시역,弑逆
시연,时延
시연회,试演会
시영,市营; 试映
시영률,市盈率
시영업,试营业
시와신격,施瓦辛格
시와자,施瓦茨
시와포,施瓦布
시왈,诗曰
시왕전,十王殿
시외,市外
시용,试用; 市容; 施用
시용기,试用期
시용량,施用量
시용자,试用者
시우,始于; 诗友
시운,时运; 诗韵
시운부제,时运不济
시운전,试运转
시원,始原
시원적,始原的
시월,十月
시위,示威; 市委; 视为; 侍卫; 施为
시위대,示威队
시위문,侍卫们
시위소찬,尸位素餐
시위운동,示威运动
시위자,示威者
시유,柴油; 时有
시유기,柴油机
시유발생,时有发生
시유소문,时有所闻
시은,施恩
시은시현,时隐时现
시음,试飮
시응생,侍应生
시의,时宜; 示意; 诗意; 猜疑; 施毅
시의도,示意图
시의성,时宜性
시의원,市议员
시의회,市议会
시이,时而; 施以; 始而
시이모,媤姨母
시이부견,视而不见
시이불견,视而不见
시이의원,市二医院
시인,是认; 诗人; 示人; 时人
시인문,诗人们
시인적,诗人的
시일,时日
시자,柿子; 侍者
시자초,柿子椒
시작,始作; 诗作
시작용자,始作俑者
시작점,始作点
시작종,始作钟
시장,市场; 市长; 时装; 诗章; 试场
시장가,市场价
시장가격,市场价格
시장경제,市场经济
시장계,时装界
시장문,市长们
시장상황,市场状况
시장성,市场性
시장실,市长室
시장적,市场的
시장점,时装店
시장조사,市场调查
시장통,市场通
시장화,市场化; 时装化
시재,是在; 诗才
시적,时的; 诗的; 是的
시전,市廛; 诗展; 施展
시전출,施展出
시전출래,施展出来
시절,时节
시점,时点; 视点; 试点
시점류,试点类
시정,始政; 市政; 时政; 是正; 施政; 市井; 诗情; 市情; 柴静
시정국,市政局
시정무뢰,市井无赖
시정보고,施政报告
시정부,市政府
시정부판공실,市政府办公室
시정부판공청,市政府办公厅
시정송,施正荣
시정신,诗精神
시정화의,诗情画意
시정황이정,视情况而定
시제,试剂; 试题; 试制
시제품,试制品
시조,始祖; 时调
시조비,时调碑
시조신,始祖神
시조제,始组祭
시종,侍从; 始终; 时钟; 试种; 示踪
시종관천,始终贯穿
시종부투,始终不渝
시종빈률,时钟频率
시종여일,始终如一
시종일관,始终一贯
시종제,示踪剂
시주,施主
시줏,施主
시중,市中; 猜中; 侍中; 示众
시중가,市中价
시중구,市中区
시중심,市中心
시중초판,市中招办
시지,市志; 试纸; 矢志
시지각,视知觉
시지각적,视知觉的
시지금일,时至今日
시지병,柴智屏
시지부이,矢志不移
시지부투,矢志不渝
시지호,施之皓
시진,时辰; 市镇
시진송,施振荣
시집,诗集; 市集
시차,时差; 试车; 视差
시차국,矢车菊
시착,猜错
시착거,试着去
시찰,视察
시찰단,视察团
시창,视窗; 视唱; 始创
시책,施策; 时策
시척,市尺
시천,试穿
시천주,侍天主
시철,柴哲
시청,市厅; 视听
시청각,视听觉
시청각적,视听觉的
시청률,视听率; 视听率
시청언동,视听言动
시청자,视听者
시청층,视听层
시체,尸体
시체목,柴达木
시체목분지,柴达木盆地
시체실,尸体室
시쳇,时体
시초,始初; 市草; 柴草; 市招
시초판,市招办
시추,试锥
시측,猜测
시치,时值; 示值
시침,时针
시쾌,市侩
시쾌시만,时快时慢
시타,厮打
시탄,柴炭
시탐,试探
시탐성,试探性
시태,时态
시태인매이,施泰因迈尔
시투,猜透
시특래납,施特莱纳
시특로사,施特劳斯
시파,时派; 试播
시파기,示波器
시판,市贩; 试办
시편,诗篇
시폐,时弊
시품,诗品
시필서영,试笔书永
시하,时下
시하거심,是何居心
시학,诗学; 视学
시한,时限
시한부,时限附
시한폭탄,时限爆弹
시할구,市辖区
시함,嘶喊
시합,试合
시항,试航
시해,弑害; 尸骸; 尸解
시해송,施海荣
시핵,时势
시핵조영웅,时势造英雄
시행,施行; 诗行; 试行; 时行
시행령,施行令
시행령안,施行令案
시행일,施行日
시행자,施行者
시행착오,施行错误
시헌력,时宪历
시험,试验
시험공부,试验工夫
시험관,试验管
시험구,试验区
시험기,试验期
시험대,试验台
시험법,试验法
시험성,试验性
시험소,试验所
시험실,试验室
시험약이,视险若夷
시험자,试验者
시험장,试验场
시험적,试验的
시험전,试验田
시험점,试验点
시험지,试验纸
시험품,试验品
시현,示现; 市县
시현급,市县级
시혜,施惠
시호,柴胡; 谥号
시혼,厮混; 试婚
시홍,腮红
시화,诗画; 诗话; 柴火; 施华; 市花; 柴禾; 诗化
시화락,施华洛
시화전,诗画展
시황,市况
시회,时会
시횡편야,尸横遍野
시효,时效
시효성,时效性
시효일,时效日
시후,时候; 侍候
시흘,试吃
시흥,时兴; 始兴; 诗兴
식,式; 识; 息; 食; 植; 殖; 饰; 媳; 蚀; 熄; 轼; 拭; 埴; 禃; 籂; 遈; 鎴; 識; 饣; 飾
식객,食客
식객문,食客们
식건,饰件
식견,识见; 食犬
식곤증,食困症
식관,食管
식관암,食管癌
식관염,食管炎
식구,食口; 食具
식근,植根
식금,饰金
식기,食器; 食既
식단,食单
식당,食堂; 食糖
식당가,食堂街
식도,食道
식도락,食道乐; 食道樂
식도락가,食道乐家; 食道樂家
식도성,食道性
식도암,食道癌
식등,熄灯
식량,食粮; 食量
식량난,食粮难
식로,息怒
식록,食禄
식료,食料; 食疗
식료품,食料品
식료품비,食料品费
식료품점,食料品店
식루,拭泪
식률,息率
식면,植棉; 饰面
식멸,熄灭
식모,食母
식목이대,拭目以待
식목일,植木日
식무구포,食无求饱
식문화,食文化
식물,植物; 食物; 饰物
식물련,食物链
식물보호,植物保护
식물분,植物体
식물상,植物相
식물생리학,植物生理学
식물성,植物性
식물원,植物园
식물유,植物油
식물인,植物人
식물인간,植物人间
식물중독,食物中毒
식물지,植物志
식물체,植物体
식물학,植物学
식물학가,植物学家
식미,式微
식민,植民; 殖民
식민성,植民性
식민자,殖民者
식민주의,植民主义; 殖民主义
식민주의자,殖民主义者
식민지,植民地; 殖民地
식민지적,植民地的
식민지주의,植民地主义
식반,食盘
식별,识别
식보,食谱; 植保
식본,蚀本
식봉,息烽
식봉현,息烽县
식부,植付; 食父; 媳妇
식부과복,食不果腹
식부아,媳妇儿
식불감미,食不甘味
식불이미,食不二味
식비,食费
식사,食事
식사녕인,息事宁人
식사대,食事代
식사량,食事量
식사법,食事法
식사비,食事费
식상,食伤
식생,植生
식생활,食生活
식성,食性
식소,食素
식소사번,食少事烦
식솔,食率
식송망정,植松望亭
식수,食水; 植树
식수난,食水难
식수대,植树带
식수원,食水原
식수절,植树节
식수조림,植树造林
식수종초,植树种草
식숙,食宿
식숙비,食宿费
식순,式顺
식습관,食习惯
식식상소,息息相关
식식상통,息息相通
식심,食甚
식양,式样
식언,食言
식연,饰演
식연자,饰演者
식염,食盐
식염수,食盐水
식영,息影
식옥취계,食玉炊桂
식욕,食欲
식욕부진,食欲不振
식용,食用
식용균,食用菌
식용유,食用油
식유,食油; 饰有
식육,息肉
식육동물,食肉动物
식음,食飮
식음료,食飮料
식음료부,食飮料部
식읍,食邑
식이,食饵
식인,食人
식인종,食人种
식입,植入
식입식,植入式
식자,式子
식자기,植字机
식자욕로,息者欲劳
식자우환,识字忧患
식장,式场
식장업체,式场业体
식재,植栽
식재료,食材料
식적,食积
식전,式前; 食前
식전방장,食前方丈
식주,植株
식중,食中
식중독,食中毒
식지,食指
식지대동,食指大动
식지무미,食之无味
식체험기,食体验记
식초,食醋
식초동물,食草动物
식충,食虫
식탁,食卓
식판,食板
식품,食品; 饰品
식품공업,食品工业
식품급,食品级
식품류,食品类
식품업,食品业
식품업계,食品业界
식품점,食品店
식품화,食品化
식피,植被; 植皮
식혜,食醯
식화,熄火; 食货
식후,食后
식후경,食后景
식후행,食后行
신,新; 身; 信; 神; 识; 洞; 迅; 申; 臣; 伸; 讯; 晨; 辛; 慎; 薪; 辰; 肾; 绅; 呻; 娠; 烬; 汛; 汕; 蜃; 宸; 荩; 莘; 砷; 哂; 抻; 囟; 胂; 吲; 矧; 赆; 訙; 賮; 麎; 籶; 茞; 鰰; 笉; 祳; 鯓; 眘; 訊; 燊; 屾; 腎
신가,身价; 身家; 申家
신가백배,身价百倍
신가성명,身家性命
신가파,新加坡
신가파공사,新加坡公司
신가파교역소,新加坡交易所
신가파대,新加坡队
신가파시장,新加坡市场
신가파항공공사,新加坡航空公司
신가파해협,新加坡海峡
신간,新刊; 晨间; 新干; 神侃
신간현,新干县
신감,神龛
신강,新疆; 信江
신강광휘대,新疆广汇队
신강농업대학,新疆农业大学
신강대,新疆队
신강대학,新疆大学
신강둔,新疆屯
신강력장,身强力壮
신강병단,新疆兵团
신강분장,身强体壮
신강사범대학,新疆师范大学
신강생산건설병단,新疆生产建设兵团
신강성,新疆省
신강유오이자치구,新疆维吾尔自治区
신강유오이자치구당위,新疆维吾尔自治区党委
신강의과대학,新疆医科大学
신강일보,新疆日报
신강자치구,新疆自治区
신강지구,新疆地区
신개,伸开; 信介
신개루,新开楼
신개림,辛开林
신개발,新开发
신개지,新开地
신거,新居
신거요직,身居要职
신건,新建; 信件; 申健
신건현,新建县
신검,身检
신검강,辛俭强
신검려,申剑丽
신격,神格; 辛格
신격화,神格化
신견,识见
신결석,肾结石
신결핵,肾结核
신경,神经
신경계,神经系
신경계통,神经系统
신경과민,神经过敏
신경관,神经管
신경근,神经根
신경류,神经瘤
신경말초,神经末梢
신경백전,身经百战
신경병,神经病
신경섬유,神经纤维
신경성,神经性
신경성피염,神经性皮炎
신경세포,神经细胞
신경속,神经束
신경쇠약,神经衰弱
신경여연,身轻如燕
신경염,神经炎
신경외과,神经外科
신경원,神经元
신경전,神经战
신경절,神经节
신경제,新经济
신경중추,神经中枢
신경증,神经症
신경질,神经质
신경질적,神经质的
신경착란,神经错乱
신경총,神经丛
신경태,神经肽
신경통,神经痛
신경혜혜,神经兮兮
신계,新界
신계몽주의,新启蒙主义
신고,申告; 辛苦; 身高; 新股
신고비,辛苦费
신고서,申告书
신고식,申告式
신고전주의,新古典主义
신고전주의적,新古典主义的
신고제,申告制
신고증,申告证
신곡,新曲; 神曲
신공,身贡; 神功
신공법,新工法
신공안,新公安
신공안파,新公安派
신공업,新工业
신공표,申公豹
신과제,新课题
신과학,新科学
신관,神官; 新馆
신관상임삼파화,新官上任三把火
신광,晨光
신괴,神怪
신굉,信宏
신교,新教; 信教; 新交; 身教; 神交
신교대,新教队
신교도,新教徒
신교법,新交法
신교육,新教育
신교의원,新桥医院
신교진,新桥镇
신교통,肾绞痛
신구,新旧; 新区; 身躯; 信口
신구개하,信口开河
신구개합,信口开合
신구관위회,新区管委会
신구자황,信口雌黄
신국면,新局面
신국제,新国际
신군,神君
신군부,新军部
신궁,神宫
신궁심불궁,身穷心不穷
신권,神权
신귀,新贵
신규,新规
신규성,新规性
신극,新剧; 辛克
신극사,新剧史
신근,辛勤; 新近; 申根
신금,信金; 信金; 薪金; 新金
신급돈어,信及豚鱼
신기,新奇; 新机; 神奇; 神技; 神机; 神气; 神器; 汛期; 伸肌; 新沂
신기내아,新几内亚
신기란,申纪兰
신기록,新记录; 新纪录
신기루,蜃气楼
신기묘산,神机妙算
신기상,新气象
신기술,新技术
신기원,新纪元
신기전,神机箭
신기제,新机制
신기질,辛弃疾
신기활현,神气活现
신길사,辛吉斯
신낭,新娘
신낭문,新娘们
신녀,神女
신녀봉,神女峰
신년,新年
신년사,新年辞
신년쾌락,新年快乐
신념,信念
신녕,新宁
신노정,新劳政; 新勞政
신농,神农
신농가,神农架
신농씨,神农氏
신농정,新农政
신능,申能
신능원,新能源
신단,身段; 神坛
신단위,肾单位
신당,新党
신당론,新党论
신당진,新塘镇
신대,信贷
신대계,新台阶
신대륙,新大陆
신대원,信贷员
신대자금,信贷资金
신대잡,新台币
신덕륵,辛德勒
신덕리,新德里
신도,信徒; 信道; 新都; 神道; 新到; 信度
신도교,新都桥
신도구,新都区
신도문,信徒们
신도시,新都市
신독,慎独
신동,神童
신동맥,肾动脉
신동방,新东方
신동방학교,新东方学校
신동향,新动向
신두,伸头
신득과,信得过
신라,新罗
신라구,新罗区
신라요,伸懒腰
신락,新乐
신랄,辛辣
신랑,新郎; 新浪; 新郞
신랑공사,新浪公司
신랑동사회,新浪董事会
신랑락고,新浪乐库
신랑주간,新浪周刊
신래지필,神来之笔
신량,辛良; 新粮; 身量
신력,神力; 新历
신련,晨练
신령,神灵; 申领; 信令
신로,辛劳; 晨露
신로자,新路子
신록,新绿
신뢰,信赖; 迅雷; 新蕾
신뢰감,信赖感
신뢰도,信赖度
신뢰부급엄이,迅雷不及掩耳
신뢰부급엄이지핵,迅雷不及掩耳之势
신뢰성,信赖性
신뢰풍렬,迅雷风烈
신료,神聊; 臣僚
신룡,神龙; 新龙
신룡견수부견미,神龙见首不见尾
신룡공사,神龙公司
신룡기차,神龙汽车
신룡생,辛龙生
신릉군,信陵君
신리,信里
신리기,辛里奇
신마,神马; 新马
신만,申万
신망,信望; 身亡
신망도,信望度
신매소,新霉素
신맹,迅猛
신명,神明; 身命; 申明
신명사,新名词
신모,新貌; 辛某
신목,神木
신묘,神庙; 辛卯; 神妙; 新苗
신무,神武
신무분문,身无分文
신무용,新舞踊
신무용사,新舞踊史
신묵서가주,新墨西哥州
신문,新闻; 讯问; 囟门
신문계,新闻界
신문고,申闻鼓; 新闻稿
신문공보,新闻公报
신문국,新闻局
신문국장,新闻局长
신문기자,新闻记者
신문류,新闻类
신문만보,新闻晚报
신문명,新文明
신문물,新文物
신문발포회,新闻发布会
신문사,新闻社
신문성,新闻性
신문업,新闻业
신문업계,新闻业界
신문열선,新闻热线
신문예,新文艺
신문용지,新闻用纸
신문인물,新闻人物
신문자유,新闻自由
신문장,新闻奖
신문중심,新闻中心
신문지,新闻纸
신문처,新闻处
신문출판서,新闻出版署
신문학,新文学
신문화,新文化
신문화운동,新文化运动
신물,信物; 神物
신물질,新物质
신미,辛未
신미박,信微博
신미술,新美术
신미양요,辛未洋扰
신민,新民; 臣民
신민만보,新民晚报
신민속,新民俗
신민시,新民市
신민족주의,新民族主义
신민주간,新民周刊
신민주주의,新民主主义
신민주주의론,新民主主义论
신민주주의혁명,新民主主义革命
신민진,新民镇
신밀,新密; 慎密
신밀시,新密市
신박,申博
신발명,新发明
신발착,信发错
신방,新房; 身旁; 信访
신방자,新房子
신배방,新配方
신법,新法
신변,身边; 申辩
신변잡기,身边杂记
신별,识别
신별률,识别率
신병,新兵; 神兵; 神病; 身柄; 身病; 肾病
신병문,新兵们
신보,申报; 晨报; 信步; 神甫
신보기,申报期
신보단,申报单
신보삼,辛普森
신보수주의,新保守主义
신보수주의적,新保守主义的
신보자,申报者
신복,信服; 臣服
신봉,信奉; 信封; 薪俸
신봉자,信奉者
신봉하,新凤霞
신부,新妇; 神父; 神府
신부과,信不过
신부수사,神不守舍
신부신,信不信
신부유기,身不由己
신부지귀부각,神不知鬼不觉
신북구,新北区
신분,身份; 身分; 身体; 新体
신분관,身分观
신분당,新芬党
신분력행,身体力行
신분소질,身体素质
신분적,身分的
신분정,身份证
신분정법,身份证法
신분제,身分制
신분증,身分证
신붓,新妇
신비,神秘
신비감,神秘感
신비막측,神秘莫测
신비성,神秘性
신비적,神秘的
신비주의,神秘主义
신비주의성,神秘主义性
신비주의자,神秘主义者
신비주의적,神秘主义的
신비화,神秘化
신빙,信凭
신빙성,信凭性
신사,神社; 绅士; 神似; 信使; 新词; 申思; 信邪; 辛巳; 神思; 慎思
신사고,新思考
신사군,新四军
신사도,绅士道
신사물,新事物
신사복,绅士服
신사업,新事业
신사적,绅士的
신사풍도,绅士风度
신사회,新社会
신산,辛酸; 神算
신산루,辛酸泪
신산부,信产部
신산부전신연구원,信产部电信研究院
신산업,新产业
신산품,新产品
신상,神像; 身上; 信箱; 识相
신상명세서,身上明细书
신상선,肾上腺
신상선소,肾上腺素
신상품,新商品
신상필벌,信赏必罚
신색,神色
신색자약,神色自若
신생,新生
신생대,新生代
신생력량,新生力量
신생명,新生命
신생문,新生们
신생물,新生物
신생사물,新生事物
신생아,新生儿
신생아기,新生儿期
신서,新书
신서단단,信誓旦旦
신서란,新西兰
신서란대,新西兰队
신서백리아,新西伯利亚
신서아,辛西娅
신석기,新石器
신석기시대,新石器时代
신석기인,新石器人
신선,新鲜; 神仙
신선로,神仙炉
신선미,新鲜味
신선사졸,身先士卒
신선술,神仙术
신선혈액,新鲜血液
신설,新设; 申雪
신설두,伸舌头
신성,神圣; 神性; 新星; 申城; 晨星; 信诚; 新声
신성구,新城区
신성부가침범,神圣不可侵犯
신성불가침,神圣不可侵; 神圣不可侵
신성사명,神圣使命
신성성,神圣性
신성시,新城市
신성자구,新城子区
신성화,神圣化
신세,身世
신세계,新世界
신세대,新世代
신세대적,新世代的
신세대형,新世代型
신소,申诉; 肾素; 新邵; 信关
신소관,肾小管
신소구,肾小球
신소설,新小说
신소인,申诉人
신소재,新素材
신소현,新邵县
신속,迅速; 神速; 臣属
신수,伸手; 新手; 薪水; 新秀; 身手; 信守; 身受; 信手; 神髓
신수념래,信手拈来
신수도아,信手涂鸦
신수부견오지,伸手不见五指
신수부범,身手不凡
신수이처,身首异处
신술,申述; 神术
신승,辛胜
신시,新诗; 申时; 神市; 新市
신시가지,新市街地
신시구,新市区
신시기,新时期
신시대,新时代
신시무,识时务
신시무자위준걸,识时务者为俊杰
신시장,新市场
신시진,新市镇
신식,信息; 新式; 讯息
신식검색,信息检索
신식계통,信息系统
신식고,信息库
신식관리,信息管理
신식교환,信息交换
신식기술,信息技术
신식량,信息量
신식론,信息论
신식류,信息流; 信息类
신식망,信息网
신식민지,新植民地
신식분석,信息分析
신식비,信息费
신식산업부,信息产业部
신식산업부전신관리국,信息产业部电信管理局
신식산업부전신연구원,信息产业部电信研究院
신식소,信息素
신식수구,信息需求
신식업,信息业
신식원,信息员; 信息源
신식전,信息战
신식처리,信息处理
신식학,信息学
신식화,信息化
신신,新新
신신고고,辛辛苦苦
신신나제,辛辛那提
신신당부,申申当付
신신도도,神神叨叨
신신학자,莘莘学子
신실,信实
신심,信心; 身心
신심십족,信心十足
신심지수,信心指数
신안,新安
신안강,新安江
신안만보,新安晚报
신안보,新安保
신안현,新安县
신앙,信仰
신앙생활,信仰生活
신앙심,信仰心
신앙인,信仰人
신앙자,信仰者
신앙적,信仰的
신야,新野
신약,新约; 新药
신약업,新药业
신양,信阳
신양사범학원,信阳师范学院
신양시,信阳市
신어,新语
신언서판,身言书判
신언지서,信言之瑞
신여,新余
신여당,新与党
신여성,新女性
신여시,新余市
신역,身役
신연,伸延
신연극,新演剧
신염,肾炎
신영,身影; 新颖; 新影
신영격란,新英格兰
신영성,新颖性
신예,新锐; 信誉
신예위기,信誉危机
신오,申奥
신오이량,新奥尔良
신오이량시,新奥尔良市
신온,辛温
신완치,辛烷值
신왕,神王; 神往
신외무물,身外无物
신외지물,身外之物
신요,身腰
신용,信用; 神勇; 申蓉
신용교역,信用交易
신용사,信用社
신용잡,信用卡
신용정,信用证
신용합작사,信用合作社
신우,肾盂; 新雨
신우신염,肾盂肾炎
신우익,新右翼
신운,神韵
신원,伸寃; 身元; 信源; 伸冤; 申冤; 新源
신월,新月
신위,神位; 神威; 申炜; 信威; 申伟
신유,神愈; 神游; 辛酉
신유정,辛维正
신유학,新儒学
신은만,申银万
신음,呻吟
신의,信义; 新意; 新衣; 神医; 新医; 信宜
신의주,新义州
신이,辛夷; 神异; 新异
신이위진,信以为真
신인,新人; 神人
신인문,新人们
신인물,新人物
신인사,新人事
신인신사,新人新事
신인왕,新人王
신인왕전,新人王战
신인장,新人奖
신임,信任; 新任
신임기경,身临其境
신입,新入
신입생,新入生
신잉,身孕
신자,信者; 识字; 身姿; 臣子; 识者
신자골,身子骨
신자반,识字班
신자법,识字法
신작,新作
신작로,新作路
신잔,肾盏
신잡,新币
신장,伸张; 肾脏; 身长; 新装; 伸长; 莘庄; 信长; 辛庄; 新妆
신장개업,新装开业
신장기,伸长期
신장률,伸张率; 伸张率; 伸长率
신장세,伸张势
신장염,肾脏炎
신장정의,伸张正义
신장지철참,莘庄地铁站
신장하,新墙河
신재,身材; 识才
신재료,新材料
신재벌,新财阀
신재복중부지복,身在福中不知福
신재조영심재한,身在曹营心在汉
신저,新著
신적,新的; 神的; 辛迪
신전,神殿; 伸展; 信笺; 新田
신전신후,身前身后
신전현,新田县
신점진,新店镇
신접,新接
신정,新正; 神情; 新政; 新郑; 汛情
신정맥,肾静脉
신정부,新政府
신정시,新郑市
신정저상,神情沮丧
신정치,新政治
신정황홀,神情恍惚
신제,新制
신제품,新制品
신제형,新题型
신조,信条; 新潮; 神雕; 晨操
신조류,新潮流
신조비,信噪比
신조어,新造语
신종,新种; 信从; 晨钟
신종모고,晨钟暮鼓
신종여시,慎终如始; 愼终如始
신종추원,慎终追远; 愼终追远
신좌익,新左翼
신주,新株; 神主; 神舟; 神州; 新洲; 新州
신주간,新周刊
신주구,新洲区
신주대지,神州大地
신죽,新竹
신죽시,新竹市
신중,慎重; 愼重; 信中; 身重
신중간,新中间
신중국,新中国
신중론,慎重论; 愼重论
신중론자,慎重论者; 愼重论者
신중성,慎重性; 愼重性
신즉,迅即
신증,新增
신증설,新增设
신지,臣智; 神志; 神智; 新址; 新知; 信纸
신지고,辛芷姑
신지부청,神志不清
신직,伸直
신직인원,神职人员
신진,新进; 新津
신진대사,新陈代谢
신진인원,新进人员
신진입자,新进入者
신진현,新津县
신진화론,新进化论
신진화론자,新进化论者
신진화주의,新进化主义
신질,迅疾
신질서,新秩序
신집,辛集
신차,新茶
신착,身着
신찰,信札
신참,新参
신창,新厂; 新昌
신창수,神枪手
신창현,新昌县
신채,神采; 新菜; 新蔡
신채비양,神采飞扬
신채혁혁,神采奕奕
신처,身处
신척,申斥
신천,新天
신천옹,信天翁
신천유,信天游
신천지,新天地
신첩,迅捷; 辛捷
신청,申请
신청권,申请权
신청기상,神清气爽
신청비,申请费
신청서,申请书
신청인,申请人
신청자,申请者
신청표,申请表
신체,身体; 信达; 申达
신체검사,身体检查
신체공사,信达公司
신체발부,身体发肤
신체시,新体诗
신체장애,身体障碍
신체장애자,身体障碍者
신체적,身体的
신촌,新村
신추,辛丑; 新秋
신축,新筑; 伸缩
신축년,辛丑年
신축봉,伸缩缝
신축비,新筑费
신축성,伸缩性
신축식,伸缩式
신축적,伸缩的
신춘,新春
신춘문예,新春文艺
신출,新出; 伸出
신출귀몰,神出鬼没
신출귀물,新出贵物
신취,识趣
신쾌보,新快报
신타,吲哚
신탁,信托; 神托
신탁공사,信托公司
신탁기금,信托基金
신탁법,信托法
신탁업,信托业
신탁자산,信托资产
신탁재산,信托财产
신탁투자,信托投资
신탁투자공사,信托投资公司
신탄림,薪炭林
신태,神态; 新泰
신태부,信泰富
신태자약,神态自若
신택서,新泽西
신택서주,新泽西州
신토불이,身土不二; 身土不二
신통,神通; 申通; 信通
신통광대,神通广大
신통력,神通力
신통술,神通术
신퇴,伸腿
신파,识破; 神婆
신파극,新派剧
신파극단,新派剧团
신파극적,新派剧的
신파적,新派的
신판,新版; 申办; 身板
신패명렬,身败名裂
신편,新编
신편장,新篇章
신평,新平
신평야,新平野
신표,信标
신품,新品; 神品
신풍,新风; 晨风; 新丰; 信丰
신풍로,新风路
신풍속,新风俗
신풍현,信丰县
신피질,肾皮质
신하,臣下; 新河
신학,神学
신학가,神学家
신학기,新学期
신학년도,新学年度
신학문,新学问
신학생,神学生
신학원,神学院
신학자,神学者
신학적,神学的
신한,神汉
신한포십이주,新罕布什尔州
신함,信函
신함령어,身陷囹圄
신합,信鸽
신항,新港
신항만,新港湾
신해,辛亥
신해혁명,辛亥革命
신행,慎行
신향,伸向; 新乡
신향시,新乡市
신현,新县; 莘县
신협,信协
신형,新型; 身形
신형재료,新型材料
신호,信号; 讯号; 神户
신호기,信号机
신호기기,神乎其技
신호기신,神乎其神
신호등,信号灯
신호탄,信号弹
신혼,新婚; 神魂; 晨昏
신혼부부,新婚夫妇
신혼여행,新婚旅行; 新婚旅行
신혼여행지,新婚旅行地; 新婚旅行地
신혼연이,新婚燕尔
신혼전도,神魂颠倒
신화,神话; 申花; 新华; 新货; 神化; 识货; 新和; 新化; 申华; 辛华
신화구,新华区
신화구락부,申花俱乐部
신화대,申花队
신화로분육장,新华路体育场
신화망,新华网
신화사,新华社
신화사향항분사,新华社香港分社
신화서점,新华书店
신화시대,神话时代
신화양,新花样
신화의원,新华医院
신화일보,新华日报
신화적,神话的
신화집단,神华集团
신화출판사,新华出版社
신화통신사,新华通讯社
신화학자,神话学者
신화현,新化县
신환,新欢
신활검,肾活检
신회,新会
신회구,新会区
신회륙갑,身怀六甲
신회절기,身怀绝技
신효,神效
신효기,辛晓琪
신효자전,新孝子传
신후,身后
신휴,肾亏
신흘법,新吃法
신흥,新兴
신흥공사,新兴公司
신흥산업,新兴产业
신흥시장,新兴市场
신흥의원,新兴医院
신흥학과,新兴学科
신희,晨曦; 新禧
신희망집단,新希望集团
실,实; 失; 室; 悉; 螅; 蟋; 窸; 鏭; 實; 実
실가,实价
실가지락,室家之乐; 室家之樂
실각,失脚; 失却
실간,实干
실간가,实干家
실간격,室间隔
실감,实感
실거,失去
실거래,实去来
실격,失格
실경,实景; 失敬
실계,失戒
실공,失控; 实空
실과,实科
실관막,室管膜
실구입,实求入
실국장,实局长
실권,实权
실권자,实权者
실금,失禁
실기,失机; 实技
실기실,实技室
실내,室内
실내등,室内灯
실내락,室内乐
실내악단,室内乐团
실내용품,室内用品
실내조명,室内照明
실내화,室内靴
실니,悉尼
실니가극원,悉尼歌剧院
실니대학,悉尼大学
실니오운회,悉尼奥运会
실다,实多
실답증,失答症
실당,失当
실덕구락부,实德俱乐部
실덕대,实德队
실덕집단,实德集团
실도,失掉
실락,失落
실락감,失落感
실력,实力
실력자,实力者
실력파,实力派
실력형,实力型
실련,失恋
실령,失灵
실례,失礼; 实例
실록,实录
실리,实利; 失利
실리적,实利的
실마치구,失马治廐
실망,失望
실망감,失望感
실망이귀,失望而归
실면,失眠
실면자,失眠者
실면증,失眠症
실명,失明; 实名
실명인,失明人
실명제,实名制
실명화,实名化
실무,实务
실무계,实务界
실무자,实务者
실무적,实务的
실무진,实务阵
실물,实物; 失物
실물초령,失物招领
실반,实盘
실배,失陪
실변,实变
실보관,实保管
실분,实体; 失分
실분법,实体法
실분성,实体性
실분화,实体化
실사,实查; 实事; 失事; 实词
실사구시,实事求是
실사례,实事例
실사회,实社会
실산,失散; 失算
실상,实状; 实相; 失常; 实像
실상적,实状的
실색,失色
실생활,实生活
실선,实线
실설,实说
실성,失性; 失声; 实诚
실성기,失性气; 室性期
실성실성,失性失性
실성통곡,失声痛哭
실세,实势
실소,失笑; 失所
실속,失速
실솔,蟋蟀
실수,失手; 悉数; 失守; 失水; 实数; 失修
실수담,失手谈
실수왕,失手王
실수요자,实需要者
실수율,失手率; 失手率
실습,实习
실습기,实习期
실습기자,实习记者
실습림,实习林
실습비,实习费
실습생,实习生
실습실,实习室
실습지,实习地
실시,实施; 实时; 实是; 失时
실시간,实时间
실시론,实施论
실시설,实施说
실시성,实时性
실시자,实施者
실시처리,实时处理
실신,失神; 失信; 失身
실실,失实; 实实
실실재재,实实在在
실심,悉心; 实心
실심구,实心球
실약,失约
실어증,失语症
실억,失忆
실언,失言
실업,失业; 实业
실업가,实业家
실업계,实业系; 实业界
실업고,实业高
실업률,失业率; 失业率
실업은행,实业银行
실업자,失业者
실업학교,实业学校
실연,失恋; 实演; 失戀
실연주의,实演主义
실오,失误
실오률,失误率
실온,室温
실외,室外
실용,实用
실용서,实用书
실용성,实用性
실용적,实用的
실용주의,实用主义
실용형,实用型
실용화,实用化
실우,室友
실우문,室友们
실유,实有
실의,失意
실의자,失意者
실이복득,失而复得
실이익,实利益
실익,实益
실작업,实作业
실장,室长
실장단,实长短
실재,实在
실재론,实在论
실재론자,实在论者
실재성,实在性
실재시,实在是
실적,实绩
실전,实战; 失传; 室颤
실전성,实战性
실절,失窃; 失节
실절안,失窃案
실점,失点
실정,失政; 实情; 实证
실정법,实定法
실제,实弟; 实际
실제상,实际上
실제성,实题性; 实际性
실제적,实题的
실조,失调; 失措
실족,失足; 实足
실족사,失足死
실존,实存
실존적,实存的
실존주의,实存主义
실존주의자,实存主义者
실존주의적,实存主义的
실종,失踪
실종안,失踪案
실종자,失踪者
실주,失主
실중,失重
실증,实证
실증적,实证的
실증주의,实证主义
실증주의론자,实证主义论者
실증주의자,实证主义者
실증주의적,实证主义的
실지,实地; 失地
실지교비,失之交臂
실지동우,失之东隅
실지명귀,实至名归
실지조사,实地调查
실지호리,失之毫厘
실직,失职; 实职
실직자,失职者
실진,失真
실질,实质
실질상,实质上
실질성,实质性
실질적,实质的
실찰,失察
실책,失策; 失责
실천,实践
실천가,实践家
실천론,实践论
실천성,实践性
실천자,实践者
실천적,实践的
실천출진지,实践出真知
실청존편,悉听尊便
실체,实体
실체적,实体的
실체집단,实达集团
실체화,实体化
실총,失聪; 失宠
실추,失坠
실측,实测
실칙,实则
실타실,实打实
실탄,实弹
실태,实态; 失态
실토,实吐
실패,失败
실패담,失败谈
실패률,失败率
실패시성공지모,失败是成功之母
실패자,失败者
실패작,失败作
실학,实学; 失学
실학사상,实学思想
실학자,实学者
실학파,实学派
실함,失陷
실핵,失势
실행,实行
실행기,实行机
실행형,实行型
실향,失鄕
실험,实验
실험극,实验剧
실험기,实验期
실험당,实验当
실험대,实验台
실험도,实验度
실험반,实验班
실험법,实验法
실험복,实验服
실험성,实验性
실험실,实验室
실험자,实验者
실험적,实验的
실험품,实验品
실험학교,实验学校
실현,实现
실현성,实现性
실현자,实现者
실혈,失血
실혈량,失血量
실혈성휴극,失血性休克
실형,实刑; 失衡
실혜,实惠
실혼락백,失魂落魄
실화,实话; 失火; 失和
실화실설,实话实说
실황,实况
실효,失效; 实效
실효성,实效性
실효적,实效的
심,心; 深; 甚; 审; 沉; 寻; 沈; 芯; 婶; 沁; 谌; 鲟; 浔; 渖; 葚; 谂; 吣; 椹; 𬩽; 蕈; 镡; 谉; 瞫; 魫; 邥; 尋; 諗; 審; 嬸
심가,甚佳
심가공,深加工
심각,深刻
심각성,深刻性
심간,心肝; 审看; 深涧
심감,深感; 心坎; 心甘
심감부안,深感不安
심감정원,心甘情愿
심개심,寻开心
심거간출,深居简出
심결,审结
심경,心境; 深耕
심경담전,心惊胆战; 心惊胆颤
심경반야,深更半夜
심경육도,心惊肉跳
심계,审计; 心悸; 心计
심계국,审计局
심계법,审计法
심계사,审计师
심계서,审计署
심계원,审计员
심계장,审计长
심고,心告; 审稿; 心高
심고기오,心高气傲
심곡,深谷; 心曲
심공,深空; 深恐
심관,心宽; 心管
심관분반,心宽体胖
심광,深广
심광신이,心旷神怡
심교,深交; 审校
심교통,心绞痛
심구,寻求; 心口; 深究; 深沟; 寻仇; 深仇
심구대한,深仇大恨
심구부일,心口不一
심규,深闺
심근,心筋; 寻根
심근막,深筋膜
심근지려,寻根之旅
심금,心琴
심급,审级; 心急
심급여분,心急如焚
심급화료,心急火燎
심기,心气; 心肌; 心机; 寻机
심기경사,心肌梗死
심기경새,心肌梗塞
심기병,心肌病
심기염,心肌炎
심기일전,心机一转
심난,甚难
심남,深南
심남대도,深南大道
심남로,深南路
심납소,心钠素
심낭,婶娘
심내막,心内膜
심뇌혈관,心脑血管
심단견,寻短见
심담,深谈; 深湛
심대,甚大
심도,深度; 心跳; 寻道
심도관,心导管
심독,审读
심동,心疼; 心动; 深冬
심동과속,心动过速
심동과완,心动过缓
심두육,心头肉
심득,心得
심득민심,深得民心
심득인심,深得人心
심란,心乱
심란여마,心乱如麻
심려,心虑
심력,心力
심력교췌,心力交瘁
심력쇠갈,心力衰竭
심련심,心连心
심령,心灵; 心领
심령미,心灵美
심령수교,心灵手巧
심령술사,心灵术使
심령신회,心领神会
심령심처,心灵深处
심로,心路
심록,深绿
심률,心律; 心率
심리,审理; 心理; 心里
심리극,心理剧
심리도,心理度
심리두,心里头
심리발모,心里发毛
심리보도,心理辅导
심리유수,心里有数
심리자순중심,心理咨询中心
심리작용,心理作用
심리적,心理的
심리전,心理战
심리정핵,心理定势
심리학,心理学
심리학가,心理学家
심리학계,心理学界
심리학과,心理学科
심리학자,心理学者
심리학적,心理学的
심리화,心里话
심마,甚么
심만의족,心满意足
심멱,寻觅
심명대의,深明大义
심명안량,心明眼亮
심모원려,深谋远虑
심모원필,深谋远虑
심목,心目
심문,审问
심문자,审问者
심미,审美; 寻味
심미관,审美观
심미성,审美性
심미안,审美眼
심미적,审美的
심박,心搏
심박출량,心搏出量
심방,心房; 寻访
심백,心魄
심번,心烦; 深翻
심번의란,心烦意乱
심법,心法
심병,心病
심보,寻宝
심복,心腹; 心服
심복구복,心服口服
심복대환,心腹大患
심복지환,心腹之患
심부,心浮
심부가측,深不可测
심부기조,心浮气躁
심부번,心不烦
심부재언,心不在焉
심부전증,心不全症
심비,审批; 心扉
심비권,审批权
심비천고,心比天高
심사,审查; 心思; 心事; 深思; 寻思; 寻死
심사과장,审查课长
심사멱활,寻死觅活
심사숙고,深思熟考
심사숙필,深思熟虑
심사원,审查员
심사중중,心事重重
심산,心算; 心酸; 深山
심산로림,深山老林
심산밀림,深山密林
심산유곡,深山幽谷
심상,寻常; 心状; 心象; 心想
심상과,寻常科
심상사성,心想事成
심상인,心上人
심상형,寻常型
심색,深色
심서,心绪
심서부녕,心绪不宁
심성,心性; 心声
심성암,深成岩
심성칙령,心诚则灵
심세,心细
심세여발,心细如发
심쇄,心碎
심쇠,心衰
심수,深圳; 深受; 深邃; 深水; 沁水
심수건력보대,深圳健力宝队
심수검험검역국,深圳检验检疫局
심수공사,深圳公司
심수과,深圳科
심수광전집단,深圳广电集团
심수교역소,深圳交易所
심수구락부,深圳俱乐部
심수금위대,深圳金威队
심수기장,深圳机场
심수대,深圳队
심수대학,深圳大学
심수루,深圳楼
심수만,深圳湾
심수만보,深圳晚报
심수발전은행,深圳发展银行
심수방지산시장,深圳房地产市场
심수분공사,深圳分公司
심수분육장,深圳体育场
심수분행,深圳分行
심수상보,深圳商报
심수시,深圳市
심수시공안국,深圳市公安局
심수시상업은행,深圳市商业银行
심수시위,深圳市委
심수시위생국,深圳市卫生局
심수시인민의원,深圳市人民医院
심수시장,深圳市场
심수시중급인민법원,深圳市中级人民法院
심수위시,深圳卫视
심수작탄,深水炸弹
심수전시대,深圳电视台
심수정권교역소,深圳证券交易所
심수족구구락부,深圳足球俱乐部
심수중심,深圳中心
심수지구,深圳地区
심수참,深圳站
심수특구,深圳特区
심수하,深圳河
심수항,深圳港
심수항공공사,深圳航空公司
심수해소,深圳海关
심수화차참,深圳火车站
심술,心术
심술부정,心术不正
심시,审视; 深市
심시도핵,审时度势
심식,深植
심신,心身; 审讯; 心神; 深信; 审慎
심신부녕,心神不宁
심신부안,心神不安
심신부의,深信不疑
심신부정,心神不定
심신성,审慎性
심실,心室
심실률,心室率
심실전동,心室颤动
심실중격,心室中隔
심심,甚深; 深深; 婶婶
심심념념,心心念念
심심멱멱,寻寻觅觅
심심상인,心心相印
심심적,深深的
심심지,深深地
심아,婶儿
심악통절,深恶痛绝
심안,心眼; 心安; 审案
심안리,心眼里
심안리득,心安理得
심안아,心眼儿
심암,深谙
심애,心爱
심야,深夜
심약,心弱
심양,心痒; 沁阳
심양시,沁阳市
심어,鲟鱼
심여도교,心如刀绞
심여도할,心如刀割
심여사회,心如死灰
심여지수,心如止水
심연,深渊; 心软
심열,审阅
심열성복,心悦诚服
심영,心影
심오,深奥; 寻乌
심와,心窝
심외과,心外科
심외막,心外膜
심원,深远; 心愿; 沁源
심원의마,心猿意马
심원춘,沁园春
심원현,沁源县
심위,甚为; 深为
심유감촉,深有感触
심유령서,心有灵犀
심유령서일점통,心有灵犀一点通
심유여계,心有余悸
심유여이력부족,心有余而力不足
심음,心音
심의,审议; 深衣; 心意; 深意
심의관,审议官
심의료,审议料
심의실,审议室
심의이구,心仪已久
심이,甚而
심인계사,寻人启事
심인성,心因性
심인심비,沁人心脾
심입,深入
심입골수,深入骨髓
심입기층,深入基层
심입세치,深入细致
심입인심,深入人心
심입채방,深入采访
심입천출,深入浅出
심자,婶子; 芯子
심자수연,心慈手软
심잡음,心杂音
심장,心脏; 深长; 心肠; 深藏
심장병,心脏病
심장부,心脏部
심장부로,深藏不露
심장성,心脏性
심장학,心脏学
심저,心底
심적,心的; 心迹
심전,心田
심전도,心电图
심절,深切; 心切
심정,心情; 深情; 审定; 心静; 心旌
심정맥,深静脉; 心静脉
심정압억,心情压抑
심정적,心情的
심정후의,深情厚谊; 深情厚意
심제,审制
심조,寻找; 深造; 心照; 心潮
심조기복,心潮起伏
심조부선,心照不宣
심조팽배,心潮澎湃
심존,心存
심존개체,心存芥蒂
심종,寻踪
심중,心中; 深重; 心重
심중무수,心中无数
심중유귀,心中有鬼
심중유수,心中有数
심중유심,心中有心
심증,心证
심지,甚至; 深知; 心智; 心地; 心志; 寻址; 深指; 深挚
심지선량,心地善良
심지어,甚至于
심지우,甚至于
심직구쾌,心直口快
심처,深处
심천,深浅
심첨,心尖
심초,心焦
심추,深秋
심취,心醉
심취신미,心醉神迷
심층,深层
심층적,深层的
심층차,深层次
심치신왕,心驰神往
심침,深沉
심태,心态
심택대원,深宅大院
심통,心痛; 深通
심투,深透
심판,审判
심판관,审判官
심판권,审判权
심판대,审判台
심판원,审判员
심판장,审判长
심판적,审判的
심판정,审判庭
심편,芯片
심편문,芯片们
심편조,芯片组
심평,审评
심평기화,心平气和
심폐,心肺
심포,心包
심포강,心包腔
심포염,心包炎
심한,心寒; 心狠
심한수랄,心狠手辣
심함,深陷
심해,深海
심핵,审核
심핵원,审核员
심향왕지,心向往之
심허,心虚
심현,心弦
심혈,心血
심혈관,心血管
심혈래조,心血来潮
심호,寻呼
심호기,寻呼机
심호대,寻呼台
심호흡,深呼吸
심혹,甚或
심혼,心魂
심홍,深红
심화,心火; 深化; 心花
심화로방,心花怒放
심화문류,寻花问柳
심환작락,寻欢作乐
심황,心慌
심황의란,心慌意乱
심회,心怀; 寻回
심회귀태,心怀鬼胎
심회부궤,心怀不轨
심회부만,心怀不满
심회의라,心灰意懒
심회의랭,心灰意冷
심회파측,心怀叵测
심효진상,甚嚣尘上
심후,深厚
심흉,心胸
심흉개활,心胸开阔
심흔,寻衅
십,十; 什; 拾; 辻
십가,十佳
십강현,十强县
십구,十九
십금,什锦
십기,十几
십기만,十几万
십기억,十几亿
십나구은,十拿九稳
십년감수,十年减寿
십년구한,十年九旱
십년여일일,十年如一日
십년지계,十年之计
십년창하,十年窗下
십년파정승,十年怕井绳
십년한창,十年寒窗
십단,十段
십대,十大
십대류,十大类
십래,十来
십래만,十来万
십리보,十里堡
십리양장,十里洋场
십리장가,十里长街
십리팔향,十里八乡
십리하,十里河
십마,什么
십마시,什么是
십마양,什么样
십마장,什么奖
십마적,什么的
십만,十万
십만대산,十万大山
십만분지일,十万分之一
십만팔천리,十万八千里
십만화급,十万火急
십맹일장,十盲一杖
십면매복,十面埋伏
십목소시,十目所视
십물,什物
십방,什邡
십백지기,什佰之器
십벌지목,十伐之木
십부제,十部制
십분,十分
십분지일,十分之一
십사,十四
십사대,十四大
십사행시,十四行诗
십삼,十三
십삼경,十三经
십삼릉,十三陵
십삼릉수고,十三陵水库
십상,十常
십성,十圣; 十成
십수만,十数万
십시일반,十匙一饭
십악부사,十恶不赦
십언,十堰
십언시,十堰市
십오,十五
십월,十月
십월분,十月份
십월혁명,十月革命
십유팔구,十有八九
십육,十六; 十六
십육국,十六国; 十六国
십육위제,十六卫制; 十六卫制
십육절지,十六切纸; 十六切纸
십이,十二
십이륙,十二六
십이생초,十二生肖
십이십이,十二十二
십이월,十二月
십이월분,十二月份
십이지,十二指; 十二支
십이지장,十二指肠
십이지장궤양,十二指肠溃疡
십인십색,十人十色
십일,十一
십일월,十一月
십일월분,十一月份
십자,十字
십자가,十字架; 十字街
십자가두,十字街头
십자군,十字军
십자로구,十字路口
십자화과,十字花科
십장,什长
십장가,十杖歌
십장생,十长生
십적수,十滴水
십전,十全
십전대보,十全大补
십전대보탕,十全大补汤
십전대보환,十全大补丸
십전백,十传百
십전십미,十全十美
십정,十停
십족,十足
십중팔구,十中八九
십지련심,十指连心
십지팔구,十之八九
십진법,十进法
십진제,十进制
십찰,十刹
십칠,十七
십팔,十八
십팔라한,十八罗汉
십팔반무예,十八般武艺
십팔층지옥,十八层地狱
십현,十玄
십협파,什叶派
쌀,㐘
쌍,双; 艭; 雙
쌍각,双脚
쌍강,双杠; 双江
쌍거,双键
쌍격,双击
쌍견,双肩
쌍경로,双径路
쌍계도,双季稻
쌍곡선,双曲线
쌍공,双工
쌍과부,双寡妇
쌍관제하,双管齐下
쌍교,双桥
쌍교선,双绞线
쌍구,双沟; 双钩
쌍구균,双球菌
쌍궤,双轨
쌍기간균,双歧杆菌
쌍두,双头
쌍라선,双螺旋
쌍록,双鹿
쌍록대,双鹿队
쌍료,双料
쌍류,双流
쌍류국제기장,双流国际机场
쌍류기장,双流机场
쌍류현,双流县
쌍륜,双轮
쌍면,双面
쌍목,双木
쌍무,双务
쌍무적,双务的
쌍발,双发
쌍발기,双发机
쌍방,双方
쌍방적,双方的
쌍배,双倍
쌍백,双柏
쌍벽,双璧
쌍변,双边
쌍보험,双保险
쌍봉,双峰
쌍봉현,双峰县
쌍분,双酚
쌍생,双生
쌍생아,双生儿
쌍성,双城; 双星; 双声
쌍성시,双城市
쌍소,双关
쌍수,双手; 双数
쌍숙쌍비,双宿双飞
쌍순환,双循环
쌍신,双薪
쌍심,双心
쌍쌍,双双
쌍안경,双眼镜
쌍안피,双眼皮
쌍압산,双鸭山
쌍압산시,双鸭山市
쌍양,双阳; 双氧
쌍양수,双氧水
쌍어좌,双鱼座
쌍엽,双叶
쌍원,双元
쌍월,双月
쌍월간,双月刊
쌍위,双位
쌍인,双人
쌍인검,双刃剑
쌍인무,双人舞
쌍인새,双人赛
쌍일,双日
쌍자궁,双子宫
쌍자성좌,双子星座
쌍자좌,双子座
쌍전,双全
쌍정,双井
쌍정점,双井店
쌍중,双重
쌍중국적,双重国籍
쌍직공,双职工
쌍창,双抢
쌍청,双清
쌍층,双层
쌍친,双亲
쌍타,双打
쌍탑,双塔
쌍태,双胎
쌍포,双砲
쌍포태,双胞胎
쌍학위,双学位
쌍항,双缸
쌍향,双向; 双响
쌍황,双簧
쌍휴,双休
쌍휴일,双休日
쌍희,双喜
쌍희임문,双喜临门
씨,氏
씨족,氏族
씨족제,氏族制
씻,㘒
아,我; 儿; 亚; 阿; 啊; 俄; 牙; 雅; 饿; 哦; 讶; 鹅; 哑; 鸦; 丫; 芽; 衙; 娥; 娅; 峨; 伢; 蛾; 蚜; 婀; 桠; 氩; 垭; 锕; 硪; 屙; 疴; 莪; 迓; 吖; 砑; 痖; 铔; 钶; 聣; 睋; 襾; 兒; 餓; 亞; 涐; 峩; 鵝; 啞; 児; 皒; 錒; 亜; 鴉
아가,阿哥; 儿歌; 阿加
아가극사,阿贾克斯
아가나,雅迦娜
아가사창,我歌查唱
아가서,阿加西
아가이,我可以
아가찰덕,阿加扎德
아가체,雅加达
아각득,我觉得
아간,牙龈
아간염,牙龈炎
아감,阿甘
아강,阿强; 阿康
아개,雅凯
아거,我去
아거락,雅居乐
아걸,阿杰
아견유령,我见犹怜
아결,雅洁
아경,俄顷
아계,亚系
아고,牙膏
아고산,亚高山
아곤탑,亚昆塔
아골질,牙骨质
아공,阿公; 俄共
아과,儿科; 牙科; 亚科; 阿瓜
아과이,雅戈尔
아과진소,牙科诊所
아과학,儿科学
아관,俄馆; 雅观; 牙冠
아관소조,亚冠小组
아굉,阿訇
아교,阿胶
아구,亚欧; 阿丘; 亚区; 牙口; 牙垢; 牙具
아구대륙,亚欧大陆
아구대륙교,亚欧大陆桥
아구리차대,亚久里车队
아구무언,哑口无言
아국,我国; 俄国
아국인,俄国人
아군,我军; 亚军; 亚群
아귀,饿鬼
아균반,牙菌斑
아극,雅克; 哑剧; 阿克
아극랍,阿克拉
아극랍하마주,俄克拉何马州
아극살렬사려,阿克萨烈士旅
아극살청진사,阿克萨清真寺
아극소,阿克苏
아극소시,阿克苏市
아극소지구,阿克苏地区
아근,牙根; 阿根
아근정,阿根廷
아근정국가대,阿根廷国家队
아근정대,阿根廷队
아금,阿金
아금새,亚锦赛
아긍색주,阿肯色州
아기,亚基; 阿奇
아기낙,阿基诺
아길,阿吉
아나,婀娜
아나다자,婀娜多姿
아낙,阿诺
아낙덕,阿诺德
아남,阿南
아남덕,阿南德
아납금,阿纳金
아납해모,阿纳海姆
아내,衙内
아내이잡,阿内尔卡
아녀,儿女
아녀문,儿女们
아녀자,儿女子
아녀정장,儿女情长
아노과유기,亚努科维奇
아능,我能
아다,阿爹
아단,阿丹
아단검,鹅蛋脸
아담,雅淡
아당,亚当
아당사,亚当斯
아대구,亚大区
아덕,阿德
아덕래덕,阿德莱德
아덕래덕대,阿德莱德队
아덕래덕련대,阿德莱德联队
아덕리아낙,阿德里亚诺
아덕이만,阿德尔曼
아덕파약,阿德巴约
아도,我都
아도부,阿道夫
아돈,雅顿
아동,儿童; 亚东; 阿东
아동극,儿童剧
아동기,儿童期
아동단,儿童团
아동독물,儿童读物
아동목,阿童木
아동문,儿童们
아동문학,儿童文学
아동용,儿童用
아동용품,儿童用品
아동의원,儿童医院
아동절,儿童节
아동절목,儿童节目
아동주졸,儿童走卒
아동편,儿童片
아동학자,儿童学者
아동화,儿童画
아두,丫头; 阿杜
아두문,丫头们
아두편자,丫头片子
아득리아해,亚得里亚海
아등납,阿登纳
아라,阿罗
아라사,俄罗斯
아라사대,俄罗斯队
아라사대사관,俄罗斯大使馆
아라사련방안전국,俄罗斯联邦安全局
아라사석유공사,俄罗斯石油公司
아라사시장,俄罗斯市场
아라사신문사,俄罗斯新闻社
아라사족,俄罗斯族
아라사천연기공업고분공사,俄罗斯天然气工业股份公司
아라약,阿罗约
아락,雅乐
아란,阿兰
아란석,鹅卵石
아랍,阿拉
아랍공내사,阿拉贡内斯
아랍목도,阿拉木图
아랍백,阿拉伯
아랍백국가,阿拉伯国家
아랍백국가련맹,阿拉伯国家联盟
아랍백련합추장국,阿拉伯联合酋长国
아랍백문,阿拉伯文
아랍백반도,阿拉伯半岛
아랍백세계,阿拉伯世界
아랍백수자,阿拉伯数字
아랍백어,阿拉伯语
아랍백인,阿拉伯人
아랍백전시대,阿拉伯电视台
아랍백해,阿拉伯海
아랍법특,阿拉法特
아랍빈사기,雅拉宾斯基
아랍사가,阿拉斯加
아랍사가주,阿拉斯加州
아랍산구,阿拉山口
아랍선,阿拉善
아랍유,阿拉维
아랍이,阿拉尔
아랍정,阿拉丁
아랍파마주,阿拉巴马州; 亚拉巴马州
아랑,儿郎
아랑지구,饿狼之口
아래극사,阿莱克斯
아량,雅量; 我俩; 阿良
아려,雅丽; 阿丽
아려아나,阿丽亚娜
아력극사,亚历克斯
아력산,亚力山
아력산대,亚历山大
아련,阿联
아련방,俄联邦
아련방안전국,俄联邦安全局
아련추,阿联酋
아련추대,阿联酋队
아렬,阿烈
아렬극사야부,阿列克谢耶夫
아령,哑铃
아로장포강,雅鲁藏布江
아롱강,雅砻江
아룡,阿龙
아룡만,亚龙湾
아류,亚类
아류산,亚硫酸
아류화,蛾类化
아륜,阿伦; 亚伦
아륭,阿隆
아륭색,阿隆索
아륵강,俄勒冈
아륵강주,俄勒冈州
아륵대사,阿勒代斯
아륵태,阿勒泰
아륵태지구,阿勒泰地区
아리,阿里
아리극사,亚利克斯
아리납사,阿里纳斯
아리사다덕,亚里士多德
아리사체덕,阿里斯蒂德
아리산,阿里山
아리상나,亚利桑那
아리상나주,亚利桑那州
아리야부,阿利耶夫
아리지구,阿里地区
아리파파,阿里巴巴
아리파파공사,阿里巴巴公司
아리파파집단,阿里巴巴集团
아리한,阿里汉
아림,阿林
아마,亚麻; 阿妈; 阿玛; 亚马
아마니,阿玛尼
아마산,亚麻酸
아마손,亚马逊
아마손하,亚马逊河; 亚马孙河
아마합,雅马哈
아마합차대,雅马哈车队
아막서림,阿莫西林
아만,阿曼
아만대,阿曼队
아만체,阿曼达
아말기,阿帕奇
아매,阿妹; 阿梅
아매가,牙买加
아매가대,牙买加队
아매리오,阿梅里奥
아맹,阿盟
아명,阿明
아모,鹅毛; 阿姆; 阿毛
아모대설,鹅毛大雪
아모라,阿姆罗
아모사특단,阿姆斯特丹
아모사특랑,阿姆斯特朗
아목,阿木
아몽,阿蒙
아묘아구,阿猫阿狗
아문,我们; 衙门; 阿门; 俄文; 阿文; 雅文
아문량,我们俩
아미,峨眉; 娥眉; 阿米; 蛾眉
아미니아,亚美尼亚
아미산,峨眉山
아미이,阿米尔
아미체기,阿米蒂奇
아미타불,阿弥陀佛
아미타여래,阿弥陀如来
아미파,阿米巴
아방,我方; 阿方
아방궁,阿房宫
아배,我辈; 牙胚
아백,牙白; 阿伯
아백랍한,亚伯拉罕
아범제,阿凡提
아범체,阿凡达
아복,阿福
아복두랍,阿卜杜拉
아복두륵,阿卜杜勒
아본질,牙本质
아봉,牙缝
아부,我不; 阿附
아부새,阿夫塞
아부한,阿富汗
아부한유격대,阿富汗游击队
아분,阿芬
아비,阿飞; 阿比
아비국가,亚非国家
아비규환,阿鼻叫唤
아비랍,亚非拉
아비아체,阿比亚蒂
아비양,阿比让
아비찰이덕,阿比扎伊德
아비회의,亚非会议
아사,饿死; 雅思; 阿斯; 雅士
아사과리,阿斯科利
아사나,阿史那
아사돈유랍,阿斯顿维拉
아사돈유랍대,阿斯顿维拉队
아사란,阿斯兰
아사리,雅士利
아사탑납,阿斯塔纳
아사필림,阿司匹林; 阿斯匹林
아산,峨山
아살덕,阿萨德
아삼납,阿森纳
아삼납구락부,阿森纳俱乐部
아삼납대,阿森纳队
아상,我想; 我相; 牙床
아새락,阿赛洛; 阿塞洛
아새배강,阿塞拜疆
아새배강대,阿塞拜疆队
아새비,阿塞菲
아서,衙署
아석,牙石
아선,牙线
아설,我说; 阿雪
아성,牙城; 阿城
아성시,阿城市
아세,亚岁
아세아,亚细亚
아소,牙关
아속,雅俗
아속공상,雅俗共赏
아손,儿孙
아손만당,儿孙满堂
아손문,儿孙们
아쇄,牙刷
아수,牙髓
아수라,阿修罗
아수라장,阿修罗场
아수염,牙髓炎
아슬,亚瑟; 阿瑟
아시,我是; 儿时
아식,儿媳
아식부,儿媳妇
아신,亚辛
아심여칭,我心如称
아십리,阿什利
아아,哦哦; 啊啊; 哑哑; 阿阿; 阿雅
아아랍,阿亚拉
아아아,阿阿阿
아아학어,牙牙学语
아안,雅安
아안시,雅安市
아알,亚胺
아야,我也
아약,哦哟; 啊哟
아어,俄语; 哑语
아역,儿役; 衙役
아연,亚铅; 俄然; 哑然
아연실소,哑然失笑
아열대,亚热带
아영,阿英
아예,亚裔; 儿艺
아오,亚奥
아오리사회,亚奥理事会
아온득,雅温得
아옹,阿翁
아와이,亚瓦尔
아왕,阿旺
아요,我要
아용,阿勇
아우,阿尤
아운,亚运; 雅韵
아운촌,亚运村
아운회,亚运会
아원,我愿
아원의,我愿意
아유,阿谀
아유란열,阿维兰热
아유봉승,阿谀奉承
아유산,亚油酸
아유질,牙釉质
아육,鹅肉; 啊唷
아융,鹅绒
아음속,亚音速
아응해,我应该
아의,牙医; 阿义
아이,阿姨; 阿尔; 俄而
아이가부,阿尔加夫
아이금산,阿尔金山
아이급리아,阿尔及利亚
아이급이,阿尔及尔
아이목니아,阿尔穆尼亚
아이문,阿姨们
아이백특,阿尔伯特
아이백특공원,阿尔伯特公园
아이법,阿尔法
아이비사,阿尔卑斯
아이비사산,阿尔卑斯山
아이비사산맥,阿尔卑斯山脉
아이사란,亚尔斯兰
아이사통,阿尔斯通
아이산,阿尔山
아이살사,阿尔萨斯
아이유사,阿尔维斯
아이잡체리,阿尔卡蒂里
아이잡특,阿尔卡特
아이잡특공사,阿尔卡特公司
아이탑,雅尔塔
아이태,阿尔泰
아이태산,阿尔泰山
아이파니아,阿尔巴尼亚
아이파니아로동당중앙위원회,阿尔巴尼亚劳动党中央委员会
아이패,阿尔贝
아이패체니,阿尔贝蒂尼
아인,雅人
아자,儿子; 蛾子; 伢子
아자문,儿子们
아작무성,鸦雀无声
아잡야부,阿卡耶夫
아재,我在
아쟁,牙筝
아적,我的; 阿迪
아적사아패파,亚的斯亚贝巴
아적체사,阿迪达斯
아적체사공사,阿迪达斯公司
아전,雅典
아전오운회,雅典奥运会
아전인수,我田引水
아정,亚丁; 雅正
아정부,俄政府
아제,亚齐; 阿弟
아제격,阿济格
아제성,亚齐省
아제아,阿提亚
아제자,阿齐兹
아조,亚组; 牙雕
아조골,牙槽骨
아족련,亚足联
아종,亚种
아좌,雅座
아주,亚洲; 阿朱
아주개발은행,亚洲开发银行
아주공사,亚洲公司
아주구,亚洲区
아주대,亚洲队
아주막,牙周膜
아주배,亚洲杯
아주배새,亚洲杯赛
아주병,牙周病
아주시,亚洲市
아주시장,亚洲市场
아주연구원,亚洲研究院
아주유한공사,亚洲有限公司
아주인,亚洲人
아주주간,亚洲周刊
아주지구,亚洲地区
아중,亚中
아집,我执
아차,儿茶
아차분,儿茶酚
아차소,儿茶素
아찬,阿飡
아찰모,阿扎姆
아창,阿昌
아처,我处
아철,阿铁; 亚铁; 阿哲
아첨,阿谄; 牙签; 牙尖
아청,阿青
아청새,亚青赛
아체,阿达; 阿嚏
아초산,亚硝酸
아취,我就; 雅趣
아치,牙齿; 雅致
아침,亚琛
아타,阿朵
아탁품,阿托品
아태,亚太; 亚泰; 阿泰
아태대,亚泰队
아태사특,阿泰斯特
아태지구,亚太地区
아태집단,亚泰集团
아통,牙痛; 阿通
아통사,俄通社
아투,阿斗
아특금사,阿特金斯
아특금삼,阿特金森
아특란대,亚特兰大
아특란대오운회,亚特兰大奥运会
아특란체사,亚特兰蒂斯
아파,阿婆; 哑巴; 阿爸; 阿坝; 阿巴
아파라,阿波罗
아파사,阿巴斯
아파주,阿坝州
아파휴,哑巴亏
아파흘황련,哑巴吃黄连
아편,阿片; 鸦片; 阿扁
아편전쟁,鸦片战争
아평,阿平
아평녕,亚平宁
아평녕반도,亚平宁半岛
아포,阿布; 芽孢
아포가,阿布贾
아포격래포감옥,阿布格莱布监狱
아포격리복감옥,阿布格里卜监狱
아포랍막부,阿布拉莫夫
아포랍막유기,阿布拉莫维奇
아포력,亚布力
아포사야부,阿布沙耶夫
아포찰비,阿布扎比
아포합자,阿布哈兹
아풍,亚砜
아피아,阿皮亚
아하,啊呀
아함경,阿含经
아합,啊哈
아해,阿海
아해아,俄亥俄
아해아주,俄亥俄州
아행,亚行
아행아소,我行我素
아혁리,阿赫利
아혁리대,阿赫利队
아혁체살리,阿赫蒂萨里
아호,雅号; 雅虎; 阿豪
아호공사,雅虎公司
아호사,阿胡斯
아화,阿华; 哑火; 儿化; 亚华
아환,我还; 丫鬟
아황,鹅黄
아회,我会
아효,阿胶
아훼,蚜虫
아흥,雅兴
아희,儿戏
악,乐; 恶; 握; 岳; 愕; 喔; 鄂; 噩; 鳄; 颚; 萼; 渥; 谔; 龌; 垩; 鹗; 锷; 幄; 腭; 蕚; 讍; 惡; 楽; 悪
악가,岳家
악가우,岳家宇
악감,恶感; 鄂赣
악경비,岳敬飞
악경평,鄂竟平
악곡,乐曲
악곤,恶棍
악과,恶果
악관만영,恶贯满盈
악권,握拳
악귀,恶鬼
악금고,岳金库
악기,乐器; 恶气
악기상,乐器商
악긴,握紧
악단,乐团
악담,恶谈
악당,恶党
악덕,恶德
악도,恶徒
악독,恶毒
악독성,恶毒性
악동,恶童; 鄂东
악등,岳腾
악랄,恶辣
악랑,恶浪
악량,岳亮
악력,握力
악련국,岳连国
악렬,恶劣; 腭裂
악령,恶灵
악령산,岳灵珊
악로,恶露
악록구,岳麓区
악록산,岳麓山
악륜춘,鄂伦春
악륜춘족,鄂伦春族
악리,鳄梨
악림,岳霖
악마,恶魔
악마적,恶魔的
악명,恶名
악모,岳母; 噩耗; 岳某
악몽,恶梦; 噩梦
악묘,岳庙
악민,岳敏
악법,恶法
악변,恶变
악보,乐谱; 恶补; 恶报
악부,岳父
악부군,岳不群
악붕,岳鹏
악붕비,岳鹏飞
악비,岳飞
악사,乐士
악사천리,恶事千里
악살,恶煞
악상,乐想; 恶丧; 岳湘
악서,鄂西
악서북,鄂西北
악선,颚线
악선생,岳先生
악성,乐圣; 恶性
악성경쟁,恶性竞争
악성순환,恶性循环
악성적,恶性的
악성종류,恶性肿瘤
악소,恶少
악소옥,岳小玉
악속,恶俗
악수,握手; 岳秀
악수언화,握手言和
악순환,恶循环
악습,恶习
악승천,岳承天
악심,恶心
악악,喔喔
악악수,握握手
악악악,喔喔喔
악악악악,喔喔喔喔
악양,岳阳; 岳洋
악양루,岳阳楼
악양시,岳阳市
악양현,岳阳县
악어,恶语; 鳄鱼
악언,恶言
악역,恶役
악연,恶缘; 愕然
악염정,岳炎婷
악영향,恶影响
악예,鄂豫
악예환,鄂豫皖
악온극,鄂温克
악용,恶用
악우,岳雨
악운,噩运
악월위,岳月伟
악유악보,恶有恶报
악육,喔唷
악의,恶意
악의악식,恶衣恶食
악의적,恶意的
악이다사,鄂尔多斯
악이다사시,鄂尔多斯市
악인,恶人
악인선고상,恶人先告状
악작극,恶作剧
악장,乐章; 乐长; 恶仗; 岳丈
악재,恶材
악전,恶战
악전고투,恶战苦鬪
악정,岳霆
악조건,恶条件
악종,恶种
악주,握住; 鄂州; 岳州
악주시,鄂州市
악질,恶质; 恶疾
악질분자,恶质分子
악착,龌龊
악천뢰,岳天雷
악천양,岳天杨
악초,恶炒
악취,恶臭
악태화,渥太华
악투,恶斗
악파,握把
악패,恶霸
악패지주,恶霸地主
악폐,恶弊
악한,恶寒; 岳瀚
악한한,恶狠狠
악핵력,恶势力
악행,恶行
악화,恶化
악효비,岳效飞
안,安; 眼; 案; 按; 岸; 颜; 雁; 氨; 鞍; 晏; 赝; 矸; 铵; 桉; 顸; 犴; 埯; 鷃; 軅; 顏; 垵; 顔
안가,安家; 颜家
안가락호,安家落户
안가랍,安哥拉
안가랍대,安哥拉队
안가비,安家费
안가인,安歌人
안각,眼角
안각미초,眼角眉梢
안간,眼看
안간착,眼看着
안강,安康; 鞍钢; 安江
안강시,安康市
안강집단,鞍钢集团
안강헌법,鞍钢宪法
안개,安凯
안거,按键; 安居
안거락업,安居乐业
안거방,安居房
안건,案件
안검,安检; 眼睑
안검원,安检员
안게,按揭
안격사,安格斯
안견,眼见
안견득,眼见得
안견위실,眼见为实
안결,安洁
안경,眼镜; 安庆
안경사,眼镜蛇
안경시,安庆市
안경점,眼镜店
안계,眼界; 安溪
안계대개,眼界大开
안계현,安溪县
안고,眼高
안고락,安古洛
안고수비,眼高手卑
안고수저,眼高手低
안과,眼科
안과발모,雁过拔毛
안과의원,眼科医院
안과중심,眼科中心
안관륙로,眼观六路
안광,眼光; 眼眶
안구,眼球
안국,安国
안권,眼圈; 案卷
안기,安岐; 按期; 氨基; 安琦; 安琪; 案几
안기문,安基文
안기부법,安企部法
안기산,氨基酸
안기아,安琪儿
안길,安吉
안길랍,安吉拉
안길려나,安吉丽娜
안길현,安吉县
안나,安娜
안나소,安娜苏
안날,按捺
안날부주,按捺不住
안남,安南
안내,案内; 按耐
안내기,案内记
안내도,案内图
안내문,案内文
안내서,案内书
안내소,案内所
안내실,案内室
안내압,眼内压
안내양,案内娘
안내원,案内员
안내인,案内人
안내자,案内者
안내장,案内状; 案内狀
안녕,安宁
안녕구,安宁区
안녕시,安宁市
안뉴,按钮
안니,安妮
안니사돈,安妮斯顿
안다,安多
안대,眼袋
안대략성,安大略省
안덕,安德
안덕래혁특,安德莱赫特
안덕렬,安德烈; 安德列
안덕로,安德鲁
안덕리,安德里
안덕삼,安德森
안덕해,安德海
안도,安堵; 眼跳; 安图; 安都; 安度
안도감,安堵感
안도색기,按图索骥
안도생,安徒生
안도이,安道尔
안돈,安顿
안동,安东; 按栋
안동니,安东尼
안동니오,安东尼奥
안동맥,眼动脉
안동포,安东布
안등,安腾; 安藤
안락,安乐; 安樂
안락사,安乐死
안락성,安乐性; 安樂性
안락와,安乐窝
안락의자,安乐椅子; 安樂椅子
안랍,安拉
안량,颜良
안력,眼力
안련,安联
안렴,眼帘
안령,按铃
안례,案例
안로분배,按劳分配
안로취수,按劳取酬
안록산,安禄山
안료,颜料
안룡,安龙
안룡현,安龙县
안루,眼泪
안루왕왕,眼泪汪汪
안륙,安陆
안리,眼里; 安利; 按理
안리공사,安利公司
안리설,按理说
안리회,安理会
안립로,安立路
안마,按摩; 鞍马
안마법,按摩法
안마사,按摩师
안마안마,按摩按摩
안마의,按摩椅
안만,安曼
안맹,安盟
안면,颜面; 安眠
안면부,颜面部
안면약,安眠药
안명수쾌,眼明手快
안모,颜某; 安某
안목,眼目
안목소시,眼目所视
안무,按舞; 安抚
안무가,按舞家
안무상,按舞赏
안문소,雁门关
안미,眼眉
안민,安民
안밀,安谧
안박,安博
안발,案发
안발지,案发地
안방,安放; 安邦
안배,安排; 按排; 安倍; 安培
안배소혜,安倍昭惠
안배진삼,安倍晋三
안백,眼白
안범,案犯
안변,岸边
안병,眼病
안병부동,按兵不动
안보,安保; 安普
안보관,安保观
안보적,安保的
안복,眼福; 安福
안복현,安福县
안부,安否; 安瓿
안부견,眼不见
안부견위정,眼不见为净
안부취반,按部就班
안북,雁北
안분,安分
안분수기,安分守己
안분지족,安分知足
안불망위,安不忘危
안비이덕,安菲尔德
안빈,安贫
안빈낙도,安贫乐道; 安贫樂道
안빈락도,安贫乐道
안사지란,安史之乱
안산,安产; 案山; 鞍山
안산강철공사,鞍山钢铁公司
안산시,鞍山市
안산일보,鞍山日报
안살리,安萨里
안삽,安插
안상,眼状; 岸上; 安详
안상수,安尚秀
안새,安塞
안색,颜色; 眼色
안생,安生; 眼生
안서,安西
안서기,安西奇
안석,矸石
안선,眼线; 氨酰
안선생,安先生; 颜先生
안설,按说; 安设
안성,安城
안성기,安圣基
안수,按手; 安睡; 桉树; 氨水
안수분배,按需分配
안숙,眼熟
안순,安顺
안순시,安顺市
안순지구,安顺地区
안순현,安顺县
안시,按时; 眼屎
안식,安息
안식일,安息日
안식처,安息处
안신,眼神; 安神; 安身; 岸信; 安信; 安新
안신경,眼神经
안신립명,安身立命
안신현,安新县
안심,安心
안씨,颜氏; 安氏
안아,眼儿; 安雅
안악,安岳
안악골,眼颚骨
안안,安安; 按按
안안심심,安安心心
안안은은,安安稳稳
안안정정,安安静静
안압,眼压; 按压
안약고,眼药膏
안약수,眼药水
안양,安阳
안양시,安阳市
안양현,安阳县
안어,按语
안여태산,安如泰山
안연,安然; 颜渊
안연공사,安然公司
안연무사,安然无事
안연무양,安然无恙
안열,眼热
안염,安冉; 铵盐
안영,眼影; 安永; 安营
안영찰채,安营扎寨
안온,安稳
안와,眼窝; 安卧
안우,安于
안우기,安又琪
안우봉,颜雨峰
안우현상,安于现状
안원,安源; 安远
안원현,安远县
안위,安危; 安慰
안위안위,安慰安慰
안위장,安慰奖
안위제,安慰剂
안유,案由
안유이사,安维尔斯
안은,安稳
안의,安毅; 安义
안의현,安义县
안이,安易; 安易
안이안,安以颜
안이헌,安以轩
안인,安仁
안일,安逸
안일주의,安逸主义
안자,案子; 安子; 晏子
안잡랍,安卡拉
안장,安葬; 安装; 鞍装
안장비,安装费
안장지,颜长之
안저,眼底; 案底
안적,安迪; 安适
안적이삼,安迪尔森
안전,安全; 案前; 眼前
안전감,安全感
안전거리,安全距离
안전경,安全镜
안전계수,安全系数
안전구,安全区
안전기,安全期
안전대,安全带
안전도,安全度; 安全岛
안전리사회,安全理事会
안전마후,鞍前马后
안전망,安全网
안전모,安全帽
안전문,安全门
안전벌,安全阀
안전법,安全法
안전부대,安全部队
안전사고,安全事故
안전생산,安全生产
안전생산법,安全生产法
안전선,安全线
안전성,安全性
안전승,安全绳
안전시설,安全施设
안전원,安全员
안전유미,安田由美
안전장치,安全装置
안전지대,安全地带
안전총국,安全总局
안전투,安全套
안전판,安全瓣
안전표지판,安全标识板; 安全标識板
안전형,安全型
안전화,安全靴
안절락체,安切洛蒂
안정,安定; 安静; 眼睛; 案情; 安亭; 安贞
안정감,安定感; 安静感
안정권,安定圈
안정단결,安定团结
안정론,安定论
안정률,安定率; 安定率
안정문,安定门
안정성,安定性
안정세,安定势
안정의원,安贞医院
안정적,安定的
안정점,安贞店
안정정,眼睁睁
안정제,安静剂
안정주,安定株
안정책,安定策
안정하래,安静下来; 安定下来
안정향하,眼睛向下
안정화,安定化
안정환,安贞焕
안제사산맥,安第斯山脉
안조,按照; 眼罩
안조영,安祚永
안존,安存
안졸,眼拙
안좌,安坐
안주,安住; 安州; 按酒; 按住; 眼珠
안주자,眼珠子
안중,眼中
안중정,眼中钉
안지,安智
안지약소,安之若素
안진,眼震
안진경,颜真卿
안질,眼疾
안질수쾌,眼疾手快
안질환,眼疾患
안집,安集
안차,按次
안차감,氨茶碱
안착,安着
안찰사,按察使
안참,眼馋
안채,安彩
안첨,眼尖
안첩륜,安捷伦
안첩모,眼睫毛
안체,安达
안추추,晏秋秋
안치,安置
안치비,安置费
안치소,安置所
안치실,安置室
안쾌,眼快
안타,安打
안탁,安卓
안탑,雁塔
안탑구,雁塔区
안탕산,雁荡山
안태,安泰
안택정로,安宅正路; 安宅正路
안통,眼痛
안투지배,眼透纸背
안특위보,安特卫普
안특위보대,安特卫普队
안파,眼波
안파이성,安巴尔省
안파파,眼巴巴
안판,案板
안평,安平
안포라서니,安布罗西尼
안품,赝品
안풍,安丰
안피,眼皮
안피자저하,眼皮子底下
안피저하,眼皮底下
안하,眼下; 按下
안하무인,眼下无人
안하식,按下式
안한,安闲
안한자재,安闲自在
안해,安海
안향,安享; 安乡
안헐,安歇
안현,安县
안형원,安馨园
안혜군,安惠君
안호,安好; 颜豪
안혼곡,安魂曲
안홍,眼红
안화,眼花; 氨化; 安化; 安华
안화료란,眼花缭乱
안훈,眼晕
안휘,安徽; 颜辉
안휘농업대학,安徽农业大学
안휘대,安徽队
안휘대학,安徽大学
안휘사범대학,安徽师范大学
안휘성,安徽省
안휘위시,安徽卫视
안휘의과대학,安徽医科大学
안휘일보,安徽日报
안휘전시대,安徽电视台
안흑,眼黑
알,挖; 遏; 嘎; 歹; 轧; 谒; 胺; 斡; 戛; 阏; 讦; 揠; 頞; 穵; 窫
알강,轧钢
알강기,轧钢机
알갱,挖坑
알건,轧件
알견,谒见
알고,挖苦
알곤,轧辊
알공심사,挖空心思
알굴,挖掘
알굴기,挖掘机
알기,轧机
알납,戛纳
알념,歹念
알니선,挖泥船
알도,歹徒
알도문,歹徒们
알독,歹毒
알랍,嘎啦
알력,轧轹
알릉,谒陵
알묘조장,揠苗助长
알보,挖补
알선,斡旋
알선자,斡旋者
알선책,斡旋责
알알,嘎嘎; 轧轧
알연,嘎然; 戛然
알연이지,戛然而止
알의,歹意
알인,歹人
알잠,挖潜
알장각,挖墙脚
알제,遏制; 轧制
알조,谒祖
알지,遏止; 嘎吱
알지알지,嘎吱嘎吱
알출,挖出
알토기,挖土机
알파,嘎巴
알판,轧板
알현,谒见; 谒見
알화기,轧花机
알화창,轧花厂
암,暗; 岩; 癌; 俺; 黯; 庵; 谙; 颔; 鹌; 埯; 鶕; 揞; 麣; 盦; 盫; 韽; 罯; 裺; 啱; 唵; 闇
암갈색,暗褐色
암거,暗渠
암거래,暗去来
암거래상,暗去来商
암권,岩圈
암기,暗记; 暗器
암기인,癌基因
암녹색,暗绿色; 暗綠色
암담,暗澹; 黯淡; 暗淡
암담무광,暗淡无光; 黯淡无光
암대,暗带
암도,暗道
암도진창,暗度陈仓
암동,岩洞
암류,暗流
암리,暗里
암막,暗幕
암매,暗卖
암무천일,暗无天日
암묵적,暗默的
암문,暗门
암물질,暗物质
암반,岩盘
암방,暗房
암벽,岩壁
암벽화,岩壁画
암변,癌变
암병,癌病
암보,暗堡
암분,岩体
암산,暗算
암살,暗杀
암살단,暗杀团
암살당,暗杀当
암살자,暗杀者
암상,暗箱; 暗想; 岩相; 暗伤
암색,暗色
암석,岩石
암석권,岩石圈
암선,暗线
암세포,癌细胞
암세포적,癌细胞的
암소,暗笑
암송,暗诵
암송추파,暗送秋波
암수,颔首
암숙,谙熟
암순,鹌鹑
암시,暗示
암시성,暗示性
암시적,暗示的
암실,暗室
암심,岩心; 岩芯
암암,暗暗
암암리,暗暗里
암암적,暗暗的
암암지,暗暗地
암야,暗夜
암약,暗跃
암양,岩样; 岩羊
암어,暗语
암연,黯然
암연소혼,黯然销魂
암연신상,黯然神伤
암연실색,黯然失色
암염,岩盐
암영,暗影
암용,岩溶
암운,暗云
암울,暗郁
암유,暗喻
암자,庵子; 暗自
암자색,暗紫色
암장,暗葬; 暗藏; 岩浆
암장암,岩浆岩
암적,癌的
암적색,暗赤色
암전,暗箭
암전륭조,岩田隆造
암전상인,暗箭伤人
암정준이,岩井俊二
암종,癌肿
암주,岩柱
암중,暗中
암중모색,暗中摸索
암중비약,暗中飞跃
암증,癌症
암지,暗地
암지리,暗地里
암창,暗疮; 暗娼
암처,暗处
암청색,暗青色; 暗靑色
암초,暗礁; 暗哨
암층,岩层
암탐,暗探
암통,癌痛
암투,暗鬪; 暗斗
암하,暗下; 暗河
암함,暗含
암합,暗合; 暗盒
암해,暗害
암행,暗行
암행어사,暗行御史
암호,暗号
암호화,暗号化
암홍,暗红
암화,岩画; 暗火
암회,暗灰
암회갈색,暗灰褐色
암회색,暗灰色
암흑,暗黑
암흑기,暗黑期
암흑리,暗黑里
암흑색,暗黑色
암흑시대,暗黑时代
압,压; 押; 鸭; 岬; 狎; 罨; 鰪; 壓; 鴨
압가,压价
압강,压强; 压降
압개,压盖
압경,压境; 压惊
압괴,压坏
압권,压卷
압근,压根
압근아,压根儿
압금,押金
압급,压级
압기,压气
압단,鸭蛋
압도,压倒
압도당,压倒当
압도성,压倒性
압도일절,压倒一切
압도적,压倒的
압두,压头
압득주,压得住
압려,压滤
압력,压力
압력과,压力锅
압력성,压力性
압력표,压力表
압록강,鸭绿江
압류,押留
압리,鸭梨
압맥,压麦
압밀,压密
압박,压迫
압박감,压迫感
압박성,压迫性
압박식,压迫式
압박자,压迫者
압보,押宝
압복,压服
압부,押赴
압부주,压不住
압살,压杀
압상저,压箱底
압선,压线
압설모,鸭舌帽
압세전,压岁钱
압송,押送
압쇄,压碎
압수,押守; 押收
압승,压胜
압압,鸭鸭
압억,压抑
압연,压延
압운,押运; 押韵
압운원,押运员
압육,鸭肉
압융,鸭绒
압이경지,狎而敬之
압자,鸭子
압장,鸭掌; 鸭场
압재,压载
압저,压低
압전,压电; 压剪
압정,压井; 压顶
압제,压制; 押题
압조,压条
압주,压住; 压铸; 押走
압진,压阵
압차,押车
압착,压搾; 压榨
압착량,压榨量
압축,压缩; 压轴
압축기,压缩机
압축비,压缩比
압축성,压缩性
압축적,压缩的
압축희,压轴戏
압출기,压出机
압통,压痛
압퇴,压腿
압편,压扁; 压片
압평,压平
압항,压港
압해,押解
압화,压货
압휘,押汇
앙,央; 仰; 昂; 盎; 鞅; 秧; 殃; 鸯; 怏; 泱; 眏; 紻; 詇
앙가,秧歌
앙가대,秧歌队
앙각,仰角
앙거,仰举; 仰擧
앙광,仰光
앙구,央求
앙귀,昂贵
앙급,殃及
앙급지어,殃及池鱼
앙두,仰头
앙등,昻腾
앙령,秧龄
앙뢰,仰赖
앙망,仰望
앙면,仰面
앙면조천,仰面朝天
앙모,仰慕
앙묘,秧苗
앙불괴어천,仰不愧于天
앙사,盎司
앙사부휵,仰事俯畜
앙소문화,仰韶文化
앙수,昂首; 仰首
앙수신미,仰首伸眉
앙수정흉,昂首挺胸
앙수활보,昂首阔步
앙숙,怏宿
앙시,央视; 仰视
앙심,怏心
앙앙,泱泱; 怏怏
앙앙대국,泱泱大国
앙앙불락,怏怏不乐; 怏怏不樂
앙양,昻扬; 昂扬
앙연,盎然; 昂然
앙영,仰泳
앙와,仰卧
앙와기좌,仰卧起坐
앙융,仰融
앙자,秧子
앙장,仰仗
앙전,秧田
앙천,仰天
앙천대소,仰天大笑
앙천이타,仰天而唾
앙천장소,仰天长啸
앙천장우,仰天长叹
앙체,昂达
앙행,央行
앙행상해총부,央行上海总部
애,爱; 喝; 埃; 艾; 呆; 碍; 哀; 挨; 唉; 崖; 哎; 涯; 隘; 呃; 蔼; 暧; 嗳; 皑; 阂; 霭; 砹; 嫒; 瑷; 锿; 睚; 鴱; 賹; 硙; 愛; 捱; 欸; 曖; 礙
애가,挨家; 爱可; 艾柯
애가애호,挨家挨户
애개,挨个
애개아,挨个儿
애걸,哀乞
애걸복걸,哀乞伏乞
애격,艾格
애격란,埃格兰
애견,爱犬
애경,艾敬
애경사,哀庆事
애고,爱顾
애관한사,爱管闲事
애교,爱娇
애교심,爱校心
애구,哀求; 隘口
애국,爱国
애국시,爱国诗
애국심,爱国心
애국열정,爱国热情
애국위생운동,爱国卫生运动
애국인사,爱国人士
애국자,爱国者
애국자도탄,爱国者导弹
애국적,爱国的
애국정신,爱国精神
애국주의,爱国主义
애국주의자,爱国主义者
애규,哀叫
애극,艾克
애극삼,埃克森
애극합덕,埃克哈德
애근,挨近
애금해,爱琴海
애급,埃及
애급대,埃及队
애급옥오,爱及屋乌
애급인,埃及人
애기,嗳气; 艾祺
애기손,艾奇逊
애낙,艾诺
애녀,爱女
애니와이,艾尼瓦尔
애다,爱多
애대,爱戴
애대미예애대점,艾黛美艺艾黛店
애덕,爱德; 艾德
애덕미이삼,埃德米尔森
애덕화,爱德华
애덕화자,爱德华兹
애도,哀悼; 挨到
애도회,哀悼会
애독서,爱读书
애독자,爱读者
애동매,艾冬梅
애득,爱得
애등,艾登
애락,哀乐; 爱乐
애략특,艾略特
애려,爱侣; 艾丽; 爱丽
애려사,爱丽丝; 爱丽舍; 艾丽丝; 艾丽斯
애려사궁,爱丽舍宫
애련,哀怜; 爱恋
애령,爱怜; 哀怜
애로,隘路
애뢰리,埃雷利
애뢰산,哀牢山
애뢰잡특,埃雷卡特
애륜,艾伦; 埃伦
애리,爱里; 艾莉
애리극,埃里克
애리극삼,埃里克森
애리극송,埃里克松
애리부리,爱理不理
애리사,埃利斯
애리삼,艾莉森
애리화,艾利和
애림,艾琳
애립신공사,爱立信公司
애마,艾玛; 爱玛; 爱马
애마이,艾马尔
애막능조,爱莫能助
애막대우심사,哀莫大于心死
애막삼,埃莫森
애매,暧昧; 挨骂
애매모호,暧昧模糊
애매성,暧昧性
애면자,爱面子
애명,哀鸣
애모,爱慕; 艾某
애모심,爱慕心
애몽맹,艾梦萌
애묘,崖墓
애무,爱抚
애묵생,爱默生; 艾默生
애문,艾文
애문사,埃文斯
애미,爱美; 艾薇; 艾米; 艾美
애미려,艾米丽
애미리,艾米莉
애미미,艾未未
애미아,艾薇儿
애미이,埃米尔; 艾美耳
애미특,艾美特
애민,爱民
애백돈,艾伯顿
애백특,艾伯特
애벽,崖壁
애별리고,爱别离苦
애보생,爱普生
애부석수,爱不释手
애불돈,埃弗顿
애불돈대,埃弗顿队
애불랍,埃弗拉
애불삼,艾弗森; 艾佛森
애비,爱妃; 挨批
애비이,埃菲尔
애비이철탑,埃菲尔铁塔
애비호,艾比湖
애사,艾斯; 哀思; 碍事; 艾丝
애사기마인,爱斯基摩人
애사니아,爱沙尼亚
애사심,爱社心
애사특랍체,埃斯特拉达
애살극,艾萨克
애삼,埃森
애삼극,艾森克
애삼호위이,艾森豪威尔
애상,哀想; 爱上; 哀伤
애상적,哀伤的
애새,埃塞
애새아비아,埃塞俄比亚
애서,艾瑞
애서강,艾绪强
애서극,艾瑞克
애석,哀惜; 爱惜
애성,哀声
애성우기,唉声叹气
애수,哀愁
애수애각,碍手碍脚
애신,埃辛
애심,爱心
애아,挨饿
애안,碍眼
애애,唉唉; 哎哎; 皑皑; 艾艾
애약,哎哟
애역,呃逆
애연가,爱烟家
애오와주,艾奥瓦州
애옥급오,爱屋及乌
애완,哀婉
애완견,爱玩犬
애완동물,爱玩动物
애왜,爱娃
애욕,爱欲
애용,爱用
애우,哀叹
애원,哀怨; 哀愿
애위회,爱卫会
애이,艾尔; 埃尔; 爱尔
애이다안,埃尔多安
애이란,爱尔兰
애이란공화군,爱尔兰共和军
애이란대,爱尔兰队
애이불상,哀而不伤
애이사,埃尔斯; 艾尔莎; 爱尔莎
애이유사,埃尔维斯
애인,爱人; 艾因
애인곽온,埃因霍温
애인곽온구락부,埃因霍温俱乐部
애인곽온대,埃因霍温队
애인문,爱人们
애인민,爱人民
애인사탄,爱因斯坦
애인이덕,爱人以德
애일과,艾一戈
애일장,爱一场
애자,爱子; 崖子
애자병,艾滋病
애자병독,艾滋病毒
애자필보,睚眦必报
애잡,爱卡
애장품,爱藏品
애재,哀哉
애적,艾迪; 埃迪
애적생,爱迪生
애절,哀切
애정,爱情
애정보,爱丁堡
애제자,爱弟子
애족,爱族
애주,挨揍
애중,埃中
애증,爱憎
애증분명,爱憎分明
애지중지,爱之重之
애지파,艾志波
애착,爱着
애착심,爱着心
애창곡,爱唱曲
애처,爱妻
애처가,爱妻家
애첩,爱妾
애청,艾青
애청자,爱听者
애청청,艾晴晴
애체,爱达
애체하주,爱达荷州
애총,爱宠
애칭,爱称
애타,挨打
애탁오,埃托奥
애탑부리,爱搭不理
애통,哀痛
애특,艾特; 爱特
애특아,艾特我
애특착,艾特错
애포,埃布
애하,哎呀; 唉呀; 爱河
애한교가,爱恨交加
애합매덕,艾哈迈德
애합매적,艾哈迈迪
애향,爱鄕
애협,艾叶
애형,埃亨
애호,爱好; 爱护; 哀嚎; 哀号; 挨户
애호가,爱好家
애호국,爱好国
애호도,爱好度
애호자,爱好者
애호자문,爱好者们
애호층,爱好层
애홍편야,哀鸿遍野
애환,哀欢
애훼골립,哀毁骨立
액,额; 液; 厄; 扼; 腋; 掖; 轭; 缢; 苊; 阨; 詻; 阸; 鈪; 額
액각,额角
액골,额骨
액과다이,厄瓜多尔
액과다이대,厄瓜多尔队
액내사특,厄内斯特
액도,额度
액두,额头; 额窦
액력,液力
액류,液流
액립특리아,厄立特里亚
액막,液膜
액면,额面; 液面
액면가,额面价
액면가액,额面价额
액모,腋毛
액분,液体
액사,扼死
액살,扼杀
액상,液状; 液相
액수,额数; 扼守
액아,腋芽
액안,液氨
액압,液压
액압유,液压油
액와,腋窝
액완,扼腕
액완우식,扼腕叹息
액외,额外
액요,扼要
액운,厄运
액이,厄尔
액이고납,额尔古纳
액이니낙,厄尔尼诺
액이니낙현상,厄尔尼诺现象
액이제사하,额尔齐斯河
액자,额子
액자식,额子式
액정,液晶; 额定
액정전뇌,液晶电脑
액정채전,液晶彩电
액제,扼制
액제납기,额济纳旗
액지,额支
액체,液体
액취,腋臭
액태,液态
액포,液泡
액하,腋下
액화,液化
액화기,液化气
액화기병,液化气瓶
액화기참,液化气站
앳,厑
앵,樱; 莺; 鹦; 嘤; 罂; 譻; 嚶; 櫻
앵가연무,莺歌燕舞
앵도,樱桃
앵무,鹦鹉
앵속,罂粟
앵순,樱唇
앵아,莺儿
앵앵,嘤嘤
앵화,樱花
야,也; 若; 夜; 射; 野; 爷; 耶; 惹; 冶; 椰; 偌; 喏; 琊; 揶; 祂; 䥺; 嘢; 爺; 乛; 吔
야가무식도,冶家无食刀
야간,夜间
야간열차,夜间列车; 夜间列车
야간작업,夜间作业
야경,夜景; 夜警; 夜惊
야계,野鸡
야계차,野鸡车
야곡,夜曲
야공,夜空
야과,野果
야광,夜光
야광배,夜光杯
야광침,夜光针
야교,夜校
야구,野球; 野狗
야구부,野球部
야구장,野球场
야국,野菊
야국화,野菊花
야권,野圈
야근,夜勤
야근자,夜勤者
야금,冶金; 野禽
야금공업,冶金工业
야금공업부,冶金工业部
야기,惹起
야기자,惹起者
야기형,惹起型
야뇌,惹恼
야뇨,夜尿
야능,也能
야단,惹端
야단법석,野坛法席
야단야단,惹端惹端
야담,夜谈
야당,野党
야당사,野党史
야당인,野党人
야대,偌大; 夜大
야대학,夜大学
야도,野都
야란,夜阑
야란인정,夜阑人静
야랑,夜郎
야랑자대,夜郎自大
야래,夜来
야래향,夜来香
야려,野驴
야련,冶炼
야로,耶鲁
야로대학,耶鲁大学
야로살랭,耶路撒冷
야륜,耶伦
야률홍기,耶律洪基
야리,夜里
야리기,耶利奇; 耶里奇
야림,椰林
야마,野马
야막,夜幕
야만,野蛮; 夜晚
야만시,野蛮视
야만인,野蛮人
야만적,野蛮的
야망,野望
야망망,野茫茫
야맹,夜盲
야맹증,夜盲症
야명주,夜明珠
야몰,也没
야묘,野猫
야묘자,夜猫子
야묘자문,夜猫子们
야무청초,野无青草; 野无靑草
야문,爷们; 也门
야문아,爷们儿
야미,野味
야박,野薄
야반,夜班; 夜半; 夜饭
야반도주,夜半逃走
야부,也不
야부기,惹不起
야부능매,夜不能寐
야불답백,夜不踏白
야불폐문,夜不闭门
야비,野卑
야사,也似; 惹事; 野史
야사생비,惹事生非
야산,野山
야산대,野山带
야산지,野山地
야상,惹上; 野象
야색,夜色
야생,野生
야생도,野生稻
야생동물,野生动物
야생동물원,野生动物园
야생마,野生马
야생조,野生鸟
야생종,野生种
야생형,野生型
야생화,野生花
야생활,夜生活
야성,野性
야성미,野性美
야성적,野性的
야세,野势
야소,夜宵; 耶稣
야소회,耶稣会
야속,野俗
야수,野兽; 椰树
야수적,野兽的
야수파,野兽派
야습,夜袭
야시,也是; 夜市
야시생비,惹是生非
야식,夜食; 野食
야심,野心; 夜深
야심가,野心家
야심만만,野心满满
야심발발,野心勃勃
야심인정,夜深人静
야심작,野心作
야심적,野心的
야아,爷儿
야아두,野丫头
야아량,爷儿俩
야아문,爷儿们
야안,惹眼
야압,野鸭
야압자,野鸭子
야앵,夜莺
야야,爷爷; 夜夜; 喏喏
야연,夜宴
야영,野营
야영객,野营客
야영장,野营场
야외,野外
야외극장,野外剧场
야외무대,野外舞台
야외숙,野外宿
야요,也要
야욕,野欲
야용,椰蓉
야우,野牛
야유,也有; 揶揄; 夜游
야유소몽,夜有所梦
야유신,夜游神
야유회,野游会
야음,夜阴
야이계일,夜以继日
야이망침,夜而忘寝
야인,野人; 惹人
야인염,惹人厌
야자,椰子
야자수,椰子树
야자유,椰子油
야장,夜场
야장몽다,夜长梦多
야장미,野蔷薇
야저,野猪
야전,野战; 夜战
야전가언,野田佳彦
야전군,野战军
야전의원,野战医院
야조,野鸟
야즙,椰汁
야증,也曾
야지,野地
야차,夜叉; 夜车
야찬,野餐; 夜餐
야채,野菜; 椰菜
야초,野草
야초라,野草罗
야총회,夜总会
야취,也就; 野趣; 野炊
야취시,也就是
야취시설,也就是说
야토,野兔
야파,也罢
야포,野炮
야폭,夜爆
야표,野票
야풍,夜风; 椰风
야학,夜学
야학당,夜学堂
야합,野合
야합적,野合的
야항,夜航
야해자,野孩子
야행,夜行
야행성,夜行性
야허,也许
야호,也好; 夜壶
야화,野花; 惹火; 惹祸; 野火; 夜话
야화화,耶和华
야회,也会; 夜会
야희,夜戏
약,约; 若; 药; 略; 弱; 跃; 掠; 钥; 哟; 箬; 龠; 籥; 瀹; 藞; 鶸; 蒻; 篛; 箹; 礿; 喲; 約; 藥; 躍; 葯; 鑰
약간,若干
약감국,药监局
약감성,弱碱性
약거,跃居
약검,药检
약견,约见
약계,药械; 约计
약고,药膏; 约稿
약과,药果; 跃过
약관,弱冠; 约款
약관자,药罐子
약구,药具
약국,药局; 弱国
약극,约克
약극군,约克郡
약기,约期
약농,药农
약능제강,弱能制强
약단,约旦; 药单
약단대,约旦队
약단하,约旦河
약담,约谈
약대,药大; 弱队
약도,略图; 略图
약도병제,药到病除
약동,跃动; 约同
약란,若兰
약략,约略
약려,弱旅
약력,弱力; 略历; 略历; 药力
약롱중물,药笼中物
약리,药理
약리학,药理学
약마,跃马
약마복중,弱马卜重
약막,约莫
약면,药棉
약모,约摸
약무기사,若无其事
약물,药物
약물성,药物性
약물학,药物学
약미,药味
약방,药房; 药方
약방감초,药房甘草
약방문,药方文
약법,约法
약법삼장,约法三章
약병,药瓶
약보,药补
약봉지,药封纸
약부금풍,弱不禁风
약분,药粉
약불승의,若不胜衣
약비,若非; 药费
약사,药师; 若使; 药渣
약사발,药沙钵
약산,弱酸
약산성,弱酸性
약상,药箱; 药商
약석지언,药石之言
약선,药膳
약성,药性
약세,弱势
약소,略少; 略少; 弱小
약소국,弱小国
약속,约束
약속력,约束力
약속성,约束性
약수,药水; 若水; 弱水; 约数
약수통,药水桶
약술,略述; 略述
약슬,约瑟
약슬부,约瑟夫
약슬분,约瑟芬
약시,弱视; 若是; 钥匙; 弱市
약시련,钥匙链
약시저양,若是这样
약식,略式; 略式
약실,药室
약약,跃跃
약약욕시,跃跃欲试
약연,跃然; 若然
약연지상,跃然纸上
약왕,药王
약요,若要
약요인부지,若要人不知
약욕,药浴
약위,若为
약유소사,若有所思
약유소실,若有所失
약유약무,若有若无
약육강식,弱肉强食
약은약현,若隐若现
약이개,若尔盖
약이능강,弱而能强
약자,弱者
약재,药材
약전,药典; 弱电
약점,弱点; 药店; 约占
약점세계,约占世界
약정,约定; 药政
약정속성,约定俗成
약제,药剂
약제사,药剂师
약조,约条
약주,药酒
약즉약리,若即若离
약지,药指; 弱智
약진,跃进; 药疹
약질,弱质
약창,药厂
약천,跃迁
약청,约请
약체,弱体
약초,药草
약취,略取; 略取
약층,跃层
약칭,略称; 略称
약탈,掠夺; 掠夺
약탈당,掠夺当
약탈적,掠夺的
약탕,药汤
약통,药桶
약편,药片
약포,药铺
약표,略表; 略表
약품,药品
약하,跃下; 若何
약학,药学
약한,约翰
약한내사보,约翰内斯堡
약한니,约翰尼
약한사돈,约翰斯顿
약한삼,约翰森
약한손,约翰逊
약한송,约翰松
약합,约合; 药盒
약합부절,若合符节
약항,弱项
약해,药害
약행,药行
약혼,约婚
약혼녀,约婚女
약혼식,约婚式
약혼자,约婚者
약화,弱化; 药祸
약환,药丸
약회,约会
약효,药效
양,样; 两; 量; 让; 阳; 养; 洋; 良; 亮; 娘; 杨; 扬; 粮; 羊; 梁; 凉; 氧; 谅; 嚷; 壤; 痒; 酿; 镶; 襄; 疡; 佯; 攘; 漾; 恙; 馕; 炀; 骧; 烊; 瓤; 穰; 禳; 蛘; 徉; 飏; 諹; 𬙋; 钖; 輰; 蘘; 羕; 鴹; 樣; 讓; 陽; 養; 楊; 旸; 様; 揚; 癢; 釀; 孃; 嬢; 垟
양가,两家; 兩家; 杨家; 养家; 让价
양가령,杨家岭
양가성,两价性; 兩价性
양가장,杨家将
양가적,两价的; 兩价的
양가평,杨家坪
양가호구,养家糊口
양각,羊角
양간,阳间
양감,量感; 镶嵌
양강,阳江; 阳刚; 杨康; 杨绛; 阳钢; 杨刚
양강시,阳江市
양강지기,阳刚之气
양강지미,阳刚之美
양개,让开; 杨凯
양개생,杨凯生
양개음폐,阳开阴闭
양개혜,杨开慧
양건,杨健
양건국,杨建国
양건평,杨建平
양건화,杨建华
양걸,杨杰
양검,杨剑
양견,养犬; 杨坚
양결,杨洁
양결지,杨洁篪
양경리,杨经理
양경우,杨景宇
양경천,杨擎天
양경휘,杨景辉
양계,养鸡
양계업,养鸡业
양계장,养鸡场
양고,羊羔; 让高
양곡,粮谷; 阳谷
양곡현,阳谷县
양곤,杨坤
양공,佯攻
양공여,杨恭如
양공제,杨公堤
양공주,洋公主
양과,扬戈; 扬科; 杨科
양과유기,扬科维奇; 扬戈维奇
양관,羊倌
양광,阳光; 杨广; 杨光
양광명미,阳光明媚
양광보조,阳光普照
양광위시,阳光卫视
양광집단,阳光集团
양광찬란,阳光灿烂
양광형,阳光型
양광화,阳光化
양괴,洋槐
양교,洋桥
양교수,杨教授
양구,养狗
양구인,养狗人
양국,两国; 兩国
양국강,杨国强
양국경,杨国庆
양국장,杨局长
양국충,杨国忠
양국평,杨国平
양국화,杨国华
양군,两军; 兩军; 羊群; 杨军; 杨君
양궁,洋弓
양궁난장,良弓难张; 良弓难张
양권,羊圈
양귀비,杨贵妃
양귀자,洋鬼子
양균,杨钧
양극,两极; 兩极; 阳极; 杨克
양극단,两极端; 兩极端
양극이,扬克尔
양극적,两极的
양극화,两极化; 兩极化
양근기,杨勤冀
양금,扬琴
양금린,杨锦麟
양금미옥,良金美玉; 良金美玉
양금신족,量衾伸足; 量衾伸足
양금주,杨金柱
양금지,杨金志
양금택목,良禽择木; 良禽择木
양급,让给
양기,阳气; 氧气; 扬起; 洋气; 样机; 扬弃; 养气
양기병,氧气瓶
양나,让那; 杨娜
양남,杨楠
양내,羊奶
양내무,杨乃武
양내문,杨乃文
양녀,养女
양녀사,杨女士
양년,羊年
양녕,杨宁
양노,洋奴
양노철학,洋奴哲学
양니,让你
양단,洋缎; 杨丹
양단간,两端间; 兩端间
양당,两党; 兩党
양당제,两党制; 兩党制
양대,两大; 阳台; 兩大
양대가,杨大哥
양대야,杨大爷
양대인,杨大人
양대저,杨大姐
양덕창,杨德昌
양도,让渡; 杨桃; 杨涛; 杨度
양도분,让渡分
양도성,让渡性
양돈,养豚
양돈업,养豚业
양동,杨东
양동량,杨栋梁
양동서,杨童舒
양동작전,阳动作战
양동평,杨东平
양두구육,羊头狗肉
양두색이,两豆塞耳; 兩豆塞耳
양득지,杨得志
양락,杨乐
양락락,杨乐乐
양란,杨澜
양량,杨亮
양려,杨丽
양려연,杨丽娟
양려평,杨丽萍
양력,阳历; 杨力
양련,杨炼
양련결,杨莲洁
양렴,养廉
양령,杨玲
양로,养老; 让路; 养路; 杨老
양로금,养老金
양로당,养老党
양로비,养路费
양로사,杨老师
양로송종,养老送终
양로원,养老院
양록,养鹿
양론,两论; 兩论
양뢰,杨磊; 阳蕾; 杨雷
양료,养料; 氧疗
양류,杨柳; 洋流
양류청,杨柳青
양릉,杨凌
양리,让利; 杨莉
양리위,杨利伟
양리자,阳离子
양림,杨林; 让林; 杨琳
양립,两立; 兩立
양립신,杨立新
양마,养马
양막,羊膜
양막강,羊膜腔
양말,洋袜; 杨沫
양매,杨梅
양매군,杨迈军
양맹,杨猛
양면,两面; 兩面; 洋面; 阳面
양면성,两面性
양면적,两面的
양명,杨明; 扬名; 阳明; 杨鸣; 洋名
양명산,阳明山
양명생,杨明生
양모,羊毛; 杨某; 养母
양모모,杨某某
양모삼,羊毛衫
양모융,羊毛绒
양모출재양신상,羊毛出在羊身上
양목,杨木; 洋木; 杨牧
양몽환,杨梦寰
양묘,养猫
양묘기,扬锚机
양무,洋务; 杨武
양무용,洋舞踊
양무파,洋务派
양문,杨文; 洋文
양문군,杨文军
양물,洋物
양미,杨薇; 扬眉
양미간,两眉间; 兩眉间
양미토기,扬眉吐气
양민,良民; 杨敏
양박,杨璞; 杨博
양반,两班; 兩班
양반가,两班家
양반국,两班国
양반이경,让畔而耕
양반촌,两班村
양반층,两班层
양발표,杨发彪
양방,洋方; 两方; 兩方; 洋房; 杨芳; 让方
양백만,杨百万
양번,襄樊
양번시,襄樊市
양범,杨帆; 扬帆; 杨凡
양변,镶边
양병,养病; 杨兵; 养兵
양병천일,养兵千日
양보,让步
양복,洋服
양복가,杨福家
양복생,杨福生
양복점,洋服店
양본,样本; 让本
양본량,样本量
양봉,养蜂; 杨锋; 杨凤
양봉업,养蜂业
양봉연비,两凤连飞; 兩凤連飞
양봉음,杨凤吟
양봉음위,阳奉阴违
양부,养父
양부모,养父母
양분,养分; 两分; 兩分
양분법,两分法
양분압,氧分压
양분화,两分化
양붕,杨鹏
양붕봉,杨朋锋
양비,杨飞
양비대담,攘臂大谈
양비론,两非论; 兩非论
양빈,杨斌; 杨滨
양빙,杨冰
양사,扬沙
양사기,杨思琦
양사부,杨师傅
양사주석,扬沙走石
양사창,杨嗣昌
양삭,阳朔
양산,阳伞; 量产; 量产; 阳山
양산항,洋山港
양삼,杨森
양삼저,杨三姐
양상,样相; 养伤; 洋相
양상곤,杨尚昆
양상군자,梁上君子; 梁上君子
양상도회,梁上涂灰; 梁上涂灰
양상운,杨祥云
양새신,杨塞新
양생,养生
양생법,养生法
양생송사,养生送死
양생지도,养生之道
양서,良书; 良书; 样书; 杨瑞; 阳西
양서기,杨书记
양서류,两栖类
양선생,杨先生
양선평,杨善平
양설,杨雪
양성,养成; 阳性; 两性; 兩性; 酿成; 羊城; 养性; 扬声; 阳城; 襄城; 杨诚
양성기,扬声器
양성률,阳性率
양성만보,羊城晚报
양성무,杨成武
양성소,养成所
양성자,阳性子; 阳性者
양성현,阳城县
양성화,阳性化
양세요,杨世尧
양세천,杨世川
양소,杨素; 杨笑
양소기,杨小奇
양소길,杨小吉
양소도,阳关道
양소양,杨小阳; 杨小洋
양소저,杨小姐
양소체,杨苏棣
양속,良俗; 良俗
양송,杨松; 杨荣
양수,扬水; 羊水; 让受; 阳数; 杨树; 扬手; 杨修
양수겸장,两手兼将; 兩手兼将
양수림,杨树林
양수성,杨受成
양수주,杨秀珠
양수집병,两手执餠; 兩手执餠
양수척,杨水尺
양수청,杨秀清
양수청풍,两袖清风; 兩袖淸风
양수포,杨树浦
양숙관,杨肃观
양순음위,阳顺阴违
양승,杨丞
양시론,两是论; 兩是论
양시쌍비,两是双非; 兩是双非
양식,养殖; 样式; 洋食; 粮食; 良识; 糧食; 良识; 养息
양식당,洋食堂
양식론,样式论
양식업,养殖业
양식장,养殖场
양식적,良识的
양식화,样式化
양신,杨晨; 养神; 阳新; 杨慎; 阳信; 杨迅
양신강,杨臣刚
양신현,阳新县
양심,良心; 良心; 养心
양심선언,良心宣言
양심선언자,良心宣言者
양심수,良心囚; 良心囚
양심적,良心的; 良心的
양쌍,杨双
양씨,杨氏
양아,让我; 养鹅; 镶牙
양아방로,养儿防老
양아이,杨阿姨
양아주,杨亚洲
양안,量案; 量案
양압,两压; 兩压; 养鸭
양애국,杨爱国
양약,洋药
양약고어구,良药苦于口
양약혜,杨若兮
양양,样样; 嚷嚷; 痒痒; 襄阳; 洋洋; 杨扬; 养羊; 扬扬; 杨洋; 杨阳; 阳阳; 杨杨; 让杨
양양득의,洋洋得意
양양로,襄阳路
양양로시장,襄阳路市场
양양성,襄阳城
양양세세,洋洋洒洒
양양업,养羊业
양양자득,洋洋自得
양어,养鱼
양어장,养鱼场
양어지,养鱼池
양언,扬言
양업계,让业界
양업공,杨业功
양여,让与
양여대,杨汝岱
양연,杨娟
양염,杨炎; 杨艳
양영,杨影; 杨英; 杨颖; 杨瑛; 杨永
양영명,杨永明
양예,杨锐
양옥,洋屋
양옥봉,杨玉凤
양옥영,杨钰莹
양옥환,杨玉环
양완,杨婉
양완청,杨浣青
양왜왜,洋娃娃
양요조,杨耀祖
양용,杨勇
양용형,两用型; 兩用型
양우,养牛; 洋芋; 杨雨
양우업,养牛业
양욱,杨旭
양운,杨云
양운총,杨云聪
양웅,杨雄; 扬雄
양웅불구립,两雄不俱立; 兩雄不俱立
양원경,杨元庆
양원원,杨元元
양원지,杨远之
양월,杨越
양위,杨威; 阳痿; 让位; 杨伟; 扬威; 杨卫
양위광,杨伟光
양위리,杨威利
양위중용,洋为中用
양위택,杨卫泽
양유,杨维
양유한,杨维汉
양육,养育; 羊肉
양육권,养育权
양육자,养育者
양육지은,养育之恩
양융,羊绒
양은,洋银
양응,杨鹰
양의,杨毅; 杨义
양의생,杨医生
양이,洋夷; 杨怡
양인,让人; 良人; 良人; 洋人
양일,两日; 兩日; 洋溢; 杨一
양일민,杨一民
양일양,让一让
양일착,洋溢着
양입계출,量入计出; 量入计出
양자,养子; 阳子; 两者; 量子; 样子; 兩者; 量子; 扬子; 杨子
양자강,扬子江; 杨子江
양자경,杨紫琼
양자론,量子论; 量子论
양자만보,扬子晚报
양자송,杨子荣
양자식지친력,养子息知亲力
양자악,扬子鳄
양자적,两者的
양자택일,两者择一; 兩者择一
양자택일론,两者择一论
양자택일적,两者择一的
양잠,养蚕
양장,洋装; 佯装; 样张; 扬长; 羊肠
양장군,杨将军
양장소도,羊肠小道
양장이거,扬长而去
양장점,洋装店
양장피단,扬长避短
양재,禳灾; 量材; 洋财
양재흥,杨再兴
양쟁,杨铮
양저,养猪
양저업,养猪业
양저장,养猪场
양적,量的; 量的
양전,杨戬
양전자,阳电子
양전하,阳电荷
양점,样点
양정,杨靖; 杨静; 杨政; 杨程; 杨婷; 扬程; 杨晶
양정오,杨正午
양정요,杨婷瑶
양정우,杨靖宇
양정인,杨静仁
양정축예,养精蓄锐
양제,酿制; 羊蹄
양조,酿造; 养鸟; 样条; 襄助
양조무,杨祖武
양조장,酿造场
양존처우,养尊处优
양종우,杨宗友
양종위,杨宗纬
양종해,杨从海; 阳宗海
양좌,羊座; 让座
양주,洋䌷; 洋酒; 扬州; 酿酒
양주대학,扬州大学
양주성,扬州城
양주시,扬州市
양주임,杨主任
양주창,酿酒厂
양준,杨骏; 杨俊
양준강,杨俊江
양중,扬中
양중시,扬中市
양지,阳地; 样地; 杨智; 杨志; 养地
양지강,杨志刚; 杨志强
양지망,杨志望
양지명,杨志明
양지양능,良知良能; 良知良能
양지종,杨志宗
양지황,洋地黄
양진,杨真; 杨辰; 杨震; 杨晋; 杨进
양진녕,杨振宁
양질,良质; 良质
양질호피,羊质虎皮
양질화,良质化; 良质化
양징호,阳澄湖
양차,两次; 兩次; 洋车
양창,洋枪
양창붕,杨昌鹏
양채,洋菜
양채니,杨采妮
양천,养天; 杨天; 阳泉; 杨千
양천소,杨天啸
양천시,阳泉市
양천제,良贱制
양철,洋铁
양철신,杨哲信
양청,杨青
양청천,杨晴川
양초,杨超; 羊草
양촌,杨村
양총,洋葱; 杨总
양추지,杨秋池
양춘,阳春; 杨春
양춘가절,阳春佳节
양춘면,阳春面
양춘백설,阳春白雪
양춘삼월,阳春三月
양출,让出
양충,杨忠
양측,两侧; 兩侧
양치원,杨致远
양친,两亲; 兩亲
양칭,佯称
양타,让他; 羊驼
양태,样态
양토,养兔; 壤土
양파,杨波; 阳坡
양판,样板
양팔정,羊八井
양편,两便; 兩便; 样片; 扬鞭
양평,阳平; 让平; 杨平; 杨萍
양포,杨浦; 洋浦
양포구,杨浦区
양포화,氧饱和
양표,杨彪
양품,样品
양품점,洋品店
양풍,杨枫
양피,羊皮
양피지,羊皮纸
양하,洋河; 杨霞
양학경,杨学庆
양함량,氧含量
양합,氧合
양항,阳亢
양해,谅解; 諒解
양해도,杨海涛
양행,洋行; 杨行
양허,阳虚
양허다,让许多
양헌진,杨献珍
양현,让贤; 洋县; 杨玄
양혈,养血
양혜연,杨惠妍
양호,养护; 良好; 良好; 杨昊; 阳湖; 杨虎; 杨浩
양호상투,两虎相鬪; 兩虎相鬪
양호성,杨虎城
양호실,养护室
양호유환,养虎遗患
양홍앵,杨红樱
양화,洋靴; 良货; 量化; 氧化; 良货; 量化; 杨华; 洋货; 扬花; 杨花; 杨骅; 洋化; 洋火
양화개,氧化钙
양화기,扬货机
양화당,洋华堂
양화동,氧化铜
양화려,氧化铝
양화막,氧化膜
양화매,氧化酶
양화매법,氧化酶法
양화물,氧化物
양화미,氧化镁
양화법,氧化法
양화성,氧化性
양화제,氧化剂
양화철,氧化铁
양화층,氧化层
양화치,氧化值
양활,养活
양회,洋灰
양효,杨晓
양효동,杨晓东
양효문,杨孝文
양훼병,恙虫病
양휘,杨辉
양흔,杨欣
양희,杨熙
양희리,杨喜利
어,于; 语; 鱼; 烟; 御; 渔; 驭; 淤; 瘀; 龉; 饫; 圄; 圉; 铻; 茣; 籞; 蘓; 蘌; 䲣; 於; 語; 魚; 菸; 漁
어가,渔家; 渔歌; 御驾
어가친정,御驾亲征
어간,鱼干; 鱼竿
어간유,鱼肝油
어감,语感
어경,语境
어경사좌,语惊四座
어계,语系
어공,渔工
어관,鱼贯
어관이입,鱼贯而入
어관이출,鱼贯而出
어구,渔具; 语句; 渔区; 鱼钩
어구대,渔具代
어구점,渔具店
어군,语群; 鱼群
어기,语气; 渔期
어눌,语讷
어니,淤泥
어니방,御泥坊
어담,鱼胆
어당,鱼塘
어대,鱼袋
어도,御道
어동육서,鱼东肉西
어두,鱼肚
어두백,鱼肚白
어두육미,鱼头肉尾
어란,鱼卵
어란토붕,鱼烂土崩
어로,渔捞
어로불변,鱼鲁不辨
어록,语录
어뢰,鱼雷
어뢰정,鱼雷艇
어료,语料
어료고,语料库
어료지,御料地
어룡,鱼龙
어룡혼잡,鱼龙混杂
어류,鱼类
어륜,渔轮
어리,渔利
어린,鱼鳞
어린학익,鱼鳞鹤翼
어림군,御林军
어망,渔网; 鱼网
어망홍리,鱼网鸿离
어명,御命
어모,御侮
어목연석,鱼目燕石
어목혼주,鱼目混珠
어묘,鱼苗
어무륜차,语无伦次
어문,语文
어문계,语文系
어문과장,语文科长
어문일치,语文一致
어문학,语文学
어미,语尾; 鱼尾
어미문,鱼尾纹
어미지향,鱼米之乡
어민,渔民
어민문,渔民们
어반,瘀斑
어법,语法
어법규칙,语法规则
어법학,语法学
어변성룡,鱼变成龙
어병,语病
어부,渔夫
어부경인사부휴,语不惊人死不休
어부지리,渔夫之利; 渔父之利
어분,鱼粉; 语体
어불성설,语不成说; 语不成说
어불택발,语不择发
어사,御史; 语词; 语丝
어사대부,御史大夫
어사망파,鱼死网破
어사화,御赐花
어새,语塞; 淤塞
어색,语塞; 语塞
어서,语序
어선,渔船; 鱼船
어선단,渔船团
어성,语声
어성미,鱼腥味
어성초,鱼腥草
어세,渔税
어소,语素
어수,鱼水
어수정,鱼水情
어수지환,鱼水之欢
어순,语顺
어시,鱼翅
어시장,鱼市场
어아,鱼儿
어아문,鱼儿们
어아주,鱼牙䌷
어안,鱼眼
어약,鱼跃
어양,渔阳
어언,于焉; 语言
어언간,于焉间
어언류,语言类
어언부상,语焉不详
어언학,语言学
어언학가,语言学家
어언학계,语言学界
어업,渔业
어업법,渔业法
어여웅장,鱼与熊掌
어역,语域
어염시수,鱼盐柴水
어옹,渔翁
어옹득리,渔翁得利
어옹지리,渔翁之利
어용,御用; 语用
어용상인,御用商人
어용화,御用化
어원,语源; 御苑
어위,语委
어유,鱼油
어유부중,鱼游釜中
어육백성,鱼肉百姓
어육향리,鱼肉乡里
어음,语音
어음신별,语音识别
어음합성,语音合成
어응,鱼鹰
어의,语义; 语意; 御医
어의분석,语义分析
어의학,语义学
어이,鱼饵
어이아이,于异阿异
어인,渔人
어자,鱼刺; 鱼子
어자장,鱼子酱
어작,渔猎
어장,渔场
어장대,御将台
어적,淤积
어전,御前; 御殿
어점,瘀点; 鱼店
어정,渔政
어제,御制; 鱼际
어조,语调
어족,语族; 鱼族
어종,鱼种; 语种
어주,渔舟
어중,于中
어중간,于中间
어중심장,语重心长
어지,鱼池
어지파,淤地坝
어질용문,鱼质龙文; 鱼质龍文
어차,鱼叉
어차어피,于此于彼
어차피,于此彼
어체,淤滞
어초한화,渔樵闲话
어촌,渔村
어타정,鱼打挺
어탐기,渔探机
어태,语态
어투,语套
어판,鱼贩
어판장,鱼贩场
어패류,鱼贝类
어편,鱼片
어폐,语弊
어풍,御风
어풍지객,驭风之客
어피,鱼皮
어필,御笔
어학,语学
어학연수,语学研修; 语学硏修
어한,御寒
어항,渔港; 鱼缸
어혈,瘀血; 淤血
어협,渔协
어형어제,渔兄渔弟
어화,渔火; 鱼花
어화원,御花园
어환,鱼丸
어활,御敌
어황,渔况
어획,渔获
어획고,渔获高
어획량,渔获量
어획물,渔获物
어효,鱼胶
어훼,鱼虫
어휘,语汇
어휘력,语汇力
억,亿; 忆; 抑; 臆; 薏; 癔; 嶷; 肊; 憶; 億
억강부약,抑强扶弱
억겁,亿劫
억견,臆见
억고,忆苦
억고사첨,忆苦思甜
억단,臆断
억대,亿台
억류,抑留
억병,癔病
억불,抑佛
억상,臆想
억소,抑素
억압,抑压
억압당,抑压当
억압자,抑压者
억압적,抑压的
억양,抑扬
억양돈좌,抑扬顿挫
억욱,抑郁
억욱증,抑郁症
억울,抑郁
억장,亿丈
억제,抑制
억제률,抑制率
억제부주,抑制不住
억제성,抑制性
억제소,抑制素
억제작용,抑制作用
억제제,抑制剂
억제책,抑制策
억조,臆造
억조창생,亿兆苍生
억증,癔症
억지,抑止
억지력,抑止力
억측,臆测
억하심정,抑何心情
억혹,抑或
언,言; 焉; 彦; 堰; 嫣; 谚; 偃; 蔫; 唁; 鼹; 鄢; 郾; 谳; 蝘; 𬸘; 彥
언간의해,言简意赅
언감생심,焉敢生心
언거언래,言去言来
언겸,言兼
언과기실,言过其实
언교,言教
언귀정전,言归正传
언근지원,言近旨远
언급,言及
언기,焉耆
언기식고,偃旗息鼓
언다필실,言多必失
언담,言谈
언담거지,言谈举止
언동,言动
언렬산,鄢烈山
언로,言路
언론,言论
언론계,言论界
언론사,言论史; 言论社
언론인,言论人
언론자유,言论自由
언론학,言论学
언명,言明
언무부진,言无不尽
언문,言文
언문일치,言文一致
언미향미,言美响美
언변,言辩
언부유충,言不由衷
언비천리,言飞千里
언사,言辞; 言词; 偃师
언사격렬,言辞激烈
언사시,偃师市
언서,鼹鼠
언설,言说
언성,言声
언소,言笑
언소자약,言笑自若
언신지문,言身之文
언약,言约
언어,言语; 谚语
언어권,言语圈
언어도단,言语道断
언어불통,言语不通; 言语不通
언어생활,言语生活
언어적,言语的
언어학,言语学
언어학자,言语学者
언어학적,言语学的
언어활동,言语活动
언연,嫣然
언연일소,嫣然一笑
언외,言外
언외지의,言外之意
언월,偃月
언유,言喻
언유소화,言有召祸
언유재이,言犹在耳
언이무신,言而无信
언이유신,言而有信
언자,言者
언자부지,言者不知; 言者不知
언쟁,言争
언전,唁电; 言传
언전신교,言传身教
언정,言情
언정이순,言正理顺; 言正理顺
언중,言中; 言重
언중유골,言中有骨
언지,言志
언지과조,言之过早
언지비복,焉知非福
언지성리,言之成理
언지유리,言之有理
언지유물,言之有物
언지착착,言之凿凿
언질,言质
언청계종,言听计从
언필신,言必信
언필칭,言必称
언하지의,言下之意
언행,言行
언행부일,言行不一
언행일치,言行一致
언홍,嫣红
언화,言和
언환,言欢
얼,儿; 孽; 镍; 臬; 蘖; 陧; 糵; 糱; 蠥
얼장,孽障
얼채,孽债
엄,广; 严; 厂; 掩; 淹; 俺; 奄; 俨; 阉; 腌; 酽; 罨; 崦; 顩; 硽; 䶮; 嚴
엄가,严苛; 严家; 严加
엄가령,严歌苓
엄개,掩盖
엄개화,严介和
엄격,严格
엄격성,严格性
엄공,严控
엄관,严宽
엄구,掩口
엄권,掩卷
엄근,严谨
엄근성,严谨性
엄금,严禁
엄녀사,严女士
엄단,严断
엄동,严冬
엄동설한,严冬雪寒
엄려,严厉
엄려매,严丽梅
엄령,严令
엄로사,严老师
엄매,掩埋
엄명,严命; 严明
엄모,严某
엄목포작,掩目捕雀
엄몰,淹没
엄문,俺们
엄밀,严密
엄밀성,严密性
엄방,严防
엄방사수,严防死守
엄벌,严罚
엄복,严复
엄부자모,严父慈母
엄분,掩体
엄비,掩鼻
엄사,淹死; 严词; 严师
엄사합봉,严丝合缝
엄살,掩杀
엄상제,严相济
엄선,严选
엄선생,严先生
엄세번,严世蕃
엄수,严守; 淹水
엄숙,严肃
엄숙성,严肃性
엄숙주의,严肃主义
엄숙주의적,严肃主义的
엄숭,严嵩
엄습,掩袭
엄식,掩饰
엄실,严实
엄씨,严氏
엄엄,严严
엄엄실실,严严实实
엄엄일식,奄奄一息
엄여,俨如
엄연,俨然
엄영,掩映
엄옥성,严玉成
엄우률,严于律
엄우률기,严于律己
엄우송,严友松
엄의명,严义明
엄이,掩耳
엄이도령,掩耳盗铃
엄이률기,严以律己
엄인,阉人
엄인이목,掩人耳目
엄장,掩藏
엄전기,严隽琪
엄정,严正; 严整
엄정중립,严正中立
엄제,腌制
엄제자,严济慈
엄존,俨存
엄준,严峻
엄준성,严峻性
엄중,严重
엄중성,严重性
엄중자,严重者
엄지,腌渍
엄진이대,严阵以待
엄징,严惩
엄징부대,严惩不贷
엄처시하,严妻侍下
엄타,严打
엄판,严办
엄폐,掩蔽
엄한,严寒
엄할,阉割
엄형,严刑
엄형준법,严刑峻法
엄호,掩护
엄혹,严酷
엄효군,严晓群
엄효성,严晓星
업,业; 邺; 業
업경,业经
업계,业界
업내,业内
업무,业务
업무량,业务量
업무부,业务部
업무비,业务费
업무성,业务性
업무원,业务员
업무적,业务的
업보,业报
업소,业所
업여,业余
업여교육,业余教育
업여조,业余组
업여활동,业余活动
업이,业已
업자,业者
업적,业绩
업종,业种
업주,业主
업주문,业主们
업체,业体
엇,旕
엉,㫈
에,恚; 殪; 饐
엔,円
여,如; 与; 女; 余; 丽; 予; 旅; 励; 黎; 吕; 舆; 汝; 庐; 滤; 茹; 欤; 闾; 馀; 砺; 骊; 畲; 洳; 狳; 铷; 舁; 蓣; 妤; 轝; 礜; 與; 餘; 玙
여가,余暇; 余家
여가수,女歌手; 女歌手
여각,旅阁; 旅阁
여간,如干; 余干
여간현,余干县
여감방,女监房; 女监房
여강,余江
여강현,余江县
여개,余凯
여객,旅客; 旅客
여객기,旅客机; 旅客机
여객선,旅客船; 旅客船
여건,与件
여걸,余杰
여격삼추,如隔三秋
여견심폐,如见心肺
여결,余缺
여경,女警; 女警; 余庆
여경재후,如鲠在喉
여경찰관,女警察官; 女警察官
여경현,余庆县
여계,余悸
여고,女高; 女高; 如故; 如皋
여고부,女高部
여고생,女高生
여고시,如皋市
여공,女工; 女工; 与共
여공불급,如恐不及
여과,如果; 滤过; 濾过
여과기,滤过器; 濾过器
여과제,滤过剂
여관,旅馆; 旅馆; 余款
여관방,旅馆房; 旅馆房
여관비,旅馆费; 旅馆费
여관촌,旅馆村
여광,余光
여광여취,如狂如醉
여광중,余光中
여교사,女教师; 女教师
여교포,女侨胞; 女侨胞
여구,如旧
여구식약과,如狗食药果
여군,女军; 女军
여권,与圈; 女权; 旅券; 女权; 旅券
여권주의자,女权主义者
여금,如今
여급,女给; 女给
여기,与其; 如期; 如其
여기사갈,如饥似渴
여기설,与其说
여남,汝南; 余男
여남월단,汝南月旦
여녀사,余女士
여년,余年
여념,余念
여노인,女老人; 女老人
여니,如泥
여단,旅团; 旅团
여단수족,如断手足
여단원,女团员; 女团员
여담,余谈
여당,与党; 余党
여대,女大; 女大
여대부,女大部; 女大部
여대생,女大生; 女大生
여도,余涛
여독,旅毒; 旅毒; 余毒
여동,如同; 如东
여동문,女同门; 女同门
여동생,女同生; 女同生
여동풍,余东风
여동현,如东县
여득천금,如得千金
여랑사호,如狼似虎
여래,如来
여래불,如来佛
여량,余粮; 余量
여력,余力
여로,藜芦; 旅路; 旅路; 余怒
여로사,余老师
여론,舆论
여론계,舆论界
여론화,舆论化
여뢰관이,如雷贯耳
여류,女流; 女流; 余留
여리박빙,如履薄冰; 如履薄氷
여리평지,如履平地
여말,丽末; 麗末
여망,舆望
여명,黎明; 黎明
여모,余某
여목춘풍,如沐春风
여몽령,如梦令
여몽방성,如梦方醒
여몽초성,如梦初醒
여몽추,余梦秋
여문,与门
여문락,余文乐
여미,余味
여민동락,与民同乐; 与民同樂
여반장,如反掌
여발통치,如拔痛齿
여배우,女俳优; 女俳优
여백,余白
여법포제,如法炮制
여변호사,女辩护士; 女辩护士
여복,女卜; 女卜
여부,与否
여분,余分
여비,旅费; 旅费; 余飞
여비문,与非门
여비사지,如臂使指
여빈,余斌
여사,女史; 女史; 如斯
여사무원,女事务员; 女事务员
여사원,女社员; 女社员
여삼추,如三秋
여상,女商; 女商; 如上; 如常; 如像
여상소술,如上所述
여생,余生
여생구래,与生俱来
여석중부,如释重负
여선생,女先生; 余先生; 女先生
여성,女性; 女性
여성계,女性界; 女性界
여성관,女性观; 女性观
여성부,女性部
여성부장,女性部长
여성상,女性像; 女性像
여성적,女性的; 女性的
여성층,女性层
여성학,女性学; 女性学
여성형,女性型
여성화,女性化
여세,余势
여세격절,与世隔绝
여세무쟁,与世无争
여세장사,与世长辞
여세추이,与世推移
여소야대,与小野大
여소저,余小姐
여수,与受; 如数; 余数
여수가진,如数家珍
여수투수,如水投水
여승,女僧; 女僧
여시,如是
여시설,如是说
여식,女息; 女息
여신,与信; 女神; 女神; 余烬
여신상,女神像; 女神像
여신자,女信者; 女信者
여실,如实
여아,女儿; 女儿
여아부화,如蛾赴火
여액,余额
여야,与野
여약,如若
여양,汝阳
여어득수,如鱼得水
여어실수,如鱼失水
여얼,余孽
여열,余热
여염,闾阎; 閭阎
여영수형,如影随形
여영정,余永定
여왕,女王; 女王
여요,余姚; 汝窑
여요시,余姚市
여용,余勇
여우,女优; 女优; 如雨
여운,余韵; 如云
여원,如愿
여원이상,如愿以偿
여위,余威
여유,余裕
여유감,余裕感
여유만만,余裕满满
여유미,余裕美
여유분,余裕分
여음,余音
여음뇨뇨,余音袅袅
여음요량,余音绕梁
여읍여소,如泣如诉
여의,如意
여의사,如意纱; 女医师; 女医师
여의산반,如意算盘
여의주,如意珠
여이,予以
여인,女人; 女人
여인상,女人像; 女人像
여인숙,旅人宿; 旅人宿
여인위선,与人为善
여인음수,如人饮水
여일,如一
여일구증,与日俱增
여일중천,如日中天
여임대활,如临大敌
여임심연,如临深渊
여입무인지경,如入无人之境
여자,女子; 女子
여자관계,女子关系; 女子关系
여자부,女子部
여자형,女子型
여장,旅装; 旅装
여장군,女将军; 女将军
여장부,女丈夫; 女丈夫
여전,如前; 余钱
여전도회,女传道会; 女传道会
여전소술,如前所述
여전재현,如箭在弦
여정,旅情; 旅程; 旅情; 旅程; 舆情
여족,畲族
여족여수,如足如手
여종업원,女从业员; 女从业员
여좌침석,如坐针席
여좌침전,如坐针毡
여죄,余罪
여죄수,女罪囚; 女罪囚
여주,汝州
여주시,汝州市
여주인,女主人; 女主人
여주인공,女主人公; 女主人公
여중부동,与众不同
여중생,女中生; 女中生
여지,余地
여지효,余智骁
여직원,女职员; 女职员
여진,余震
여진동,余振东
여차,如此; 如次
여차동시,与此同时
여차등등,如此等等
여차상반,与此相反
여차여차,如此如此
여차이이,如此而已
여차장,女车掌; 女车掌
여차저반,如此这般
여체,女体; 女体
여초,丽初; 麗初; 如初
여추리,余秋里
여추우,余秋雨
여출일구,如出一口
여출일철,如出一辙
여취여치,如醉如痴
여측이심,如厕二心
여치여취,如痴如醉
여타,余他
여탕,女汤; 女汤
여파,余波
여판사,女判事; 女判事
여팽년,余彭年
여편,女便; 女便
여풍과이,如风过耳
여필종부,女必从夫; 女必从夫
여하,如下; 如何; 余下
여하간,如何间
여학교,女学校; 女学校
여학생,女学生; 女学生
여학생회,女学生会; 女学生会
여학우,女学友; 女学友
여한,余恨
여합부절,如合符节
여항,余杭
여항구,余杭区
여항시,余杭市
여항현,余杭县
여행,旅行; 旅行
여행가,旅行家; 旅行家
여행객,旅行客; 旅行客
여행권,旅行券; 旅行券
여행기,旅行记; 旅行记
여행단,旅行团
여행담,旅行谈; 旅行谈
여행사,旅行社; 旅行社
여행용,旅行用; 旅行用
여행원,旅行员
여행자,旅行者; 旅行者
여행지,旅行地; 旅行地
여허,如许
여현,余弦
여형사,女刑事; 女刑事
여형약제,如兄若弟
여호모피,与虎谋皮
여호첨익,如虎添翼
여화,余华; 余火
여화가,女画家; 女画家
여화미권,如花美眷
여화사옥,如花似玉
여화여도,如火如荼
여확지보,如获至宝
여회,与会
여회대표,与会代表
여회령도,与会领导
여회인사,与会人士
여회인원,与会人员
여회자,与会者
여효사칠,如胶似漆
여휘,余晖; 余辉
여흥,余兴
역,力; 易; 历; 域; 亦; 译; 役; 疫; 逆; 绎; 睾; 驿; 阈; 阋; 峄; 蜮; 怿; 埸; 轹; 鹟; 鶃; 譯; 訳
역가,历家; 亦可; 曆家; 易家
역개,译介
역거,易居
역건련,易建联
역경,逆境; 易经
역공,逆攻
역공역농,亦工亦农
역관계,逆关系
역관권,逆官权
역광,逆光
역구,疫区
역구내,驿区内
역구지분,役口之分
역기,力器
역기능,逆机能
역기능적,逆机能的
역내,域内
역능복주,亦能覆舟
역당,逆党
역대,历代; 歷代
역도,力道; 力道; 驿道; 易道
역도부,力道部; 力道部
역독,易读
역동,力动; 力动; 易懂
역동성,逆动性
역동적,力动的; 力动的
역득,易得
역락,易洛; 易烙
역란주,易兰珠
역랍관,易拉罐
역래순수,逆来顺受
역량,力量; 力量
역려,逆旅
역려과객,逆旅过客
역력,历历; 歷历
역로사,易老师
역류,逆流
역류이상,逆流而上
역린,逆鳞
역림출판사,译林出版社
역립,易立
역마,译码
역마살,驿马煞
역마직성,驿马直星
역망,易纲
역명,域名; 译名
역모,易某
역모품,易耗品
역묘,疫苗
역무실,驿务室
역무원,驿务员
역문,译文
역반,逆反
역반심리,逆反心理
역발구,易发区
역발생,易发生
역방체,易方达
역방체기금관리유한공사,易方达基金管理有限公司
역범,易犯
역법,历法; 曆法
역변,易变
역변기,逆变器
역병,疫病
역보역추,亦步亦趋
역복랍흔,易卜拉欣
역복생,易卜生
역본,译本
역봉한,易锋寒
역부족,力不足; 力不足
역북하,易北河
역분전,役分田
역분해,逆分解
역비,易飞
역사,役事; 驿舍; 力士; 历史; 力士; 歷史; 役使
역사가,历史家; 歷史家
역사관,历史观; 歷史观
역사상,历史上; 歷史上
역사서,历史书
역사성,历史性; 歷史性
역사의식,历史意识; 歷史意识
역사적,历史的; 歷史的
역사주의,历史主义; 歷史主义
역사주의자,历史主义者
역사주의적,历史主义的
역사책,历史册; 歷史册
역사학,历史学; 歷史学
역사학계,历史学界
역사학과,历史学科
역사학자,历史学者
역사학적,历史学的
역사화,历史化
역산,逆算
역살,轹杀; 轢杀
역서,易书; 译书; 历书; 曆书
역선생,易先生
역설,逆说; 力说; 力说
역설적,逆说的
역성,译成; 易性
역성혁명,易姓革命
역세권,驿势圈
역수,易水; 易手; 逆水
역수난공,易守难攻
역수출,逆输出
역수행주,逆水行舟
역순,逆顺
역술,历术; 曆术
역습,逆袭
역승화,逆升华
역시,亦是; 逆市
역시침,逆时针
역신,易晨; 易迅
역약업,易药业
역여반장,易如反掌
역역,力役; 力役
역연,历然; 歷然; 亦然
역연물,易燃物
역연역폭,易燃易爆
역옥,易玉
역온,逆温
역외,域外
역외국,域外国
역용,易容
역용성,易用性
역우,易于
역운정,易云霆
역원,译员
역위,易位
역음,译音
역의병식,易衣并食; 易衣幷食
역이,逆耳
역이용,逆利用; 逆利用
역이지언,逆耳之言
역인,役人
역일,历日; 曆日
역임,历任; 歷任
역자,译者; 逆子
역자이교지,易子而教之
역작,力作; 力作; 译作
역작용,逆作用
역장,驿长
역저,译著
역적,逆贼; 域的
역적고,域的高
역전,逆战; 逆转; 驿传; 驿前
역전승,逆转胜
역전패,逆转败
역점,易占; 力点; 力点
역정,逆情; 历程; 疫情; 歷程; 易静
역제,役制; 译制
역제편,译制片
역조,逆调
역주,译注
역중,域中
역중천,易中天
역즉,亦即
역증,逆症
역지,易地
역지사지,易地思之
역질,疫疾
역차,逆差
역참,驿站
역천행,易天行
역초,易楚
역촌,驿村
역추적,逆追迹
역치,阈值; 易帜
역투지배,力透纸背; 力透纸背
역풍,逆风
역학,易学; 疫学; 力学; 力学
역학자,易学者
역학적,力学的; 力学的
역할,役割
역할극,役割剧
역할론,役割论
역행,逆行; 易行
역행적,逆行的
역향,逆向
역헌용,易宪容
역현,易县
역화,易化
역효과,逆效果
연,年; 然; 联; 连; 研; 演; 烟; 练; 软; 延; 沿; 缘; 恋; 燃; 怜; 燕; 炼; 莲; 咽; 宴; 渊; 捐; 衍; 娟; 铅; 懦; 蠕; 蜒; 吮; 涎; 琏; 筵; 涟; 涓; 砚; 胭; 椽; 妍; 兖; 鸢; 辇; 𬙂; 掾; 橼; 蹨; 埏; 緛; 䜩; 耎; 莚; 酀; 蝝; 蜎; 肙; 轋; 醼; 鋋; 縁; 鼘; 肰; 煙; 緣; 軟; 嬿
연가,恋歌; 沿街; 燕家
연간,年间; 年间
연간권,年间券
연감,烟碱
연강,演讲
연강자,演讲者
연객,宴客
연건,软件
연건개발,软件开发
연건공구,软件工具
연건공정,软件工程
연건산품,软件产品
연건업,软件业
연건질량,软件质量
연건축면적,延建筑面积
연건평,延建坪
연건포,软件包
연결,连结; 連结
연결망,连结网
연결선,连结线; 連结线
연경,燕京; 延庆
연경겸시,软硬兼施
연경대학,燕京大学
연경현,延庆县
연계,连系; 連系
연계성,连系性; 連系性
연고,缘故; 软膏
연고권,缘故权
연고자,缘故者
연고지,缘故地
연골,软骨
연골두,软骨头
연골류,软骨瘤
연골병,软骨病
연공서열,年功序列; 年功序列
연과,烟锅
연과학,软科学
연관,筵官; 联关; 捐款; 聯关; 软管
연관상,捐款箱
연관성,联关性; 聯关性
연관자,捐款者
연교차,年较差; 年较差
연구,研究; 硏究; 铅球; 软驱; 捐躯; 烟具
연구가,研究家; 硏究家
연구과,研究课; 硏究课
연구관,研究官; 硏究官
연구법,研究法
연구부,研究部; 硏究部
연구부장,研究部长; 硏究部长
연구비,研究费; 硏究费
연구사적,研究史的; 硏究史的
연구생,研究生
연구생문,研究生们
연구생원,研究生院
연구서,研究书; 硏究书
연구성,研究性
연구세심,年久岁深; 年久岁深
연구소,研究所; 硏究所
연구소장,研究所长; 硏究所长
연구실,研究室; 硏究室
연구실장,研究室长; 硏究室长
연구연구,研究研究
연구용,研究用; 硏究用
연구원,研究员; 研究院; 硏究员; 硏究院
연구자,研究者; 硏究者
연구자문,研究者们
연구직,研究职; 硏究职
연구진,研究阵; 硏究阵
연구학,研究学; 硏究学
연구형,研究型
연구회,研究会; 硏究会
연국,燕国
연권,烟卷
연극,演剧
연극계,演剧界
연극과,演剧科
연극관,演剧观
연극론,演剧论
연극배우,演剧俳优
연극사,演剧史
연극사적,演剧史的
연극상,演剧赏
연극인,演剧人
연극적,演剧的
연극제,演剧祭
연극패,演剧牌
연극학과,演剧学科
연극학자,演剧学者
연극화,演剧化
연금,软禁; 年金; 年金
연금술,炼金术; 鍊金术
연금술적,炼金术的; 炼金术的
연급,延及
연기,延期; 演技; 烟气; 缘起; 燃气; 燃起; 烟机
연기력,演技力
연기륜기,燃气轮机
연기법,演技法
연기상,演技赏
연기설,延期设; 缘起说
연기열수기,燃气热水器
연기운,燕寄云
연기인,演技人
연기자,演技者
연기파,演技派
연길,延吉
연길시,延吉市
연꽃형,莲-形
연내,年内; 年内
연년,延年
연년익수,延年益寿
연농,烟农
연뇌막,软脑膜
연니,燕妮
연단,演坛; 软蛋
연당,软糖
연대,年代; 联队; 连带; 烟台; 年代; 聯队; 連带; 砚台; 烟袋
연대감,连带感; 連带感
연대기,年代记; 年代记
연대기적,年代记的; 年代记的
연대기학,年代记学; 年代记学
연대대학,烟台大学
연대만보,烟台晚报
연대성,连带性; 連带性
연대시,烟台市
연대장,联队长; 聯队长
연대장실,联队长室
연대적,年代的; 年代的
연대항,烟台港
연도,沿道; 年度; 沿途; 年度
연독,研读
연동,联动; 蠕动; 聯动
연동제,联动制; 聯动制
연두,软豆; 年头; 年头; 烟头
연두색,软豆色
연둣,软豆
연등,燃灯
연등회,燃灯会
연락,连络; 連络
연락망,连络网; 連络网
연락병,连络兵; 連络兵
연락부,连络部
연락선,连络船; 連络船
연락책,连络责
연락처,连络处; 連络处
연람,延揽
연련,演练
연령,年龄; 年龄; 燕翎; 烟龄
연령층,年龄层; 年龄层
연례,年例; 年例
연례적,年例的
연례행사,年例行事; 年例行事
연로,年老; 年老
연료,燃料
연료비,燃料费
연료유,燃料油
연루,连累; 連累
연루자,连累者; 連累者
연륜,年轮; 年轮
연륵,软肋
연리,年利; 年利
연립,联立; 聯立
연마,研磨; 硏磨
연마경포,软磨硬泡
연마기,研磨机; 硏磨机
연마장,研磨场; 硏磨场
연막,烟幕
연막탄,烟幕弹
연만,年晩
연말,年末; 年末
연말연시,年末年始; 年末年始
연매,燃煤; 烟煤
연맥,燕麦
연맥편,燕麦片
연맹,联盟; 聯盟
연맹전,联盟战; 聯盟战
연맹체,联盟体; 聯盟体
연맹형,联盟型; 聯盟型
연면,延绵
연면면,软绵绵
연면적,延面积
연명,延命
연모,恋慕; 戀慕
연목,软木
연목구어,缘木求鱼
연목새,软木塞
연무,烟雾; 演武
연무관,演武馆
연무대,炼武台; 鍊武台
연무미만,烟雾弥漫
연물,捐物
연미,鸢尾
연미복,燕尾服
연미지급,燃眉之急
연민,怜悯; 憐悯; 烟民
연민문,烟民们
연박,渊博
연반,软盘
연발,连发; 研发; 連发
연발경비,研发经费
연방,联邦; 连方; 聯邦; 連方; 燃放
연방군,联邦军; 聯邦军
연방제,联邦制; 聯邦制
연배,年辈; 年辈
연변,沿变; 沿边; 演变; 延边; 蠕变; 衍变
연변대,延边队
연변대학,延边大学
연변로,延边路
연변조선족자치주,延边朝鲜族自治州
연변주,延边州
연병,练兵; 練兵
연병설,连兵说; 連兵说
연병장,练兵场; 練兵场
연보,年报; 年谱; 年报; 年谱
연봉,年俸; 连峰; 年俸; 連峰
연분,缘分; 铅粉; 软体
연분동물,软体动物
연분홍,软粉红
연비,燕飞
연사,演士; 年事; 年事; 衍射; 烟丝; 燕莎; 铅丝
연산,演算; 年产; 年产; 燕山; 烟酸; 铅山
연산기,演算机; 燕山期
연산대학,燕山大学
연산현,铅山县
연삼,延森
연상,年上; 联想; 年上; 聯想
연상차,软床车
연생,衍生
연생물,衍生物
연생품,衍生品
연생호보,延生护宝
연서,恋书; 连署; 戀书; 連署; 捐书; 燕西
연석,宴席; 筵席; 软席
연석회의,连席会议; 連席会议
연선지구,沿线地区
연설,演说
연설문,演说文
연설자,演说者
연설조,演说调
연설회,演说会
연설회장,演说会场
연성,延性; 软性
연성화,软性化
연세,年岁; 年岁; 捐税
연소,燃烧
연소비,燕小飞
연소실,燃烧室
연소옥,燕少玉
연소운산,烟消云散
연소탄,燃烧弹
연속,连属; 连续; 延续; 連属; 連续
연속극,连续剧; 連续剧
연속선,连续线; 連续线
연속설,连续说; 連续说
연속성,连续性; 延续性; 連续性
연속적,连续的; 連续的
연속체,连续体; 連续体
연쇄,连锁; 連锁
연쇄적,连锁的; 連锁的
연쇄점,连锁店; 連锁店
연수,研修; 硏修; 延寿; 延髓; 娟秀; 软水
연수과,练修课; 練修课
연수부,练修部; 練修部
연수비,练修费; 練修费
연수생,研修生; 硏修生
연수원,练修院; 練修院
연수유답,烟受有畓
연수유전,烟受有田
연수유전답,烟受有田畓
연수처,练修处; 練修处
연수회,练修会; 練修会
연습,演习; 练习; 練习; 沿袭; 研习
연습기,练习机; 練习机
연습량,练习量; 練习量
연습생,练习生; 練习生
연습실,练习室; 練习室
연습용,练习用; 練习用
연습장,演习场; 练习帐; 練习帐
연습장지,练习帐纸; 練习帐纸
연승,连胜; 連胜
연시,连时; 演示; 連时; 延时
연신,延伸
연신률,延伸率
연신선,延伸线
연신성,延伸性
연악,软腭
연안,沿岸; 延安
연안국,沿岸国
연안대학,延安大学
연안동로,延安东路
연안로,延安路
연안서로,延安西路
연안시,延安市
연애,恋爱; 戀爱
연애결혼,恋爱结婚; 戀爱结婚
연애시,恋爱诗; 戀爱诗
연애지상주의자,恋爱至上主义者
연애편지,恋爱便纸; 戀爱便纸
연약,软弱
연약가기,软弱可欺
연약무능,软弱无能
연약무력,软弱无力
연약속,软约束
연어,渊鱼; 软语
연역,演绎
연역적,演绎的
연연,恋恋; 戀戀; 软软; 涓涓; 燕燕; 然然
연연적,软软的
연영과,演映科
연예,演艺
연예가,演艺街
연예계,演艺界
연예인,演艺人
연오,延误
연옥,软玉
연와,燕窝; 软卧
연완,延缓
연용,沿用
연우,缘于; 烟雨; 燕于
연운,烟云; 燕云
연원,渊源; 演员; 燕园
연원문,演员们
연원장,演员奖
연유,缘由; 燃油
연유비,燃油费
연은,烟瘾
연음,宴饮
연음료,软饮料
연의,演义; 研拟
연이,然而
연인,恋人; 戀人; 铅印
연인원,延人员
연일,连日; 連日
연임,连任; 連任
연자,研子; 燕子; 硏子; 捐资; 铅字; 椽子
연작,连作; 联作; 聯作; 燕雀
연장,延长
연장감,延长感
연장새,延长赛
연장선,延长线
연장자,年长者; 年长者
연장전,延长战
연재,连载; 連载
연재소설,连载小说; 連载小说
연적,砚滴; 恋敌; 戀敌
연전,捐钱; 延展; 烟田
연전성,延展性
연전연승,连战连胜; 連战連胜
연점,燃点; 烟点
연정,恋情; 联政; 戀情; 聯政
연제,研制
연제자,研制者
연조,捐助
연조자,捐助者
연조직,软组织
연좌,莲座; 蓮座
연좌시위,连坐示威; 連坐示威
연좌차,软座车
연주,演奏; 筵奏; 连奏; 烟酒; 兖州; 延州; 烟柱
연주가,演奏家
연주곡,演奏曲
연주법,演奏法
연주소,演奏所
연주원,演奏员
연주인,演奏人
연주자,演奏者
연주회,演奏会
연중,年中; 年中
연중독,铅中毒
연중무휴,年中无休; 年中无休
연중행사,年中行事; 年中行事
연증,捐赠
연증자,捐赠者
연지,延迟; 胭脂; 烟支
연지성,延迟性
연직,铅直
연직원,演职员
연진,演进; 烟尘; 延津
연진천리,烟尘千里
연차,年次; 年次
연차적,年次的; 年次的
연착,延着
연착검,涎着脸
연착륙,延着陆; 软着陆
연찬,研钻; 硏钻
연창,演唱; 烟囱; 烟枪
연창자,演唱者
연창회,演唱会
연천계,涟川系; 漣川系
연청,宴请; 燕青; 延请
연체,延滞; 烟蒂
연체동물,软体动物
연체료,延滞料
연초,烟草; 年初; 年初
연초록,软草绿
연초업,烟草业
연추,燕秋
연출,演出
연출가,演出家
연출력,演出力
연출상,演出赏
연출선,演出线
연출자,演出者
연출작,演出作
연출적,演出的
연출진,演出阵
연취,烟嘴
연층,年层; 年层
연치,年齿; 年齿
연칙,然则
연타,连打; 連打
연탄,炼炭; 煉炭; 软瘫
연탕,延宕
연토,研讨; 烟土
연토반,研讨班
연토회,研讨会
연통,烟筒
연투,烟斗
연파,演播; 烟波
연파실,演播室
연파호묘,烟波浩渺
연판,研判
연판장,连判状; 連判狀
연패,连覇; 连败; 連覇; 連败
연평,延平
연평균,年平均; 年平均
연포장,软包装
연표,年表; 年表; 烟标
연필,铅笔
연필심,铅笔心
연필화,铅笔画
연하,咽下; 年下; 年下; 沿河; 烟霞; 延河
연하고질,烟霞痼疾
연하장,年贺状; 年贺狀
연한,年限; 年限
연합,联合; 聯合; 烟盒
연합고사,联合考查; 聯合考查
연합국,联合国; 聯合国
연합군,联合军; 聯合军
연합사,联合司
연합체,联合体
연합체적,联合体的
연합통신,联合通信; 聯合通信
연합회,联合会
연항,烟缸
연해,沿海
연해성시,沿海省市
연해지구,沿海地区
연행,演行; 连行; 連行
연헌,捐献
연헌자,捐献者
연혁,沿革
연혈,捐血
연협,烟叶; 燕侠
연형,年形; 年形
연호,年号; 连呼; 年号; 連呼; 燕豪
연호색,延胡索
연화,莲花; 烟花; 演化; 蓮花; 烟火; 软化; 铅华; 衍化; 软和
연화대,莲花台; 蓮花台
연화부수형,莲花浮水形; 蓮花浮水形
연화석,莲花石; 蓮花石
연화세계,莲花世界; 蓮花世界
연화제,软化剂
연회,宴会; 烟灰
연회비,年会费
연회석,宴会席
연회청,宴会厅
연회항,烟灰缸
연후,然后
연훈화료,烟熏火燎
연훼병독,蠕虫病毒
연휴,连休; 連休
연희,演戯; 演戏
연희자,演戯者
열,说; 列; 热; 烈; 裂; 阅; 劣; 悦; 咽; 涅; 拽; 噎; 熱; 悅; 閱
열가공,热加工
열강,列强; 列强
열거,列举; 列擧
열과상적마의,热锅上的蚂蚁
열관,热管
열광,热狂
열광적,热狂的
열교환,热交换
열교환기,热交换器
열구,热狗
열구지물,悦口之物
열권,阅卷
열기,热气
열기등등,热气腾腾
열나아,热那亚
열녀,烈女; 烈女
열녀상,烈女像; 烈女像
열뇨,热闹
열능,热能
열대,热带
열대림,热带林
열대병,热带病
열대성,热带性
열대어,热带鱼
열대우림,热带雨林
열도,列岛; 列岛; 热度; 热岛
열독,热读; 阅读
열독기,阅读器
열독량,阅读量
열독률,阅读率
열독자,阅读者
열득쾌,热得快
열등,劣等; 劣等
열등감,劣等感
열등등,热腾腾
열등반,劣等班
열등생,劣等生; 劣等生
열등성,劣等性
열등의식,劣等意识; 劣等意识
열락,热络
열랄랄,热辣辣
열람,阅览
열람권,阅览权
열람실,阅览室
열랑,热浪
열량,热量
열력,阅历; 热力
열력학,热力学
열련,热恋
열렬,热烈
열렬찬양,热烈赞扬
열로,热炉
열루,热泪
열루영광,热泪盈眶
열류,热流
열망,热望
열명,列名; 列名
열모,热耗
열목,悦目
열문,热门
열문고,热门股
열민,热敏
열반,涅槃; 热饭
열반적정,涅槃寂静
열변,热辩
열병,热病; 阅兵
열병식,阅兵式
열보,阅报
열보란,阅报栏
열복사,热辐射
열부,烈妇; 烈妇; 热敷
열분석,热分析
열분해,热分解
열사,热沙; 烈士; 烈士
열선,热线
열성,热诚; 劣性; 劣性; 热性
열성적,热诚的
열성파,热诚派
열세,劣势; 劣势
열소,热销
열소성,热塑性
열손실,热损失
열수,热水
열수기,热水器
열수대,热水袋
열수병,热水瓶
열신,热身
열신새,热身赛
열신운동,热身运动
열심,热心; 悦心
열심장,热心肠
열악,劣恶; 劣恶
열알,热轧
열압,热压
열애,热爱
열약,劣弱; 劣弱; 热药
열역학,热力学; 热力学
열연,热演
열열뇨뇨,热热闹闹
열외,列外; 列外
열외자,列外者
열원,热源
열위,劣位; 劣位
열음,热饮
열응력,热应力
열의,热意
열이,悦耳
열전,列传; 列传; 热电; 热战
열전도,热传导
열전도성,热传导性
열전우,热电偶
열전창,热电厂
열절,热切
열점,热点
열정,热情
열정분방,热情奔放
열정양일,热情洋溢
열정적,热情的
열정주도,热情周到
열정호객,热情好客
열조,热潮; 热阻
열주식,列柱式; 列柱式
열중,热中
열증,热症
열차,列车; 列车
열차관,列车馆; 列车馆
열창,热唱
열창랭축,热胀冷缩
열처리,热处理
열천,热天
열충,热衷
열충우,热衷于
열치,热值
열침,热忱
열탕,热汤
열토,热土
열파,涅波
열판,热板
열패감,劣败感; 劣败感
열팽창,热膨胀
열편,裂片; 裂片
열편상,裂片状; 裂片状
열평형,热平衡
열풍,烈风; 烈风; 热风
열풍로,热风炉
열하,热河
열학,热学
열항두,热炕头
열해,热解
열핵,热核
열혈,热血
열혈남아,热血男儿
열혈비등,热血沸腾
열혈청년,热血青年
열호,热乎
열호호,热乎乎; 热呼呼
열홍홍,热烘烘
열화,热火; 热和; 热化
열화조천,热火朝天
열화주점,悦华酒店
열효률,热效率
열효응,热效应
염,念; 染; 炎; 厌; 廉; 盐; 艳; 焰; 帘; 阎; 冉; 捻; 髯; 魇; 殓; 靥; 鲶; 琰; 餍; 厣; 恹; 焱; 闫; 滟; 酽; 苒; 锬; 剡; 蚺; 髥; 黡; 艶; 厭; 鹽; 艷; 豔
염가,廉价; 廉价
염감,盐碱
염감지,盐碱地
염감화,盐碱化
염건강,阎建钢
염권,厌倦
염기,盐基; 盐气; 厌弃
염기공구,盐崎恭久
염기성,盐基性
염니,闫妮
염단,阎丹
염도,盐度; 盐都
염동,冉冬
염두,念头; 念头
염라,阎罗
염라왕,阎罗王
염량,炎凉
염량구,阎良区
염량세태,炎凉世态
염려,念虑; 念虑; 艳丽
염려증,念虑症
염련과,阎连科
염로,盐卤
염료,染料
염류,盐类
염모,闫某; 冉某
염문,艶闻
염문설,艶闻说
염미,艳美
염민,盐民
염방,染坊
염방방,闫芳芳
염번,厌烦
염병,染病
염복,艳福
염복부천,艳福不浅
염분,盐分
염불,念佛; 念佛
염사예,闫思睿
염산,盐酸
염삼,阎森
염상,染上; 盐商; 闫相
염색,染色
염색법,染色法
염색분,染色体
염색업체,染色业体
염색질,染色质
염색체,染色体
염석산,阎锡山
염선,艳羡
염선생,阎先生; 闫先生
염성,盐城
염성시,盐城市
염세,厌世; 盐税
염세주의,厌世主义
염세탁,阎世铎
염소,盐素
염수,盐水
염숭,阎嵩
염숭년,阎崇年
염식,厌食
염식증,厌食症
염신평,闫新平
염악,厌恶
염암,盐岩
염양,厌氧; 艳阳
염양천,艳阳天
염업,盐业
염열,炎热
염염,炎炎; 冉冉; 恹恹; 阎琰
염염승기,冉冉升起
염염하일,炎炎夏日
염왕,阎王
염왕야,阎王爷
염원,念愿; 念愿
염유,冉维; 阎柔
염유문,阎维文
염장,盐场
염쟁,闫峥
염전,染典; 盐田; 厌战
염전구,盐田区
염전항,盐田港
염정,盐井; 艳情
염정무이,染净无二
염제,炎帝
염좌,捻挫; 捻挫
염주,念咒; 念珠; 念呪; 念珠
염증,厌症; 炎症
염증성,炎症性
염지,染指; 盐池
염지현,盐池县
염지화,盐渍化
염직,染织
염진,盐津
염진현,盐津县
염천,炎天
염초,焰硝
염출,捻出; 捻出
염치,廉耻; 廉耻
염탐,廉探; 廉探
염파,盐巴
염하,炎夏
염학,厌学
염항,染缸
염호,盐湖
염호성,盐湖城
염홍,染红; 艳红
염화,盐化; 焰火
염화미소,拈华微笑
염화시중,拈华示众
염황,炎黄
염황자손,炎黄子孙
염효굉,阎晓宏
엽,叶; 猎; 魇; 晔; 烨; 靥; 揲; 鐷; 葉
엽관,猎官; 獵官
엽락지추,叶落知秋
엽병,叶柄
엽서,叶书
엽액,叶腋
엽전,叶钱
엽차,叶茶; 叶茶
엽총,猎铳; 獵铳
엿,㖲; 㖳
영,领; 英; 令; 影; 营; 灵; 永; 荣; 洞; 宁; 迎; 映; 零; 怜; 赢; 玲; 铃; 盈; 婴; 岭; 颖; 泳; 莹; 瑛; 狞; 咏; 聆; 羚; 颍; 瀛; 萦; 缨; 嬴; 嵘; 郢; 楹; 囹; 瘿; 茔; 璎; 撄; 蝾; 韺; 禜; 锳; 滢; 贏; 營; 榮; 穎; 詠; 潆; 嬰
영가,赢家; 永嘉
영가현,永嘉县
영각,迎角
영감,令监; 灵感; 令监; 靈感
영갑,英甲
영강,永康
영강시,永康市
영거,领去; 領去
영건,营建
영걸,英杰
영겁,永劫
영격,迎击
영격란,英格兰
영격란국가대,英格兰国家队
영격란대,英格兰队
영격란은행,英格兰银行
영결,永诀
영결식,永诀式
영경,英琼
영계,灵界; 靈界
영고,迎鼓; 泳裤
영고성쇠,荣枯盛衰
영공,领空; 領空
영관,领官; 領官
영광,荣光; 永光
영교,灵交; 靈交
영구,永久; 营救; 赢球; 营口
영구불변,永久不变; 永久不变
영구성,永久性
영구시,营口市
영구장천,永久长天
영구적,永久的
영구차,灵柩车; 靈柩车
영구항,营口港
영구화,永久化
영국,英国
영국검교대학,英国剑桥大学
영국공사,英国公司
영국광파공사,英国广播公司
영국대,英国队
영국대사관,英国大使馆
영국대학,英国大学
영국륜돈대학,英国伦敦大学
영국사관,英国使馆
영국석유공사,英国石油公司
영국시장,英国市场
영국식,英国式
영국식품표준국,英国食品标准局
영국우진대학,英国牛津大学
영국인,英国人
영국참,英国站
영국통신사,英国通讯社
영국항공공사,英国航空公司
영국황가해군,英国皇家海军
영군,英军
영극,影剧
영극원,影剧院
영기,英气
영기핍인,英气逼人
영길리해협,英吉利海峡
영남,岭南; 嶺南; 英男
영내,营内; 领内; 領内
영녀왕,英女王
영년,永年
영년조서,英年早逝
영년현,永年县
영녕,永宁
영녕진,永宁镇
영녕현,永宁县
영농,营农
영농비,营农费
영단,影坛; 泳坛
영대,瀛台
영덕,英德
영덕시,英德市
영도,领导; 領导; 泳道
영동,岭东; 嶺东
영동기,永动机
영두,迎头
영두간상,迎头赶上
영두통격,迎头痛击
영득,赢得
영등,永登
영등현,永登县
영락,零落; 永乐; 零落; 璎珞
영랑,英朗
영래,迎来
영련,楹联; 泳联
영련방,英联邦
영렬,英烈
영령,英灵
영롱,玲珑; 玲珑
영루,营垒
영륜,英伦
영륜삼도,英伦三岛
영륜풍,英伦风
영륜학원,英伦学院
영륭,永隆
영리,营利; 怜悧; 盈利; 赢利; 怜悧; 英里; 英利; 永利
영리률,盈利率
영리성,盈利性; 营利性; 赢利性
영리적,营利的
영만,盈满
영면,迎面
영면이래,迎面而来
영명,英明; 英名; 永明
영모,英模
영목,灵木; 靈木
영무,英亩; 英武
영무녕일,永无宁日
영무지경,永无止境
영문,英文; 营门
영문과,英文科
영문자,英文字
영문판,英文版
영문학,英文学
영문학과,英文学科
영문학자,英文学者
영미,影迷; 英美
영미문,影迷们
영미차대,英美车队
영민,英敏
영반,营盘
영방,英镑; 营房; 英方
영방공사,盈方公司
영백,莹白
영법,泳法; 英法
영벽,影壁
영별,永别
영보청춘,永葆青春
영복,永福
영부,永不
영부마멸,永不磨灭
영부지식,永不止息
영부퇴색,永不褪色
영비릉,英飞凌
영빈,迎宾
영빈관,迎宾馆
영사,领事; 領事; 映射; 影射; 营私; 咏史
영사관,领事馆; 領事馆
영사무폐,营私舞弊
영사실,映写室
영산,英山
영산홍,映山红
영상,映像; 零上; 影像; 零上
영상물,映像物
영상미,映像美
영상현,颍上县
영상회,映像会
영생,永生; 营生
영생난망,永生难忘
영생영세,永生永世
영생화,永生化
영서,岭西; 嶺西
영선공,营缮工
영설,影碟; 映雪
영설기,影碟机
영설지재,咏雪之才
영성,灵性; 影城; 靈性; 影星; 永城
영성시,永城市
영성적,灵性的; 靈性的
영세,零细; 领洗; 零细; 領洗; 永世
영세민,零细民; 零细民
영세불망,永世不忘
영세업자,零细业者
영소,营销; 狞笑
영소류,营销类
영소원,营销员
영속,永续; 营属
영속유이경군도,英属维尔京群岛
영속적,永续的
영송,迎送
영수,领袖; 領袖; 永修
영수부후,永垂不朽
영수증,领收证; 領收证
영수증철,领收证缀
영수현,永修县
영순,永顺
영순위,零顺位; 零顺位
영승,永胜
영시,咏诗; 零时; 影视; 零时
영시계,影视界
영시권,影视圈
영시업,影视业
영시편,影视片
영신,迎新; 永新
영신현,永新县
영아,婴儿; 影儿
영아기,儿期; 婴儿期
영악,灵恶; 靈恶; 狞恶
영안,永安
영안시,永安市
영안실,灵安室; 靈安室
영약,灵药; 靈药
영양,营养
영양가,营养价
영양과,营养课
영양과장,营养课长
영양기,营养气
영양발,营养钵
영양부량,营养不良
영양부량률,营养不良率
영양분,营养分
영양비,营养费
영양사,营养士
영양성,营养性
영양소,营养素
영양식,营养食
영양실조,营养失调
영양액,营养液
영양원,营养源
영양품,营养品
영양학가,营养学家
영양학자,营养学者
영어,英语; 囹圄; 囹圄
영어계,英语系
영어과,英语科
영어권,英语圈
영어륙급,英语六级
영어부,英语部
영어사급,英语四级
영어식,英语式
영업,营业; 影业
영업국장,营业局长
영업권,营业权
영업부,营业部
영업성,营业性
영업세,营业税
영업소,营业所
영업소장,营业所长
영업시간,营业时间
영업액,营业额
영업용,营业用
영업원,营业员
영업전,永业田
영업직,营业职
영업집조,营业执照
영업청,营业厅
영여,盈余; 盈馀
영역,领域; 領域
영역권,领域权; 領域权
영역성,领域性
영역적,领域的
영영,永永; 盈盈; 英英
영영작작,影影绰绰
영예,荣誉
영요,萦绕
영욕,荣辱
영용,英勇
영용작전,英勇作战
영용희생,英勇牺牲
영우,英宇; 咏叹
영우조,咏叹调
영운,营运
영웅,英雄
영웅경절요,英雄竞折腰
영웅기단,英雄气短
영웅담,英雄谭
영웅무용무지지,英雄无用武之地
영웅문,英雄们
영웅방,英雄榜
영웅본색,英雄本色
영웅성,英雄城
영웅소견략동,英雄所见略同
영웅시,英雄视
영웅식,英雄式
영웅심,英雄心
영웅적,英雄的
영웅호걸,英雄豪杰
영원,永远; 影院
영원무궁,永远无穷
영원문,营员们
영원불멸,永远不灭; 永远不灭
영원불변,永远不变; 永远不变
영원성,永远性
영위,营为
영유,领有; 領有; 婴幼
영유권,领有权
영유아,婴幼儿
영음,影音
영의,泳衣
영의정,领议政; 領议政
영인,影印
영인이해,迎刃而解
영입,迎入
영자,英字; 影子; 英姿; 永磁; 英子
영자발발,英姿勃发
영자삽상,英姿飒爽
영자지,英字纸
영자팔법,永字八法
영장,令状; 灵长; 令狀; 靈长; 泳装; 营长; 营帐
영장주의,令状主义; 令狀主义
영재,英才
영적,灵的; 靈的; 英籍
영전,荣转; 迎战
영접,迎接
영정,影帧; 永定; 嬴政
영정문,永定门
영정하,永定河
영정현,永定县
영제,永济; 英制
영제시,永济市
영조,营造; 映照; 影调
영조계,英租界
영종,影踪; 英宗
영주,永住; 领主; 領主; 永州; 永驻; 英主
영주권,永住权
영주시,永州市
영주적,领主的
영준,英俊
영지,灵芝; 领地; 营地; 靈芝; 領地
영집,影集
영창,营仓; 永昌; 咏唱
영채,营寨
영척,英尺
영천,永川; 颍川; 颖川
영천시,永川市
영청,永清
영체,英达; 永达
영초,英超
영초구락부,英超俱乐部
영촌,英寸
영춘,迎春; 永春
영춘현,永春县
영춘화,迎春花
영취,迎娶
영치,领置; 領置
영치금,领置金; 領置金
영친,映衬; 迎亲
영타,英打
영태,永泰
영태현,永泰县
영택구,迎泽区
영토,领土; 領土
영토적,领土的
영특,英特
영특이,英特尔
영특이공사,英特尔公司
영패리,永贝里
영편,影片
영평,影评; 永平
영포,岭布; 嶺布; 英布
영풍,迎风; 永丰
영풍초전,迎风招展
영풍현,永丰县
영하,零下; 零下
영한,英汉
영한사전,英韩辞典
영합,迎合
영합적,迎合的
영항,永恒; 英航
영해,领海; 領海; 婴孩; 瀛海
영향,影响
영향권,影响圈
영향력,影响力
영향성,影响性
영험,灵验; 靈验
영험자,灵验者
영현,映现
영호,英豪
영혼,灵魂; 靈魂; 英魂
영화,映画; 荣华; 永和; 英华; 营火; 永华
영화가,映画街
영화감독,映画监督
영화계,映画界
영화과,映画科
영화관,映画馆
영화광,映画狂
영화배우,映画俳优
영화사,映画社
영화업,映画业
영화업체,映画业体
영화인,映画人
영화적,映画的
영화전영성,永华电影城
영화제,映画祭
영화체,英华达
영화형,映画型
영화화,映画化
영활,迎敌
영후,影后; 迎候
영휴,盈亏
영흥,永兴
영흥도,永兴岛
영흥현,永兴县
영희,影戏
예,例; 预; 艺; 礼; 誉; 隶; 锐; 豫; 泄; 裔; 秽; 拽; 倪; 蕊; 曳; 睿; 诣; 霓; 蜕; 芮; 睨; 呓; 刈; 羿; 醴; 翳; 蚋; 踅; 猊; 鲵; 枘; 瘗; 袣; 麑; 蜺; 蓺; 𬭬; 褹; 貎; 蕋; 苅; 讛; 蘂; 預; 藝; 譽; 銳
예각,锐角
예감,豫感; 预感; 锐减
예견,豫见; 预见
예견성,预见性
예견적,豫见的
예결,豫决
예결산,预决算
예경,预警
예계,预计; 艺界
예고,艺高; 豫告; 预告; 预估
예고인담대,艺高人胆大
예고제,豫告制
예고치,预估值
예고편,豫告篇; 预告片
예과,预科
예광남,倪光南
예교,艺校
예구,预购
예규,例规; 例规
예극,豫剧
예금,预金; 预金
예금계,预金系; 预金系
예금액,预金额; 预金额
예금자,预金者; 预金者
예금주,预金主; 预金主
예기,豫期; 预期; 锐气; 艺妓
예남,豫南
예내위,芮乃伟
예년,例年; 例年
예농적,隷农的; 隸农的
예능,艺能
예능계,艺能系
예능국,艺能局
예능대,艺能大
예능인,艺能人
예니,倪妮
예단,豫断; 礼缎; 禮缎; 艺坛
예대,预贷; 礼待; 禮待
예덕,艺德
예독,豫读
예동,豫东
예람,预览
예료,预料
예류,预留
예리,锐利
예만,誉满
예매,豫买; 豫卖
예명,艺名
예모,预谋; 倪某
예문,例文; 例文; 艺文
예문관,艺文馆
예문의로,礼门义路; 禮门义路
예물,礼物; 禮物
예민,锐敏
예민연,倪敏然
예민종,锐敏种
예방,豫防; 礼访; 预防; 禮访
예방법,豫防法
예방성,预防性
예방의학,预防医学
예방책,豫防策
예배,礼拜; 禮拜
예배당,礼拜堂; 禮拜堂
예배소,礼拜所; 禮拜所
예배일,礼拜日; 禮拜日
예번즉난,礼烦则乱; 禮烦则亂
예법,礼法; 禮法
예보,豫报; 预报
예보원,预报员
예복,礼服; 禮服
예복활,礼服阔; 禮服阔
예부,预付
예부가당,锐不可当; 锐不可挡
예부관,预付款
예부비,预付费
예분,预分
예불,礼佛; 禮佛
예불기,预拂机
예붕비,倪鹏飞
예비,豫备; 预备
예비고사,豫备考查
예비군,豫备军
예비대,预备队
예비령,豫备令
예비부부,豫备夫妇
예비역,豫备役; 预备役
예비율,豫备率; 豫备率
예비적,豫备的
예비지식,豫备知识
예비품,豫备品
예비호,预备好
예사,例事; 礼辞; 例事; 禮辞
예산,豫算; 预算
예산기,预产期
예산내,预算内
예산법,预算法
예산서,豫算书
예산실,豫算室
예산실장,豫算室长
예산안,预算案
예산액,豫算额
예산외,预算外
예삿,例事
예상,豫想; 例常; 例常; 预想
예상률,豫想率; 豫想率
예상외,豫想外
예상자,豫想者
예새,预赛
예서,豫西
예선,豫选; 预先; 预选
예선새,预选赛
예선생,倪先生
예성강,芮成钢
예속,隷属; 隸属
예속민,隷属民; 隸属民
예속상교,礼俗相交; 禮俗相交
예속성,隷属性; 隸属性
예속적,隷属的; 隸属的
예수,预售; 预收
예수관,预收款
예수금,豫受金; 豫受金
예수기,预售期
예수표,预售票
예술,艺术
예술가,艺术家
예술가문,艺术家们
예술가상,艺术家赏
예술가적,艺术家的
예술가촌,艺术家村
예술계,艺术界; 艺术系
예술과,艺术科
예술관,艺术观; 艺术馆
예술궁,艺术宫
예술단,艺术团
예술단분,艺术团体
예술론,艺术论
예술론자,艺术论者
예술류,艺术类
예술미,艺术美
예술분조,艺术体操
예술사,艺术史
예술성,艺术性
예술수법,艺术手法
예술인,艺术人
예술장,艺术奖
예술적,艺术的
예술절,艺术节
예술제,艺术祭
예술제상,艺术祭赏
예술촌,艺术村
예술편,艺术片
예술품,艺术品
예술학,艺术学
예술학과,艺术学科
예술화,艺术化
예습,豫习; 预习
예시,豫示; 例示; 预示; 例示
예시적,例示的
예식,礼式; 禮式
예식장,礼式场; 禮式场
예심,预审
예약,豫约; 预约
예약금,豫约金; 豫约金
예약제,豫约制
예어,呓语; 秽语
예언,豫言; 预言
예언가,预言家
예언서,豫言书
예언자,豫言者
예언적,豫言的
예연,预演
예열,豫热; 预热
예열기,预热器
예외,例外; 例外
예외적,例外的; 例外的
예우,礼遇; 禮遇
예원,艺员; 艺苑
예위,誉为; 芮玮
예위회,预委会
예윤봉,倪润峰
예응력,预应力
예의,锐意; 礼义; 礼仪; 禮义; 禮仪
예의범절,礼仪凡节; 禮仪凡节
예의염치,礼义廉耻; 禮义廉耻
예의적,礼仪的; 禮仪的
예의진취,锐意进取
예인,艺人
예인문,艺人们
예입,预入
예전,预展
예절,礼节; 禮节
예절실,礼节室
예정,豫定; 豫程; 预订; 预定; 预征
예정가,豫定价
예정률,预订率
예정일,豫定日
예정자,豫定者
예제,豫题; 预制
예조,预兆
예존,预存
예주,豫州
예증,例证; 例证
예지,锐智; 睿智; 预知; 锐志; 预支
예지복,倪志福
예진,倪震
예찬,礼赞; 禮赞
예찬론,礼赞论
예찬자,礼赞者; 禮赞者
예처리,预处理
예체능,艺体能
예체능계,艺体能系
예축,预祝
예측,豫测; 预测
예측성,预测性
예치,预置
예치금,预置金; 预置金
예탁,豫度; 豫度
예탁금,预托金; 预托金
예토,秽土
예평,倪萍
예홍,霓虹
예홍등,霓虹灯
예화,例话; 例话; 倪华
예후,预后
오,五; 恶; 误; 奥; 午; 吴; 乌; 污; 伍; 澳; 吾; 悟; 傲; 噢; 娱; 呜; 熬; 晤; 捂; 坞; 唔; 懊; 梧; 鳌; 袄; 敖; 蜈; 嗷; 钨; 鏖; 遨; 俣; 忤; 媪; 邬; 鏊; 垭; 浯; 肟; 寤; 骜; 螯; 焐; 迕; 獒; 仵; 岙; 聱; 牾; 鼯; 圬; 痦; 廒; 禑; 茣; 繺; 祦; 鼇; 筽; 鏕; 脵; 趶; 蘁; 隩; 螐; 鰞; 嗚; 吳; 誤; 噁; 娛; 烏; 奧; 璈
오가,吴家; 伍家
오가굴,吴哥窟
오가룡,吴嘉龙
오가마집단,澳柯玛集团
오가작통법,五家作统法
오가피,五加皮
오각,午觉
오각대루,五角大楼
오각성,五角星
오각장,五角场
오각장점,五角场店
오간,午间
오간체,乌干达
오감,五感; 乌坎
오감촌,乌坎村
오강,乌江; 吴江; 吴刚; 奥康; 吴强
오강납,奥康纳
오강로,吴江路
오강로점,吴江路店
오강사미,五讲四美
오강사미삼열애,五讲四美三热爱
오강시,吴江市
오강집단,奥康集团
오강춘,吴康春
오개,吴凯; 奥凯
오거,吴键
오건,吴健
오건민,吴建民
오건비,吴建飞
오건호,吴建豪
오걸,吴杰
오검,吴剑
오격유,奥格维
오경,五京; 五更; 吴琼; 五经; 吴京
오경련,吴敬琏
오경룡,吴庆龙
오경리,吴经理
오계,五戒; 乌鸡
오계적,吴启迪
오계평,吴阶平
오계화,吴启华
오고,奥库
오고사,奥古斯
오고사탑,奥古斯塔
오곡,五谷
오곡풍,吴谷丰
오곡풍등,五谷丰登
오곤,吴坤
오골,傲骨
오골계,乌骨鸡
오공,悟空; 蜈蚣; 误工
오공비,误工费
오과살,奥科萨
오과송,五棵松
오관,五官
오관정,吴官正
오관중,吴冠中
오광,吴广
오광림,吴光林
오광십색,五光十色
오교,五教; 吴桥
오교수,吴教授
오교화,五交化
오구,误区; 乌龟; 污垢; 乌桕
오구각,乌龟壳
오국,吴国; 误国
오국창,吴国昌
오군,吴军
오군매,邬君梅
오군여,吴君如
오극군,吴克群
오극란,乌克兰; 奥克兰
오극란대,乌克兰队
오극사,奥克斯
오금,五金; 乌金
오금교전,五金交电
오금귀,吴金贵
오금점,五金店
오기,五伎; 傲气; 误记; 吴起
오기남,吴冀南
오기륭,吴奇隆
오기전,吴基传
오내군,吴乃群
오녀사,吴女士
오년계획,五年计划
오년급,五年级
오뇌,懊恼
오뉴월,五六月; 五六月
오니,汚泥; 污泥; 奥妮
오니이,奥尼尔
오니층,汚泥层
오니탁수,污泥浊水
오다,奥多
오다모,奥多姆
오단,五段; 吴丹
오단신재,五短身材
오담,晤谈
오답,误答
오당구,乌当区
오대,五代; 五台; 乌代
오대려,奥黛丽
오대련지,五大连池
오대륙,五大陆
오대리아,澳大利亚
오대리아국가대,澳大利亚国家队
오대리아대,澳大利亚队
오대리아족협,澳大利亚足协
오대리아참,澳大利亚站
오대리아통계국,澳大利亚统计局
오대사,五代史
오대산,五台山
오대삼조,五大三粗
오대십국,五代十国
오대양,五大洋
오대유,吴大维
오덕,五德; 伍德; 吴德
오덕개특,伍德盖特
오덕륵,乌德勒
오덕새,奥德赛
오덕옥덕,伍德沃德
오도,汚涂; 误导; 悟道; 吴涛
오도계,奥陶系
오도구,五道口
오도성,误导性
오도자,吴道子
오독,误读; 五毒
오돈의,吴敦义
오동,梧桐; 敖东; 吴彤; 吴桐; 吴冬
오동니,吴冬妮
오동수,梧桐树
오두,乌头; 鳌头
오두감,乌头碱
오두품,五头品
오등,五等; 奥登
오등장,五等奖
오락,娱乐; 娱樂
오락계,娱乐界
오락권,娱乐圈
오락류,娱乐类
오락비,奥洛菲
오락성,娱乐性; 娱乐城; 娱樂性
오락실,娱乐室; 娱樂室
오락업,娱乐业
오락오락,娱乐娱乐
오락장소,娱乐场所
오락적,娱乐的; 娱樂的
오락편,娱乐片
오락형,娱乐型
오락화,娱乐化; 娱樂化
오락회,娱乐会; 娱樂会
오란,奥兰; 乌兰
오란다,奥兰多
오란부,乌兰夫
오란찰포시,乌兰察布市
오란파탁,乌兰巴托
오랍,乌拉
오랍규,乌拉圭
오랍규대,乌拉圭队
오랍이,乌拉尔
오랍주왕,奥拉朱旺
오랑덕,奥朗德
오래,吴来
오량,吴亮
오량액,五粮液
오량용,吴良镛
오려명,吴黎明
오령,五岭
오령지,五灵脂
오로,吴老
오로목제,乌鲁木齐
오로목제만보,乌鲁木齐晚报
오로목제시,乌鲁木齐市
오로목제현,乌鲁木齐县
오로봉,五老峰
오로사,吴老师
오록정,吴禄庭
오뢰굉정,五雷轰顶
오룡,乌龙; 五龙
오룡산,乌龙山
오룡원,乌龙院
오룡차,乌龙茶
오류,误谬
오류류,乌溜溜
오륙백,五六百
오륙십,五六十
오륜,五伦
오률,五律
오리,奥利
오리랍,奥利拉
오리무중,五里雾中
오리불,奥利弗
오리오,奥利奥
오리위,乌里韦
오리유랍,奥利维拉
오리점,五里店
오리하,五里河
오리하분육장,五里河体育场
오림,奥林
오림파사,奥林巴斯
오림필극,奥林匹克
오림필극분육장,奥林匹克体育场
오림필극분육중심,奥林匹克体育中心
오림필극운동회,奥林匹克运动会
오림필극위원회,奥林匹克委员会
오림필극중심,奥林匹克中心
오마,乌玛
오마마,吴妈妈
오마분시,五马分尸
오마이,奥马尔
오만,五万; 傲慢; 奥曼
오만무례,傲慢无礼
오만불손,傲慢不逊; 傲慢不逊
오만상,五万相
오망자,吴芒子
오매,乌梅; 吴梅
오매불망,寤寐不忘
오맹체,吴孟达
오맹초,吴孟超
오면,晤面
오멸,污蔑
오명,汚名; 吴明; 吴铭
오모,吴某; 伍某
오모모,吴某某
오모진리교,奥姆真理教
오목,乌木
오몽산,乌蒙山
오묘,奥妙
오묘제,五庙制
오문,澳门; 吴文
오문과기대학,澳门科技大学
오문대,澳门队
오문대학,澳门大学
오문로,澳门路
오문일보,澳门日报
오문준,吴文俊
오문지구,澳门地区
오문참,澳门站
오문특구,澳门特区
오문특별행정구,澳门特别行政区
오문화,吴文化
오물,汚物; 污物
오미,五味; 吴薇
오미자,五味子
오민,吴敏
오민하,吴敏霞
오밀조밀,奥密稠密
오반,午饭; 午盘; 五反
오반문,午饭们
오발,误发
오밤중,午-中
오방,吴芳
오방국,吴邦国
오배,吾辈
오배자,五倍子
오백,伍伯
오백만,五百万
오백웅,吴伯雄
오범,吴凡
오법천,吴法天
오법헌,吴法宪
오병,吴苹; 吴兵
오보,五保; 奥普
오보랍,奥普拉
오보사,五步蛇
오보호,五保户
오복,五福; 误服; 吴宓
오본산,奥本山
오봉,五峰; 五凤
오봉선,乌篷船
오봉장,吴凤章
오부,五部
오분지사,五分之四
오분지삼,五分之三
오분지이,五分之二
오분지일,五分之一
오분투지,五体投地
오불관언,吾不关焉
오붕,吴鹏
오비,奥秘
오비삼척,吾鼻三尺
오비이락,乌飞梨落; 乌飞梨落
오빈,吴斌
오사,五四; 误事; 钨丝; 奥谢; 奥斯
오사가,吴思嘉
오사개,伍思凯
오사굉,吴士宏
오사남,伍斯南
오사륙,奥斯陆
오사리문,奥沙利文
오사만,奥斯曼
오사모,乌纱帽
오사부,吴师傅
오사아,奥查娅
오사운동,五四运动
오사원,吴思远
오사위신집중영,奥斯威辛集中营
오사유신집중영,奥斯维辛集中营
오사잡,奥斯卡
오사잡금상장,奥斯卡金像奖
오사정,奥斯汀
오사현,伍仕贤
오산,误算
오산광장,吴山广场
오살,误杀
오살소납,奥萨苏纳
오삼계,吴三桂
오상,误伤; 五常; 懊丧
오상고절,傲霜孤节
오상시,五常市
오상은,吴尚垠
오새,奥赛
오색,五色
오색보,乌索普
오색영롱,五色玲珑; 五色玲珑
오색찬란,五色灿烂
오서기,吴书记
오서림,吴瑞林
오석,乌石
오선보,五线谱
오선생,吴先生; 伍先生
오선지,五线纸
오성,悟性; 五星; 五成; 五声
오성구,五省区
오성급,五星级
오성반점,五星饭店
오성적,五性的
오성주점,五星酒店
오성홍기,五星红旗
오세도,吴世道
오세웅,吴世雄
오소,乌苏
오소리,吴小莉
오소리강,乌苏里江
오소우,吴小雨
오소저,吴小姐
오소조,伍绍祖
오손,污损
오송,吴淞
오송구,吴淞口
오쇠,吴钊
오수,午睡; 汚水; 污水; 五铢
오수권,伍修权
오수반,奥数班
오수부동,五兽不动; 五兽不动
오수유,吴茱萸
오수파,吴秀波
오숙진,吴淑珍
오순절,五旬节
오승목,五升木
오승영,吴承瑛
오승은,吴承恩
오시,五时; 傲视; 午时; 误时
오식,误植
오신,误信
오신구락부,奥神俱乐部
오신대,奥神队
오신웅,吴新雄
오신은행,澳新银行
오십,五十
오십견,五十肩
오십기,五十几
오십래,五十来
오십령,五十铃
오십만,五十万
오십보백보,五十步百步
오십보소백보,五十步笑百步
오십사,五十四
오십오,五十五
오씨,吴氏
오씨분,奥氏体
오아,乌鸦
오아순,吴阿顺
오악,五岳
오안륙색,五颜六色
오야,熬夜; 午夜
오약,熬药; 乌药
오약보,吴若甫
오양신성,五羊新城
오어,吴语; 乌鱼
오언,吴言
오언성마,乌焉成马
오언시,五言诗
오언예어,污言秽语
오언조,吴彦祖
오역,忤逆
오역혁,吴易赫
오연,傲然; 午宴
오연장기,乌烟瘴气
오열,呜咽; 呜咽
오염,汚染; 污染; 吴焰
오염도,汚染度
오염물,汚染物; 污染物
오염수,污染水
오염원,汚染源; 污染源
오염자,汚染者; 污染者
오염치,汚染值; 汚染値
오영,吴英; 吴颖
오영영,吴莹莹
오예,污秽
오오,呜呜; 嗷嗷; 噢噢
오오규,嗷嗷叫
오오대포,嗷嗷待哺
오옥장,吴玉章
오와,呜哇
오욕,汚辱; 污辱
오용,吴用; 误用; 吴勇
오우,吴宇
오우비,吴雨霏
오우삼,吴宇森
오운,奥运; 乌云
오운밀포,乌云密布
오운회,奥运会
오울,吴蔚
오원,澳元; 五原
오원명,吴远明
오월,五月; 吴越
오월동주,吴越同舟
오월분,五月份
오위,吴为; 吴伟
오위안,吴伟安
오위초,吴伟超
오위황,吴伟煌
오위회,奥委会
오유,遨游; 乌有
오유명,吴幼明
오유상,吴幼祥; 敖幼祥
오음,五音
오음부전,五音不全
오음성고,五阴盛苦
오응,吴鹰
오응웅,吴应熊
오의,吴仪
오의생,吴医生
오이,奥尔; 吴贻
오이량,奥尔良
오이리희,乌尔里希
오이묵특,奥尔默特
오이삼,奥尔森
오이자,伍尔兹
오이특가,奥尔特加
오이포뢰특,奥尔布赖特
오인,误认; 呜咽; 吾人
오인보,吴仁宝
오인위,误认为
오인자제,误人子弟
오인치오,澳人治澳
오일,午日
오일로동절,五一劳动节
오일륙,五一六
오일일석,五日一石
오일장,五日场
오일절,五一节
오일칠,五一七
오일팔,五一八
오입,误入
오입기도,误入歧途
오자,误字; 伍兹
오자기,五子棋
오자별극,乌兹别克
오자별극사탄,乌兹别克斯坦
오자별극사탄대,乌兹别克斯坦队
오자서,伍子胥
오자우,吴子牛
오작동,吴作栋
오작인,吴作人
오잡,澳币
오장,五脏; 伍长
오장구전,五脏俱全
오장균,吴章钧
오장륙부,五脏六腑
오장육부,五脏六腑; 五脏六腑
오적,奥迪; 乌贼; 吴狄; 吴迪; 伍迪
오적공사,奥迪公司
오적내사,乌迪内斯
오전,午前; 鏖战; 熬煎
오전반,午前班
오절,五绝
오점,汚点; 污点; 误点
오정,吴征; 吴晶; 奥丁; 吴静
오정부,吴定富
오정염,吴庭艳
오정염집단,吴庭艳集团
오정옥,吴静钰
오정원,伍定远
오정정,吴晶晶
오제,五帝
오조광,吴祖光
오족,五族
오종헌,吴宗宪
오주,澳洲; 捂住; 五洲; 梧州
오주시,梧州市
오주임,吴主任
오준,吴俊
오준명,吴俊明
오중,五中; 吴中
오중구,吴中区
오지,奥地; 五指; 污渍
오지강,吴志强
오지리,奥地利
오지리대,奥地利队
오지명,吴志明
오지산,五指山
오지선다,五枝选多
오진,误诊
오진군,吴辰君
오진남,吴振南
오진률,误诊率
오진우,吴镇宇; 吴振宇
오차,误差
오차률,误差率
오차범위,误差范围
오차율,误差率; 误差率
오찬,午餐
오창석,吴昌硕
오채,五彩
오채반란,五彩斑斓
오채보,五寨堡
오채빈분,五彩缤纷
오척차,奥拓车
오천,五千; 吴天; 吴川; 吴倩
오천련,吴倩莲
오천린,吴天麟
오천명,吴天明
오천상,吴天祥
오천시,吴川市
오철,吴哲
오첩반상,五-饭床
오청,乌青
오청원,吴清源
오청화,吴清华
오체,乌达
오초과,敖楚戈
오촌,五寸
오총,吴总
오총통,乌总统
오충,吴忠
오충시,吴忠市
오층탑,五层塔
오칠팔조,乌七八糟
오타,误打
오타오당,误打误撞
오탁,污浊; 奥托
오탁방,乌托邦
오탁희,吴卓羲
오탕,熬汤
오특,奥特
오특래사,奥特莱斯
오특만,奥特曼
오특삼,奥特森
오파,吴波
오파마,奥巴马
오파상교,奥巴桑乔
오판,误判
오패부,吴佩孚
오패자,吴佩慈
오평,吴平
오포,敖包
오포리희,乌布利希
오풍십우,五风十雨
오하,五河
오학겸,吴学谦
오한,恶寒; 惡寒
오함,吴晗
오합지졸,乌合之卒
오합지중,乌合之众
오항원칙,五项原则
오해,误解; 乌海
오해군,吴海军
오해시,乌海市
오행,五行
오행상극,五行相克
오행상생,五行相生
오행설,五行说
오향,五香
오향분,五香粉
오현,吴县
오현국,吴显国
오형,吾兄
오호,五胡; 呜呼; 吴浩; 吴昊; 五湖
오호사해,五湖四海
오호애재,呜呼哀哉
오호통재,呜呼痛哉
오홍비,吴虹飞
오화,五华; 吴华; 澳华
오화구,五华区
오화대방,五花大绑
오화육,五花肉
오화팔문,五花八门
오화현,五华县
오환,乌桓
오환로,五环路
오회,误会; 懊悔
오효,吴晓
오효구,吴晓求
오효령,吴晓灵; 吴晓铃
오효릉,吴晓凌
오효민,吴晓敏
오효청,吴晓青
오효파,敖晓波; 吴晓波
오후,午后
오후반,午后班
오휴,午休
오흑,乌黑
오흔,吴昕
오흥,吴兴
옥,屋; 玉; 狱; 沃; 莹; 鋈; 钰; 鳿; 獄
옥가,屋架
옥개석,屋盖石
옥경,狱警
옥계,玉溪
옥계시,玉溪市
옥고,狱苦; 玉稿
옥곤금우,玉昆金友
옥골선풍,玉骨仙风
옥관자,玉贯子
옥극,沃克
옥기,玉器
옥낙극,沃诺克
옥납,沃纳
옥내,屋内
옥녀,玉女
옥녀형,玉女型
옥대,玉带
옥덕,沃德
옥도정기,沃度丁几
옥돈,沃顿
옥돈상학원,沃顿商学院
옥동자,玉童子
옥란,玉兰
옥란화,玉兰花
옥룡,玉龙
옥륜,沃伦
옥륵이,沃勒尔
옥리,狱吏
옥리인,屋里人
옥림,玉林
옥림시,玉林市
옥림일보,玉林日报
옥면,屋面
옥문,狱门; 屋门; 玉门
옥문소,玉门关
옥문시,玉门市
옥미,玉米
옥미기,玉米期
옥미면,玉米面
옥미명,玉米螟
옥미문,玉米们
옥미분,玉米粉
옥미유,玉米油
옥미죽,玉米粥
옥반,玉盘
옥백,玉帛
옥병,玉瓶; 玉甁; 玉屏
옥분,玉体
옥불사,玉佛寺
옥사,狱事; 狱舍; 屋舍
옥산,玉山
옥산현,玉山县
옥삼,沃森
옥상,屋上
옥상가옥,屋上架屋
옥새,玉玺
옥색,玉色
옥색목,玉色木
옥석,玉石
옥석구분,玉石俱焚
옥석혼효,玉石混淆
옥선,玉蝉
옥성,玉成
옥쇄,玉碎
옥수,玉手; 玉树; 玉髓
옥수임풍,玉树临风
옥수주,玉树州
옥시,玉柴
옥액,玉液
옥야,沃野
옥야천리,沃野千里
옥양목,玉洋木
옥연담,玉渊潭
옥연담공원,玉渊潭公园
옥오지애,屋乌之爱
옥외,屋外
옥용,玉容
옥우,屋宇
옥은,沃恩
옥이,沃尔
옥이과특,沃尔科特
옥이극,沃尔克
옥이돈,沃尔顿
옥이마,沃尔玛
옥이마공사,沃尔玛公司
옥이복위자,沃尔福威茨
옥이부,沃尔夫
옥이부사보,沃尔夫斯堡
옥이분삼,沃尔芬森
옥이옥,沃尔沃
옥이특,沃尔特
옥인,玉人
옥자,屋子
옥잠,玉簪
옥잠화,玉簪花
옥전,玉田
옥정,屋顶
옥정화원,屋顶花园
옥제,玉帝
옥조,玉雕; 玉照
옥졸,狱卒
옥좌,玉座
옥주,屋主
옥주구,玉州区
옥죽,玉竹
옥중,狱中
옥척,屋脊
옥천로,玉泉路
옥천산,玉泉山
옥천영,玉泉营
옥첨,屋檐
옥체풍,沃达丰
옥탁,玉镯
옥토,沃土; 玉兔
옥퇴,玉腿
옥특,沃特
옥특복덕,沃特福德
옥파,沃派
옥패,玉佩
옥편,玉篇
옥하가옥,屋下架屋
옥환,玉环
옥환현,玉环县
옥황,玉皇
옥황대제,玉皇大帝
옥황상제,玉皇上帝
옥후,屋后
온,温; 稳; 蕴; 瘟; 酝; 氲; 愠; 媪; 韫; 蕰; 鳁; 缊; 馧; 辒; 溫; 搵; 穩; 揾; 薀
온가,温家
온가보,温家宝
온가화,温哥华
온강,温江
온강구,温江区
온개수,温开水
온건,稳健
온건론,稳健论
온건책,稳健策
온건파,稳健派
온격,温格
온결,蕴结
온고이지신,温故而知新
온고지신,温故知新
온공기,温控器
온공자허,温恭自虚
온기,温气
온난,温暖
온난여춘,温暖如春
온난화,温暖化
온니,温妮
온당,稳当
온대,温带
온대대,温黛黛
온도,温度
온도계,温度计
온도장,温度场
온돌,温突
온돌방,温突房
온락,温乐
온락양,温乐阳
온람,温岚
온량,温良
온령,温岭
온령시,温岭市
온로,愠怒
온모,温某
온몽걸,温梦杰
온문,温文
온문유아,温文儒雅
온문이아,温文尔雅
온백격,温伯格
온벽하,温碧霞
온병,瘟病
온보유,温宝裕
온복,温服
온분인,温体仁
온사,温莎
온사보,温莎堡
온상,温床
온색,愠色
온서,温书
온선생,温先生
온수,温水
온수기,温水器
온순,温顺; 温驯
온습,温习; 温湿
온승,温升
온식,温食
온신,瘟神
온실,温室
온씨,温氏
온아,温雅
온양,酝酿
온양이구,酝酿已久
온언,温言
온여옥,温如玉
온역,瘟疫
온열,温热
온염,温冉
온온,温温
온완,温婉
온위,温为
온유,温柔
온유돈후,温柔敦厚
온유하,温榆河
온윤여,温润如
온의,温义
온이,温以
온자,蕴藉
온장,蕴藏
온장량,蕴藏量
온쟁영,温峥嵘
온적,温迪
온전,稳全
온전성,稳全性
온정,温情
온정맥맥,温情脉脉
온정정성,温凊定省
온조륜,温兆伦
온존,温存
온존적,温存的
온주,温绸; 温州
온주대학,温州大学
온주만보,温州晚报
온주상회,温州商会
온주시,温州市
온주의학원,温州医学院
온주일보,温州日报
온주지구,温州地区
온중,温中
온차,温差
온천,温泉
온천도가촌,温泉度假村
온천주점,温泉酒店
온총,温总
온총리,温总理
온축,蕴蓄
온탕식,温汤式
온통,温通
온포,温饱
온포리,温布利
온포선,温饱线
온포이돈,温布尔顿
온포이등,温布尔登
온포형,温饱型
온풍기,温风器
온함,蕴含; 蕴涵
온현,温县
온형,温馨
온화,温和
온화파,温和派
온후,温厚; 温煦
올,兀; 杌; 靰; 腽; 阢
올립,兀立
올자,兀自
옹,拥; 翁; 嗡; 禺; 雍; 瓮; 臃; 邕; 痈; 饔; 壅; 喁; 蕹; 聬; 蓊; 颙; 鹟; 罋; 齆; 擁
옹가,翁家
옹강,邕江
옹고집,壅固执
옹군,拥军
옹군우속,拥军优属
옹대,拥戴
옹동,翁同
옹립,拥立
옹모,翁某
옹문휘,翁文辉
옹미령,翁美玲
옹범,翁帆
옹벽,拥壁
옹병,拥兵
옹보,翁宝
옹산화병,瓮算画餠
옹삼학,翁森鹤
옹새,拥塞; 壅塞
옹색,壅塞; 壅塞
옹선생,翁先生
옹성,瓮城
옹성문,瓮城门
옹신지,翁新芝
옹안,瓮安
옹안현,瓮安县
옹옹,嗡嗡
옹용,雍容
옹용화귀,雍容华贵
옹유,拥有
옹유량,拥有量
옹유률,拥有率
옹유자,拥有者
옹저,痈疽
옹정,雍正
옹정애민,拥政爱民
옹정평,翁正平
옹제,拥挤
옹제부감,拥挤不堪
옹제비,拥挤费
옹졸,壅拙
옹종,臃肿
옹중지별,瓮中之鳖
옹중착별,瓮中捉鳖
옹진,拥进
옹포,拥抱
옹호,拥护
옹호론,拥护论
옹호론자,拥护论者
옹호자,拥护者
옹호적,拥护的
옹홍,翁虹
와,瓦; 娃; 卧; 窝; 锅; 哇; 涡; 蛙; 洼; 蜗; 讹; 娲; 莴; 佤; 窊; 譌; 頋; 窩; 臥; 訛
와각지쟁,蜗角之争
와간,蜗杆
와강군,瓦岗军
와거,蜗居; 莴苣
와걸말이,瓦杰帕伊
와격납,瓦格纳
와공,瓦工; 窝工
와관,瓦罐
와괴,瓦块
와구,卧具
와궤,卧轨
와낭,窝囊
와낭기,窝囊气
와낭폐,窝囊废
와노아도,瓦努阿图
와니사,瓦妮莎
와당,瓦当
와도,卧倒
와두,窝头
와랄,瓦剌
와랍,哇啦
와랍와랍,哇啦哇啦
와력,瓦砾
와룡봉추,卧龙凤雏
와류,涡流
와륜,涡轮; 蜗轮
와륜기,涡轮机
와륜서아,瓦伦西亚
와륜서아대,瓦伦西亚队
와릉,瓦楞
와릉지,瓦楞纸
와리,瓦利
와리투,窝里斗
와방,卧房; 瓦房
와방점,瓦房店
와방점시,瓦房店市
와병,卧病
와병재상,卧病在床
와부뇌명,瓦釜雷鸣; 瓦釜雷鸣
와불,卧佛
와붕,窝棚
와사,瓦斯; 讹诈; 卧射; 瓦舍
와상,卧床
와상부기,卧床不起
와새이,瓦塞尔
와선,涡旋
와순,莴笋
와신상담,卧薪尝胆
와실,卧室
와심,窝心
와양,涡阳
와양현,涡阳县
와영,蛙泳
와와,哇哇; 窝窝
와와두,窝窝头
와왕,蛙王
와요,瓦窑
와요보,瓦窑堡
와우,蜗牛
와우형,卧牛形
와유강산,卧游江山
와이덕내이,瓦尔德内尔
와이적색왜,瓦伊迪索娃
와이특,瓦尔特
와인,蛙人
와자,窝子; 卧姿
와장,窝藏; 窝赃
와저,卧底
와전,讹传
와점,窝点
와족,佤族
와중,涡中
와지,洼地
와탑,卧榻
와특,瓦特
와편,瓦片
와포,卧铺
와해,瓦解
와해적,瓦解的
와해토붕,瓦解土崩
와화,窝火
와활대,窝阔台
와희덕,瓦希德
왁,䢲
완,完; 园; 玩; 缓; 碗; 顽; 宛; 腕; 婉; 阮; 惋; 蜿; 豌; 莞; 浣; 烷; 琬; 剜; 脘; 垸; 盌; 睕; 貦; 輐; 頑; 緩
완가,玩家
완가문,玩家们
완간,完刊
완강,顽强
완거,婉拒
완건,缓建
완격태,缓激肽
완결,完结
완결감,完决感
완결성,完结性
완결적,完决的
완경,烷烃
완경사,缓倾斜
완경천,阮经天
완고,顽固; 完稿
완고부화,顽固不化
완고성,顽固性
완고파,顽固派
완곡,婉曲
완곡면,缓曲面
완골,腕骨
완공,完工
완괴,玩坏
완구,玩具
완구점,玩具店
완궤,碗柜
완급,缓急
완기,缓期; 烷基
완납,完纳
완니료,玩腻了
완단,完蛋
완대,腕带
완동,顽童
완두,豌豆
완득개심,玩得开心
완력,腕力
완렬,顽劣
완령옥,阮玲玉
완롱,玩弄
완료,完了
완류,缓流
완만,缓慢; 缓晩; 完满
완명,玩命
완명철,阮明哲
완모,阮某
완문소,阮文绍
완물,玩物
완물상지,玩物丧志
완미,完美; 玩味
완미무결,完美无缺
완미무하,完美无瑕
완미주의자,完美主义者
완반,玩伴
완법,玩法
완벽,完璧
완벽귀조,完璧归赵
완벽성,完壁性
완벽주의,完璧主义
완병지계,缓兵之计
완보,缓步
완부성,完不成
완부전,玩不转
완비,完备
완비성,完备性
완사,玩耍; 完事; 宛似
완사면,缓斜面
완상,玩赏
완석,惋惜; 顽石
완선,完善
완선생,阮先生
완선성,完善性
완성,完成
완성도,完成度
완성률,完成率
완성체,完成体
완성품,完成品
완성형,完成型
완세,完税; 玩世
완세부공,玩世不恭
완소,玩笑; 完小
완송,完诵
완수,完遂
완숙,完熟
완숙기,完熟期
완승,完胜
완씨,阮氏
완아,玩儿; 腕儿
완아명,玩儿命
완안량,完颜亮
완약,宛若; 婉约
완언,婉言
완언사절,婉言谢绝
완여,宛如
완연,完然; 宛然
완예,玩艺
완예아,玩艺儿
완완,缓缓; 玩玩
완완전전,完完全全
완완정정,完完整整
완우,玩偶
완우수,阮友寿
완욱림,阮煜琳
완웅,浣熊
완위,阮伟
완유희,玩游戏
완의,玩意
완의아,玩意儿
완이,莞尔
완이일소,莞尔一笑
완인,完人
완자,腕子
완장,腕章
완전,完全; 婉转; 宛转
완전무결,完全无缺
완전성,完全性
완전자,完全者
완전주의자,完全主义者
완전해,完全解
완정,完整
완정무결,完整无缺
완정성,完整性
완제품,完制品
완주,完走
완증,顽症
완진용,阮晋勇
완질,顽疾
완착미장,玩捉迷藏
완착완착,玩着玩着
완청,阮清
완충,缓冲
완충구,缓冲区
완충기,缓冲期; 缓冲器
완충제,缓冲剂
완치,完治
완쾌,完快
완파,完破; 缓坡
완패,完败
완평,宛平
완평성,宛平城
완표,玩票
완피,顽皮
완필,完毕
완항,顽抗
완해,缓解
완해기,缓解期
완해률,缓解率
완행,缓行
완행선,缓行线
완행열차,缓行列车; 缓行列车
완형,缓刑
완호,完好
완호률,完好率
완호무결,完好无缺
완호무손,完好无损
완호여초,完好如初
완혼,完婚
완홀직수,玩忽职守
완화,缓和; 玩火
완화론,缓和论
완화자분,玩火自焚
왈,曰; 刖
왈가왈부,曰可曰否
왈시왈비,曰是曰非
왕,王; 往; 汪; 旺; 枉; 尢
왕가,王家; 王珂; 汪家; 王可; 王佳
왕가분,王佳芬
왕가상,王稼祥
왕가서,王家瑞
왕가위,王家卫; 汪嘉伟
왕각,王珏
왕각림,王珏林
왕감창,王淦昌
왕강,王刚; 王强; 王江; 汪强
왕강윤,王康胤
왕개,王凯; 王锴
왕개국,王开国
왕건,王健; 王建
왕건경,王建庆
왕건국,王建国
왕건군,王建军
왕건림,王健林
왕건만,王建满
왕건명,王建明
왕건민,王建民
왕건분,王建芬
왕건신,王建新
왕건위,王建伟
왕건주,王建宙
왕건중,王建中
왕건평,王建平
왕건화,王建华
왕걸,王杰
왕검,王剑; 王俭
왕견,王坚
왕결,王洁
왕겸,王谦
왕경,王庆; 王琼; 王京
왕경관,王警官
왕경리,王经理
왕경상,王庆祥
왕경생,王京生
왕경요,王竞尧
왕경우,王镜宇
왕경지,王敬之
왕경평,王庆平
왕계,旺季
왕계문,王启文
왕계생,往届生
왕계평,王桂平
왕고회담,汪辜会谈
왕곤,王坤
왕곤륜,王昆仑
왕공,王公
왕공자,王公子
왕과장,王科长
왕관,王冠; 王官
왕광도,汪光焘
왕광리,王光利
왕광미,王光美
왕광아,王光亚
왕광영,王光英
왕광헌,王广宪
왕굉,王宏
왕굉빈,王宏斌
왕굉위,王宏伟
왕교,王娇
왕교수,王教授
왕교장,王校长
왕국,王国
왕국강,王国强
왕국경,王国庆
왕국량,王国良
왕국림,王国林
왕국유,王国维
왕국장,王局长
왕국평,王国平
왕국화,王国华
왕군,王军; 王君; 王群
왕군하,王军霞
왕군항,王群航
왕군화,王军华
왕궁,王宫
왕권,王权
왕균,王钧
왕균요,王均瑶
왕극,王克
왕근,王瑾
왕금,王琴
왕금룡,王金龙
왕금산,王金山
왕금상,王金祥
왕금평,王金平
왕금화,王金花
왕기,王奇; 王琦; 王琪
왕기산,王岐山
왕기요,王琦瑶
왕기평,王纪平
왕나,王娜
왕남,王楠
왕납문,王纳文
왕내내,王奶奶
왕녀,王女
왕녀사,王女士; 汪女士
왕년,往年
왕녕,王宁
왕단,王丹
왕단단,王丹丹
왕담,王湛
왕대가,王大哥
왕대낭,王大娘
왕대력,王大力
왕대뢰,王大雷
왕대마,王大妈
왕대부,王大夫
왕대붕,王大鹏
왕대비,王大妃
왕대야,王大爷
왕대위,王大伟; 王大为
왕대인,王大人
왕대장,王队长
왕대저,王大姐
왕대하,王大厦
왕대합,王大蛤
왕덕,王德
왕덕군,王德军
왕덕명,王德明
왕덕소,汪德昭
왕덕승,王德胜
왕덕창,汪德昌
왕덕현,王德显
왕덕휘,王德辉
왕도,王道; 王都; 王涛; 王韬; 汪涛
왕도정치,王道政治
왕도함,汪道涵
왕돈,王敦
왕동,王栋; 王东; 王彤
왕동명,王东明
왕동산,王同山
왕동학,王同学
왕동흥,汪东兴
왕등,王腾
왕락단,王珞丹
왕락빈,王洛宾
왕락용,王洛勇
왕락천,王乐泉
왕란,王兰
왕래,往来
왕량,王亮; 王良
왕량량,王亮亮
왕려,王丽
왕려근,王励勤
왕려나,王丽娜
왕려평,王丽萍
왕력,王力
왕력굉,王力宏
왕련,王莲
왕령,王玲; 王令; 汪玲
왕로,王老; 王璐; 汪老; 王露
왕로길,王老吉
왕로사,王老师; 汪老师
왕로선생,王老先生
왕로태,王老太
왕로한,王老汉
왕뢰,王磊; 王雷; 王蕾
왕뢰뢰,王雷雷
왕룡,王龙
왕륜,王伦
왕률사,王律师
왕릉,王陵; 王凌
왕리,王莉; 王利
왕리명,王利明
왕리민,王利民
왕리분,王利芬
왕린,王麟
왕림,王林; 王琳
왕림나,王琳娜
왕립,王立
왕립군,王立军; 王立群
왕립빈,王立彬
왕립성,王立诚
왕립신,王立新
왕립위,王立伟
왕립화,王立华
왕마마,王妈妈
왕만당,王满堂
왕만려,王曼丽
왕망,王莽
왕매,王梅; 王玫
왕맹,王猛; 王萌
왕면,王冕
왕명,王名; 王命; 王明
왕명권,王明权
왕명연,王明娟
왕명전,汪明荃
왕모,王某; 汪某; 王母
왕모낭낭,王母娘娘
왕모모,王某某
왕모용,王慕容
왕몽,王蒙; 王梦
왕묘,汪淼
왕문,王文
왕문경,王文京
왕문연,王文娟
왕문원,王文元
왕문청,王文青
왕문초,王文超
왕문학,王文学
왕문화,王文华
왕미,王薇; 王微
왕민,王敏; 王珉; 王民
왕박,王珀; 王博; 王璞
왕박사,王博士
왕반,往返; 王攀
왕발,王勃
왕방,王芳
왕백소,王伯昭
왕범,王凡
왕법,枉法; 王法
왕병,王兵
왕병건,王丙乾
왕병남,王炳南
왕병병,王兵兵
왕보강,王宝强
왕보산,王宝山
왕보삼,王宝森
왕보천,王宝泉; 王宝钏
왕복,往复; 王福
왕복선,往复船
왕봉,王锋; 王凤
왕봉영,王凤英
왕부,王府
왕부옥,王富玉
왕부인,王夫人
왕부장,王部长
왕부정,王府井
왕부정대가,王府井大街
왕부정서점,王府井书店
왕부정점,王府井店
왕부지,王夫之
왕북성,王北星
왕북천,王北川
왕붕,王鹏
왕비,王妃; 王菲; 王飞; 王非; 枉费; 王霏
왕비심기,枉费心机
왕비족,王妃族
왕빈,王斌; 王彬; 王滨
왕빈여,王斌余
왕빙,王冰
왕사,往事; 王师; 枉死
왕사부,王师傅
왕사붕,王仕鹏
왕사사,王思思
왕사의,王思懿
왕사제,王思齐
왕사조,王思潮
왕삭,王朔
왕산,王珊
왕삼,王森
왕삼운,王三运
왕상,往常; 王翔; 王爽; 王祥
왕상운,王祥云
왕새,王赛
왕생,往生
왕생극락,往生极乐; 往生极樂
왕서,王瑞; 王舒
왕서기,王书记
왕서성,汪恕诚
왕서전,王书田
왕석,往昔; 王石; 王硕
왕선,王选; 王先; 王璇
왕선생,王先生; 汪先生
왕설,王雪
왕설매,王雪梅
왕설빙,王雪冰
왕설홍,王雪红
왕성,旺盛; 王成; 王诚
왕성기,旺盛期
왕성명,王成明
왕세걸,王世杰
왕세자,王世子
왕세자비,王世子妃
왕소,王萧; 旺销; 王霄; 王笑
왕소곤,王啸坤
왕소광,王小广
왕소군,王昭君; 王小军
왕소룡,王小龙
왕소명,王小明
왕소봉,王少峰
왕소석,王小石
왕소수,王小帅
왕소시,王小诗
왕소요,王昭耀
왕소위,王绍伟
왕소장,王所长
왕소저,王小姐
왕소천,汪小川; 王小川
왕소파,王小波
왕소평,王小平
왕소풍,汪啸风
왕소호,王小虎
왕소화,王少华
왕손,王孙
왕송,王荣; 王颂
왕송화,王荣华
왕수,王修; 王帅; 王水
왕수도,王首道
왕수성,王树声
왕수업,王守业
왕수인,王守仁
왕수정,王寿亭; 王寿挺
왕수진,王秀珍
왕숙숙,王叔叔
왕숙현,王淑贤
왕순,王纯; 王顺
왕순우,王顺友
왕술,王述
왕숭,汪嵩
왕숭륜,王崇伦
왕승,王胜
왕승은,王承恩
왕시,王时; 旺市
왕시장,王市长
왕신,王晨; 王新; 王申; 王臣
왕신민,王新民
왕신의,王慎义
왕신흔,王新欣
왕실,王室
왕심릉,王心凌
왕쌍,王双
왕씨,王氏; 汪氏
왕아,王雅
왕아남,王亚男; 王亚南
왕아위,王亚伟
왕아이,王阿姨
왕아첩,王雅捷
왕아초,王亚樵
왕아침,王亚忱
왕안,王安; 王雁
왕안석,王安石
왕안순,王安顺
왕안억,王安忆
왕야,王爷; 王野
왕약,王跃
왕약도,王若道
왕약림,王若琳
왕약비,王若飞
왕양,汪洋; 王洋; 王阳
왕양대해,汪洋大海
왕양명,王阳明
왕어언,王语嫣
왕언,王彦
왕언염,王彦艳
왕여남,王汝南
왕역군,王亦君
왕연,王燕; 枉然; 王娟; 汪延; 王渊; 王妍; 王然
왕열,王悦
왕염,王艳; 王冉
왕엽,王晔
왕엽표,王晔彪
왕영,王永; 王颖; 王莹; 王英
왕영경,王永庆
왕영기,汪永基
왕영리,王永利
왕영림,王永林
왕영명,王永明
왕영지,王永志
왕영평,王永平
왕예,王睿; 王锐
왕옥,王钰; 王玉
왕옥산,王屋山
왕옥정,王玉婷
왕왕,往往; 汪汪; 旺旺
왕외,王巍
왕요,王尧; 王瑶
왕요명,王耀铭
왕용,王勇; 王蓉; 汪涌; 王榕
왕용평,王勇平
왕우,王宇; 王羽; 王雨; 王于; 汪雨
왕우증,王又曾
왕우함,汪雨涵
왕욱,王旭
왕욱동,王旭东
왕욱명,王旭明
왕욱휘,王煜辉
왕운,王云; 王芸
왕운곤,王云坤
왕운룡,王云龙
왕울,王蔚
왕울연,王蔚然
왕웅,王雄
왕원,王元; 王媛
왕원경,王元庆
왕원도,王元度
왕원원,王媛媛
왕원장,王院长
왕월,王越; 王月
왕위,王位; 王伟; 王为; 王威; 王炜; 王玮; 汪伪; 汪伟
왕위국,王卫国
왕위동,王卫东
왕위평,王卫平
왕유,王维; 王瑜
왕유걸,王有杰
왕유령,王有龄
왕유목,王有木
왕육국,王毓国
왕윤,王允
왕은,王垠
왕은기,王恩琦
왕의,王毅; 王义
왕의부,王义夫
왕의생,王医生
왕의중,王宜中
왕의함,王仪涵
왕이,王以
왕이덕,王尔德
왕이인,王二人
왕익,王益
왕일,往日; 王一; 王逸
왕일매,王一梅
왕일명,王一鸣
왕일파,王一波
왕임중,王任重
왕자,王子; 王者; 枉自
왕자강,王自强
왕자물지,往者勿止
왕자병,王子病
왕자상,王紫霜
왕자서,王子书
왕자지,王者之
왕자화,王子和
왕작규,王作葵
왕장,王庄; 王浆
왕장강,王张江
왕장경,王长庆
왕장군,王将军
왕장산,王长山
왕재,王才
왕쟁,王铮; 王筝; 王峥
왕저,王储
왕적,王迪
왕전,往前; 王战
왕전보,王殿甫
왕전복,王传福
왕전서,王全书
왕전송,王战荣
왕전안,王全安
왕전하,王殿下
왕전호,王前虎
왕정,王政; 王晶; 王静; 王鼎; 王婷; 王婧; 王庭; 王征
왕정면,王丁棉
왕정복,王正福
왕정복고,王政复古
왕정위,汪精卫
왕정화,王正华
왕정휘,王静辉
왕정흠,王廷歆
왕조,王朝
왕조가,王潮歌
왕조국,王兆国
왕조문,王兆文; 王朝文
왕조사적,王朝史的
왕조현,王祖贤
왕족,王族
왕좌,王座
왕주,王姝
왕주임,王主任
왕준,王俊; 王浚; 王峻
왕준도,王峻涛
왕준생,王俊生
왕중,王中
왕중광,王中光
왕중군,王中军
왕중뢰,王中磊
왕중양,王重阳
왕중왕전,王中王战
왕중위,王仲伟
왕증기,汪曾祺
왕지,王之; 王志; 王智
왕지강,王志刚; 王志强
왕지도,王至道
왕지동,王志东
왕지락,王志乐
왕지망,王志纲
왕지문,王志文
왕지위,王志伟
왕지호,王志浩
왕지화,王志华
왕직,王直; 汪直
왕진,王震; 王振; 王进; 王阵; 王珍
왕진국,王振国
왕진도,王振滔
왕진생,王晋生
왕진요,王振耀
왕진천,王振川
왕진화,王振华
왕진희,王进喜
왕창령,王昌龄
왕처장,王处长
왕척직심,枉尺直寻
왕천,王茜; 王倩; 往天
왕천군,王千军
왕철,王哲
왕철성,王铁成
왕청,王晴; 汪清; 王青
왕초,王超
왕초영,王楚英
왕총,王总; 王聪; 汪总
왕추실,王秋实
왕춘,王春
왕충,王充; 王忠
왕충명,王忠明
왕충우,王忠禹
왕치,王治; 王驰
왕탁,王铎
왕태태,王太太
왕택송,王泽荣
왕토,王土
왕통,王统
왕파,王波
왕팔,王八
왕팔단,王八蛋
왕패,王牌
왕평,王平; 王萍
왕표,王彪
왕품,王品
왕풍,王风
왕풍풍,王丰丰
왕하,王霞
왕하병,王贺兵
왕학,王学
왕학림,王学林
왕학병,王学兵
왕학영,王学英
왕한빈,王汉斌
왕함,汪涵; 王晗
왕항,王恒
왕해,王海; 汪海
왕해검,王海剑
왕해군,王海军
왕해도,王海涛
왕해명,王海鸣
왕해연,王海燕
왕해용,王海容
왕해진,王海珍
왕해파,王海波
왕향국,王香菊
왕헌지,王献之
왕현정,王显政
왕혜,王慧; 王惠
왕호,王号; 王皓; 王浩; 王昊; 王虎; 汪浩
왕호량,王浩良
왕홍,王红; 王鸿; 王洪; 王弘
왕홍거,王鸿举
왕홍량,王洪亮
왕홍례,王洪礼
왕홍문,王洪文
왕화,王华
왕화원,王华元
왕환,王欢; 往还
왕황후,王皇后
왕회,王荟
왕회충,王怀忠
왕효,王晓
왕효광,王晓光
왕효군,王晓军
왕효금,王效金
왕효동,王晓东
왕효령,王晓玲
왕효룡,王晓龙
왕효명,王晓明
왕효봉,王晓峰
왕효야,王晓野
왕효운,王晓云
왕효초,王晓初
왕효휘,王晓辉
왕후,王后; 往后; 王侯
왕후장상,王侯将相
왕휘,王辉; 王晖
왕흔,王欣; 王昕
왕흠,王鑫
왕흥,王兴; 汪兴
왕흥아,王兴亚
왕흥요,王兴尧
왕희,王喜
왕희봉,王熙凤
왕희지,王羲之
왜,娃; 矮; 歪; 倭; 娲; 緺
왜간장,倭-酱
왜개,矮个
왜개자,矮个子
왜곡,歪曲
왜곡사실,歪曲事实
왜관,倭馆
왜구,倭寇
왜국,倭国
왜군,倭军
왜된장,倭-酱
왜란,倭乱
왜로,歪路
왜리,歪理
왜문사도,歪门邪道
왜반,矮胖
왜발,歪脖
왜발자,歪脖子
왜사,歪斜
왜상,倭商
왜색,倭色
왜색조,倭色调
왜선,倭船
왜소,矮小
왜소화,矮小化
왜식,倭式
왜아,娃儿
왜아문,娃儿们
왜왜,娃娃; 矮矮
왜왜뉴뉴,歪歪扭扭
왜왜문,娃娃们
왜왜사사,歪歪斜斜
왜왜어,娃娃鱼
왜왜친,娃娃亲
왜인,倭人; 矮人
왜자,娃子; 矮子
왜자간희,矮子看戯
왜장,矮壮
왜적,倭敌
왜정,倭政
왜주,倭䌷
왜주의,歪主意
왜착두,歪着头
왜타정착,歪打正着
왜풍,歪风
왜풍사기,歪风邪气
왜합합,娃哈哈
왜합합집단,娃哈哈集团
왜화,矮化
외,外; 畏; 巍; 桅; 偎; 猥; 崴; 煨; 隗; 聩; 嵬; 𬶏; 隈; 磈; 鳂; 葨
외가,外家; 外加; 外嫁
외가댁,外家宅
외각,外壳
외간,外间; 桅杆
외감,外感
외갓,外家
외강중간,外强中干
외객,外客
외거,外居
외겁,畏怯
외견상,外见上
외경,畏敬; 外景; 外经
외경무,外经贸
외경무부,外经贸部
외경심,畏敬心
외경위,外经委
외계,外界
외계인,外界人
외고교,外高桥
외공,外公; 外功
외과,外科; 外踝
외과수술,外科手术
외과의사,外科医师
외과의생,外科医生
외과적,外科的
외과학,外科学
외곽,外郭
외곽선,外郭线
외곽적,外郭的
외관,外观
외관상,外观上
외관적,外观的
외관화,外观化
외교,外交; 外教; 外侨
외교가,外交家
외교계,外交界
외교관,外交官
외교관문,外交官们
외교력,外交力
외교부,外交部
외교부장,外交部长
외교적,外交的
외교전,外交战
외교학과,外交学科
외구,畏惧
외구심리,畏惧心理
외국,外国
외국계,外国系
외국곡,外国曲
외국산,外国产
외국식,外国式
외국어,外国语
외국어화,外国语化
외국인,外国人
외국적,外国的
외국제,外国制
외국환,外国换
외근,外勤
외기,外企; 外肌
외난,畏难
외대,外带
외도,外道; 外逃; 外岛
외돌,外突
외두,外头
외등,外灯
외람,猥滥
외래,外来
외래문화,外来文化
외래어,外来语
외래인,外来人
외래자,外来者
외래적,外来的
외래종,外来种
외래호,外来户
외력,外力
외련,外联
외로,外露; 外路
외류,外流
외륜,外轮
외매,外卖
외면,外面
외면당,外面当
외면적,外面的
외면화,外面化
외모,外貌; 外侮
외모적,外貌的
외몽고,外蒙古
외무,外务; 外贸
외무국,外贸局
외무부,外贸部; 外务部
외무성,外务省
외무직,外务职
외문,外文
외박,外泊
외방,外方; 外放; 外邦
외배층,外胚层
외번,外翻
외벽,外壁
외변,外边
외부,外部; 外敷; 外埠
외부설비,外部设备
외부성,外部性
외부인,外部人
외부적,外部的
외분비,外分泌
외빈,外宾
외사,外事; 外史
외사촌,外四寸
외산,外产
외삼촌,外三寸
외삽법,外插法; 外揷法
외삽법적,外插法的; 外揷法的
외상,外伤; 外相; 外商
외상성,外伤性
외생,外甥
외생녀,外甥女
외생식기,外生殖器
외생적,外生的
외서,外书
외선,外线
외설,猥亵; 外设
외성,外省; 外星; 外城; 外姓
외성인,外星人
외세,外势
외소,外销
외손,外孙
외손녀,外孙女
외손자,外孙子
외송,外送
외쇄,猥琐
외수,外数; 外水; 外手
외수외미,畏首畏尾
외숙,外叔
외숙모,外叔母
외숙부,外叔父
외식,外食
외식분,外植体
외신,外信
외신부,外信部
외심,外心
외아,巍峨
외압,外压
외야수,外野手
외양,外样; 外洋
외어,外语
외어계,外语系
외어류,外语类
외역,外域
외역전,外役田
외연,外延; 外缘; 巍然
외연부동,巍然不动
외연성,外延性
외연식,外延式
외연적,外延的
외연화,外延化
외연흘립,巍然屹立
외영오적,畏影恶迹; 畏影惡迹
외옥,外屋
외왕,外王
외외,巍巍
외외축축,畏畏缩缩
외용,外用
외용약,外用药
외우,外遇
외원,外援
외원내방,外圆内方
외위,外位; 外围
외위새,外围赛
외위설비,外围设备
외유,外游
외유내강,外柔内刚
외음,外阴
외의,外衣; 偎依
외이,外耳
외이도,外耳道
외인,外人; 外因
외인내련,外引内联
외일,外溢
외자,外资; 桅子
외자기업,外资企业
외자은행,外资银行
외잡,外币
외장,外长; 外场
외장급,外长级
외장문,外长们
외재,外在; 外财
외적,外敌; 外的; 外籍
외전,外电; 外传; 外转
외절,外切
외점,外点
외접,外接
외제,外制
외제품,外制品
외조,外调; 外罩; 外祖
외조모,外祖母
외조부,外祖父
외조부모,外祖父母
외족,外族
외죄,畏罪
외죄잠도,畏罪潜逃
외주,外注
외지,外地; 外志; 外纸
외지인,外地人
외직기,外直肌
외채,外债
외척,外戚
외청,外厅
외청장,外厅长
외초리눈,外焦里嫩
외추,外推
외축,畏缩
외축부전,畏缩不前
외출,外出
외출복,外出服
외출인원,外出人员
외측,外侧
외측벽,外侧壁
외층공간,外层空间
외치,外治; 外痔
외침,外侵
외쾌,外快
외탄,外滩
외태,外胎
외투,外套
외파,外婆
외판,外办
외판원,外贩员
외표,外表
외표법,外标法
외피,外皮
외항,外港; 外航
외항선,外航船
외해,外海
외행,外行
외행성,外行星
외행인,外行人
외향,外向; 外乡
외향적,外向的
외향형,外向型
외현,外县
외현자,外显子
외협,外协
외형,外形
외형적,外形的
외호,外护; 外号
외화,外化; 外华; 外画; 外货
외화난,外货难
외확산,外扩散
외환,外换; 外患
외환계,外换系
외환부,外换部
외활,外敌
외휘,外汇
외휘관리,外汇管理
외휘관제,外汇管制
외휘교역,外汇交易
외휘교역원,外汇交易员
외휘기,外汇期
외휘시장,外汇市场
외휘풍험,外汇风险
욋,夞
요,了; 要; 么; 料; 乐; 摇; 疗; 腰; 扰; 绕; 陶; 咬; 遥; 耀; 邀; 妖; 尿; 辽; 僚; 饶; 姚; 窑; 谣; 挠; 凹; 浇; 瑶; 夭; 寥; 尧; 侥; 吆; 拗; 燎; 鹞; 曜; 舀; 啮; 坳; 幺; 窈; 寮; 徭; 荛; 崾; 桡; 繇; 娆; 蛲; 蓼; 徼; 鳐; 铫; 轺; 珧; 艞; 靿; 飖; 闄; 窔; 矅; 窅; 餆; 祅; 蓔; 遶; 鴢; 擾; 搖; 遙; 垚; 謠; 瑤; 嫑; 饒
요가,要价; 姚家
요간,腰杆; 摇杆
요갈,吆喝
요갈성,吆喝声
요감,遥感; 摇撼
요강,要纲; 要强
요거,要去
요건,要件
요검,要脸
요격,邀击
요결,要诀; 姚洁
요겸,姚谦
요경원,姚景源
요계,幺鸡
요고,腰鼓
요고순목,尧鼓舜木
요곡,挠曲
요곤,摇滚
요곤락,摇滚乐
요골,桡骨
요공,遥控; 邀功
요공기,遥控器
요과,腰果
요관,浇灌
요괴,妖怪
요구,要求; 拗口; 绕口
요구량,要求量
요구령,绕口令
요구불,要求拂
요구서,要求书
요구액,要求额
요구율,要求率; 要求率
요구자,要求者
요권자,绕圈子
요금,料金; 料金; 料金
요금액,料金额; 料金额
요기,疗饥; 療饥; 妖气
요기눌함,摇旗呐喊
요기로손,腰肌劳损
요긴,要紧
요녀사,姚女士
요단,要端
요대,腰带; 瑶台
요덕분,姚德芬
요도,绕道; 要道; 妖道; 腰刀; 挠度; 要图
요도구,尧都区
요도염,尿道炎; 尿道炎
요도이행,绕道而行
요동,摇动; 窑洞; 扰动
요동맥,桡动脉
요동지시,辽东之豕; 遼东之豕
요두,摇头; 挠头; 浇头
요두전목,摇头顚目
요두파미,摇头摆尾
요두황뇌,摇头晃脑
요득,要得
요락,寥落
요란,摇乱; 扰乱; 姚兰
요람,摇篮
요람곡,摇篮曲
요략,要略
요량,料量; 料量
요력군,姚力君
요령,要领
요령부득,要领不得; 要领不得
요로,要路; 绕路; 窑炉
요로사,姚老师
요리,料理; 料理
요리반,料理班; 料理班
요리법,料理法; 料理法
요리사,料理师; 料理师
요릿,料理
요마,要么; 妖魔
요마귀괴,妖魔鬼怪
요마화,妖魔化
요만자,绕弯子
요망,要望; 遥望
요면,凹面
요면자,要面子
요명,姚明; 要命; 饶命
요명일,姚明一
요명화,姚明和
요모,姚某
요목,要目; 耀目
요목란,姚木兰
요무,要务
요무양위,耀武扬威
요문,要闻
요문원,姚文元
요물,妖物
요미,妖媚
요미걸련,摇尾乞怜
요미걸령,摇尾乞怜
요반,要饭; 耀斑
요배,遥拜
요범,要犯; 姚凡
요법,疗法; 療法
요법적,疗法的
요부,妖妇; 腰部; 要不
요부득,要不得
요부시,要不是
요부연,要不然
요비,摇臂
요빈,姚滨
요사,妖邪; 寮舍; 寮舍; 要事
요사부활,要死不活
요사요활,要死要活
요산배동,腰酸背疼
요산배통,腰酸背痛
요산요수,乐山乐水; 樂山樂水
요상,遥想
요상호응,遥相呼应
요새,要塞
요새지,要塞地
요새화,要塞化
요서,饶恕
요선생,姚先生
요설,饶舌
요성,耀星
요소,要素
요소론,要素论
요소요소,要所要所
요소저,姚小姐
요수,浇水; 摇手
요수촉금,摇手触禁
요순,尧舜
요순고설,摇唇鼓舌
요순시대,尧舜时代
요순시절,尧舜时节
요술,妖术
요시,要是
요시찰자,要视察者
요식,要式
요신,腰身; 姚晨
요신경,桡神经
요신일변,摇身一变
요씨,姚氏
요안,耀眼; 要案; 腰眼
요야,妖冶
요약,要约; 邀约
요약신성,寥若晨星
요양,疗养; 療养
요양양,挠痒痒
요양원,疗养院; 療养院
요언,谣言; 姚彦
요언불번,要言不烦
요언사기,谣言四起
요언혹중,妖言惑众
요얼,妖孽
요업,窑业
요역,徭役
요염,妖艶; 妖艳
요엽,姚烨
요영,饶颖
요예,摇曳
요요,妖娆; 寥寥; 遥遥
요요가수,寥寥可数
요요두,摇摇头
요요령선,遥遥领先
요요무기,寥寥无几; 遥遥无期
요요상대,遥遥相对
요요수,摇摇手
요요욕추,摇摇欲坠
요요파파,摇摇摆摆
요요황황,摇摇晃晃
요원,要员; 遥远; 燎原; 燎原; 绕远; 姚远
요위,腰围
요유,饶有
요유취미,饶有趣味
요유흥미,饶有兴味
요유흥치,饶有兴致
요육,疗育; 療育
요윤풍,姚润丰
요의,尿意; 尿意; 要义; 摇椅
요의림,姚依林
요이,妖异
요인,要人; 要因; 妖人; 饶人
요일,曜日
요자,腰子; 窑子; 鹞子
요장,摇奖; 要账
요장순단,尧长舜短
요적,姚笛
요전,谣传
요전만관,腰缠万贯
요전수,摇钱树
요절,夭折; 挠折
요점,要点
요정,妖精; 料亭; 料亭
요조,窈窕; 绕组
요조숙녀,窈窕淑女
요족,瑶族
요주,浇注; 浇铸
요주의,要注意
요중냉,腰重冷; 腰重冷
요지,要地; 要旨; 腰肢; 瑶池; 遥指; 遥知
요지경,瑶池镜
요지대,姚之队
요지부동,摇之不动; 摇之不动
요지유,绕指柔
요직,要职
요진,凹进
요집,邀集
요차,摇车
요참,腰斩
요철,凹凸
요철부평,凹凸不平
요청,要请; 邀请; 姚晴
요청새,邀请赛
요청서,要请书
요청함,邀请函
요체,要谛
요추,腰椎
요추한,姚秋寒
요축,浇筑; 遥祝
요충,要冲
요충지,要冲地
요측,遥测
요탕,摇荡
요통,腰痛
요퇴,腰腿
요파,摇摆
요파부정,摇摆不定
요판,腰板
요패,腰牌
요평,饶平
요평현,饶平县
요포,腰包
요포형,腰布型
요풍,妖风
요풍순우,尧风舜雨
요하,姚夏
요함,凹陷
요함성,凹陷性
요항부,要港部
요해,要害
요해구,瑶海区
요행,侥幸; 绕行
요행수,侥幸数
요협,要挟
요호,要好
요화,腰花
요황,摇晃
욕,欲; 辱; 浴; 褥; 昙; 峪; 缛; 鹆; 溽; 蓐; 鋊; 慾
욕가지죄,欲加之罪
욕개미창,欲盖弥彰
욕건,浴巾
욕곡무루,欲哭无泪
욕교반졸,欲巧反拙
욕구,欲求; 峪口
욕금고종,欲擒故纵
욕념,欲念
욕득,欲得
욕망,欲望
욕매,辱骂
욕모,浴帽
욕몰,辱没
욕분,浴盆
욕사무지,欲死无地
욕설,辱说
욕설환휴,欲说还休
욕속부달,欲速不达; 欲速不达
욕속칙부체,欲速则不达
욕실,浴室
욕심,欲心
욕액,浴液
욕언우지,欲言又止
욕의,浴衣
욕자,褥子
욕장,浴场
욕정,欲情
욕조,浴槽
욕지,浴池
욕창,褥疮
욕탕,浴汤
욕탕법,浴汤法
욕파부능,欲罢不能
욕항,浴缸
욕혈,浴血
욕혈강전,浴血奋战
욕화,欲火; 昙花
욕화일현,昙花一现
용,用; 容; 龙; 勇; 涌; 庸; 耸; 溶; 佣; 蓉; 熔; 镕; 茸; 冗; 踊; 恿; 蛹; 甬; 榕; 俑; 慵; 舂; 镛; 墉; 鳙; 鄘; 鴪; 穃; 鲬; 筩; 褣; 蹖; 湧; 牗
용감,勇敢
용감무쌍,勇敢无双
용감성,勇敢性
용감자,勇敢者
용강,榕江
용강현,榕江县
용갱,俑坑
용건,用件
용견,耸肩
용경,用劲
용계,用计
용골,龙骨; 龍骨
용공,容共; 用工; 用功; 佣工
용광,用光
용광로,镕鑛炉
용광환발,容光焕发
용구,用具; 用旧
용궁,龙宫; 龍宫
용균매,溶菌酶
용극,容克
용금,佣金
용기,勇气; 容器; 涌起
용기백배,勇气百倍
용납,容纳
용단,勇断; 熔断
용단기,熔断器
용담,龙胆; 龍胆
용도,用途; 甬道; 用度
용동,涌动; 溶洞; 耸动
용두사미,龙头蛇尾; 龍头蛇尾
용득착,用得着
용라,慵懒
용랑,涌浪
용래,用来
용량,容量; 用量
용량병,容量瓶
용력,用力; 勇力
용력과도,用力过度
용련,熔炼
용로,熔炉
용록,庸碌
용류,容留; 涌流
용림,容琳
용립,耸立
용매,溶媒
용매분,溶酶体
용맹,勇猛
용맹성,勇猛性
용맹심,勇猛心
용맹정진,勇猛精进
용모,容貌; 茸毛
용무,用务; 勇武; 用武
용무지지,用武之地
용문점액,龙门点额; 龍门点额
용미봉탕,龙味凤汤; 龍味凤汤
용반,用饭
용법,用法
용변,用便; 用便
용병,佣兵; 用兵
용부료,用不了
용부착,用不着
용부하,容不下
용비,用费
용사,勇士; 用事
용사문,勇士们
용사비등,龙蛇飞腾; 龍蛇飞腾
용상,龙床; 龍床; 涌上; 庸常
용서,容恕
용선,用膳
용선주,佣船主
용성,蓉城; 榕城
용속,庸俗
용속화,庸俗化
용수,用水; 榕树
용수량,用水量
용수철,龙须铁; 龍须铁
용식,溶蚀
용신,容身
용신지지,容身之地
용신지처,容身之处
용심,用心
용심량고,用心良苦
용안,容颜
용암,镕岩; 熔岩
용암류,镕岩流
용액,溶液
용약,踊跃; 容若
용양,容让
용어,用语; 鳙鱼
용여,冗余
용역,容易; 用役
용역비,用役费
용역양,容易让
용역업,用役业
용역업체,用役业体
용역직,用役职
용완,用完
용왕,龙王; 龍王
용왕직전,勇往直前
용용,茸茸; 溶溶
용용록록,庸庸碌碌
용우,用于; 勇于
용원,佣员; 冗员
용위일분,溶为一体
용유,容维
용융,熔融
용의,容仪; 用意; 庸医
용의자,容疑者
용의주도,用意周到
용이,容易; 用以; 容易
용인,容认; 用人; 容忍; 佣人; 庸人; 用印
용인부당,用人不当
용인부의,用人不疑
용인자요,庸人自扰
용인지도,用人之道
용인청문,耸人听闻
용일,容日
용입,涌入; 溶入
용자,用字
용장,用场; 冗长; 勇将
용재,庸才
용재림,用材林
용적,容积
용적률,容积率; 容积率
용전,用电; 用钱
용전량,用电量
용전여수,用钱如水
용점,熔点
용접,镕接
용접공,镕接工
용접기,镕接器
용접봉,镕接棒
용정,容情
용제,溶剂; 熔剂
용제형,溶剂型
용조,涌潮
용조아,容祖儿
용주,熔铸
용지,用地; 用纸; 熔池
용지부갈,用之不竭
용지불분,用志不分
용지여지,容之如地
용지우민,用之于民
용진,用尽; 涌进
용진력기,用尽力气
용진심기,用尽心机
용질,溶质
용착,容错
용찬,用餐
용처,用处
용천,涌泉
용추지지,用锥指地
용출,涌出
용태,容态
용퇴,勇退
용포,龙袍; 龍袍
용품,用品
용품류,用品类
용품점,用品店
용한,勇悍
용합,溶合; 熔合
용항,容抗
용해,溶解
용해도,溶解度
용해성,溶解性
용해양,溶解氧
용행,容幸
용행사장,用行舍藏
용허,容许
용현,涌现; 容县
용혈,溶血
용혈성,溶血性
용혈소,溶血素
용형,龙形; 龍形
용호,用户
용호문,用户们
용호비,龙虎碑; 龍虎碑
용호상박,龙虎相搏; 龍虎相搏
용호선택,用户选择
용호수책,用户手册
용화,熔化; 溶化
용효,溶胶
용휘,用汇
우,于; 又; 友; 优; 右; 遇; 雨; 牛; 尤; 宇; 犹; 叹; 偶; 忧; 扰; 邮; 亏; 羽; 愚; 吁; 寓; 佑; 禹; 虞; 迂; 禺; 隅; 龋; 疣; 藕; 盂; 芋; 祐; 圩; 鱿; 耦; 俣; 竽; 踽; 纡; 怄; 喁; 盱; 雩; 蕅; 禑; 麀; 邘; 穻; 鏂; 耰; 𬣙; 苃; 荢; 盓; 祤; 釪; 翢; 優; 憂; 郵; 瑀
우가,于家; 牛哥; 优价; 尤佳; 牛街; 牛家
우각,右脚; 牛角
우각첨,牛角尖
우간균,牛肝菌
우감,偶感
우강,右江; 于强
우거,寓居; 右键
우건,邮件
우건영,于建嵘
우검봉,牛剑锋
우견,遇见; 愚见
우겸,于谦
우경,牛耕; 右倾; 牛劲; 于琼
우경기회주의,右倾机会主义
우경우희,又惊又喜
우경화,右倾化
우계,雨季; 尤溪
우계현,尤溪县
우곡,迂曲
우곡우뇨,又哭又闹
우공,愚公
우공이산,愚公移山
우과,雨果
우과사,尤科斯
우과사공사,尤科斯公司
우과사석유공사,尤科斯石油公司
우과천청,雨过天晴
우광원,于光远
우광주,于广洲
우괴지,于魁智
우교우락,寓教于乐
우구,邮购; 雨具; 忧惧
우국,忧国; 邮局
우국우민,忧国忧民
우국지사,忧国之士
우군,牛群; 友军; 右军; 于军
우귀사신,牛鬼蛇神
우근,牛筋
우근생,牛根生
우근위,于根伟
우근직수,羽根直树
우금,于今; 尤金
우금성,牛金星
우급,忧急
우기,尤其; 雨期; 邮寄; 叹气; 牛气; 怄气; 于其
우기금,于基金
우기비,邮寄费
우기시,尤其是
우기충천,牛气冲天
우길,于吉
우나,于娜
우난,遇难
우난자,遇难者
우남,牛腩
우납사,尤纳斯
우내,牛奶; 宇内
우내당,牛奶糖
우녀사,于女士
우년,牛年
우노사,尤努斯
우뇌,右脑
우니,于你
우니과,优尼科
우니과공사,优尼科公司
우단,羽缎; 于丹; 羽坛
우단사련,藕断丝连
우답불파,牛踏不破
우대,优待; 雨带
우대보,于大宝
우대위,于大伟
우덕,于德
우도,遇到; 于涛; 于都; 牛刀
우도할계,牛刀割鸡
우도현,于都县
우독,牛犊
우돈,牛顿
우동,雨桐
우두,芋头; 牛痘
우두부대마취,牛头不对马嘴
우둔,愚钝
우득,又得; 偶得
우등,优等
우등상,优等赏
우등상장,优等赏状; 优等赏狀
우등생,优等生
우등품,优等品
우란,牛栏
우랑,牛郎
우랑직녀,牛郎织女
우래무방,忧来无方
우량,优良; 雨量
우량률,优良率
우량주,优良株
우려,忧虑
우련,羽联
우렬,优劣
우로,雨露; 邮路
우로사,于老师
우롱,愚弄
우뢰,于雷
우륜,邮轮
우릉강,于凌罡
우리,牛莉; 尤里; 牛犁
우리안,尤里安
우린,友邻
우림,雨林; 羽林
우마,牛马
우마차,牛马车
우만,右弯
우매,愚昧
우매무지,愚昧无知
우맹,牛虻
우면,右面
우명,于明; 尤铭
우명년,于明年
우모,羽毛; 于某; 牛毛; 牛某
우모구,羽毛球
우모구대,羽毛球队
우모구새,羽毛球赛
우모구장,羽毛球场
우무,优抚; 雨雾
우문,愚问; 尤文; 宇文
우문도사,尤文图斯
우문도사구락부,尤文图斯俱乐部
우문도사대,尤文图斯队
우문동,宇文彤
우문렬,宇文烈
우문성도,宇文成都
우문술,宇文述
우문쌍성,宇文双城
우문웅,宇文雄
우문좌무,右文左武
우문태,宇文泰
우문한도,宇文寒涛
우문현답,愚问贤答
우문화,宇文化; 于文华
우물,尤物
우미,优美
우미인,虞美人
우민,忧民; 愚民; 于敏
우박,雨雹
우발,偶发
우발성,偶发性
우발적,偶发的
우방,友邦; 右方; 牛蒡
우방국,友邦国
우배,牛排; 牛扒
우백배,尤伯杯
우백질,优白质
우백호,右白虎
우변,右边
우변봉,右边锋
우보,右辅
우보통,于普通
우복,叹服
우본,于本
우본월,于本月
우봉,虞锋
우봉서,牛凤瑞
우부,迂腐
우부가급,愚不可及
우부우부,愚夫愚妇
우분,牛粪; 愚笨; 藕粉; 忧愤; 于芬
우분서,牛奔舒
우붕,牛棚; 雨棚; 友朋
우비,雨备; 右臂; 邮费; 于飞
우비기,牛脾气
우비자,牛鼻子
우빙,禹冰; 于冰
우사,雨师; 遇事; 雨丝; 忧思; 于斯; 牛舍; 叹词
우사무보,于事无补
우산,雨伞
우산형,雨伞型
우상,偶像; 羽状; 邮箱; 忧伤
우상각,右上角
우상급,偶像级
우상문,偶像们
우상방,右上方
우상청,于尚清
우상화,偶像化
우색,忧色
우생,优生
우생우육,优生优育
우생학,优生学
우생학적,优生学的
우서방,于西方
우석,叹惜
우선,于先; 优先; 右旋; 友善; 优选; 羽扇; 邮船
우선고,优先股
우선과,尤先科
우선권,优先权
우선급,优先级
우선당,右旋糖
우선룡,右旋龙
우선륜건,羽扇纶巾
우선생,于先生; 牛先生
우선순위,优先顺位
우선적,优先的
우선주의,优先主义
우설,雨雪; 牛舌
우성,雨声; 于省
우성룡,于成龙
우세,优势
우세성,优势性
우소,寓所
우소강,尤小刚
우소복,优素福
우소소,于筱笑
우소위,于小伟
우소저,于小姐
우속지,右束支
우송,邮送
우송인,虞荣仁
우수,优秀; 忧愁; 右手; 雨水; 偶数; 于谁; 右首
우수관,雨水管
우수금,于秀琴
우수률,优秀率
우수마발,牛溲马勃
우수변,右手边
우수상,优秀赏
우수생,优秀生
우수성,优秀性
우수아녀,优秀儿女
우수자,优秀者
우수작품장,优秀作品奖
우수장,优秀奖
우수조직장,优秀组织奖
우수표연장,优秀表演奖
우순,牛纯; 虞舜
우슬,牛膝
우승,优胜; 右丞
우승권,优胜圈
우승렬태,优胜劣汰
우승배,优胜杯
우승열패,优胜劣败; 优胜劣败
우승자,优胜者
우승자배,优胜者杯
우승장,优胜奖
우승주,于承珠
우시,于是; 又是; 牛市
우시호,于是乎
우식,叹息
우심,忧心; 尤甚; 牛心
우심방,右心房
우심부인,于心不忍
우심실,右心室
우심여분,忧心如焚
우심충충,忧心忡忡
우심하인,于心何忍
우씨,尤氏
우아,优雅; 于我
우악,愚恶
우안,尤安
우안문,右安门
우애,友爱
우야,雨夜
우양,于洋; 于扬
우양육,牛羊肉
우어,鱿鱼
우언,寓言; 禹言
우여곡절,迂余曲折
우연,偶然
우연성,偶然性
우연적,偶然的
우열,优劣; 优劣
우영도,于英涛
우옥유,牛玉儒
우와,牛蛙
우완,右腕; 于琬
우왕좌왕,右往左往
우요,又要
우용,尤勇
우우,牛遇; 优于; 偶遇; 寓于
우욱,忧郁
우욱증,忧郁症
우울,忧郁
우울감,忧郁感
우울증,忧郁症
우월,优越
우월감,优越感
우월성,优越性
우월주의,优越主义
우위,优位; 尤为; 于魏
우위관지,叹为观止
우위국,于伟国
우위량,虞伟亮
우위론,优位论
우위성,优位性
우유,牛乳; 牛油; 优裕; 优游; 尤游
우유과단,优柔寡断
우유군,于幼军
우유부단,优柔不断; 优柔不断
우유업,牛乳业
우유죽,牛乳粥
우유함영,优游涵泳
우유형,又有型
우육,牛肉
우육간,牛肉干
우육면,牛肉面
우육탕,牛肉汤
우융,羽绒
우융복,羽绒服
우음,牛饮
우의,友谊; 寓意; 雨衣; 羽衣
우의극,寓意剧
우의로,友谊路
우의빈관,友谊宾馆
우의상점,友谊商店
우의새,友谊赛
우의성,寓意性
우의소,友谊关
우의의원,友谊医院
우의적,友谊的
우의정,右议政
우이,偶尔; 优异; 盱眙; 牛耳
우이독경,牛耳读经
우이득중,偶尔得中
우익,右翼; 羽翼
우익풍만,羽翼丰满
우인,友人; 愚人; 尤因
우인문,友人们
우인부숙,遇人不淑
우인절,愚人节
우일,偶一; 于一
우일신품,又一新品
우일장,于一场
우일전,于日前
우자,愚者; 牛仔; 遇刺; 邮资
우자고,牛仔裤
우자니,尤兹尼
우자복,牛仔服
우자삼,牛仔衫
우자의,牛仔衣
우자일득,愚者一得
우자장,牛仔装
우자포,牛仔布
우장,雨装
우재유재,优哉游哉
우적,雨滴
우전,邮电; 右转; 于田; 雨前; 邮展
우전국,邮电局
우전기장,羽田机场
우전부문,邮电部门
우전소,邮电所
우점,优占; 优点; 雨点
우점적,优点的
우점종,优占种
우정,友情; 邮政; 雨情; 于婷
우정국,邮政局
우정법,邮政法
우정업,邮政业
우정저축,邮政储蓄
우정정,于婷婷
우정총국,邮政总局
우정파,于晶波
우정편마,邮政编码
우제,圩堤
우족,右足
우주,宇宙; 禹州; 雨珠
우주공간,宇宙空间
우주관,宇宙观
우주론,宇宙论
우주복,宇宙服
우주비선,宇宙飞船
우주선,宇宙船
우주시,禹州市
우주인,宇宙人
우주적,宇宙的
우주전,宇宙战
우주학,宇宙学
우주화,宇宙化
우주화전,宇宙火箭
우준,愚蠢
우중,愚众; 雨中; 于中
우지민,于志敏
우직,愚直
우진,牛津; 圩镇; 于秦
우진대학,牛津大学
우질,优质
우질복무,优质服务
우질우가,优质优价
우질화,优质化
우차,牛车; 邮差; 邮车
우착,邮戳
우천,雨天
우청,吁请
우체,邮递
우체국,邮递局
우체부,邮递夫
우체원,邮递员
우체통,邮递筒
우충,愚忠
우측,右侧
우치,龋齿; 愚痴
우쾌우호,又快又好
우타,于他
우통,邮筒
우통공사,宇通公司
우퇴,右腿
우파,右派; 优派; 于波
우파분자,右派分子
우파적,右派的
우편,右便; 邮便; 邮编; 牛鞭
우편물,邮便物
우편선,邮便船
우편함,邮便函
우편환,邮便换
우포,邮包
우표,邮票
우품,邮品
우피,牛皮; 雨披
우피선,牛皮癣
우피지,牛皮纸
우필,忧虑
우핍,牛逼
우하각,右下角
우하방,右下方
우합,耦合; 偶合
우항,宇航
우항국,宇航局
우항원,宇航员
우항원문,宇航员们
우해,遇害; 于海
우해강,于海江
우해응,于海鹰
우해자,遇害者
우핵,优势; 雨势
우행,右行
우험,遇险
우현,右舷; 盂县
우협,友协; 羽协; 右叶
우협설,雨夹雪
우혜,优惠; 雨鞋
우혜가,优惠价
우혜권,优惠券
우혜기,优惠期
우혜대우,优惠待遇
우혜잡,优惠卡
우호,友好; 于皓; 佑护; 叹号
우호성시,友好城市
우호적,友好的
우호형,友好型
우홍,于洪
우홍구,于洪区
우홍우전,又红又专
우화,优化; 寓话; 羽化; 雨靴
우화구,雨花区
우화대,雨花台
우화대구,雨花台区
우화등선,羽化登仙
우화석,雨花石
우화성,寓话性
우화적,寓话的
우화조합,优化组合
우환,忧患
우환의신,忧患意识
우황,牛黄
우회,迂回; 迂廻
우회곡절,迂回曲折
우회로,迂回路; 迂廻路
우회적,迂回的; 迂廻的
우회전,右回转
우후,优厚
우후죽순,雨后竹笋
우후춘순,雨后春笋
우휘체,于辉达
우흔,雨痕
우흔원,于欣源
우희,虞姬
욱,澳; 郁; 旭; 顼; 煜; 昱; 勖; 旮; 燠; 隩; 礇; 彧
욱가유,郁可唯
욱결,郁结
욱금,郁金
욱금향,郁金香
욱기,郁气
욱라,旮旯
욱란청,郁兰青
욱량,郁亮
욱모명,郁慕明
욱민,郁闷
욱열,郁热
욱욱,郁郁
욱욱과환,郁郁寡欢
욱욱부득지,郁郁不得志
욱욱총총,郁郁葱葱
욱일,旭日
욱일동승,旭日东升
욱일승천,旭日升天
욱일형,旭日形
욱적,郁积
욱지비,郁知非
욱체부,郁达夫
운,运; 云; 晕; 韵; 芸; 陨; 耘; 纭; 殒; 恽; 郧; 郓; 蒷; 筼; 蝹; 韗; 眃; 繧; 縜; 賱; 運; 雲; 韻
운가,运价; 云歌
운각,韵脚
운감,殒感
운강석굴,云冈石窟
운개견일,云开见日
운개무산,云开雾散
운거,运距
운거사,云居寺
운계,云溪
운고,云高
운구,运柩; 运球
운귀,云贵
운귀고원,云贵高原
운근성풍,运斤成风
운금,云锦
운기,运气; 云气
운나,云娜
운남,云南
운남농업대학,云南农业大学
운남대,云南队
운남대학,云南大学
운남로,云南路
운남백약,云南白药
운남사범대학,云南师范大学
운남성,云南省
운남성위,云南省委
운남위시,云南卫视
운남일보,云南日报
운남재무학원,云南财贸学院
운남전시대,云南电视台
운남홍하대,云南红河队
운니지차,云泥之差
운단,云端; 云团; 运单
운대,云带
운대사,云大师
운대영,恽代英
운도,云图; 运道
운동,运动
운동가,运动家
운동감,运动感
운동건장,运动健将
운동권,运动圈
운동량,运动量
운동력,运动力
운동론,运动论
운동법,运动法
운동복,运动服
운동부하,运动负荷
운동비,运动费
운동사,运动史
운동삼,运动衫
운동상,运动赏
운동선수,运动选手
운동성,运动性
운동식,运动式
운동신경,运动神经
운동운동,运动运动
운동원,运动员
운동원문,运动员们
운동원촌,运动员村
운동의,运动衣
운동자,运动者
운동장,运动场
운동적,运动的
운동전,运动战
운동정신,运动精神
운동학,运动学
운동형,运动型
운동혜,运动鞋
운동화,运动靴; 运动化
운동회,运动会
운두,芸豆; 云头
운락,陨落
운량,运量; 云量
운력,运力
운령,云岭
운뢰,云蕾
운룡,云龙
운룡풍호,云龙风虎
운률,韵律
운명,殒命; 运命
운명론,运命论
운명적,运命的
운모,云母; 韵母; 云某
운몽,云梦
운무,云雾
운무료요,云雾缭绕
운문,韵文; 云纹; 云门
운문극,韵文剧
운문대단,云纹大缎
운미,韵味; 韵尾
운반,运搬
운반비,运搬费
운반인,运搬人
운방,云芳
운보법,运步法
운봉,云凤
운부,云浮
운부시,云浮市
운부인,云夫人
운붕,云鹏
운비,运费; 云飞; 云菲
운빈,云鬓
운사,云师
운사풍,云四风
운산,运算; 云山; 云散
운산무조,云山雾罩
운산조몰,云散鸟没
운삼,云杉
운상,云翔
운상기품,云上气禀
운서,云舒
운석,陨石
운석갱,陨石坑
운성,运城; 陨星; 郓城
운성시,运城市
운세,运势
운소,云霄; 运销; 云宵
운소현,云霄县
운송,运送
운송선,运送船
운송업,运送业
운송업자,运送业者
운수,云水; 运数; 运输
운수기,运输机
운수대,运输队
운수량,运输量
운수류,运输类
운수비,运输费
운수선,运输船; 运输线
운수소관,运数所关
운수업,运输业
운수업자,运输业者
운수업체,运输业体
운수차,运输车
운수함,运输舰
운신,运身
운심월성,云心月性
운안,云安
운암구,云岩区
운양,云阳
운양현,云阳县
운연,云烟
운연과안,云烟过眼
운영,运营
운영과장,运营课长
운영난,运营难
운영부,运营部
운영비,运营费
운영사,运营社
운영자,运营者
운왕,运往
운용,运用
운용비,运用费
운용자여,运用自如
운우,云雨
운우지정,云雨之情
운운,云云; 芸芸
운운중생,芸芸众生
운위,云谓
운유,云游; 云维
운율,韵律; 韵律
운이,运移
운임,运赁
운자,云子
운작,运作; 云雀
운재,运载
운재공구,运载工具
운재화전,运载火箭
운쟁,云铮
운적,云迪
운전,运转; 耘田
운전기사,运转技士
운전률,运转率
운전면허,运转免许
운전민,云全民
운전병,运转兵
운전사,运转士
운전석,运转席
운전수,运转手
운전자,运转者
운전회,运转会
운정,运程; 云顶
운제,云梯
운주,运走; 运筹
운주유악,运筹帷幄
운주학,运筹学
운중,云重; 云中
운중백학,云中白鹤
운중연,云中燕
운중학,云中鹤
운증용변,云蒸龙变; 云蒸龍变
운증초윤,云蒸础润
운지법,运指法
운지장상,运之掌上
운집,云集
운채,云彩
운천,云天
운천화,云天化
운출무심,云出无心
운층,云层
운치,韵致
운타,云朵
운표,云豹
운풍,云枫
운필,运笔
운하,运河; 云霞; 云何
운하구,运河区
운합무집,云合雾集
운항,运航
운항권,运航权
운해,云海
운행,运行
운행시간,运行时间
운행제,运行制
운향,芸香
운현,郧县
운혜,云慧
운화,云和; 运货
운환,云焕
운휴,运休
울,郁; 蔚; 熨; 菀; 鬱
울람,蔚蓝
울분,郁愤
울산,蔚山
울소휘,蔚少辉
울연,蔚然
울연성풍,蔚然成风
울위대관,蔚为大观
울위장관,蔚为壮观
울적,郁寂
울창,郁苍
울현,蔚县
울화,郁火
울화병,郁火病
움막,­幕
웅,雄; 熊
웅가,熊家
웅거,雄踞
웅건,雄健
웅격소,雄激素
웅계,雄鸡
웅광해,熊光楷
웅규규,雄赳赳
웅기,雄奇
웅녀사,熊女士
웅담,熊胆
웅대,雄大
웅대림,熊黛林
웅덕명,熊德明
웅록대,雄鹿队
웅모,熊某
웅묘,熊猫
웅변,雄辩
웅변대회,雄辩大会
웅변적,雄辩的
웅변조,雄辩调
웅병,雄兵
웅봉,雄蜂
웅사,雄狮; 雄师
웅선생,熊先生
웅성,雄性
웅성부육,雄性不育
웅성부육계,雄性不育系
웅소,雄关
웅시,熊市
웅신흥,熊新兴
웅심,雄心
웅심발발,雄心勃勃
웅심장지,雄心壮志
웅여림,熊汝霖
웅염,熊焰
웅예,雄蕊
웅웅,熊熊
웅위,雄伟; 熊伟
웅위장려,雄伟壮丽
웅응,雄鹰
웅자,雄姿
웅장,雄壮; 熊掌
웅재대략,雄才大略
웅정필,熊廷弼
웅주,雄主
웅천평,熊天平
웅풍,雄风
웅피,熊皮
웅혁,熊焱
웅현,雄县
웅호지사,熊虎之士
웅혼,雄浑
웅화,雄花
웅황,雄黄
웅효합,熊晓鸽
웅후,雄厚
원,原; 员; 院; 元; 远; 愿; 源; 园; 圆; 援; 怨; 袁; 猿; 冤; 苑; 垣; 阮; 辕; 鸳; 蜿; 媛; 畹; 沅; 诨; 琬; 洹; 爰; 鼋; 圜; 芫; 螈; 塬; 朊; 瑗; 眢; 顐; 鈨; 箢; 贠; 鹓; 蚖; 鶢; 葾; 褑; 薗; 鋺; 禐; 笎; 遠; 願; 員; 圓
원가,原价; 冤家; 袁家; 元嘉; 苑家
원가대두,冤家对头
원가력,元嘉历
원가로착,冤家路窄
원가착안,冤假错案
원각,圆角
원강,元江; 沅江; 圆钢; 元康
원강명,袁钢明
원객,远客
원거리,远距离
원건,元件; 原件; 援建
원격,远隔
원견,远见
원견탁신,远见卓识
원경,远景
원경규획,远景规划
원계통,原系统
원계획,原计划
원고,原告; 原稿; 远古; 原故
원고고,圆鼓鼓
원고대,元古代
원고료,原稿料
원고지,原稿纸
원고향,原故鄕
원곡,元曲
원곤곤,圆滚滚
원공,员工
원공문,员工们
원공방목,圆孔方木
원관,援款
원광,原矿
원교,院校; 远郊
원교근공,远交近攻
원교장,原校长
원교지주의,原教旨主义
원구,园区; 圆球; 援救; 冤仇
원국장,原局长
원군,援军; 袁军
원굴,冤屈
원권,圆圈
원귀,寃鬼
원귀인,袁贵仁
원규,圆规
원근,远近
원근문명,远近闻名
원근법,远近法
원근법적,远近法的
원금,元金; 元金
원기,元气; 远期; 怨气; 原基; 源起
원기건,元器件
원기교역,远期交易
원기외휘,远期外汇
원내,院内
원내무반,原内务班
원녀사,袁女士
원년,元年
원단,元旦; 远端; 院团; 原单
원대,原队; 远大; 元代; 圆台
원대두,冤大头
원대인,袁大人
원덕량,袁德良
원도,原图; 远道; 圆度; 袁涛
원도이래,远道而来
원도중양,远渡重洋
원독,怨毒
원동,远东
원동력,原动力
원동사,原董事
원동사장,原董事长
원동지구,远东地区
원동집단,远东集团
원두,原豆; 源头
원두막,园头幕
원두방족,圆头方足
원두활수,源头活水
원락,院落
원래,元来; 原来; 远来
원래여차,原来如此
원량,原谅; 原粮
원려,远虑
원력,元力; 袁力
원령도,院领导
원로,元老; 远路; 怨怒
원로급,元老级
원로문,元老们
원로사,袁老师
원로원,元老院
원론,原论
원론적,原论的
원료,原料
원료비,原料费
원류,源流
원류류,圆溜溜
원륭평,袁隆平
원릉,沅陵
원리,原理; 远离; 袁莉
원리금,元利金; 元利金
원리도,原理图
원리적,原理的
원리주의,原理主义
원림,园林; 袁琳
원림식,园林式
원림화,园林化
원립,袁立
원마,源码
원만,圆满
원망,怨望; 愿望; 远望
원매,原煤; 袁枚
원면,原绵; 原棉
원명,原名
원명원,圆明园
원명원관리처,圆明园管理处
원모,原貌; 袁某; 元谋
원목,原木
원목경침,圆木警枕
원몽,圆梦; 袁梦
원무곡,圆舞曲
원무과,院务课
원문,原文; 辕门
원문국,园文局
원물,原物
원미박,原微博
원박,原博
원박원,园博园
원반,圆盘
원반인마,原班人马
원발,原发
원발성,原发性
원방,远方; 远房; 袁方
원배,原配; 原蓓; 元配
원배림,袁培琳
원백채,圆白菜
원범,袁帆
원병,援兵
원보,元宝; 袁宝
원보료,原辅料
원보화,袁宝华
원본,原本
원봉,元封; 原封
원봉부동,原封不动
원부,原簿
원부국장,原副局长
원부득,怨不得
원부부장,原副部长
원부서기,原副书记
원부성장,原副省长
원부시장,原副市长
원부원장,原副院长
원부장,原部长
원부주석,原副主席
원부주임,原副主任
원부청장,原副厅长
원부총경리,原副总经理
원분,原体; 怨愤
원비,元妃; 远非; 原非
원빈,袁斌
원사,院士; 冤死; 元史
원사문,院士们
원사장,原司长
원산,原产; 原酸; 元山
원산지,原产地
원삼,圆衫
원상,原状; 袁尚; 原想
원상태,原状态
원상회복,原状回复
원색,原色
원색적,原色的
원생,院生; 原生
원생동물,原生动物
원생목,原生木
원생질분,原生质体
원서,原书; 愿书
원서기,原书记
원서대,愿书代
원석,原石
원선,原先
원선생,袁先生
원섬유,原纤维
원섭중양,远涉重洋
원성,怨声
원성걸,袁成杰
원성재도,怨声载道
원세개,袁世凯
원세조,元世祖
원소,元素; 元宵; 袁绍; 远销
원소가,袁小可
원소대,元素对
원소련,原苏联
원소장,原所长
원소저,袁小姐
원소절,元宵节
원손,远逊
원송귀,袁荣贵
원수,元帅; 元首; 怨讐; 原水; 沅水
원수거,元数据
원수지간,怨讐之间
원숙,圆熟
원숙기,圆熟期
원숙미,圆熟美
원숙성,圆熟性
원순청,袁纯清
원술,袁术
원숭환,袁崇焕
원승우,远胜于
원승지,袁承志
원시,原始; 元始; 远视
원시기록,原始记录
원시림,原始林
원시빙정,原始凭证
원시사회,原始社会
원시생활,原始生活
원시성,原始性
원시인,原始人
원시장,原市长
원시적,原始的
원시적루,原始积累
원시주의,原始主义
원시주의자,原始主义者
원신,元神
원신신,袁晨晨
원신해,袁新海
원심,原审; 圆心
원심분육장,源深体育场
원씨,袁氏; 元氏
원악,袁岳
원안,原案; 冤案
원암,原岩
원앙,鸳鸯
원앙금침,鸳鸯衾枕
원앙지계,鸳鸯之契
원앙희수,鸳鸯戏水
원애,原爱
원액,原液; 员额
원야,原野; 袁野
원양,远洋; 原样; 远扬; 元阳
원양운수,远洋运输
원어,原语
원언,怨言
원얼,冤孽
원연,蜿蜒; 远缘
원염,原盐
원영의,袁咏仪
원예,园艺
원예사,园艺师
원옥,冤狱
원왕,冤枉
원왕로,冤枉路
원외,院外; 员外; 援外
원외랑,员外郎
원용,援用; 袁勇
원우,源于
원운동,圆运动
원원,远远; 圆圆; 源源; 袁媛
원원류장,源远流长
원원본본,原原本本
원원부단,源源不断
원원부절,源源不绝
원원상보,冤冤相报
원원장,原院长
원월,元月; 圆月
원월분,元月份
원위,原位; 原委; 原为
원위민,袁伟民
원위암,原位癌
원위치,原位置
원유,原油; 原有; 原由; 远游; 芫荽
원유가,原油价
원유기,原油期
원유위,苑维玮
원유인,袁惟仁
원윤,圆润
원융,圆融
원음,原音; 元音
원응태,袁应泰
원의,愿意; 原意
원의미,原意味
원인,原人; 原因; 援引; 猿人
원인국,袁仁国
원인균,原因菌
원인론,原因论
원인적,原因的
원임,原任
원입골수,怨入骨髓
원자,原子; 院子; 源自; 园子; 圆子
원자결구,原子结构
원자능,原子能
원자단,原子团
원자량,原子量
원자력,原子力
원자로,原子炉
원자시계,原子时计
원자재,原资材
원자탄,原子弹
원자핵,原子核
원자화,原子化
원작,原作
원작자,原作者
원장,园长; 院长; 原装; 援藏; 院墙; 圆场
원장실,院长室
원재,远在
원재료,原材料
원재천변,远在天边
원저,原著
원저자,原著者
원적,原籍; 圆寂
원적외선,远赤外线
원전,原典; 原电; 园田
원점,原点; 圆点; 源点
원정,远征; 远程; 原定; 园丁; 圆顶; 冤情
원정군,远征军
원정대,远征队
원정대원,远征队员
원정대장,远征队长
원정방문,远程访问
원정서,源程序
원제,原题
원조,元祖; 援助; 远眺; 元朝; 远祖
원족,远足
원족근린,远族近隣
원종,原种
원죄,原罪
원죄자,原罪者
원주,圆柱; 圆周; 原主; 原州
원주고비,远走高飞
원주구,原州区
원주률,圆周率
원주민,原住民
원주분,圆柱体
원주인,原主人
원주임,原主任
원주필,圆珠笔
원준,袁俊
원중생,袁中笙
원증회고,怨憎会苦
원지,原地; 园地; 原址; 远志; 原纸; 袁志
원지지,源地址
원직,原职
원진협,原振侠
원질,原质
원창성,原创性
원창자,原创者
원처,远处; 原处
원천,源泉; 袁泉; 怨天
원천우인,怨天尤人
원천적,源泉的
원청유청,源清流清; 源淸流淸
원체,元体
원초,原初
원초과,远超过
원초아,原初我
원초적,原初的
원총경리,原总经理
원추,圆锥
원칙,原则
원칙론,原则论
원칙론적,原则论的
원칙상,原则上
원칙성,原则性
원칙적,原则的
원친,远亲
원친부여근린,远亲不如近邻
원탁,圆卓; 圆桌
원탁회의,圆卓会议; 圆桌会议
원탑,圆塔
원통,圆筒; 寃痛; 圆通
원파,院坝
원판,圆板; 原版; 院办; 远阪
원편,圆片
원평,原平
원평시,原平市
원포,园圃
원폭,原爆
원표,元标
원풍,元丰
원필,远虑
원한,怨恨
원항,远航
원해,远海
원핵,原核
원행,远行
원형,元型; 原型; 原形; 圆形
원형이정,元亨利贞; 元亨利贞
원형적,原形的
원형질,元型质; 原形质
원형필로,原形毕露
원호,援护; 圆弧; 袁浩
원호형,圆弧形
원혼,寃魂; 冤魂
원홍,袁洪; 袁弘
원홍외,远红外
원화,源花; 元和; 援华; 原华; 袁华; 远华
원화대,远华队
원화소복,远祸召福
원화평,袁和平
원환,圆环
원활,圆滑
원황,圆谎
원회,怨悔
원후,猿猴
원후취월,猿猴取月
원훈,元勋
원훼,原虫
원흉,元凶
원희,袁喜; 袁熙
월,月; 越; 钥; 粤; 樾; 刖; 钺; 粵
월가,越加
월간,月刊
월간지,月刊志
월견초,月见草
월경,月经; 越境
월경기,月经期
월경량,月经量
월계,月季; 越界
월계수,月桂树
월계화,月季花
월고,月考
월과,越过
월광,月光
월구,月球
월구차,月球车
월국,越国
월군,粤军
월궁,月宫
월권,越权
월권행위,越权行为
월궤,越轨
월극,越剧; 粤剧
월금,月琴
월급,月给; 越级
월급봉투,月给封套
월남,越南
월남대,越南队
월남로동당중앙위원회,越南劳动党中央委员会
월남시장,越南市场
월남어,越南语
월남통신사,越南通讯社
월남화,越南化
월단,月坛
월단평,月旦评
월대,月台
월도,月度
월독월,越读越
월동,越冬; 粤东
월동지구,粤东地区
월등,越等
월라,越罗
월래월,越来越
월래월유형,越来越有型
월량,月亮
월력,月历
월령,月龄; 月令
월례,月例
월로,月老
월로풍운,月露风云
월뢰지일보,越雷池一步
월륜,月轮
월만즉휴,月满则亏
월말,月末
월명성희,月明星稀
월미,月尾
월밀헐근대학,月密歇根大学
월반,越班; 月半
월발,越发
월방언,粤方言
월백,月白
월백풍청,月白风清; 月白风淸
월별,月别
월병,月餠; 月饼
월보,月报
월봉,月俸
월부,月赋
월북,越北; 粤北
월분,月份
월사금,月谢金; 月谢金
월상,月相
월색,月色
월성,月城
월세,月贳
월수공원,越秀公园
월수구,越秀区
월수입,月收入
월식,月食; 月蚀
월신,月薪
월아,月牙
월아아,月牙儿
월야,越野; 月夜
월야새,越野赛
월야차,越野车
월양,越洋; 月壤
월어,粤语
월오,粤澳
월옥,越狱
월왕,越王
월요,月曜
월요일,月曜日
월용월,越用越
월원,月圆
월월,月月
월위,越位
월자,月子
월장,越墙
월장성구,月章星句
월저,月底
월전,越战
월전식,月全食
월조대포,越俎代庖
월조비,月租费
월조소남지,越鸟巢南枝
월주월,越做越
월중,月中
월진승선,越津乘船
월채,粤菜
월척,越尺
월초,月初
월취월,越聚越
월쾌월호,越快越好
월평,月评
월평균,月平均
월표,月票
월하빙인,月下冰人; 月下氷人
월학월,越学越
월항,粤港
월항오,粤港澳
월형,月形
월흑풍고,月黑风高
웨이,喂
위,为; 位; 委; 围; 威; 卫; 危; 谓; 伟; 违; 伪; 慰; 魏; 韦; 胃; 喂; 尉; 纬; 萎; 蔚; 苇; 倭; 渭; 诿; 喟; 猬; 熨; 闱; 痿; 炜; 玮; 逶; 韪; 孬; 鳚; 帏; 涠; 葳; 霨; 鍏; 袆; 鄬; 𬱟; 讏; 沩; 骫; 藯; 硊; 躛; 骩; 贀; 為; 爲; 圍; 謂; 衛; 偉; 違; 偽; 餵; 瑋; 緯
위가,伟哥; 魏家; 卫家
위가복,魏家福
위강,魏强
위거,位居
위건,围巾
위건국,魏建国
위건군,魏建军
위건행,尉健行
위건화,魏建华
위걸,魏杰
위경,胃镜; 卫卿; 危境
위경련,胃痉挛
위경우,卫擎宇
위계,位阶
위계적,位阶的
위계질서,位阶秩序
위계질서적,位阶秩序的
위곡,委曲
위곡구전,委曲求全
위곤,围困
위공,围攻
위과학,伪科学
위관,伟观; 围观; 尉官
위관자,围观者; 为官者
위구,胃口
위구대개,胃口大开
위구방,危旧房
위국,危局; 魏国; 卫国
위국연구,为国捐躯
위국위민,为国为民
위국전쟁,卫国战争
위국청,韦国清
위국충절,为国忠节
위군,伪军; 围裙; 魏军; 魏群
위군자,伪君子
위굴,委屈
위권,位圈; 威权
위궤양,胃溃疡
위규,违规
위규자,违规者
위극,威克
위근,卫勤
위금,纬锦; 违禁
위금품,违禁品
위급,危急; 危及
위기,危机; 为期; 围棋; 违纪; 为己
위기감,危机感
위기계,围棋界
위기관리,危机管理
위기론,危机论
위기론적,危机论的
위기부원,为期不远
위기사복,危机四伏
위기새,围棋赛
위기의식,危机意识
위기의신,危机意识
위기일발,危机一发
위기적,危机的
위기중,魏纪中
위기지학,为己之学
위난,为难; 危难
위남,渭南; 魏南
위남시,渭南市
위납,胃纳
위내서랍,委内瑞拉
위녀사,魏女士
위녕,威宁; 卫宁
위녕현,威宁县
위능,位能
위니사,威尼斯
위단백매,胃蛋白酶
위대,伟大; 卫队; 位带
위대성,伟大性
위대장,卫队长
위대장군,卫大将军
위덕,韦德; 威德
위도,纬度; 围堵; 位图; 卫道
위도사,卫道士
위독,危笃
위돈,萎顿; 委顿
위동,卫东; 魏东
위등,卫腾
위락,慰乐; 慰樂
위란,围栏; 卫兰
위려,伟丽
위력,威力; 伟力
위력무궁,威力无穷
위력성당,威力成党
위력적,威力的
위렬,位列; 伪劣; 韦烈
위렬산품,伪劣产品
위렴,威廉
위렴모사,威廉姆斯
위렴모사차대,威廉姆斯车队
위렴사,威廉斯
위렴희이,威廉希尔
위령,慰灵
위령비,慰灵碑
위령탑,慰灵塔
위례,违例
위로,慰劳; 围炉
위로금,慰劳金; 慰劳金
위로사,魏老师
위로자,慰劳者
위롱,围拢
위료,为了
위루,危楼
위리,威利
위리사,威利斯
위립황,卫立煌
위만,伪满
위만주국,伪满洲国
위망,威望; 危亡; 围网
위맹,威猛
위면,卫冕; 位面
위명,为名; 威名; 魏明
위명륜,魏明伦
위명언,魏铭言
위명원,韦明远
위모,魏某; 韦某
위모람,韦慕岚
위무,威武; 慰抚; 魏武; 魏无
위무경문,纬武经文
위무웅장,威武雄壮
위무지사,威武之师
위문,慰问
위문금,慰问金
위문단,慰问团
위문빈,魏文彬
위문편지,慰问便纸
위문품,慰问品
위미,萎靡
위미부진,萎靡不振
위민제해,为民除害
위민조복,为民造福
위민지,魏敏芝
위민청명,为民请命
위박,魏博
위반,违反
위반자,违反者
위반죄,违反罪
위방,危房
위배,违背
위배공,胃排空
위백,韦伯
위범,违犯
위법,违法
위법란기,违法乱纪
위법률,违法率
위법부구,违法不究
위법성,违法性
위법위기,违法违纪
위법자,违法者
위법자폐,为法自弊
위법적,违法的
위법필구,违法必究
위벽,胃壁
위병,卫兵; 胃病; 魏兵
위병소,卫兵所
위병소장,卫兵所长
위부부인,为富不仁
위북,渭北
위분,胃体
위비소,胃泌素
위비작알,为非作歹
위빈,魏斌
위사,为啥; 纬丝; 卫士; 威斯; 谓词; 魏谢; 韦斯
위사강성주,威斯康星州
위사기,威士忌
위사기주,威士忌酒
위사리,韦斯利; 卫斯理
위사특,韦斯特
위산,胃酸
위산기,围产期
위상,位相; 围上; 危象
위생,卫生; 为生
위생간,卫生间
위생감독원,卫生监督员
위생건,卫生巾
위생계,卫生界
위생과,卫生科
위생국,卫生局
위생대,卫生队
위생면,卫生棉
위생법,卫生法
위생부,卫生部
위생부문,卫生部门
위생부북경의원,卫生部北京医院
위생부장,卫生部长
위생비,卫生费
위생서,卫生署
위생성,卫生性
위생소,卫生所
위생원,卫生院; 卫生员
위생적,卫生的
위생조직,卫生组织
위생지,卫生纸
위생참,卫生站
위생처,卫生处
위생청,卫生厅
위생학,卫生学
위생학적,卫生学的
위서,伪书
위선,伪善; 为善; 位线; 纬线
위선생,魏先生; 卫先生; 韦先生
위선자,伪善者
위선적,伪善的
위섬,围歼
위섭,威慑
위섭력,威慑力
위섭력량,威慑力量
위성,卫星; 围城
위성미,魏圣美
위성성,卫星城
위성송,魏盛松
위성통신,卫星通信
위세,位势; 威势
위소만,胃小弯
위소보,韦小宝
위소욕위,为所欲为
위쇄,委琐
위수,为首; 为数; 卫戍; 渭水
위수구,卫戍区
위수령,卫戍令
위시,为始; 卫视; 为时
위시과조,为时过早
위시중문대,卫视中文台
위식,喂食
위신,威信; 魏晨; 魏新; 委身
위실,委实
위심,违心
위십마,为什么
위씨,韦氏; 魏氏; 卫氏
위악,为恶
위악적,伪恶的
위안,慰安; 伟岸
위안부,慰安妇
위암,胃癌; 围岩
위압,威压; 围压
위압감,威压感
위압적,威压的
위액,胃液
위약,违约
위약금,违约金
위약률,违约率
위약조로,危若朝露
위양,喂养
위어,谓语
위언,围堰; 危言; 萎蔫
위언용청,危言耸听
위엄,威严
위엄성,威严性
위업,伟业
위업계,为业界
위역,违逆
위연,魏延
위염,胃炎
위오,为伍
위완,委婉; 胃脘
위외,魏巍
위요,围绕; 违拗
위용,威容
위우,位于; 喟叹
위우전,魏于全
위원,委员; 威远; 卫远; 魏源
위원문,委员们
위원실,委员室
위원장,委员长
위원장직,委员长职
위원직,委员职
위원충,魏元忠
위원회,委员会
위원회장,委员会长
위위,魏威; 威威; 卫尉; 魏伟
위위구조,围魏救赵
위유,韦唯
위은,围垦; 韦恩
위의,威仪
위이,位移; 威尔; 逶迤; 韦怡
위이금삼,威尔金森
위이기,韦尔奇
위이량,位移量
위이사,威尔士; 威尔斯; 韦尔斯
위이손,威尔逊
위인,为人; 伟人
위인군,危人群
위인부모,为人父母
위인부모자,为人父母者
위인사표,为人师表
위인설관,为人设官
위인설관식,为人设官式
위인전,伟人传
위인전기,伟人传记
위인정직,为人正直
위인처세,为人处世
위일력,魏轶力
위임,委任
위임자,委任者
위임장,委任状; 委任狀
위자,位子; 慰藉; 伟仔; 围子; 苇子
위자료,慰藉料
위자부,卫子夫
위작,伪作; 围猎
위장,伪装; 委长; 胃脏; 违章; 胃肠; 围墙; 围场
위장건축,违章建筑
위장군,卫将军
위장병,胃脏病
위장술,伪装术
위장염,胃脏炎; 胃肠炎
위장자,违章者
위재단석,危在旦夕
위저,胃底
위적,韦迪
위전,位战
위점,位点
위점막,胃粘膜
위정,魏征; 伪证
위정권,伪政权
위정자,为政者
위정척사,卫正斥邪
위조,伪造
위조단,伪造团
위조설,伪造说
위조죄,伪造罪
위조지폐,伪造纸币
위종,孬种
위좌,围坐
위주,为主; 围住; 魏州
위주도,涠洲岛
위주업,为主业
위주자,为主者
위주적,为主的
위중,为重; 危重
위증,伪证
위지,为止; 尉迟; 卫之
위지공,尉迟恭
위지마랍,危地马拉
위지측목,为之侧目
위지형,尉迟炯
위진,魏晋
위징,魏徵
위차,为此; 位次
위착,位错
위창휘,韦昌辉
위천원,卫天元
위철,卫哲
위첩,熨帖
위청,卫青
위체,威达
위초,围剿; 伪钞
위촉,委嘱
위촉장,委嘱状; 委嘱狀
위추월,魏秋月
위축,萎缩
위축성,萎缩性
위충걸,魏忠杰
위충현,魏忠贤
위취,围聚
위치,位置
위친지도,为亲之道
위탁,委托
위탁대관,委托贷款
위탁인,委托人
위탁투자,委托投资
위태,危殆
위통,胃痛; 卫通
위투,熨斗
위파,委派
위판,委办
위패,位牌
위편,位片
위편삼절,韦编三绝
위평,卫平
위폐,伪币
위포,围捕; 喂饱
위풍,威风; 卫风
위풍당당,威风堂堂
위풍름름,威风凛凛
위풍팔면,威风八面
위핍,威逼
위핍리유,威逼利诱
위하,为何; 渭河; 威吓
위하수,胃下垂
위학,为学
위한,为限
위항,违抗
위해,危害; 威海; 为害
위해로,威海路
위해성,危害性
위해시,威海市
위해위,威海卫
위핵,威势
위헌,违宪
위헌성,违宪性
위헌적,违宪的
위험,危险
위험기,危险期
위험물,危险物
위험성,危险性
위험천만,危险千万
위험품,危险品
위협,威胁
위협감,威胁感
위협당,威胁当
위협론,威胁论
위협리유,威胁利诱
위협성,威胁性
위협적,威胁的
위협조,威胁调
위호,围护; 卫护
위호부익,为虎傅翼
위호산,威虎山
위호작창,为虎作伥
위화,违和; 卫华
위화감,违和感
위확장,胃扩张
위환,为患
위황,萎黄
유,有; 由; 类; 流; 维; 留; 游; 刘; 遗; 油; 唯; 犹; 愈; 柳; 柔; 幼; 幽; 诱; 纽; 乳; 惟; 溜; 愉; 儒; 裕; 悠; 吁; 喻; 谕; 逾; 硫; 绥; 揉; 瑜; 釉; 琉; 铀; 俞; 榆; 攸; 帷; 蠕; 黝; 蹂; 酉; 谀; 孺; 嚅; 觎; 腴; 柚; 濡; 臾; 囿; 宥; 揄; 潍; 猷; 蚴; 庾; 鞣; 萸; 莠; 莸; 牖; 呦; 鼬; 卣; 繇; 糅; 荽; 蝣; 窳; 蚰; 嵛; 鲔; 窬; 蕤; 薷; 侑; 蝓; 讉; 襦; 𬨎; 瘐; 铕; 鲉; 貐; 蝤; 洧; 颥; 羑; 逌; 隃; 蜏; 毹; 緌; 螤; 脜; 褏; 褎; 腬; 趡; 羭; 葇; 蜼; 遊; 維; 遺; 誘; 猶; 癒
유가,儒家; 有价; 油价; 瑜伽; 有家; 愈加; 游街; 俞家
유가시중,游街示众
유가적,儒家的
유가정권,有价证券
유가족,遗家族
유가치,有价值
유가흔,喻可欣
유각,油脚
유각구,由各区
유각성,由各省
유각시,由各市
유각양춘,有脚阳春
유간,诱奸; 维艰
유감,有感; 遗憾
유감우,有感于
유감이발,有感而发
유강,维冈
유강활조,油腔滑调
유개,有个
유개념,类概念; 類槪念
유객,游客
유객문,游客们
유거,幽居
유걸,维杰
유게,游憩
유격,游击
유격구,游击区
유격대,游击队
유격대원,游击队员
유격수,游击手
유격전,游击战
유경,有劲; 维京; 幽径
유경무험,有惊无险
유경쟁력,有竞争力
유경험,有经验
유경험자,有经验者
유계,维系; 油鸡
유계통,有系统
유계획,有计划
유고,遗稿; 油库; 油膏; 遗孤
유고설부출,有苦说不出
유곡,幽谷
유골,遗骨
유골기,有骨气
유공,有空; 有功; 惟恐
유공견,俞孔坚
유공자,有功者
유공천하부란,唯恐天下不乱
유과,油锅; 游过; 油果
유과갈,有瓜葛
유과지이무부급,有过之而无不及
유관,有关; 油罐; 油管
유관성,有关性
유관속,维管束
유광,油光; 游逛; 油矿; 幽光
유괴,诱拐
유괴범,诱拐犯
유교,儒教; 幼教
유교권,儒教圈
유교무류,有教无类
유교양,有教养
유교적,儒教的
유교학과,儒教学科
유교화,儒教化
유구,悠久; 有救; 油区; 油垢; 逾矩
유구개비,有口皆碑
유구무심,有口无心
유구무언,有口无言
유구불언,有口不言
유구필응,有求必应
유국명,喻国明
유권,有权
유권유핵,有权有势
유권자,有权者
유귀,有鬼
유극,有隙; 维克
유극다,维克多
유근급원,由近及远
유금,幽禁
유금부지,有禁不止
유급,有给
유기,有期; 有机; 遗弃; 𨱎器; 逾期; 油气; 有气; 游记; 维奇; 惟其; 游骑; 维基
유기가승,有机可乘
유기교,有技巧
유기규,有机硅
유기농,有机农
유기도형,有期徒刑
유기론,唯气论
유기린,有机磷
유기무력,有气无力
유기물,有机物
유기분,有机体
유기비,有机肥
유기비료,有机肥料
유기산,有机酸
유기색,有起色
유기장,油气藏
유기적,有机的
유기전,油气田
유기질,有机质
유기체,有机体
유기탄,有机碳
유기파리,有机玻璃
유기합성,有机合成
유기화학,有机化学
유기화합물,有机化合物
유난,柔暖
유난동당,有难同当
유납사,维纳斯
유내심,有耐心
유녀,幼女
유년,幼年; 有年
유년기,幼年期
유념,留念; 留念
유녕풍,游宁丰
유뇨,遗尿
유눈,柔嫩; 幼嫩
유능,有能
유능내,有能耐
유능력,有能力
유능제강,柔能制刚
유니,油腻; 维尼; 油泥
유니니,油腻腻
유다리아,维多利亚
유다리아주,维多利亚州
유다리아항,维多利亚港
유단자,有段者
유담유신,有胆有识
유당,乳糖
유당매,乳糖酶
유대,纽带; 有待; 紐带; 犹大
유대감,纽带感; 紐带感
유대유,俞大猷
유덕,有德
유도,柔道; 诱导; 有道; 维道
유도리,有道理
유도성,诱导性
유독,唯独; 有毒; 惟独; 遗毒
유독물,有毒物
유독성,有毒性
유돌,乳突
유동,流动; 流动; 游动; 幼童; 油桐
유동성,流动性; 流动性
유동적,流动的; 流动的
유동화,流动化; 流动化
유두,乳头; 由头
유두기,乳头肌
유두뇌,有头脑
유두무미,有头无尾
유두분면,油头粉面
유두유검,有头有脸
유두유미,有头有尾
유두잡,维杜卡
유득,由得
유등,油灯
유라납,维罗纳
유락,游乐; 乳酪; 遗落
유락가,游乐街; 游樂街
유락원,游乐园
유락장,游乐场
유란,幽兰
유람,游览; 幽蓝; 俞岚
유람선,游览船
유람차,游览车
유랍,维拉
유랍말미,维拉帕米
유랍반,维拉潘
유랑,流浪; 流浪; 游廊
유랑파,流浪派; 流浪派
유래,由来
유래두,有来头
유래무회,有来无回
유래유,愈来愈
유래유다,愈来愈多
유래유왕,有来有往
유래이구,由来已久
유래지풍,由来之风
유량,流量; 流量; 油亮
유량하자,有两下子
유려,流丽; 流丽
유력,有力; 游历
유력시,有力视
유력자,有力者
유력쟁탈자,有力争夺者
유력출력,有力出力
유력층,有力层
유령,幽灵; 有零; 谕令
유령부행,有令不行
유례,类例; 類例; 有礼
유례모,有礼貌
유로,流路; 流路; 有劳; 遗老; 油炉
유로사,俞老师
유록색,柳绿色; 柳绿色
유록화홍,柳绿花红; 柳绿花红
유뢰,有赖
유뢰우,有赖于
유료,有了; 有料; 油料
유료화,有料化
유룡,游龙
유루,遗漏
유류,油类; 遗留
유륜,油轮; 游轮; 维纶
유륜뉴부,维伦纽夫
유륭,裕隆
유릉유각,有棱有角
유리,有利; 游离; 流离; 琉璃; 有理; 流离; 琉璃
유리가도,有利可图
유리걸식,流离乞食; 流离乞食
유리문,琉璃门; 琉璃门
유리벽,游离壁
유리병,琉璃瓶; 琉璃甁
유리시기,有利时机
유리시도,惟利是图
유리우,有利于
유리유폐,有利有弊
유리잔,琉璃盏; 琉璃盏
유리창,琉璃窗; 琉璃窓
유리판,琉璃板; 琉璃板
유린,蹂躏
유린당,蹂躏当
유림,儒林; 榆林
유림시,榆林市
유림지,有林地
유막,帷幕
유만,帷幔
유만부동,类万不同; 類万不同
유망,有望; 流亡; 遗忘; 流亡
유망민,流亡民; 流亡民
유망주,有望株
유매력,有魅力
유면,釉面
유명,有名; 幽冥; 乳名; 遗命
유명기,有名气
유명무실,有名无实
유명세,有名税
유명시종,唯命是从
유명인,有名人
유모,乳母; 油耗; 俞某
유모유양,有模有样
유모차,乳母车
유목,游牧; 柚木; 榆木
유목공도,有目共睹
유목민,游牧民
유묘,幼苗
유묘유초,惟妙惟肖
유무,有无
유무상생,有无相生
유묵,遗墨; 幽默; 油墨
유묵감,幽默感
유묵풍취,幽默风趣
유문,油门; 幽门
유문제,有问题
유문필답,有问必答
유물,唯物; 遗物
유물론,唯物论
유물론자,唯物论者
유물론적,唯物论的
유물변정법,唯物辩证法
유물사관,唯物史观
유물주의,唯物主义
유물주의자,唯物主义者
유미,柔美; 有味; 柔媚; 乳糜; 幽美
유미만,游未满
유미목,有眉目
유미주의,唯美主义
유미주의자,唯美主义者
유미주의적,唯美主义的
유미흉,乳糜胸
유민,遗民; 流民; 流民; 游民
유민사,流民史
유민홍,俞敏洪
유발,诱发; 愈发
유발랍저하,幼发拉底河
유발력,诱发力
유발점,诱发点
유방,乳房; 潍坊; 有方; 油坊
유방백세,流芳百世; 流芳百世
유방시,潍坊市
유방암,乳房癌
유배,流配; 流配
유배지,流配地; 流配地
유백,乳白
유백력,有魄力
유백리이무일해,有百利而无一害
유백만,逾百万
유백색,乳白色
유백해이무일리,有百害而无一利
유법가의,有法可依
유법부의,有法不依
유법필의,有法必依
유변,诱变
유변화,有变化
유별,有别
유병,有病; 油瓶; 油饼
유보,留保; 留保
유보적,留保的
유복,裕福
유복동향,有福同享
유복아,遗腹儿
유복자,遗腹子
유복지친,有服之亲
유봉,油封; 乳峰
유부,乳腐; 油腐
유부남,有妇男
유부녀,有夫女
유부득,由不得
유부지부,有夫之妇; 有妇之夫
유북향남,由北向南
유분,油分; 遗体; 有分; 幼体; 乳粉
유분기,油分气
유분수,有分数
유분촌,有分寸
유불선,儒佛仙
유비무환,有备无患
유비이래,有备而来
유비자유안,有鼻子有眼
유빈,俞斌
유빙,油泵; 俞冰
유사,有事; 有些; 有史; 类似; 類似; 诱使; 幼师; 有诈; 游丝; 儒士; 维斯; 油砂; 幼狮
유사개,有些个
유사무이,有死无二
유사분렬,有丝分裂
유사성,类似性; 類似性
유사시,有事时
유사어,类似语; 類似语
유사원,俞思远; 俞士元
유사이래,有史以来
유사점,类似点; 類似点
유사정부,有些政府
유사품,类似品; 類似品
유산,乳酸; 有产; 遗产; 流产; 流产; 乳山; 油酸; 鞣酸; 游山
유산균,乳酸菌
유산세,遗产税
유산시,乳山市
유산완수,游山玩水
유산율,流产率; 流产率
유산자,有产者
유산증,流产症; 流产症
유산품,乳产品
유살,诱杀
유삼특,维森特
유상,有偿; 有常; 油箱; 遗像; 遗孀; 儒商
유상사용비,有偿使用费
유상이하,由上而下
유상풍화,有伤风化
유색,有色
유색금속,有色金属
유색인종,有色人种
유생,儒生; 维生
유생력량,有生力量
유생산력론,唯生产力论
유생소,维生素
유생소류,维生素类
유생이래,有生以来
유생지년,有生之年
유서,由緖; 遗书
유서화,有序化
유석,游锡; 油石
유선,有线; 乳腺; 游船; 油船
유선광파,有线广播
유선망락,有线网络
유선생,俞先生
유선암,乳腺癌
유선염,乳腺炎
유선전시,有线电视
유선전시대,有线电视台
유선전시비,有线电视费
유선형,流线型; 流线型
유설,游说
유설유소,有说有笑
유성,油性; 流星; 流星; 有成; 有声; 有性; 柔性; 由性
유성기,留声机; 留声机
유성유색,有声有色
유성일단,揉成一团
유성화,柔性化
유세,有势; 游说; 游說
유세일,游世一
유세장,游说场; 游說场
유세전,游说战; 游說战
유소,有所; 有关; 幼小; 油酥
유소계,有关系
유소년,幼少年
유소단위,有关单位
유소반응,有所反应
유소방면,有关方面
유소부동,有所不同
유소사,有所思
유소성,留巢性; 留巢性; 有关性
유소완해,有所缓解
유소우,有关于
유소작위,有所作为
유소측중,有所侧重
유속,遗属
유송,油松
유수,有数; 有水; 流水; 维修; 流水; 油水; 榆树; 游水; 维数
유수범,俞秀凡
유수부,维修部
유수불부,流水不腐; 流水不腐
유수비,维修费
유수성,维修性
유수시,榆树市
유수양,有修养
유수업,维修业
유수점,维修点
유수참,维修站
유수호한,游手好闲
유숙,留宿; 留宿
유순,柔顺
유술,柔术; 儒术
유습,濡湿
유시,有时; 幼时
유시무공,有恃无恐
유시무종,有始无终
유시유종,有始有终
유시후,有时候
유식,有识
유식론,唯识论
유식자,有识者
유식학,唯识学; 唯識学
유신,维新; 遗臣; 有神
유신사기,维辛斯基
유신심,有信心
유신지사,有识之士
유신파,维新派
유실,流失; 遗失; 流失; 有失
유심,有心; 幽深; 唯心
유심론,唯心论
유심무력,有心无力
유심사관,唯心史观
유심인,有心人
유심주의,唯心主义
유아,乳儿; 幼儿; 儒雅; 幽雅; 乳牙; 维阿; 幼芽
유아강모,维亚康姆
유아기,幼儿期
유아독존,唯我独尊; 惟我独尊
유아반,幼儿班
유아복,乳儿服
유아어,幼儿语
유아원,幼儿园
유아지탄,由我之叹
유아화,幼儿化
유안광,有眼光
유안력,有眼力
유안무주,有眼无珠
유안부신태산,有眼不识泰山
유암,乳癌; 幽暗
유압,油压
유애,有碍; 遗爱
유애관첨,有碍观瞻
유애랍,维埃拉
유애리,维埃里
유액,乳液
유야납,维也纳
유야리,维耶里
유야무야,有耶无耶
유약,柔弱; 有若
유약무골,柔若无骨
유양,悠扬; 酉阳; 维扬
유어,游鱼
유언,有言; 遗言; 流言; 流言
유언비어,流言蜚语; 流言蜚语
유언장,遗言状; 遗言狀
유언재선,有言在先
유업계,有业界
유여,犹如; 有如; 有余
유역,流域
유역권,流域圈
유연,悠然; 柔软; 有缘; 油烟; 油然
유연분,有缘分
유연성,柔软性
유연유렬,愈演愈烈
유연이생,油然而生
유연자득,悠然自得
유연천리래상회,有缘千里来相会
유연탄,有烟炭
유열,愉悦
유염,有染
유염장초,油盐酱醋
유영,游泳
유영관,游泳馆
유영복,游泳服
유영새,游泳赛
유영양,有营养
유영의,游泳衣
유영자,游泳者
유영지,游泳池
유예,犹豫; 游艺
유예기,犹豫期
유예론자,犹豫论者
유예부결,犹豫不决
유예부정,犹豫不定
유예재삼,犹豫再三
유오,油污
유오이,维吾尔
유오이족,维吾尔族
유완,游玩; 柔婉
유용,有用; 流用; 流用; 遗容; 俞榕
유용기,有勇气
유용무모,有勇无谋
유용성,有用性
유용유모,有勇有谋
유용처,有用处
유우,由于; 囿于; 乳牛
유우량,俞佑亮
유운경룡,游云惊龙
유원,游园; 幽怨; 悠远; 遗愿; 乳源
유원이근,由远而近
유원지,游园地
유원회,游园会
유월,六月; 六月; 逾越
유위,有为
유유,悠悠; 惟有; 幽幽; 揉揉; 乳油; 悠游; 维维; 游游
유유낙낙,唯唯诺诺
유유도일,悠悠度日
유유상종,类类相从; 類類相从
유유예예,犹犹豫豫
유유자적,悠悠自适
유윤,柔润; 油润
유의,有意; 留意; 留意; 犹疑; 游医
유의력,有毅力
유의무의,有意无意
유의미성,有意味性
유의사,有意思
유의신,有意识
유의요,有意要
유의유식,游衣游食
유의자,有意者
유이,诱饵; 游移; 维尔; 柔荑
유이뉴사,维尔纽斯
유이부정,游移不定
유이사,维尔斯
유이의자,有异议者
유이포로근,维尔布鲁根
유익,有益; 游弋; 愈益
유익건강,有益健康
유익우,有益于
유인,有人; 诱因; 诱引; 诱人; 游人; 柔韧; 油印
유인걸,俞人杰
유인문,游人们
유인물,油印物
유인성,柔韧性
유인여직,游人如织
유인원,类人猿; 類人猿
유인유여,游刃有余
유인책,诱引策
유일,唯一; 惟一
유일무이,唯一无二
유일부족,惟日不足; 惟日不足
유일성,唯一性; 惟一性
유일수,有一手
유일신,唯一神
유일점,有一点
유일탑몰일탑,有一搭没一搭
유일투,有一套
유임,留任; 留任
유입,流入; 流入
유입기,流入期; 流入期
유입량,流入量; 流入量
유입부,流入部; 流入部
유자,儒者; 柚子; 谀者; 游资; 游子; 幼子; 犹自; 孺子
유자가교,孺子可教
유자격,有资格
유자신,有自信
유자우,孺子牛
유자유미,有滋有味
유자지지명,有自知之明
유자차,柚子茶; 柚子茶
유작,油炸; 遗作; 游猎
유작위,有作为
유작전,遗作展
유장,悠长; 有奖; 柔肠; 儒将
유장가순,有章可循
유장유이,有张有弛
유장정문,有奖征文
유재,有才
유재유재,悠哉悠哉
유쟁의,有争议
유저,有底; 乳猪
유적,遗迹; 有的; 油迹
유적기,维迪奇
유적방시,有的放矢
유적시,有的是
유적시후,有的时候
유적지,遗迹地
유전,油田; 遗传; 流转; 有钱; 流转; 油毡
유전공정,遗传工程
유전능사귀추마,有钱能使鬼推磨
유전력,遗传力
유전물질,遗传物质
유전병,遗传病
유전성,遗传性
유전성질병,遗传性疾病
유전신식,遗传信息
유전유핵,有钱有势
유전인,有钱人
유전자,遗传子
유전적,遗传的
유전학,遗传学
유전학가,遗传学家
유전학적,遗传学的
유절,有节
유점,有点
유점도면,由点到面
유점아,有点儿
유정,有情; 油井; 遗精; 游艇; 柔情; 幽静; 游程; 幽情
유정밀의,柔情蜜意
유정사수,柔情似水
유정성,俞正声
유정신,有精神
유정유의,有情有义
유정인,有情人
유정인종성권속,有情人终成眷属
유제,遗制; 乳剂
유제품,乳制品
유조,幼鸟; 油条; 遗照; 遗诏; 乳罩; 油槽
유조건자,有条件者
유조군,留鸟群; 留鸟群
유조부문,有条不紊
유조선,油槽船
유조우,有助于
유조유리,有条有理
유조일일,有朝一日
유족,遗族; 维族
유족회,遗族会
유존,遗存
유종,有终; 有种
유종지미,有终之美
유죄,有罪
유죄자,有罪者
유주,游走; 幽州; 遗珠
유주무량,有酒无量
유중,榆中
유중대강,柔中带刚
유중현,榆中县
유즙,乳汁
유증,遗赠
유증무감,有增无减
유지,乳脂; 有志; 油纸; 维持; 遗志; 遗址; 油脂; 油渍; 谕旨
유지권,维持权
유지기,有志气
유지량,维持量
유지률,乳脂率
유지방,乳脂肪
유지비,维持费
유지성,维持性
유지인,维持人
유지자,有志者
유지자사경성,有志者事竟成
유지지사,有志之士
유직유권,有职有权
유진전,有进展
유질,釉质; 鞣质
유차,由此; 油茶; 揉搓; 榆次
유차가견,由此可见
유차간래,由此看来
유차급피,由此及彼
유차족,有车族
유착,愈着; 有着; 有错; 游着; 悠着
유착점,悠着点
유창,流畅; 流畅
유채,油彩; 油菜
유천만,逾千万
유천입심,由浅入深
유청,有请; 乳清
유체,维达
유촉,遗嘱
유추,类推; 類推
유축,幼畜
유춘,游春
유출,流出; 流出
유출구,流出口
유출식,有出息
유출액,流出液
유출입,有出入
유충,幼虫; 由衷
유취,有趣; 油嘴
유취만년,遗臭万年
유취미간,乳臭未干
유취활설,油嘴滑舌
유층,油层
유치,幼稚; 诱致; 留置; 留置
유치원,幼稚园
유치원생,幼稚园生
유치장,留置场; 留置场
유칠,油漆
유쾌,愉快
유타,犹他; 由打
유타명,维他命
유타주,犹他州
유탁,幼托
유탄,榴弹; 游坦
유탕,游荡
유태,犹太
유태교,犹太教
유태교도,犹太教徒
유태민족,犹太民族
유태복국주의,犹太复国主义
유태인,犹太人
유통,流通; 流通; 油桶
유통계,流通界; 流通界
유통력,流通力; 流通力
유통망,流通网; 流通网
유통업,流通业; 流通业
유통업계,流通业界; 流通业界
유통업자,流通业者; 流通业者
유통업체,流通业体; 流通业体
유투,游斗; 俞渝
유특,维特
유특근사탄,维特根斯坦
유파,流派; 流派
유파악,有把握
유판유안,有板有眼
유패옥,俞佩玉
유패우,有悖于
유편,诱骗
유평백,俞平伯
유폐,幽闭
유포,流布; 流布; 诱捕; 油布
유포부,有抱负
유포죄,流布罪
유표,油票; 游标
유표급리,由表及里
유표적,有标的
유품,遗品; 乳品
유품위,有品位
유풍,遗风
유필유방,游必有方
유하이상,由下而上
유학,儒学; 游学; 留学; 留学
유학생,游学生; 留学生; 留学生
유학승,留学僧; 留学僧
유학자,儒学者
유학파,儒学派
유한,有限; 悠闲; 有闲; 遗恨
유한공사,有限公司
유한공자,游闲公子
유한성,有限性
유한원,有限元
유한원법,有限元法
유한자득,悠闲自得
유한자재,悠闲自在
유한책임공사,有限责任公司
유한층,有闲层
유합,愈合; 糅合
유합률,愈合率
유항,有恒
유해,有害; 遗骸
유해론,有害论
유해무익,有害无益
유해물,有害物
유해성,有害性
유해우,有害于
유핵력,有势力
유행,流行; 游行; 有幸; 流行
유행가,流行歌; 流行歌
유행곡,流行曲
유행병,流行病; 流行病
유행성,流行性; 流行性
유행어,流行语; 流行语
유행자,游行者
유행적,流行的
유향,幽香; 乳香; 油香
유허비,遗墟碑
유현,幽玄; 攸县
유혈,流血; 流血
유혈성천,流血成川; 流血成川
유혈암,油页岩
유혈유육,有血有肉
유협,游侠
유형,有形; 类型; 類型
유형무적,有形无迹
유형무형,有形无形
유형성,类型性; 類型性
유형수,流刑囚; 流刑囚
유형적,有形的; 类型的; 類型的
유형지,流刑地; 流刑地
유호,维护; 愈好; 油壶
유호덕,攸好德
유호명,俞灏明
유호비,维护费
유호사자,有好事者
유호자,维护者
유혹,诱惑
유혹력,诱惑力
유혹성,诱惑性
유혹적,诱惑的
유혼,幽魂; 游魂
유홍명,游鸿明
유화,宥和; 油化; 油画; 遗画; 柔和; 乳化; 裕华; 油花
유화로,裕华路
유화부대,维和部队
유화업계,油化业界
유화업체,油化业体
유화전,油画展
유화제,乳化剂
유활,柔滑; 油滑; 诱敌
유활심입,诱敌深入
유황,硫黄; 硫黄
유회,幽会
유효,有效; 乳胶
유효기,有效期
유효기한,有效期限
유효도경,有效途径
유효록,有效氯
유효률,有效率
유효사정,有效射程
유효성,有效性
유효시간,有效时间
유효적절,有效适切
유효치,有效值
유훈,遗训; 乳晕
유훼,幼虫
유휴,游休
유휴지,游休地
유흑,黝黑
유흘유갈,有吃有喝
유흥,游兴
유흥가,游兴街
유흥업,游兴业
유흥업소,游兴业所
유흥취,有兴趣
유희,游戏; 游戯; 有喜; 有戏
유희계,游戏界
유희기,游戏机
유희류,游戏类
유희망,有希望
유희성,游戏性
유희업,游戏业
유희업계,游戏业界
유희인간,游戏人间
유희자,游戯者; 游戏者
유희잡,游戏卡
유희적,游戯的
육,六; 育; 陆; 肉; 毓; 戮; 唷; 袬; 哊
육각,六角; 六角
육각형,六角形; 六角形
육간,肉干
육감,肉感; 六感; 六感; 肉碱
육갑,六甲; 六甲
육개장,肉-酱
육갱,肉羹
육계,肉鸡; 肉桂
육계색,肉桂色
육교,陆桥; 陸桥
육군,陆军; 陸军
육기,肉气
육대주,六大洲; 六大洲
육덕,肉德
육도도,肉嘟嘟
육독소,肉毒素
육두구,肉豆蔻
육두문자,肉头文字
육두품,六头品; 六头品
육력동심,戮力同心; 戮力同心
육련창,肉联厂
육령,育龄
육령부녀,育龄妇女
육로,陆路; 陸路
육류,肉类; 肉瘤
육림,育林
육마,肉麻
육만,六万; 六万
육말,肉末
육모정,六-亭
육묘,育苗
육미,肉糜
육바라밀,六波罗蜜; 六波罗蜜
육박,肉薄; 肉搏
육박전,肉搏战
육백,六百; 六百
육백만,六百万; 六百万
육병,肉饼
육부,六腑; 六部; 六腑; 六部
육부출충,肉腐出虫
육분,肉体
육비,育肥
육사,陆士; 陸士
육산포림,肉山脯林
육산품,肉产品
육상,陆上; 陸上
육상부원,陆上部员
육색,肉色
육성,肉声; 育成
육성책,育成策
육성회,育成会
육성회비,育成会费
육성회장,育成会长
육송,肉松
육수,肉垂; 肉水
육순,六旬; 六旬
육시,戮尸; 戮尸
육식,肉食
육식성,肉食性
육식품,肉食品
육신,肉身
육십,六十; 六十
육십갑자,六十甲子; 六十甲子
육십구,六十九; 六十九
육십삼,六十三; 六十三
육십진법,六十进法; 六十进法
육십칠,六十七; 六十七
육십팔,六十八; 六十八
육아,育儿
육아법,育儿法
육아종,肉芽肿
육아종성,肉芽肿性
육안,肉眼
육앙,育秧
육양,肉羊
육영,育婴
육욕,肉欲
육우,肉牛
육유,育幼
육이구,六二九; 六二九
육이오,六二五; 六二五
육인,育人
육입,六入; 六入
육자,六字; 六字
육장,六场; 六场; 肉酱
육재,育才
육재중학,育才中学
육저,肉猪
육전,六典; 六典
육점,肉店
육정,肉丁
육제품,肉制品
육종,育种
육죽,肉粥
육중,肉重
육중자,肉中刺
육즙,肉汁
육지,陆地; 陸地
육지행선,陆地行船; 陸地行船
육진,六镇; 六镇
육질,肉质
육참,陆参; 陸参
육참총장,陆参总长; 陸参总长
육채시장,肉菜市场
육척지고,六尺之孤; 六尺之孤
육천이백,六千二百; 六千二百
육체,肉体
육체노동,肉体劳动; 肉体勞动
육체적,肉体的
육체파,肉体派
육촌,六寸; 六村; 六寸; 六村
육추,育雏
육축,六畜; 六畜
육친,肉亲
육칠십,六七十; 六七十
육탄,肉弹
육탕,肉汤
육토,肉兔
육편,肉片
육포,肉铺
육포자,肉包子
육표,肉票
육피,肉皮
육필,肉笔
육하원칙,六何原则; 六何原则
육함,肉馅
육합,肉鸽
육해공,陆海空; 陸海空
육해공군,陆海空军; 陸海空军
육향,肉香
육형,肉刑
육화,肉化
육환,肉丸
육환자,肉丸子
육환장,六环杖; 六环杖
윤,伦; 轮; 润; 允; 仑; 匀; 沦; 尹; 鋆; 胤; 闰; 昀; 狁; 赟; 膶; 馻; 酳; 潤
윤가,尹家
윤가서,尹家绪
윤간당,轮奸当
윤검,尹剑
윤곽,轮廓; 輪廓
윤곽선,轮廓线; 輪廓线
윤광웅,尹光雄
윤기,润气
윤낙,允诺
윤녀사,尹女士
윤년,闰年
윤당요,尹堂曜
윤동요,尹同耀
윤락,沦落; 淪落
윤력,尹力
윤리,伦理; 倫理
윤리관,伦理观; 倫理观
윤리적,伦理的; 倫理的
윤리학,伦理学; 倫理学
윤명선,尹明善
윤모,尹某
윤문윤무,允文允武
윤백성,尹伯成
윤색,润色
윤선생,尹先生
윤성걸,尹成杰
윤소천,尹啸天
윤습,润湿
윤씨,尹氏
윤울민,尹蔚民
윤월,闰月
윤은혜,尹恩惠
윤주,润州
윤준,允准
윤중립,尹中立
윤지평,尹志平
윤진,胤禛
윤체천자,轮递天子; 輪递天子
윤초,尹超
윤택,润泽
윤투준,尹斗俊
윤필지자,润笔之资
윤허,允许
윤화,轮祸; 輪祸
윤활,润滑
윤활유,润滑油
윤활제,润滑剂
윤활지,润滑脂
윤회,轮回; 輪廻
윤회설,轮回说; 輪廻说
윤회적,轮回的; 輪廻的
윤회전생,轮回转生; 輪廻转生
율,律; 率; 栗; 聿; 矞; 鴧; 驈
율동,律动
율동감,律动感
율동미,律动美
율동적,律动的
율령,律令; 律令
율법,律法; 律法
율사,律师; 律师
융,融; 隆; 绒; 戎; 肜; 駥; 狨; 絨
융고,绒裤
융권,融券
융담,绒毯
융동설한,隆冬雪寒; 隆冬雪寒
융마,戎马
융마생교,戎马生郊
융마생애,戎马生涯
융모,绒毛
융모막,绒毛膜
융선,绒线
융성,隆盛
융성기,隆盛期
융수,融水
융숭,隆崇; 隆崇
융용기,融用机
융융,融融
융의,绒衣
융자,融资
융자금,融资金; 融资金
융자조임,融资租赁
융장,戎装
융적,戎狄
융통,融通
융통성,融通性
융포,绒布
융합,融合
융합성,融合性
융해,融解
융화,融和; 融化; 绒花
융회,融会
융회관통,融会贯通
융흡,融洽
은,听; 银; 恩; 隐; 稳; 嗯; 殷; 垦; 瘾; 龈; 垠; 摁; 圻; 鄞; 狺; 龂; 蒽; 訚; 訔; 蒑; 銀; 隱; 癮
은가랍새,恩加拉塞
은각,银角
은감불원,殷鉴不远
은갑,银匣
은거,隐居
은건,稳健
은건성,稳健性
은건형,稳健型
은격사,恩格斯
은격이,恩格尔
은계,银桂
은고,稳固; 隐睾
은고성,稳固性
은공,恩功; 恩公
은광,银矿
은구,恩仇; 垦区
은국원,殷国元
은군자,瘾君子
은근,慇懃; 殷勤; 银根
은기,银器; 银基
은나,稳拿; 殷娜
은닉,隐匿
은닉성,隐匿性
은단,银团
은당,稳当
은덕,恩德
은도,殷桃
은둔,隐遁
은둔자,隐遁者
은둔적,隐遁的
은래,恩来
은량,银两
은령,银铃
은루,银楼
은리극,恩里克
은린옥척,银鳞玉尺
은립화,殷立华
은막,银幕
은만,隐瞒
은만국정권고분유한공사,银万国证券股份有限公司
은만국정권연구소,银万国证券研究所
은명,隐名
은모,殷某
은몰,隐没
은밀,隐密
은박,银箔
은박지,银箔纸
은반,银盘
은반위구,恩反为仇
은발,银发
은배,银杯
은백,银白
은백색,银白色
은보,稳步
은보전진,稳步前进
은복,隐伏; 垦复
은분,银粉
은붕,殷鹏
은비,隐秘
은사,恩师; 恩赐; 隐私; 隐士
은사권,恩赐权; 隐私权
은사보호,隐私保护
은산,稳产
은산고산,稳产高产
은산덕해,恩山德海
은상,银赏; 殷商
은색,银色
은선생,殷先生
은설매,殷雪梅
은성,殷盛; 隐性
은성매명,隐姓埋名
은소소,殷素素
은수매,殷秀梅
은승종,殷承宗
은시,恩施
은시시,恩施市
은시주,恩施州
은식,垦殖
은신,隐身
은실,殷实
은압,稳压
은애,恩爱
은애부처,恩爱夫妻
은약,隐约
은어,隐语; 银鱼
은여태산,稳如泰山
은연,隐然; 银燕; 殷缘
은연중,隐然中
은염색,银染色
은우,隐忧
은웅장,银熊奖
은원,恩怨; 银元; 银圆
은원분명,恩怨分明
은유,隐喻; 隐喩
은유적,隐喻的; 隐喩的
은은,隐隐; 嗯嗯; 殷殷; 恩恩
은은당당,稳稳当当
은은애애,恩恩爱爱
은은약약,隐隐约约
은은원원,恩恩怨怨
은은작통,隐隐作痛
은의,恩义
은이,银耳
은인,恩人; 隐忍
은인자중,隐忍自重
은일,殷一; 隐逸
은자,银子; 隐者
은잡,银币
은장,隐藏
은장구보,恩将仇报
은장도,银粧刀
은장소과,银装素裹
은장식,隐藏式
은전,恩典; 银钱
은절,殷切
은정,稳定; 恩情; 隐情; 银锭
은정기,稳定期
은정성,稳定性
은정월,殷正月
은정제,稳定剂
은정형,稳定型
은정화,稳定化
은제,银制
은조사,银造纱
은조승권,稳操胜券
은주,稳住; 鄞州
은주구,鄞州区
은주진각,稳住阵脚
은준,恩准
은중,稳重
은중여산,恩重如山
은중유승,稳中有升
은중태산,恩重泰山
은질,银质
은질장,银质奖
은찰은타,稳扎稳打
은천,银川
은천시,银川市
은철생,殷铁生
은총,恩宠
은침,银针
은타,稳妥
은태,稳态
은택,恩泽
은통,隐痛
은퇴,隐退
은퇴기,隐退期
은파리,恩波利
은패,银牌
은평,恩平
은폐,隐蔽
은폐성,隐蔽性
은표,银票
은하,银河
은하계,银河系
은하국제구물중심,银河国际购物中心
은하단,银河团
은하대,银河队
은하수,银河水
은하집단,银河集团
은함,隐含
은행,银杏; 银行
은행가,银行家
은행계,银行界
은행권,银行圈
은행대관,银行贷款
은행법,银行法
은행수,银杏树
은행승태,银行承兑
은행식,银行式
은행업,银行业
은행원,银行员
은행장,银行长
은행휘표,银行汇票
은허,殷墟
은현,隐现; 鄞县
은형,隐形
은형안경,隐形眼镜
은혜,恩惠
은호,银狐; 银号
은혼,银婚
은홍,殷红
은화,银花
은화기금관리유한공사,银华基金管理有限公司
은확,稳获
은환,隐患
은황,垦荒
은회,银灰; 隐晦
은휘,隐讳
을,乙; 圪; 钇
을간,乙肝
을결,乙炔
을뇌,乙脑
을묘,乙卯
을미,乙未; 乙醚
을미년,乙未年
을사,乙巳
을사오적,乙巳五贼
을산,乙酸
을산을지,乙酸乙酯
을상결장,乙状结肠
을선,乙酰
을선화,乙酰化
을순,乙醇
을순알,乙醇胺
을알,乙胺
을완,乙烷
을유,乙酉
을이순,乙二醇
을절,圪节
을철,乙醛
을추,乙丑
을축,乙丑
을축갑자,乙丑甲子
을해,乙亥
을형간염,乙型肝炎
을형뇌염,乙型脑炎
을희,乙烯
음,音; 阴; 饮; 吟; 淫; 荫; 喑; 窨; 霪; 隂; 霠; 飮; 碒; 訡; 飲; 陰
음간,阴间; 阴干
음경,阴茎
음경골,阴茎骨
음경두,阴茎头
음계,音阶
음고,音高
음공,阴功
음구,阴沟; 音区
음극,阴极
음기,阴气
음낭,阴囊
음담,淫谈
음담패설,淫谈悖说
음대,音大; 音带
음대생,音大生
음덕,阴德
음덕양보,阴德阳报
음도,阴道
음도경,阴道镜
음도구,阴道口
음독,阴毒
음락,音乐; 淫乐
음락가,音乐家
음락가문,音乐家们
음락계,音乐界
음락류,音乐类
음락사,音乐史
음락성,音乐性
음락장,音乐奖
음락청,音乐厅
음락회,音乐会
음란,淫乱
음란물,淫乱物
음란성,淫乱性
음랭,阴冷
음량,音量; 阴凉
음력,阴历
음료,飮料; 饮料
음료사,飮料社
음료수,飮料水
음료업,飮料业; 饮料业
음료업체,飮料业体
음료화,飮料化
음률,音律
음리자,阴离子
음매,阴霾
음모,阴毛; 阴谋
음모가,阴谋家
음모궤계,阴谋诡计
음모극,阴谋剧
음모죄,阴谋罪
음문,阴门
음미,吟味
음반,音盘
음변,音变
음복,飮福
음부,音符; 阴部
음빈,音频
음빙,饮冰
음사,淫邪
음산,阴散; 阴山
음삼,阴森
음삼삼,阴森森
음상,音箱; 音像
음상점,音像店
음색,音色
음생진,阴生津
음서제,荫敍制
음성,阴性; 音声
음성자,阴性者
음성적,阴性的
음성학적,音声学的
음소,音素; 阴笑
음속,音速
음손,阴损
음송,吟诵
음수,阴数; 饮水
음수기,饮水机
음수량,饮水量
음수사원,饮水思源
음순,阴唇
음습,阴湿
음시,吟诗
음식,飮食; 饮食
음식기거,饮食起居
음식남녀,饮食男女
음식물,飮食物
음식상,飮食床
음식업,飮食业; 饮食业
음식점,飮食店; 饮食店
음신,音讯; 音信
음아,吟哦
음악,音乐
음악가,音乐家
음악계,音乐界
음악다방,音乐茶房
음악당,音乐堂
음악대,音乐队
음악도,音乐徒
음악실,音乐室
음악원,音乐院
음악인,音乐人
음악적,音乐的
음악제,音乐祭
음악회,音乐会
음악회장,音乐会场
음암,阴暗
음암면,阴暗面
음암조습,阴暗潮湿
음압,音压
음양,阴阳
음양곽,淫羊藿
음양괴기,阴阳怪气
음양론,阴阳论
음양오행,阴阳五行
음양오행설,阴阳五行说
음역,音译; 音域
음연,饮宴
음영,阴影; 吟咏
음예,淫秽; 饮誉
음용,飮用; 饮用; 音容
음용량,飮用量
음용률,飮用率; 飮用率
음용소모,音容笑貌
음용수,飮用水; 饮用水
음우,阴雨
음욱,阴郁
음운,音韵; 阴云
음운학,音韵学
음울,阴郁
음위,音位; 淫威
음유,吟游; 阴柔
음유시인,吟游诗人
음읍,饮泣
음의,音义
음전하,阴电荷
음절,音节
음정,音程
음조,音调
음조지부,阴曹地府
음주,飮酒; 饮酒
음주량,饮酒量
음주자,饮酒者
음주작락,饮酒作乐
음준,音准
음지,阴地
음질,音质; 阴跌
음짐지갈,饮鸩止渴
음차,饮茶
음차양착,阴差阳错
음착양차,阴错阳差
음창,吟唱
음천,阴天; 淫贱
음청원결,阴晴圆缺
음체,阴蒂
음침,阴沈; 阴沉
음침침,阴沉沉
음탄,饮弹
음탕,淫荡
음파,音波
음편,饮片
음평,阴平
음폐,荫蔽
음표,音标
음품,饮品
음풍,阴风
음풍농월,吟风弄月; 吟风弄月
음하만복,飮河满腹
음한,饮恨; 阴狠
음해,阴害
음행,淫行
음행성,淫行性
음향,音响
음향효과,音响效果
음험,阴险
음협,音协
음형,音型
음혼,阴魂
음혼부산,阴魂不散
음화,音画
음황,淫荒
음효,音效
음흉,阴凶
읍,泣; 邑; 揖; 悒; 挹; 裛
읍각부동,邑各不同; 邑各不同
읍견불폐,邑犬群吠
읍귀신,泣鬼神
읍내,邑内
읍례,揖礼
읍부성성,泣不成声
읍사,邑司
읍성,邑城
읍소,泣诉
읍양지풍,揖让之风
읍제,邑制
읍참마속,泣斩马谡
읍치,邑治
읍혈,泣血
응,应; 凝; 鹰; 噢; 膺; 軈; 應; 鷹
응격,应激
응격성,应激性
응격원,应激源
응견,鹰犬
응결,凝结
응결처,凝结处
응결체,凝结体
응경,应景
응계,应届
응계생,应届生
응고,凝固; 应考
응고성,凝固性
응급,应急
응급등,应急灯
응급실,应急室
응급조치,应急措置
응낙,应诺
응담,鹰潭
응담시,鹰潭市
응답,应答
응답기,应答器
응답률,应答率; 应答率
응답식,应答式
응답자,应答者
응당,应当
응대,应对
응대법,应对法
응득,应得
응력,应力
응력장,应力场
응련,凝练
응망,凝望
응모,应募; 凝眸
응모자,应募者
응변,应变
응변조시,应变措施
응부,应付; 应否
응부자여,应付自如
응부장관,应付账款
응부표거,应付票据
응분,应分
응빙,应聘
응빙자,应聘者
응사,凝思
응성,应声; 应城
응소,应诉; 应召
응수,应酬; 应收
응수장관,应收账款
응수표거,应收票据
응승,应承
응시,凝视; 应试; 应时; 应市
응시교,应试校
응시생,应试生
응시자,应试者
응신,凝神
응씨,应氏
응양,鹰扬
응요,应邀
응용,应用
응용과학,应用科学
응용과학자,应用科学者
응용력,应用力
응용문제,应用问题
응용법,应用法
응용성,应用性
응용연건,应用软件
응용정서,应用程序
응용층,应用层
응용형,应用型
응운,应运
응운이생,应运而生
응원,应援
응원가,应援歌
응원단,应援团
응원단장,应援团长
응원비,应援费
응원상,应援赏
응원석,应援席
응원전,应援战
응유,应有
응유진유,应有尽有
응윤,应允
응전,应战
응전력,应战力
응접,应接
응접무가,应接无暇
응접부가,应接不暇
응접실,应接室
응정,应征
응정자,应征者
응조,鹰爪
응주,凝注
응준,鹰隼
응중,凝重
응지,凝脂
응진,应诊
응집,凝集
응집력,凝集力
응집소,凝集素
응징,膺惩
응차,应差
응찰,应札
응찰액,应札额
응찰자,应札者
응천순인,应天顺人
응체,凝滞
응초,应招
응축,凝缩
응취,凝聚; 鹰嘴
응취력,凝聚力
응하철로,鹰厦铁路
응해,应该
응허,应许
응험,应验
응현,应县
응혈,凝血
응혈매,凝血酶
응화,应和
응활,应敌
응회암,凝灰岩
의,意; 义; 议; 医; 依; 疑; 衣; 仪; 宜; 拟; 椅; 毅; 矣; 谊; 蚁; 倚; 懿; 漪; 犄; 薏; 铱; 旖; 缢; 猗; 欹; 锜; 祎; 嶷; 劓; 螘; 镱; 薿; 藙; 舣; 饐; 饻; 義; 醫; 議; 儀; 誼; 衤; 擬
의가,议价; 衣架
의가반낭,衣架饭囊
의가지락,宜家之乐; 宜家之樂
의각,衣角; 犄角
의각욱라,犄角旮旯
의거,义举; 依据; 义擧
의거일,义举日; 义擧日
의견,意见
의견부,意见簿
의견분기,意见分歧
의견상,意见箱
의견상좌,意见相左
의견서,意见书
의결,议决
의결권,议决权
의경,义警; 意境
의고,衣袴; 依靠; 倚靠
의과,医科
의관,衣冠
의관금수,衣冠禽兽
의관부정,衣冠不整
의관초초,衣冠楚楚
의관총,衣冠冢
의구,依旧; 议购; 疑惧; 衣扣
의구심,疑惧心
의군,义军
의궤,衣柜
의귀,依归
의금,衣襟
의금상경,衣锦尚䌹; 衣锦尙䌹
의금야행,衣锦夜行
의금주행,衣锦昼行
의금환향,衣锦还乡
의기,意气; 仪器; 义气
의기소침,意气销沈
의기양양,意气扬扬
의기용사,意气用事
의기창,仪器厂
의기투합,意气投合
의기풍발,意气风发
의나보리,依那普利
의난,疑难
의난병증,疑难病症
의난잡증,疑难杂症
의녀,义女
의념,意念
의논,议论; 议論
의논성,议论性; 议論性
의농,宜农
의니,旖旎
의니풍광,旖旎风光
의단,疑团
의당,宜当
의대,医大; 衣带
의대리,意大利
의대리국가대,意大利国家队
의대리대,意大利队
의대리식,意大利式
의대리족협,意大利足协
의대리찬청,意大利餐厅
의대리참,意大利站
의대생,医大生
의덕,医德
의덕의풍,医德医风
의도,意图; 医道; 宜都
의도적,意图的
의동삼사,仪同三司
의두,疑窦; 衣兜
의란,宜兰; 依兰
의란현,宜兰县
의래신수,衣来伸手
의량,依良
의려지정,倚闾之情
의력,毅力
의련,依恋
의령,衣领
의례,仪礼; 依例
의례복화,仪礼服化
의례적,仪礼的
의로매로,倚老卖老
의론,议论
의론문,议论文
의론분분,议论纷纷
의롱,仪陇
의롱현,仪陇县
의뢰,依赖
의뢰성,依赖性
의뢰우,依赖于
의뢰인,依赖人
의뢰자,依赖者
의료,医疗; 衣料; 意料
의료계,医疗界
의료기,医疗器
의료단,医疗团
의료비,医疗费
의료위생,医疗卫生
의료인,医疗人
의료적,医疗的
의료지외,意料之外
의료지중,意料之中
의료진,医疗阵
의류,衣类
의류업계,衣类业界
의리,义理; 医理
의림,宜林
의마,义马
의마심원,意马心猿
의마지재,倚马之才
의매,义卖
의모,衣帽; 义母
의모간,衣帽间
의무,义务; 医务
의무감,义务感
의무감독원,义务监督员
의무교육,义务教育
의무교육법,义务教育法
의무대,医务队
의무로동,义务劳动
의무반고,义无反顾; 义无返顾
의무병,义务兵
의무병역제,义务兵役制
의무실,医务室
의무자,义务者
의무적,义务的
의무화,义务化
의문,疑问; 意门
의문구,疑问句
의문문,疑问文
의문사,疑问词
의문시,疑问视
의문점,疑问点
의물,衣物
의미,意味; 薏米
의미론적,意味论的
의미심장,意味深长
의미착,意味着
의미화,意味化
의박운천,义薄云天
의발,衣钵
의방,医方; 依傍
의배,椅背
의법,依法; 意法
의법가강,依法加强
의법치,依法治
의법치성,依法治省
의법치시,依法治市
의법행,依法行
의병,义兵; 疑兵
의병장,义兵将
의보,医保
의복,倚伏; 衣服
의부,依附; 义父
의부성,依附性
의부용사,义不容辞
의부증,疑夫症
의부폐분,衣不蔽体
의분,义愤; 衣分
의분전응,义愤填膺
의붓,义父
의빈,宜宾
의빈시,宜宾市
의빈현,宜宾县
의사,义士; 医师; 意思; 拟似; 疑似; 议事; 医士
의사당,议事堂
의사부도처,意思不到处; 意思不到处
의사소통,意思疏通
의사율,意思率; 意思率
의사의사,意思意思
의사일정,议事日程
의사정서,议事程序
의산로,宜山路
의산방수,依山傍水
의산방해,依山傍海
의삼,衣衫
의삼람루,衣衫褴褛
의삼부정,衣衫不整
의상,衣裳; 意象; 意想; 衣箱
의상부도,意想不到
의상실,衣裳室
의상점,衣裳店
의상화,衣裳化
의새,义赛
의생,医生
의생문,医生们
의생활,衣生活
의서,医书; 依序
의석,议席
의석수,议席数
의성,宜城; 医圣
의수,义手; 衣袖
의순,依循
의술,医术
의식,仪式; 意识; 衣食; 衣饰
의식부모,衣食父母
의식적,意识的
의식주,衣食住
의식주행,衣食住行
의식화,意识化
의신,意识
의신도,意识到
의신류,意识流
의신의귀,疑神疑鬼
의신형태,意识形态
의심,疑心
의심암귀,疑心暗鬼
의아,疑讶
의아심,疑讶心
의안,疑案; 医案
의약,医药; 依约
의약계,医药界
의약류,医药类
의약비,医药费
의약업,医药业
의약품,医药品
의약학,医药学
의양,宜阳
의양화호로,依样画葫芦
의역,意译
의연,依然; 毅然; 义演
의연결연,毅然决然
의연고아,依然故我
의연금,义捐金; 义捐金
의연보지,依然保持
의연여고,依然如故
의오,义乌
의오시,义乌市
의온,意蕴
의외,意外; 依偎
의외보험,意外保险
의외사건,意外事件
의외성,意外性
의외험,意外险
의욕,意欲
의욕적,意欲的
의용,医用; 义勇; 仪容
의용군,义勇军
의우,拟于; 宜于
의운,疑云
의원,医员; 医院; 议员; 议院; 意愿
의원문,议员们
의원분,衣原体
의원직,议员职
의원회,议员会
의위,意谓
의유가,依维柯
의유미진,意犹未尽
의의,意义; 疑意; 依依; 疑义; 拟议
의의부사,依依不舍
의의석별,依依惜别
의이,薏苡
의인,义人; 宜人; 拟人
의인화,拟人化
의자,倚子; 椅子; 义子
의작,拟作
의장,意匠; 议长; 倚仗; 仪仗; 衣装; 宜章
의장국,议长国
의장권,意匠权
의장단,议长团
의장대,仪仗队
의장직,议长职
의장현,宜章县
의재필선,意在笔先
의적,义贼
의전,仪典
의전기기,依田纪基
의전복,仪典服
의점,疑点; 椅垫
의정,医政; 议政; 拟定; 议程; 拟订; 仪征; 议定
의정사엄,义正词严; 义正辞严
의정서,议定书
의정언사,义正言辞
의제,议题; 拟题; 义弟
의제적,拟制的
의조,依照
의존,依存
의존도,依存度
의존성,依存性
의존심,依存心
의존적,依存的
의종,依从
의종성,依从性
의주,衣橱; 宜州
의중,意中; 倚重
의중인,意中人
의즉,意即
의지,依支; 意志; 意指; 意旨
의지견강,意志坚强
의지력,意志力
의지박약,意志薄弱
의지소침,意志消沉
의지적,意志的
의진,义诊
의차,依次
의차류추,依此类推
의착,衣着
의착류,衣着类
의창,宜昌
의창시,宜昌市
의처증,疑妻症
의천,宜川
의초부목,依草附木
의촉,医嘱
의춘,宜春
의춘시,宜春市
의춘지구,宜春地区
의춘현,宜春县
의취,意趣
의치,义齿; 医治
의탁,依托; 医托
의태,仪态; 意态
의태만방,仪态万方
의투,椅套
의표,意表; 仪表; 议标
의표당당,仪表堂堂
의표반,仪表盘
의풍,宜丰; 医风
의풍현,宜丰县
의필,疑虑
의하,意下
의하여하,意下如何
의학,医学; 义学
의학가,医学家
의학계,医学界
의학과,医学科
의학류,医学类
의학부,医学部
의학심리학,医学心理学
의학원,医学院
의학장,医学奖
의학적,医学的
의학진,医学阵
의학회,医学会
의합,拟合
의항,义项
의행,义行
의향,意向
의향서,意向书
의향성,意向性
의현,义县
의혈,蚁穴
의협심,义侠心
의형,义兄
의형의제,宜兄宜弟
의호,医护
의혹,疑惑
의혹부해,疑惑不解
의혹설,疑惑说
의화,议和
의화단,义和团
의화단운동,义和团运动
의황,宜黄
의황현,宜黄县
의회,议会; 意会
의회당단,议会党团
의회대루,议会大楼
의회대하,议会大厦
의회제,议会制
의후,蚁后
의흥,宜兴; 意兴
의흥란산,意兴阑珊
의흥시,宜兴市
의희,依稀
의희가견,依稀可见
이,以; 而; 里; 理; 已; 利; 二; 尔; 离; 易; 李; 异; 伊; 移; 耳; 泥; 隶; 履; 姨; 吏; 夷; 怡; 羡; 颐; 梨; 咦; 饵; 胰; 弛; 贻; 彝; 贰; 珥; 痢; 罹; 迩; 诒; 迤; 咿; 苡; 洱; 饴; 痍; 肄; 坨; 铒; 鸸; 眙; 佴; 荑; 圯; 粫; 黟; 迻; 鲕; 頉; 薾; 笖; 貤; 簃; 迆; 輀; 胹; 蛜; 鶍; 貮; 眲; 箷; 袘; 羠; 趰; 爾; 尓; 尒
이가란진,以假乱真
이가충진,以假充真
이간,离间; 離间
이갑미,二甲醚
이갑분,二甲苯
이강,以降
이강릉약,以强凌弱
이개,移开
이거,移居; 移去
이건,伊健
이격,尔格
이격이,伊格尔
이견,异见
이겸차안,以镰遮眼
이경,二更; 二警; 已经; 二轻
이경국,二轻局
이경효우,以儆效尤
이고,已故; 耳鼓
이고위감,以古为鉴
이곡강,伊曲康
이곡동공,异曲同工
이공,耳孔
이공계,理工系; 理工系
이공대,理工大; 理工大
이공대진,以工代赈
이공보농,以工补农
이공위수,以攻为守
이공학,理工学; 理工学
이과,理科; 理科; 耳科
이과대,理科大; 理科大
이과두,二锅头
이과생,理科生; 理科生
이과이,伊戈尔
이과인,伊瓜因
이관,移管; 胰管
이관규천,以管窥天
이괄자,耳刮子
이광,耳光
이교,移交; 异教
이교도,异教徒
이구,已久; 以求; 异构
이구동성,异口同声
이구매,异构酶
이구분,异构体
이구환신,以旧换新
이국,异国
이국인,异国人
이국적,异国的
이국정취,异国情趣
이국종,异国种
이국취미,异国趣味
이군,伊军
이군돌기,异军突起
이궁,离宫; 離宫
이권,利权
이권모사,以权谋私
이권설,利权说
이극,已极; 尔克
이극관,二极管
이근,耳根; 以近
이금,而今
이급,二级; 以及
이급시장,二级市场
이기,利器; 利己; 理气; 耳机; 利器; 利己; 理气; 异己; 二汽
이기론,二气论
이기분자,异己分子
이기심,利己心; 利己心
이기인지도,以其人之道
이기적,利己的; 利己的
이기주의,利己主义
이기주의자,利己主义者
이기주의적,利己主义的
이남,以南
이남지구,以南地区
이내,以内
이년급,二年级
이념,理念
이념성,理念性
이념적,理念的
이념형,理念型
이념화,理念化
이녕,伊宁
이녕시,伊宁市
이농,离农
이농민,离农民
이농자,离农者
이뇨제,利尿剂
이능정,伊能静
이단,异端; 二段
이단백매,胰蛋白酶
이단자,异端者
이당,饴糖
이덕니,尔德尼
이덕보원,以德报怨
이덕복인,以德服人
이덕치국,以德治国
이도구,二道区
이도소,胰岛素
이도소의뢰형,胰岛素依赖型
이도판자,二道贩子
이독,异读
이독공독,以毒攻毒
이독성,耳毒性
이돈,伊顿
이동,异同; 移动; 异动; 尔东
이동도서관,移动图书馆
이동설,移动说
이동성,移动性
이동식,移动式
이동업무,移动业务
이동지구,以东地区
이동형,移动型
이두,吏读; 吏讀
이두문,吏读文; 吏讀文
이득,利得; 利得
이득금,利得金; 利得金
이등,二等; 伊藤; 伊登
이등공,二等功
이등박문,伊藤博文
이등병,二等兵
이등분,二等分
이등장,二等奖
이란격석,以卵击石
이란특,伊兰特
이람,伊蓝
이랍극,伊拉克
이랍극대,伊拉克队
이랍극대사관,伊拉克大使馆
이랍극부대,伊拉克部队
이랍극사관,伊拉克使馆
이랍극전시대,伊拉克电视台
이랍극특별,伊拉克特别
이랑,伊朗
이랑대,伊朗队
이랑대사관,伊朗大使馆
이랑산,二郎山
이랑신,二郎神
이랑족협,伊朗足协
이랑퇴,二郎腿
이래,以来; 二来
이래극사,伊莱克斯
이려나,伊丽娜
이려사백,伊丽莎白
이력,履历; 履历; 耳力
이력서,履历书
이련나,伊莲娜
이련호특,二连浩特
이례상대,以礼相待
이례적,异例的
이로,二老
이로동귀,异路同归
이론,异论; 理论; 理论
이론가,理论家
이론과학자,理论科学者
이론적,理论的; 理论的
이론화,理论化
이롱,耳聋
이료,饵料
이루,二垒
이루세면,以泪洗面
이루수,二垒手
이루타,二垒打
이류,二流; 异类
이류거,二硫键
이류자,二流子
이륙,离陆; 離陆
이륜,耳轮
이륜차,二轮车
이릉,夷陵
이릉자,二愣子
이리,以利; 伊利; 伊犁; 迤逦
이리낙사주,伊利诺斯州
이리낙이주,伊利诺伊州
이리단,伊利丹
이리복인,以理服人
이리사,伊莉莎; 伊利莎
이리석,伊利石
이리야,伊利耶
이리주,伊犁州
이리지구,伊犁地区
이리집단,伊利集团
이리하,伊犁河
이림나,伊琳娜
이립,而立
이립지년,而立之年
이마,姨妈
이막,耳膜
이막랍,伊莫拉
이막랍새도,伊莫拉赛道
이만,二万; 伊万
이만과유기,伊万科维奇
이만낙부,伊万诺夫
이만낙유기,伊万诺维奇
이만사천육백,二万四千六百
이만오천,二万五千
이만오천리장정,二万五千里长征
이만육천,二万六千; 二万六千
이만융적,夷蛮戎狄
이매아,伊妹儿
이매이만,伊梅尔曼
이면,里面; 以免; 裏面
이명,耳鸣
이모,姨母
이모부,姨母夫
이모상마,以毛相马
이모작,二毛作
이모취인,以貌取人
이목,耳目
이목구비,耳目口鼻
이목일신,耳目一新
이목지신,移木之信
이문,利文; 利文; 耳闻; 二门; 异闻
이문목도,耳闻目睹
이문회우,以文会友
이물,异物
이물감,异物感
이물역물,以物易物
이물질,异物质
이미,异味; 胰尾; 伊眉
이미군,伊美军
이민,移民; 利民; 利民
이민국,移民局
이민문,移民们
이민법,移民法
이민위천,以民为天
이민족,异民族
이반,离叛
이발,理发; 理发
이발료,理发料; 理发料
이발사,理发师; 理发师
이발소,理发所
이발지시,已发之矢
이방,异邦; 以防; 二房
이방동,二房东
이방만일,以防万一
이방부측,以防不测
이방인,异邦人
이방풍,耳旁风
이배,耳背
이배분,二倍体; 异倍体
이백,二百
이백만,二百万
이백몇,二百몇
이백억,二百亿
이백오륙십만,二百五六十万
이백오십,二百五十
이벌찬,伊伐飡
이범,伊凡
이법계,理法界; 理法界
이변,异变
이변비중,离边非中; 離边非中
이변풍,耳边风
이별,离别
이병,二兵
이병순,异丙醇
이보,异步
이복,耳福
이복동생,异腹同生
이복형제,异腹兄弟
이부,二部; 姨夫; 姨父; 二副; 已付; 尔夫
이부변응만변,以不变应万变
이부제,二部制
이부파사,二不怕死
이북,以北
이북지구,以北地区
이분,异体; 胰体
이분법,二分法
이분법적,二分法的
이분자,异体字
이분지일,二分之一
이비후과,耳鼻喉科
이빈시마,耳鬓厮磨
이사,二死; 理事; 移徙; 异事
이사관,理事官
이사국,理事国
이사금,尼斯今
이사다랍,伊莎多拉
이사도,二沙岛
이사란,伊斯兰
이사란교,伊斯兰教
이사란보,伊斯兰堡
이사란성전조직,伊斯兰圣战组织
이사란저항운동,伊斯兰抵抗运动
이사매이,伊斯梅尔
이사무애법계,理事无碍法界
이사법한,伊斯法罕
이사장,理事长
이사장직,理事长职; 理事长职
이사직,理事职
이사탄포이,伊斯坦布尔
이사탄포이새도,伊斯坦布尔赛道
이사패랍,伊莎贝拉
이사패이,伊莎贝尔
이사회,理事会
이산,离散; 離散
이산가족,离散家族; 離散家族
이산화질소,二酸化窒素
이산화탄소,二酸化炭素
이산화황,二酸化黄
이삼,二三
이삼십,二三十
이삼천,二三千
이삿,移徙
이상,以上; 异常; 理想; 异状; 异象
이상론,理想论
이상률,异常率
이상상,理想像
이상성,理想性
이상자,异常者
이상적,理想的
이상주의,理想主义
이상주의적,理想主义的
이상증,异常症
이상천개,异想天开
이상향,理想鄕
이상형,理想型; 理想型
이상화,理想化
이새,耳塞
이색,异色; 伊索
이색렬,以色列
이색렬감옥,以色列监狱
이색렬대,以色列队
이색렬전대,以色列电台
이색렬전시대,以色列电视台
이색적,异色的
이서지구,以西地区
이선,二线; 胰腺
이선암,胰腺癌
이선염,胰腺炎
이설,异说
이성,异性; 理性; 理性; 二成
이성상대,以诚相待
이성애,异性爱
이성적,理性的; 理性的
이성지합,二姓之合
이세,二世
이소견대,以小见大
이소대방,贻笑大方
이소승다,以少胜多
이소인지심,以小人之心
이소정산,以销定产
이속,移属
이속층,移属层
이송,移送
이수,履修; 二手; 履修; 耳垂; 异兽; 异数
이수방,二手房
이수자,履修者
이수차,二手车
이수화,二手货
이숙,耳熟
이숙능상,耳熟能详
이순,耳顺; 二醇
이순지년,耳顺之年
이습,贰拾
이시,二是; 移是; 而是; 已是; 伊始; 以示; 耳屎; 异时
이식,移植; 利息; 利息; 耳饰
이신상허,以身相许
이신순직,以身殉职
이신시법,以身试法
이신작칙,以身作则
이신파야왜,伊辛巴耶娃
이실직고,以实直告
이심,二审; 二心; 异心
이심전심,以心传心
이심전심적,以心传心的
이십,二十
이십구,二十九
이십기,二十几
이십기만,二十几万
이십래,二十来
이십만,二十万
이십분지일,二十分之一
이십사,二十四
이십사사,二十四史
이십사절기,二十四节气
이십오,二十五
이십육,二十六; 二十六
이십이,二十二
이십일,二十一
이십칠,二十七
이십팔,二十八
이십팔숙,二十八宿
이씨,伊氏
이아,尔雅
이아환아,以牙还牙
이앙법,移秧法
이액,胰液
이야,二野
이약승강,以弱胜强
이양,移让; 异样; 颐养
이양기,移让期
이양선,异样船
이양천년,颐养天年
이양화규,二氧化硅
이양화담,二氧化氮
이양화류,二氧化硫
이양화맹,二氧化锰
이양화탄,二氧化碳
이양화태,二氧化钛
이어,耳语
이언,而言
이업,肄业
이역,异域
이역만리,异域万里
이연,已然; 怡然
이연자득,怡然自得
이연정,异烟肼
이열사탑,伊涅斯塔
이열치열,以热治热
이영군,伊英军
이오,贻误; 伊吾
이와전와,以讹传讹
이완,弛缓
이완성,弛缓性
이완제,弛缓剂
이왕,已往; 以往
이왕지사,已往之事
이왜,伊娃
이외,以外; 而外
이용,利用; 利用
이용객,利用客; 利用客
이용당,利用当; 利用当
이용도,利用度
이용량,利用量; 利用量
이용료,利用料; 利用料
이용률,利用率; 利用率
이용법,利用法; 利用法
이용비,利用费; 利用费
이용성,利用性; 利用性
이용자,利用者; 利用者
이용자층,利用者层; 利用者层
이용층,利用层; 利用层
이용후생,利用厚生; 利用厚生
이우아사,尔虞我诈
이원,二元; 二院; 以远
이원론,二元论
이원론적,二元论的
이원작소,理院鹊巢; 理院鹊巢
이원적,二元的
이원화,二元化
이월,二月; 移越
이월분,二月份
이위,以为; 移位
이위평지,夷为平地
이유,理由; 离乳; 已有; 離乳
이유극강,以柔克刚
이유목염,耳濡目染
이유서,理由书; 理由书
이유식,离乳食
이윤,利润; 利润; 伊尹
이율,利率; 利率
이율배반,二律背反; 二律背反
이율배반성,二律背反性; 二律背反性
이율배반적,二律背反的; 二律背反的
이은,伊恩
이의,异意; 异议
이이,而已; 咿咿; 已而
이이고자극,伊尔库茨克
이이제이,以夷制夷
이이합모,伊尔哈姆
이익,利益
이익금,利益金; 利益金
이인,伊人; 怡人; 异人; 夷人
이인대,二人台
이인위감,以人为鉴
이인위본,以人为本
이인전,二人转
이일,异日
이일경백,以一警百
이일당십,以一当十
이일대로,以逸待劳
이일장,以一场
이임,离任; 離任
이임식,移任式
이입,移入
이자,利子; 二者; 利子; 以资
이자고려,以资鼓励
이자밀이,伊兹密尔
이자세,利子税
이자율,利子率; 利子率
이잡로,伊卡璐
이장,移葬; 里长; 里长; 姨丈; 胰脏
이재,移栽
이재국,理财局
이재민,罹灾民
이적,利敌; 异迹; 移籍
이적료,移籍料
이적성,利敌性; 利敌性
이전,以前; 移转; 二战; 伊前
이전수,二传手
이전원,伊甸园
이전투구,泥田鬪狗; 泥田鬪狗
이점,利点
이점대면,以点带面
이정,怡情; 移情
이정감인,以情感人
이정별련,移情别恋
이정시청,以正视听
이정제동,以静制动
이정표,里程标
이제,里制; 里制; 移除; 耳际
이조,李朝; 李朝
이족,异族; 彝族; 夷族
이종,姨从
이주,移住; 耳柱; 尔朱; 移走
이주민,移住民
이주비,移住费
이중,二重
이중고,二重苦
이중성,二重性
이중원,二中院
이중적,二重的
이중주,二重奏
이중창,二重唱
이지,异地; 以至; 已知
이지기사,颐指气使
이지우,以至于
이지적,理智的; 理智的
이지측해,以指测海
이직,移职
이직률,移职率; 移职率
이직자,移职者
이진,二进; 二阵
이진궁,二进宫
이진수,二进数
이진제,二进制
이진제수,二进制数
이질,异质; 痢疾; 痢疾
이질감,异质感
이질성,异质性
이질적,异质的
이질화,异质化
이차,二次; 而且; 以此; 以次
이차대전,二次大战
이차류추,以此类推
이차방,二次方
이차원,二次元
이차적,二次的
이차충호,以次充好
이차함수,二次函数
이착륙,离着陆; 離着陆
이찬,伊飡
이채,异彩
이채분정,异彩纷呈
이척각,二踢脚
이천,二千; 伊川
이천만,二千万
이천역일,移天易日
이천오백,二千五百
이천하위기임,以天下为己任
이첨판,二尖瓣
이첩,移牒
이첩계,二叠系
이첩기,二叠纪
이청산,异氰酸
이청팔방,耳听八方
이체,异体; 移替
이체합덕,伊蒂哈德
이체합덕대,伊蒂哈德队
이총목명,耳聪目明
이추,耳坠
이춘,伊春
이춘시,伊春市
이취분,二聚体
이층,二层
이치,理致; 以致; 理致
이칠구,二七区
이침,耳针
이타,耳朵
이타적,利他的
이탈,离脱; 離脱
이탈물,离脱物; 離脱物
이탕지비,以汤止沸
이태,以太
이태망,以太网
이태태,姨太太
이퇴위진,以退为进
이특인대,尔特人队
이파,姨婆
이파수,二把手
이팔,二八
이팔청춘,二八青春; 二八靑春
이패,贻贝
이편,以便
이편개전,以偏概全
이평,夷平
이포,二炮; 伊布
이표,以表
이풍,伊枫; 伊风
이풍역속,移风易俗
이하,以下; 咿呀
이하부정관,李下不整冠; 李下不整冠
이하선,耳下腺
이하이하,咿呀咿呀
이합,离合; 離合
이합집산,离合集散
이해,利害; 理解; 理解; 洱海; 贻害
이해관계,利害关系
이해득실,利害得失; 利害得失
이해력,理解力; 理解力
이해무궁,贻害无穷
이해심,理解心; 理解心
이해타산,利害打算
이행,移行; 履行; 履行
이행기,移行期
이행론,移行论
이행설,移行说
이향,异乡; 异香
이현,黟县
이현령비현령,耳悬铃鼻悬铃
이혈세혈,以血洗血
이형,异型; 异形
이호,二胡
이호심상,异乎寻常
이혼,离婚; 已婚
이혼남,离婚男; 離婚男
이혼자,离婚者; 已婚者
이홍,伊红
이홍원,怡红院
이화,理化; 异化; 理化; 二话
이화감,异化感
이화명,二化螟
이화몰설,二话没说
이화부설,二话不说
이화원,颐和园
이화위귀,以和为贵
이화접목,移花接木
이환,耳环
이환동로,二环东路
이환로,二环路
이황,二黄; 而况
이황동,异黄酮
이황화탄소,二黄化炭素
이후,以后; 而后; 尔后
익,益; 翼; 匿; 溺; 翌; 谥; 弋; 翊; 嗌; 齸; 蛡
익기,益气
익년,翌年
익도,益都
익룡,翼龙
익명,匿名; 匿名
익명성,匿名性; 匿名性
익명인,匿名人; 匿名人
익명적,匿名的; 匿名的
익모초,益母草
익발,益发
익사,溺死; 溺死
익사자,溺死者; 溺死者
익사체,溺死体; 溺死体
익선관,翼善冠
익성,翼城
익성현,翼城县
익신,益肾
익양,益阳; 弋阳
익양시,益阳市
익양현,弋阳县
익우,益友
익일,翌日
익자삼요,益者三乐; 益者三樂
익자삼우,益者三友
익적소성,匿迹消声; 匿迹消声
익전,翼展
익주,益州
익지,益智
익지류,益智类
익처,益处
인,人; 因; 儿; 认; 引; 印; 忍; 仁; 姻; 咽; 刃; 麟; 鳞; 茵; 韧; 寅; 吝; 湮; 蚓; 纫; 氤; 夤; 蔺; 仞; 轫; 洇; 堙; 铟; 骃; 粌; 禋; 秵; 𬘡; 𬮱; 茚; 裀; 讱; 靭; 魜; 䲟; 靱; 陻; 隣; 認; 廴; 亻
인가,人家; 认可
인각,引脚
인각유지,人各有志
인간,人间
인간관,人间观
인간관계,人间关系
인간군,人间群
인간문화재,人间文化财
인간미,人间味
인간사,人间事
인간상,人间像
인간성,人间性
인간애,人间爱
인간적,人间的
인간주의,人间主义
인간지옥,人间地狱
인간학적,人间学的
인간형,人间型
인간화,人间化
인감,印鉴
인강,印江
인개유지,人皆有之
인거루공,人去楼空
인건비,人件费
인걸,人杰
인걸지령,人杰地灵
인격,人格
인격권,人格权
인격신,人格神
인격자,人格者
인격적,人格的
인격체,人格体
인격화,人格化
인견,人绢; 引见
인경,引擎; 韧劲; 引颈
인경거전,引经据典
인계,引继
인고,忍苦; 因故; 认股
인고관,咽鼓管
인고권정,认股权证
인고마대,人高马大
인고십공화국,印古什共和国
인곤마핍,人困马乏
인공,人共; 人工; 因公
인공도,人工岛
인공류산,人工流产
인공림,人工林
인공물,人工物
인공미,人工美
인공부상,因工负伤
인공비,人工费
인공순직,因公殉职
인공위성,人工卫星
인공이,人工耳
인공적,人工的
인공조림,人工造林
인공조명,人工照明
인공지능,人工智能
인공호,人工湖
인공호흡,人工呼吸
인공호흡법,人工呼吸法
인공화,人工化
인과,因果
인과론적,因果论的
인과보응,因果报应
인과성,因果性
인과소계,因果关系
인과율,因果律
인과응보,因果应报
인과적,因果的
인광,燐光; 燐光
인교,引桥
인구,人口; 认购; 刃口; 印欧
인구기,认购期
인구밀도,人口密度
인구보사,人口普查
인구비,认购费
인구비률,认购费率
인구사직,引咎辞职
인구수,人口数
인구어,印欧语
인구율,人口率; 人口率
인구학,人口学
인군,人群; 人君; 印军
인권,人权
인권선언,人权宣言
인귀상반,人鬼相半
인균,人均
인균수입,人均收入
인근,隣近; 隣近
인급가족,人给家足
인기,人气; 引起; 印记; 咽气
인기계면,人机界面
인기곡,人气曲
인기공분,引起公愤
인기도,人气度
인기리,人气里
인기세,人气税
인기애아,忍饥挨饿
인기업계,引起业界
인기인,人气人
인기자,引起者
인기탄성,忍气吞声
인나활,人挪活
인내,忍耐; 人奶
인내력,忍耐力
인내성,忍耐性
인내심,忍耐心
인내천,人乃天
인년,人年
인뇌,人脑
인니,印尼; 印泥
인니대,印尼队
인니대사관,印尼大使馆
인다지소,人多地少
인다핵중,人多势众
인당,印堂
인대,靭带; 人大; 韧带
인대대표,人大代表
인대대표문,人大代表们
인대부중,人大附中
인대상위회,人大常委会
인대정협,人大政协
인대회,人代会
인덕,仁德
인덕력,麟德历; 麟德历
인도,人道; 印度; 引导; 引渡; 韧度; 引道
인도공사,印度公司
인도교,人道桥; 印度教
인도니서아,印度尼西亚
인도니서아대,印度尼西亚队
인도대,印度队
인도대사관,印度大使馆
인도보,人道报
인도성,引导性
인도시장,印度市场
인도아주통신사,印度亚洲通讯社
인도양,印度洋
인도양지구,印度洋地区
인도원,引导员
인도인,印度人
인도자,引导者
인도주의,人道主义
인도주의적,人道主义的
인도지나,印度支那
인도하,印度河
인동,认同; 引动; 忍冬
인동감,认同感
인두,人头; 引头
인두마,人头马
인두비,人头费
인두세,人头税
인두찬동,人头攒动
인득,认得; 引得
인랑입실,引狼入室
인래,引来
인래인왕,人来人往
인래풍,人来疯
인력,人力; 引力
인력거,人力车; 人力車
인력난,人力难
인력자원,人力资源
인력장,引力场
인력차,人力车
인력층,人力层
인령,引领; 认领
인령자,引领者
인로,引路
인로인,引路人
인로주황,人老珠黄
인료,认了
인루취간,因陋就简
인류,人类; 人流; 引流
인류량,引流量
인류사,人类史
인류애,人类爱
인류여조,人流如潮
인류학,人类学
인류학가,人类学家
인류학계,人类学界
인류학과,人类学科
인류학자,人类学者
인류학적,人类学的
인륜,人伦
인륜대사,人伦大事
인리,引理
인마,人马
인마좌,人马座
인만위환,人满为患
인망,人望
인맥,人脉
인면도화,人面桃花
인면수심,人面兽心
인멸,湮灭
인명,人名; 人命; 认命; 因明
인명사전,人名事典
인명소천,人命关天
인명재천,人命在天
인모,印模
인모구양,人模狗样
인모인양,人模人样
인몰,湮没
인무,人武
인무가인,忍无可忍
인무완인,人无完人
인문,人们; 人文; 引文
인문계,人文系
인문과학,人文科学
인문대,人文大
인문서,人文书
인문성,人文性
인문적,人文的
인문주의,人文主义
인문주의자,人文主义者
인문주의적,人文主义的
인문지리,人文地理
인문학적,人文学的
인문회췌,人文荟萃
인물,人物; 引物
인물론,人物论
인물상,人物像
인물장,人物奖
인물학,人物学
인물형,人物型
인물화,人物画
인미,人味
인미언경,人微言轻
인민,人民
인민검찰원,人民检察院
인민공사,人民公社
인민공사화,人民公社化
인민광파전대,人民广播电台
인민교육출판사,人民教育出版社
인민교통출판사,人民交通出版社
인민군,人民军
인민군대,人民军队
인민군복,人民军服
인민군부대,人民军部队
인민극장,人民剧场
인민당,人民党
인민대표대회,人民代表大会
인민대학,人民大学
인민대회당,人民大会堂
인민무장,人民武装
인민문화궁,人民文化宫
인민발원,人民发院
인민배우,人民俳优
인민법원,人民法院
인민성,人民性
인민우전출판사,人民邮电出版社
인민원,人民院
인민위생출판사,人民卫生出版社
인민위원회,人民委员会
인민은행,人民银行
인민의원,人民医院
인민일보,人民日报
인민일보사,人民日报社
인민잡,人民币
인민적,人民的
인민전쟁,人民战争
인민정협,人民政协
인민진선,人民阵线
인민참,人民站
인민출판사,人民出版社
인민학교,人民学校
인발,引发; 印发
인발제,引发剂
인방,人防; 印方
인벌,认罚
인범,人犯
인보,人保
인복,人福
인본,人本; 印本
인본적,人本的
인본주의,人本主义
인본주의적,人本主义的
인봉,麟凤; 麟凤
인봉희사정신상,人逢喜事精神爽
인부,人夫
인부가모상,人不可貌相
인부우사,人浮于事
인부위기,人不为己
인부주,忍不住
인부지,人不知
인분,人粪; 人体; 人份
인분뇨,人粪尿
인분섭영,人体摄影
인분예술,人体艺术
인분향상,引体向上
인사,人事; 人士; 因私
인사계,人事系
인사과,人事课; 人事科
인사관리,人事管理
인사권,人事权
인사리,认死理
인사문,人士们
인사법,人事法
인사부,人事部
인사부성,人事不省
인사부장,人事部长
인사불성,人事不省; 人事不省
인사성,人事性
인사안,人事案
인사유명,人死留名; 人死留名
인사이동설,人事移动说
인사처,人事处
인사출동,引蛇出洞
인산,引产; 燐酸; 燐酸
인산인해,人山人海
인삼,人参
인삼차,人参茶; 人参茶
인상,人相; 印象; 引上; 人像
인상각우,引商刻羽
인상률,引上率; 引上率
인상분,引上分
인상안,引上案
인상적,印象的
인상착의,人相着衣
인상파,印象派
인색,吝啬; 吝啬
인생,人生; 认生
인생관,人生观
인생기하,人生几何
인생담,人生谈
인생무상,人生无常
인생사,人生史
인생여몽,人生如梦
인생일세,人生一世
인생자고수무사,人生自古谁无死
인생지부숙,人生地不熟
인생철학,人生哲学
인생초로,人生草露
인생하처부상봉,人生何处不相逢
인서,人瑞
인선,人选; 引线
인설,印雪
인성,人性; 韧性; 人声
인성론,人性论
인성정비,人声鼎沸
인성조잡,人声嘈杂
인성화,人性化
인세,人世; 印税
인세간,人世间
인소,因素
인소공지,人所共知
인소귀대,人小鬼大
인소실대,因小失大
인소천,印小天
인솔,引率
인쇄,印刷
인쇄기,印刷机
인쇄물,印刷物
인쇄소,印刷所
인쇄술,印刷术
인쇄업,印刷业
인쇄업자,印刷业者
인쇄전로,印刷电路
인쇄창,印刷厂
인쇄품,印刷品
인수,引受; 人数; 忍受; 人手; 认输; 引水; 因数; 印数; 仁寿; 印绶
인수권부,引受权部
인수보험,人寿保险
인수부료,忍受不了
인수인계,引受引继
인수일책,人手一册
인수현,仁寿县
인순,因循
인순고식,因循姑息
인순수구,因循守旧
인술,仁术; 引述
인습,因习; 因袭
인습적,因袭的
인시,人时
인시제의,因时制宜
인식,认识
인식기,认识期
인식니,认识你
인식도,认识度
인식론적,认识论的
인식률,认识率; 认识率
인식자,认识者
인식적,认识的
인식표,认识票
인신,人身; 认识; 引申; 引信; 人臣; 印信
인신공격,人身攻击
인신공분,人神共愤
인신론,认识论
인신매매,人身卖买
인신매매단,人身卖买团
인신매매범,人身卖买犯
인신보험,人身保险
인신의부,人身依附
인신인신,认识认识
인신자유,人身自由
인심,人心; 忍心
인심난측,人心难测
인심부고,人心不古
인심소향,人心所向
인심여면,人心如面
인심향배,人心向背
인심환산,人心涣散
인심황황,人心惶惶
인씨,人氏
인앙마번,人仰马翻
인애,仁爱
인애지심,仁爱之心
인약황혼,人约黄昏
인양,忍让; 人样
인양기,引扬机
인어,人鱼
인언,引言; 人言
인언가외,人言可畏
인언이박,仁言利博; 仁言利博
인연,因缘; 人缘; 姻缘; 人烟
인연위시,因缘为市
인연희소,人烟稀少
인열폐식,因噎废食
인염,印染; 咽炎
인영,人影
인예,人艺
인온,氤氲
인왕고처주,人往高处走
인요,人妖
인욕,忍辱; 人欲
인욕부중,忍辱负重
인용,引用; 认容
인용자,引用者
인운역운,人云亦云
인웅,人熊
인원,人员; 人猿
인원문,人员们
인원수,人员数
인위,因为; 认为; 人为
인위적,人为的
인위지,人为地
인유,引诱
인육,人肉
인의,仁义; 人意
인의도덕,仁义道德
인의예지,仁义礼智; 仁义禮智
인의예지신,仁义礼智信; 仁义禮智信
인이,因而
인이군분,人以群分
인이불발,引而不发
인이위감,引以为鉴
인이위계,引以为戒
인이위송,引以为荣
인이자호,引以自豪
인인,人人; 引人; 忍忍; 认人; 茵茵; 仁人; 认认
인인위아,人人为我
인인이이,因人而异
인인입승,引人入胜
인인자위,人人自危
인인제의,因人制宜
인인주목,引人注目
인인주의,引人注意
인인지사,仁人志士
인인진진,认认真真
인인촉목,引人瞩目
인인함타,人人喊打
인일,人日
인입,引入
인입선,引入线
인자,仁慈; 因子; 引子; 认字; 印子; 印字
인자견인,仁者见仁
인자무적,仁者无敌
인자불우,仁者不忧
인자안인,仁者安仁
인자요산,仁者乐山; 仁者樂山
인작,认作
인장,印章; 人墙; 印张; 认账
인장구확,人赃俱获
인장의속,仁浆义粟
인재,人才; 人材; 人灾
인재고,人才库
인재교류,人才交流
인재교류대회,人才交流大会
인재량공,人财两空
인재배출,人才辈出
인재시교,因材施教
인재외류,人才外流
인재제제,人才济济
인재초빙회,人才招聘会
인적,人的; 人迹; 印迹
인적법,印迹法
인적한지,人迹罕至
인접,隣接; 隣接
인정,人丁; 人情; 认定; 认证; 印证; 人证; 人精; 引证; 仁政
인정랭난,人情冷暖
인정미,人情美; 人情味
인정사정,人情事情
인정세고,人情世故
인정승천,人定胜天
인정자,认定者
인정흥왕,人丁兴旺
인제,印制; 人际; 人梯
인제소계,人际关系
인제안납,印第安纳
인제안납주,印第安纳州
인제안납파리사,印第安纳波利斯
인제안인,印第安人
인제의원,仁济医院
인조,人造; 人潮
인조물,人造物
인조반정,仁祖反正
인조사,人造丝
인조섬유,人造纤维
인조위성,人造卫星
인조판,人造板
인조혁,人造革
인종,人种; 引种
인종적,人种的
인종주의자,人种主义者
인죄,认罪
인주,印朱
인주차량,人走茶凉
인준,认准
인준부금,忍俊不禁
인중,人中
인중승천,人众胜天
인증,认证
인지,人指; 人智; 认知; 因之; 印支
인지도,认知度
인지상정,人之常情
인지세,印纸税
인지위덕,忍之为德
인지율,认知率; 认知率
인지의진,仁至义尽
인지적,认知的
인지제의,因地制宜
인지초,人之初
인진,认真; 引进; 认眞
인진기재,人尽其才
인질,人质
인차,因此; 人次
인착,认错
인찰길,因扎吉
인참,人参
인책,引责
인책적,引责的
인척,姻戚
인천,仁川; 引荐; 人天
인천공항,仁川空港
인천기장,仁川机场
인청,认清
인체,人体
인총,人丛
인출,引出; 认出
인출기,引出机
인치,人治; 引致
인친,姻亲
인칭,人称
인칭대사,人称代词
인통,忍痛; 咽痛
인통할애,忍痛割爱
인퇴,人堆; 引退
인특망,因特网
인파,人波
인파출명저파장,人怕出名猪怕壮
인판,印版
인판자,人贩子
인편,人便
인폭,引爆
인품,人品
인피,靭皮; 人皮
인피부,韧皮部
인하,引下; 咽下
인하거,咽下去
인항,引航
인항고가,引吭高歌
인해,人海
인해망망,人海茫茫
인해전술,人海战术
인핵리도,因势利导
인행,人行; 印行
인행도,人行道
인행횡도,人行横道
인형,人形; 仁兄
인형극,人形剧
인호,人户; 引号
인화,人化; 人和; 印画; 引火; 印花; 人话; 仁和; 人祸
인화득복,因祸得福
인화물,引火物
인화성,引火性
인화세,印花税
인화소신,引火烧身
인화지,印画纸
인환,引换; 人寰
인회,仁怀
인회시,仁怀市
인회현,仁怀县
인후,咽喉; 仁厚
인후염,咽喉炎
인후지지,咽喉之地
인흔,印痕
인흘묘량,寅吃卯粮
일,一; 日; 逸; 溢; 佚; 轶; 壹; 镒; 鈤; 佾; 鷧
일가,一家; 溢价
일가가,一家家; 一架架
일가견,一家见
일가과,一家伙
일가률,溢价率
일가월증,日加月增
일가인,一家人
일가일괴,一瘸一拐
일가자,一家子
일가족,一家族
일가지언,一家之言
일가지주,一家之主
일가친척,一家亲戚
일각,一刻; 一角
일각여삼추,一刻如三秋
일각일각,一刻一刻
일각저,一脚低
일각척개,一脚踢开
일간,日刊; 日间; 一干
일간간,一间间
일간이정,一干二净
일간지,日刊纸
일갈,一喝
일강열혈,一腔热血
일개,一介; 一概
일개개,一个个
일개경,一个劲
일개경아,一个劲儿
일개서생,一介书生
일개심안,一个心眼
일개양,一个样
일개이론,一概而论
일개인,一个人
일개인류,一个人类
일개인문,一个人们
일개일개,一个一个
일개파장박부향,一个巴掌拍不响
일개호한삼개방,一个好汉三个帮
일객칙,日喀则
일객칙지구,日喀则地区
일거,一举; 一擧
일거량득,一举两得
일거부반,一去不返
일거부복반,一去不复返
일거성명,一举成名
일거수일투족,一举手一投足
일거양득,一举两得; 一擧兩得
일거일동,一举一动; 一擧一动
일건,一件
일건건,一件件
일격,一击
일견,一见; 日见
일견경심,一见倾心
일견식,一见识
일견여고,一见如故
일견종정,一见钟情
일결승부,一决胜负
일결자웅,一决雌雄
일경,一警; 日警; 一经
일계렬,一系列
일고경,一股劲
일고경성,一顾倾城
일고고,一股股
일고뇌,一股脑
일고뇌아,一股脑儿; 一古脑儿
일고일왜,一高一矮
일고작기,一鼓作气
일고풍,一股风
일곡,一曲
일곡곡,一曲曲
일곤곤,一捆捆
일곤자타사,一棍子打死
일골록,一骨碌
일공,一共
일공수량,日供水量
일과,日课
일과과,一颗颗; 一棵棵
일과단,一锅端
일과성,一过性
일과수상조사,一棵树上吊死
일과죽,一锅粥
일과초,一棵草
일과표,日课表
일과홍심,一颗红心
일관,一贯
일관관,一串串
일관반직,一官半职
일관성,一贯性
일관주장,一贯主张
일괄,一括
일괄적,一括的
일광,日光
일광등,日光灯
일광욕,日光浴
일괘,一挂
일괴,一块
일괴괴,一块块
일괴아,一块儿
일교역량,日交易量
일교차,日较差
일구,一句; 一口; 日久; 日寇
일구거절,一口拒绝
일구견인심,日久见人心
일구교정,一口咬定
일구구,一句句; 一口口
일구기,一口气
일구월심,日久月深
일구이언,一口二言
일구지맥,一丘之貉
일구천장,日久天长
일구화,一句话
일국,一国
일국량제,一国两制
일군,一群
일군군,一群群
일궁이백,一穷二白
일권권,一圈圈
일궐부진,一蹶不振
일규부통,一窍不通
일균,日均
일근근,一根根
일근한모,一根汗毛
일근호모,一根毫毛
일급,一级
일급급,一级级
일급시장,一级市场
일기,一期; 一起; 日期; 日气; 日记; 一气; 一己; 一几
일기가성,一气呵成
일기당천,一骑当千
일기본,日记本
일기일복,一起一伏
일기자살식,一起自杀式
일기장,日记帐
일기지사,一己之私
일기지장,一技之长
일기지하,一气之下
일기책,日记册
일낙천금,一诺千金
일남일북,一南一北
일내,日内
일내와,日内瓦
일년,一年
일년급,一年级
일년년,一年年
일년도두,一年到头
일년반재,一年半载
일년사계,一年四季
일년생,一年生
일년일도,一年一度
일년지계재우춘,一年之计在于春
일념,一念
일념삼천,一念三千
일념지간,一念之间
일념지차,一念之差
일단,一团; 一旦; 一段; 一端; 日坛
일단단,一段段; 一团团
일단락,一段落
일단란마,一团乱麻
일단정지,一旦停止
일단조,一团糟
일단칠흑,一团漆黑
일단화,一团火
일단화기,一团和气
일담사수,一潭死水
일당,一党; 日当
일당당,一幢幢
일당제,一党制
일대,一代; 一大; 一带
일대기,一代记
일대대,一对对; 一代代; 一队队; 一袋袋
일대부분,一大部分
일대부여일대,一代不如一代
일대비,一大批
일대이공,一大二公
일대이과,一带而过
일대일,一对一
일대조,一大早
일대종사,一代宗师
일대천교,一代天骄
일대퇴,一大堆
일도,一度; 一道
일도도,一道道
일도량단,一刀两断
일도양단,一刀两断; 一刀兩断
일도양단식,一刀两断式; 一刀兩断式
일도절,一刀切
일동,一同; 一动
일동동,一栋栋
일동부동,一动不动
일두,一头; 日头
일득,一得
일등,一等
일등병,一等兵
일등비서,一等秘书
일등장,一等奖
일등품,一等品
일락,日落
일락서산,日落西山
일락천장,一落千丈
일란성,一卵性
일람,一览
일람무여,一览无余
일람무유,一览无遗
일람자,一揽子; 一篮子
일람자계획,一揽子计划
일람표,一览表
일래,日来; 一来
일래이거,一来二去
일래일왕,一来一往
일량량,一辆辆
일력,日历
일련,一连
일련관,一连串
일련번호,一连番号
일렬,一列
일렬렬,一列列
일렬횡대,一列横队
일례,一例
일로,一路
일로상,一路上
일로순풍,一路顺风
일로영일,一劳永逸
일로일소,一老一少
일로지하,一怒之下
일로평안,一路平安
일로풍진,一路风尘
일료백료,一了百了
일룡일사,一龙一蛇
일루루,一缕缕
일루수,一垒手
일류,一流; 一溜; 溢流
일류아,一溜儿
일류연,一溜烟
일륜,日轮
일륜명월,一轮明月
일륜홍일,一轮红日
일률,一律
일률적,一律的
일률평등,一律平等
일릉,一愣
일리,一理
일리만기,日理万机
일립,日立
일립공사,日立公司
일립립,一粒粒
일마당선,一马当先
일마평천,一马平川
일막막,一幕幕
일만,一万
일만이천,一万二千
일말,一抹
일망무은,一望无垠
일망무제,一望无际
일망이지,一望而知
일망타진,一网打尽
일매매,一枚枚
일맥,一脉
일맥상승,一脉相承
일맥상통,一脉相通
일면,一面; 日冕
일면도,一面倒
일면면,一面面
일면적,一面的
일면지사,一面之词
일면지연,一面之缘
일명,一名
일명경인,一鸣惊人
일명오호,一命呜呼
일모,一毛; 日暮
일모도궁,日暮途穷
일모부발,一毛不拔
일모불발,一毛不拔
일모일양,一模一样
일목난지,一木难支
일목료연,一目了然
일목십행,一目十行
일목요연,一目了然
일몰,日没
일무,佾舞
일무소득,一无所得
일무소유,一无所有
일무소지,一无所知
일무소확,一无所获
일무시처,一无是处
일문,一门; 日文; 轶闻
일문과,日文科
일문부명,一文不名
일문부치,一文不值
일문삼부지,一问三不知
일문심사,一门心思
일문일답,一问一答
일문일답식,一问一答式
일문학과,日文学科
일물강일물,一物降一物
일미,一味
일미만,日美湾
일미지사,溢美之词
일박,逸搏
일박서산,日薄西山
일박즉합,一拍即合
일반,一半; 一般; 一斑; 日班
일반견신,一般见识
일반도,一般图
일반래강,一般来讲
일반래설,一般来说
일반론,一般论
일반론적,一般论的
일반무이,一般无二
일반법,一般法
일반부,一般部
일반산사,一盘散沙
일반상태,一反常态
일반설래,一般说来
일반성,一般性
일반이언,一般而言
일반인,一般人; 一班人
일반적,一般的
일반지덕,一饭之德
일반직,一般职
일반화,一般化
일발,一发
일발득분률,一发得分率
일발발,一拨拨
일발부가수습,一发不可收拾
일발이부가수,一发而不可收
일발이부가수습,一发而不可收拾
일방,一方; 一旁; 一帮
일방면,一方面
일방면군,一方面军
일방성,一方性
일방적,一方的
일방평안,一方平安
일배배,一排排; 一杯杯
일배자,一辈子
일백,一百
일백기,一百几
일백래,一百来
일백만,一百万
일백오십,一百五十
일백오십만,一百五十万
일백팔십도,一百八十度
일번,一番
일번공부,一番工夫
일벌백계,一罚百戒
일범풍순,一帆风顺
일변,一变; 一边
일변도,一边倒
일변화,日变化
일별,一瞥
일병,一兵; 一并
일병부기,一病不起
일보,一步; 日报
일보등천,一步登天
일보보,一步步
일보일개각인,一步一个脚印
일보지요,一步之遥
일복일일,日复一日
일본,日本
일본공사,日本公司
일본공회,日本工会
일본광파협회,日本广播协会
일본광파협회전시대,日本广播协会电视台
일본국,日本国
일본국가대,日本国家队
일본국채,日本国债
일본대,日本队
일본대사관,日本大使馆
일본대학,日本大学
일본동경대학,日本东京大学
일본만리,一本万利
일본명,日本名
일본법원,日本法院
일본본,一本本
일본서,一本书
일본시,日本市
일본시장,日本市场
일본식,日本式
일본어,日本语
일본은행,日本银行
일본인,日本人
일본장,一本账
일본전시대,日本电视台
일본정경,一本正经
일본제,日本制
일본족협,日本足协
일본지구,日本地区
일본참,日本站
일본항공공사,日本航空公司
일본해,日本海
일본화,日本化
일봉봉,一封封
일부,一部
일부다처제,一夫多妻制
일부당소,一夫当关
일부부,一部部
일부분,一部分
일부소심,一不小心
일부일처제,一夫一妻制
일부주이부휴,一不做二不休
일부파고,一不怕苦
일분,一份; 一体
일분가전일분화,一分价钱一分货
일분분,一份份; 一盆盆
일분위이,一分为二
일분전일분화,一分钱一分货
일분화,一体化
일비,一批
일비비,一批批
일비지력,一臂之力
일비충천,一飞冲天
일빈여세,一贫如洗
일빈일소,一颦一笑
일사,一些; 一四; 一事; 轶事; 一俟; 逸事
일사개,一些个
일사무성,一事无成
일사병,日射病
일사부괘,一丝不挂
일사부구,一丝不苟
일사부재리,一事不再理; 一事不再理
일사불란,一丝不乱; 一丝不乱
일사사,一丝丝
일사야상,日思夜想
일사일호,一丝一毫
일사천리,一泻千里
일사풍,一丝风
일산,日产
일산공사,日产公司
일산기차,日产汽车
일산량,日产量
일산화이질소,一酸化二窒素
일산화탄소,一酸化炭素
일삽,一霎
일상,日常; 日商; 一晌
일상공작,日常工作
일상다반사,日常茶饭事
일상도,一想到
일상복,日常服
일상사,日常事
일상삼간,日上三竿
일상상,一箱箱
일상생활,日常生活
일상생활적,日常生活的
일상성,日常性
일상어,日常语
일상용어,日常用语
일상일하,一上一下
일상적,日常的
일상정원,一厢情愿; 一相情愿
일상화,日常化
일색,一色
일생,一生; 日生
일생일대,一生一代
일생일세,一生一世
일석이조,一石二鸟
일석점호,日夕点呼
일석지지,一席之地
일석화,一席话
일선,一线
일선생기,一线生机
일선선,一扇扇
일선희망,一线希望
일설,一说
일섬일섬,一闪一闪
일성,一成
일성령하,一声令下
일성반점,一星半点
일성부변,一成不变
일성부항,一声不吭
일성부향,一声不响
일성성,一声声
일세,一世
일소,一扫
일소료지,一笑了之
일소반,一小半
일소이공,一扫而空
일소이광,一扫而光
일소촬,一小撮
일소치지,一笑置之
일속,一粟
일쇄,日晒
일쇄우림,日晒雨淋
일수,日收; 日数; 一手
일수교전,一手交钱
일수교화,一手交货
일수수,一首首
일수아,一水儿
일수차천,一手遮天
일수포판,一手包办
일숙직,日宿直
일순,一瞬
일순간,一瞬间
일습,一袭
일시,一时; 一是; 日时
일시간,一时间
일시동인,一视同仁
일시반각,一时半刻
일시반회,一时半会
일시반회아,一时半会儿
일시소홀,一时疏忽
일시어새,一时语塞
일시일,一是一
일시일각,一时一刻
일시적,一时的
일시충동,一时冲动
일시흥기,一时兴起
일식,日食
일식량분,一式两份
일식상존,一息尚存
일신,一新; 一身; 日新; 日薪
일신교,一神教
일신상,一身上
일신우일신,日新又日新
일신월이,日新月异
일신한,一身汗
일실,一室
일실족성천고한,一失足成千古恨
일심,一审; 一心
일심동체,一心同体
일심일의,一心一意
일쌍쌍,一双双
일아,日俄
일아시,日亚市
일아전쟁,日俄战争
일안,一眼
일야,日夜; 日惹; 一野
일야겸정,日夜兼程
일야시,日惹市
일약,一跃
일양,一样
일양낭문,一样娘们
일양화탄,一氧化碳
일어,日语
일어도파,一语道破
일어부발,一语不发
일어쌍소,一语双关
일어중적,一语中的
일어탁수,一鱼浊水
일어판,日语版
일언거사,一言居士
일언구정,一言九鼎
일언난진,一言难尽
일언당,一言堂
일언반구,一言半句
일언부발,一言不发
일언부합,一言不合
일언위정,一言为定
일언이폐지,一言以蔽之
일언일행,一言一行
일언지하,一言之下
일여,一如
일여기왕,一如既往
일여왕석,一如往昔
일엽지추,一叶知秋
일엽편주,一叶片舟
일영,日影
일옹이상,一拥而上
일와봉,一窝蜂
일완수단평,一碗水端平
일왕무전,一往无前
일왕정심,一往情深
일왕직전,一往直前
일요,日曜
일요일,日曜日
일용,日佣; 日用
일용직,日用职
일용품,日用品
일우,一隅
일우언표,溢于言表
일원,一元; 一员; 一圆; 日元; 日圆
일원론,一元论
일원론적,一元论的
일원적,一元的
일원화,一元化
일월,一月; 日月
일월담,日月潭
일월분,一月份
일월산,日月山
일월성신,日月星辰; 日月星辰
일월성진,日月星辰
일위,一位
일유소사,日有所思
일음이진,一饮而尽
일응,一应
일응구전,一应俱全
일의고행,一意孤行
일의대수,一衣带水
일이,一二
일이계야,日以继夜
일이관지,一以贯之
일이년급,一二年级
일이만,日耳曼
일이만인,日耳曼人
일이재,一而再
일이재재이삼,一而再再而三
일이천,一二千
일익,一翼; 日益
일익가극,日益加剧
일익강대,日益强大
일익고창,日益高涨
일익증장,日益增长
일인,一人; 一因
일인극,一人剧
일인자,一人者
일인지하,一人之下
일일,一一; 一日; 日日
일일량,一日两
일일부견,一日不见
일일삼,一日三
일일삼찬,一日三餐
일일삼추,一日三秋
일일생활권,一日生活圈
일일야야,日日夜夜
일일유,一日游
일일일선,一日一善
일일천리,一日千里
일임,一任
일자,一字; 一者; 日子
일자무식,一字无识
일자일구,一字一句
일자자,一字字
일자천금,一字千金
일자형,一字形
일잔잔,一盏盏
일잡,日杂
일잡안,一眨眼
일장,一场; 日场
일장공,一场空
일장관,一长串
일장구,一张口
일장기,日章旗
일장몽,一场梦
일장악몽,一场噩梦
일장일단,一长一短
일장일이,一张一弛
일장장,一张张; 一场场; 一桩桩
일장춘몽,一场春梦
일장허경,一场虚惊
일재,一再
일쟁쟁,一趟趟
일적,日籍
일적월루,日积月累
일적적,一滴滴
일적혈,一滴血
일전,一战; 日前
일전다능,一专多能
일전부치,一钱不值
일전식,日全食
일전십,一传十
일전쌍조,一箭双雕
일전안,一转眼
일전지구,一箭之仇
일절,一切
일절법,一切法
일절중생,一切众生
일점,一点; 日渐
일점반점,一点半点
일점아,一点儿
일점야부,一点也不
일점얼,一点儿
일점일적,一点一滴
일접대량,日接待量
일정,一定; 日程
일정량,一定量
일정액,一定额
일정점,一丁点
일정점아,一丁点儿
일정표,日程表
일제,一齐; 日制; 日帝
일제도,一提到
일조,一兆; 一助; 日照; 一早; 一朝; 日朝
일조권,日照权
일조도저,一抓到底
일조량,日照量
일조룡,一条龙
일조시,日照市
일조심,一条心
일조일석,一朝一夕
일조점호,日朝点呼
일조조,一条条; 一组组
일조천자일조신,一朝天子一朝臣
일조항,日照港
일족,一族
일족족,一簇簇
일종,一种
일좌일우,一左一右
일좌좌,一座座
일주,一周
일주간,壹周刊
일주경천,一柱擎天
일주료지,一走了之
일주막전,一筹莫展
일주일,一周日
일주향,一炷香
일준,一准
일중,日中
일중일대,一中一台
일지,日志; 日至
일지공문,一纸空文
일지독수,一枝独秀
일지문건,日志文件
일지반해,一知半解
일지지,一只只; 一支支
일지화,一枝花
일직,一直; 日直
일직선,一直线
일진,一阵; 日辰; 日臻
일진부염,一尘不染
일진불염,一尘不染
일진소동,一阵骚动
일진완선,日臻完善
일진일퇴,一进一退
일진자,一阵子
일진진,一阵阵
일진풍,一阵风
일진환호,一阵欢呼
일질재질,一跌再跌
일차,一次
일차방정,一次方程
일차성,一次性
일차원적,一次元的
일차적,一次的
일차차,一次次; 一车车
일착,一着; 日戳
일착재착,一错再错
일찰,一刹
일찰나,一刹那
일창일화,一唱一和
일처처,一处处
일척천금,一掷千金
일천,一千; 一天; 日浅
일천구백칠십,一千九百七十
일천구백팔십,一千九百八十
일천도만,一天到晚
일천일야,一天一夜
일천천,一天天
일첩첩,一叠叠
일청이초,一清二楚
일청조,一清早
일체,一体; 一切; 一切
일체감,一体感
일체성,一体性
일체유심조,一切唯心造; 一切唯心造
일체적,一体的
일체주의,一体主义
일체화,一体化
일초일목,一草一木
일초일식,一招一式
일촉즉발,一触即发
일촌,一村
일촌광음,一寸光阴
일촌촌,一寸寸
일총,一总
일총총,一丛丛
일촬,一撮
일추,日趋
일추자매매,一锤子买卖
일추정음,一锤定音
일축,一蹴
일축이취,一蹴而就
일출,日出; 溢出; 逸出
일출이작,日出而作
일취방휴,一醉方休
일취월장,日就月将
일취지몽,一炊之梦
일층층,一层层
일치,一致
일치단결,一致团结
일치론,一致论
일치성,一致性
일침,一针
일침견혈,一针见血
일침일선,一针一线
일타타,一朵朵
일탁,日托
일탄혈,一摊血
일탈,逸脱
일탈자,逸脱者
일탑호도,一塌糊涂
일토위쾌,一吐为快
일통,一统; 一通
일통천하,一统天下
일퇴,一堆
일퇴인,一堆人
일퇴퇴,一堆堆
일투,一套
일투투,一套套
일파,一把; 一派
일파만파,一波万波
일파미평,一波未平
일파비체,一把鼻涕
일파비체일파루,一把鼻涕一把泪
일파삼절,一波三折
일파수,一把手
일파안루,一把眼泪
일파우기,一波又起
일파조,一把抓
일파파,一把把; 一波波
일파호언,一派胡言
일판일안,一板一眼
일패도지,一败涂地
일편,一片
일편단심,一片丹心
일편식,日偏食
일편왕양,一片汪洋
일편편,一片片; 一遍遍; 一篇篇
일평생,一平生
일포타향,一炮打响
일포포,一包包
일폭폭,一幅幅
일표인재,一表人才
일품,一品
일품요리,一品料理; 一品料理
일필구소,一笔勾销
일필일화,一笔一画
일필필,一笔笔
일필휘지,一笔挥之
일하,一下
일하자,一下子
일학취회,一学就会
일항,一项; 日航
일행,一行
일행천리,日行千里
일행행,一行行
일향,一向
일현신수,一显身手
일협장목,一叶障目
일협지추,一叶知秋
일협편주,一叶扁舟
일호,一毫
일호반점,一毫半点
일호백응,一呼百应
일홀아,一忽儿
일홍도,溢洪道
일홍이기,一哄而起
일홍이산,一哄而散
일화,逸话; 日化; 日货
일확천금,一攫千金; 一攫千金
일환,一环
일환구일환,一环扣一环
일환식,日环食
일황,一晃
일황이과,一晃而过
일회,一会
일회사,一回事
일회성,一回性
일회아,一会儿
일회용,一回用
일회용품,一回用品
일회적,一回的
일후,日后
일후시,日后市
일희일비,一喜一悲
임,任; 林; 临; 淋; 赁; 妊; 壬; 饪; 稔; 恁; 荏; 衽; 菍; 袵; 鵀; 軠; 餁; 纴; 秹; 紝
임가,临街; 任家
임간,林间; 林间
임갈굴정,临渴掘井; 臨渴掘井
임강,临江; 任强
임건신,任建新
임걸,任杰
임검소,临检所
임계,临界
임계유,任继愈
임계점,临界点
임계치,临界值
임고,临高
임고현,临高县
임과,任课
임관식,任官式
임괘,临卦; 臨卦
임교,任教
임교장,任校长
임구,任丘
임국장,任局长
임군천,任军川
임근,临近
임금,赁金; 赁金
임금제,赁金制; 赁金制
임기,任期; 临沂
임기시,临沂市
임기응변,临机应变; 臨机应变
임기자연,任其自然
임기제,任期制
임내,任内
임녀사,任女士
임노동,赁劳动
임농탈경,临农夺耕; 臨农夺耕
임대,赁贷
임대료,赁贷料
임대비,赁贷费
임대율,赁贷率; 赁贷率
임대차,赁贷借
임도,临到; 临洮
임동,临潼
임동구,临潼区
임동사,任董事
임동사장,任董事长
임두,临头
임란,壬乱
임려평,任丽萍
임로사,任老师
임로임원,任劳任怨
임뢰,任蕾
임료,临了
임립,林立; 林立
임면,任免
임명,任命
임명권자,任命权者
임명장,任命状; 任命狀
임명직,任命职
임모,临摹; 任某
임목,林木; 林木
임무,任务
임무란,任务栏
임무심,任无心
임무형,任务型
임문,临门
임박,临迫
임별,临别
임부,妊妇
임부복,妊妇服
임부조장,任副组长
임분,临汾; 临盆
임분시,临汾市
임빙,任凭
임사,临死; 臨死; 临事
임산,妊产; 林产; 林产; 临产
임산부,妊产妇
임산부복,姙产妇服
임상,临床; 臨床; 临湘
임상경험,临床经验
임상시,临湘市
임상의학,临床医学
임석,临席; 臨席
임선,任选
임선생,任先生
임성,任性; 临城
임소,任所
임수,临水; 臨水; 临睡
임수상,任首相
임술,壬戌
임시,临时; 臨时
임시공,临时工
임시대판,临时代办
임시방편,临时方便; 臨时方便
임시변통,临时变通; 臨时变通
임시성,临时性
임시적,临时的; 臨时的
임시직,临时职
임시포불각,临时抱佛脚
임신,妊娠; 姙娠; 壬申
임신기,妊娠期
임신년,壬申年; 壬申年
임신률,妊娠率
임신문,妊娠纹
임신부,妊娠妇
임신성,姙娠性
임신율,姙娠率; 姙娠率
임안,临安
임안성,临安城
임안시,临安市
임안현,临安县
임야,林野; 林野
임업,林业
임연선어,临渊羡鱼
임염,荏苒
임오,壬午
임오년,壬午年
임옥령,任玉岭
임용,任用; 任勇
임용권자,任用权者
임용제,任用制
임우사,任于斯
임원,任员
임원비,任远飞
임원실,任员室
임원진,任员阵
임위,临危
임위부구,临危不惧
임유,任由
임의,任意
임의성,任意性
임의적,任意的
임인,任人; 壬寅
임인유친,任人唯亲
임인유현,任人唯贤
임인재할,任人宰割
임인파포,任人摆布
임일,任一
임일범,任一凡
임자,壬子
임자수탕,荏子水汤
임장,临场
임장발혼,临场发挥
임장풍,任长风
임장하,任长霞
임재무구득,临财无求得; 臨财无求得
임전,临战
임전무퇴,临战无退; 臨战无退
임정,临政; 臨政
임정비,任正非
임조,临朝
임종,临终
임주임,任主任
임중도원,任重道远
임중이,任仲夷
임지,任地; 林地
임지강,任志强; 任志刚
임지국,任志国
임직,任职
임직원,任职员
임진,临阵; 壬辰
임진마창,临阵磨枪
임진왜란,壬辰倭乱
임진탈도,临阵脱逃
임차인,赁借人
임창,临沧
임창시,临沧市
임천,临川; 任泉
임천당,任天堂
임천오,任天吾
임천현,临川县; 临泉县
임청,临清
임체화,任达华
임총,任总
임총경리,任总经理
임총리,任总理
임총통,任总统
임추릉,任秋凌
임치,临淄
임치구,临淄区
임파선,淋巴腺; 淋巴腺
임필시,任弼时
임하,任何; 临河; 临夏
임하선어,临河羡鱼; 臨河羡鱼
임하인,任何人
임학,林学; 林学
임항,临港
임해,临海; 臨海
임해시,临海市
임행,临行; 临幸
임현,临县
임현제,任贤齐
임형,临刑
임혜,任慧
임호,任昊
임호강,任浩江
임효봉,任晓峰
입,立; 入; 粒; 笠; 廿; 鳰; 込
입각,入阁; 立脚; 立脚
입거,入渠
입건,立件; 立件
입경,入京; 入境; 入镜
입경자,入境者
입고,入库; 入股
입골,入骨
입과,入伙
입관,入棺; 入官
입교,入教; 入校
입구,入口
입구처,入口处
입국,入国; 立国; 立国
입국문속,入国问俗
입국자,入国者
입금,入金; 入金
입금자,入金者; 入金者
입단,入团
입당,入党
입대,入队; 入台
입도,入道
입동,立冬; 入冬
입력,入力
입론,立论
입류,入流
입리,入理
입립신고,粒粒辛苦; 粒粒辛苦
입마,入魔
입매,入梅
입맹,入盟
입면,入眠
입목삼분,入木三分
입몽,入梦
입무,入巫
입문,入门; 入闻
입문비,入门费
입미,入微; 入味; 入迷
입법,立法
입법권,立法权
입법례,立法例
입법부,立法府
입법안,立法案
입법자,立法者
입법적,立法的
입법화,立法化
입복,入伏
입부부출,入不敷出
입사,入社; 入射
입사각,入射角
입사일,入社日
입산,入山
입산기호,入山忌虎
입삼,入渗
입상,入赏
입상자,入赏者
입석,立席; 立席; 入席
입선,入选
입선자,入选者
입선작,入选作
입성,入城; 入声
입세,入世
입소,入所; 入关
입소자,入所者
입수,入手; 入水; 入首; 入睡
입시,入试; 入市; 入时
입시생,入试生
입시일,入试日
입시장,入试场
입시제,入试制
입식,立式; 立式
입신,入神; 立身
입신양명,立身扬名; 立身扬名
입신출세,立身出世
입신출세주의,立身出世主义
입실,入室
입안,立案; 立案; 入眼
입야,入夜
입약,入药
입양,入养
입양아,入养儿
입어료,入渔料
입염,入殓
입영,入营
입옥,入狱
입옹,入瓮
입욕,入浴
입원,入院
입원비,入院费
입원실,入院室
입위,入围
입위자,入围者
입위장,入围奖
입이,入耳
입이식,入耳式
입자,粒子
입자기,粒子期
입장,入场; 立场; 入账
입장객,入场客
입장권,入场券
입장료,入场料
입장식,入场式
입적,入寂; 入籍
입정,入定; 入静
입정입리,入情入理
입좌,入座; 入坐
입주,入住; 入主
입주금,入住金; 入住金
입주률,入住率
입주자,入住者
입증,立证
입지,立地; 立志; 立地
입지점,立地点
입찰,入札
입찰제,入札制
입참,入站
입창,入仓
입채,入菜
입체,立体
입체감,立体感
입체적,立体的
입체파,立体派
입체형,立体形
입체화,立体化
입초,入超
입초국,入超国
입추,立锥; 入秋
입추지지,立锥之地; 立锥之地
입춘,立春; 立春
입춘대길,立春大吉; 立春大吉
입춘서,立春书; 立春书
입춘절,立春节; 立春节
입출금,入出金; 入出金
입출금기,入出金机; 入出金机
입췌,入赘
입침,入侵
입침자,入侵者
입탁,入托
입탕,入汤
입토,入土
입토위안,入土为安
입하,立夏; 立夏
입학,入学
입학금,入学金; 入学金
입학난,入学难
입학률,入学率
입학생,入学生
입학시험,入学试验
입학시험장,入学试验场
입학식,入学式
입학식장,入学式场
입학자,入学者
입학제,入学制
입항,入港
입항주,入港酒
입행,入行
입향수속,入乡随俗
입호,入户
입호률,入户率
입화,入画
입회,入会; 立会
입회비,入会费
입후보,立候补
입후보자,立候补者
잇,㗡
잉,仍; 剩; 扔; 孕; 艿; 媵; 賸; 礽
잉가,仍可
잉격소,孕激素
잉과거,扔过去
잉구,仍旧
잉구시,仍旧是
잉기,孕期
잉도,扔掉
잉동,孕酮
잉령,孕龄
잉반,剩饭
잉부,孕妇
잉수,孕穗
잉시,仍是
잉여,剩余
잉여가치,剩余价值
잉여금,剩余金; 剩余金
잉여로동,剩余劳动
잉여로동력,剩余劳动力
잉연,仍然
잉육,孕育
잉재,仍在
잉채,剩菜
잉출,扔出
잉태,孕胎; 自家
잉토,孕吐
잉하,剩下; 扔下
자,子; 自; 者; 资; 字; 炸; 刺; 慈; 仔; 紫; 磁; 兹; 姿; 滋; 茨; 姊; 瓷; 雌; 咨; 煮; 藉; 孜; 锌; 籽; 榨; 炙; 蔗; 恣; 疵; 蚱; 谘; 赭; 髭; 孳; 蚝; 笫; 鹚; 鹧; 呲; 柘; 荠; 粢; 眦; 赀; 訾; 嵫; 秭; 糍; 趑; 醡; 茈; 鲝; 鲊; 觜; 痄; 趦; 茊; 莿; 薋; 胔; 胾; 秶; 镃; 纃; 禌; 鄑; 飷; 飺; 蟅; 資; 啫; 孖; 嗞
자가,自家
자가당착,自家撞着
자가용,自家用
자가운전,自家运转
자가인,自家人
자각,自觉
자각성,自觉性
자각자원,自觉自愿
자각적,自觉的
자간,子痫
자갈색,紫褐色
자감,自感
자감응,磁感应
자감초,炙甘草
자감타락,自甘堕落
자강,自强; 磁钢
자강부식,自强不息
자강불식,自强不息
자강집단,紫江集团
자개아,自个儿
자객,刺客
자거,自居; 字据
자격,刺激; 资格
자격량,刺激量
자격새,资格赛
자격성,刺激性
자격소,雌激素
자격증,资格证
자격지심,自激之心
자견,自牵
자결,自决
자결구,子结构
자결권,自决权
자겸,自谦
자경농,自耕农
자계,自戒; 慈溪; 资溪
자계동,自启动
자계시,慈溪市
자계통,子系统
자고,自古; 鹧鸪; 字库; 炙烤
자고강용,自告奋勇
자고부가,自顾不暇
자고이래,自古以来
자고자,自顾自
자고자대,自高自大
자고저,字高低
자고판,自考办
자골,刺骨
자공,自控; 自贡; 子贡; 自供
자공간,子空间
자공사,子公司
자공시,自贡市
자공진,磁共振
자과,自夸
자관,自管
자광각,紫光阁
자괴,刺槐
자괴감,自愧感
자괴부여,自愧不如
자괴지심,自愧之心
자교계,自交系
자구,自救; 字句; 藉口
자구다복,自求多福
자구지단,借口之端
자구책,自救策
자국,自国
자국민,自国民
자국어,自国语
자국적,自国的
자국화,自国化
자굴분묘,自掘坟墓
자궁,子宫
자궁강,子宫腔
자궁경,子宫颈
자궁경암,子宫颈癌
자궁병,子宫病
자궁분,子宫体
자궁선,子宫腺
자궁암,子宫癌
자귀,秭归
자귀현,秭归县
자규,子规
자극,刺戟; 磁极
자극성,刺戟性
자극적,刺戟的
자극제,刺戟剂
자근,字根
자금,紫金; 资金; 紫金; 资金; 自今
자금난,资金难; 资金难
자금력,资金力; 资金力
자금부장,资金部长; 资金部长
자금부족,资金不足
자금산,紫金山
자금산천문대,紫金山天文台
자금성,紫禁城
자금신탁,资金信托
자금원,资金源; 资金源
자금추동형,资金推动型
자금항,紫金港
자금화,资金化; 资金化
자급,自给
자급도,自给度
자급률,自给率
자급자족,自给自足
자급적,自给的
자긍,自矜
자긍심,自矜心
자기,瓷器; 磁气; 自己; 自欺; 紫气; 自弃; 子基
자기감정,自己感情
자기규정,自己规定
자기기만,自己欺瞒
자기기만적,自己欺瞒的
자기기인,自欺欺人
자기도취,自己陶醉
자기도취적,自己陶醉的
자기동래,紫气东来
자기록,磁记录
자기만족,自己满足
자기만족적,自己满足的
자기모순,自己矛盾
자기모순적,自己矛盾的
자기반성,自己反省
자기방편,自己方便
자기변호,自己辩护
자기비판,自己批判
자기선전,自己宣传
자기소개,自己绍介
자기식,自记式
자기실현,自己实现
자기애,自己爱
자기의식,自己意识
자기인,自己人
자기장,磁气场
자기주장,自己主张
자기중심,自己中心
자기중심적,自己中心的
자기중심주의,自己中心主义
자기편,自己便
자기표현,自己表现
자기희생,自己牺牲
자낭,子囊
자녀,子女
자녀관,子女观
자녀문,子女们
자녕궁,慈宁宫
자농,蔗农
자능,自能
자단,紫檀; 字段
자당,慈堂; 蔗糖; 自当
자대,自队; 磁带; 自大; 子代
자대고,磁带库
자대광,自大狂
자대기,磁带机
자도,刺刀; 子图; 磁道
자도견홍,刺刀见红
자도요포,自掏腰包
자동,自动; 紫铜
자동검측,自动检测
자동경신,自动更新
자동공제,自动控制
자동기,自动机
자동당차형,自动挡车型
자동문,自动门
자동보창,自动步枪
자동선,自动线
자동속기,自动续期
자동식,自动式
자동인형,自动人形
자동적,自动的
자동제관기,自动提款机
자동차,自动车
자동차관,自动车馆
자동차사,自动车社
자동차세,自动车税
자동차업계,自动车业界
자동차업체,自动车业体
자동차용품,自动车用品
자동측시,自动测试
자동판매기,自动贩卖机
자동학과,自动学科
자동화,自动化
자두,磁头
자두연기,煮豆燃萁
자두지미,自头至尾
자득,自得
자득기락,自得其乐
자등,紫藤
자라,紫罗
자라란,紫罗兰
자란,紫兰
자래,自来
자래수,自来水
자래수창,自来水厂
자래수필,自来水笔
자력,自力; 资历; 磁力; 资力
자력갱생,自力更生; 自力更生
자력경생,自力更生
자력선,磁力线
자료,资料; 磁疗
자료관,资料馆
자료비,资料费
자료성,资料性
자료실,资料室
자료실장,资料室长
자료은행,资料银行
자료집,资料集
자류,自留; 自流
자류지,自留地
자률,自律
자률성,自律性
자리,自理
자리행간,字里行间
자립,自立; 子粒
자립도,自立度
자립문호,自立门户
자립성,自立性
자립적,自立的
자립형,自立型
자막,字幕
자만,自慢; 自满
자만심,自慢心
자망,子网
자매,姉妹; 姊妹
자매문,姊妹们
자매자과,自卖自夸
자매편,姉妹篇; 姊妹篇
자면,字面; 籽棉; 自勉; 子棉
자면상,字面上
자멸,自灭
자명,自明; 自命
자명득의,自鸣得意
자명부범,自命不凡
자명종,自鸣钟
자명청고,自命清高
자모,字母; 自谋; 慈母; 子母; 子模
자모사,茨茅斯
자모표,字母表
자모회,姉母会
자목,刺目; 子目
자목련,紫木莲
자목록,子目录
자문,咨问; 自问; 咨文; 紫纹; 自刎
자문자답,自问自答
자미,滋味; 紫薇; 字谜
자미선목,慈眉善目
자민,子民
자민당,自民党
자민족,自民族
자반,煮饭; 磁盘; 瓷盘
자발,自发; 自拔
자발성,自发性
자발적,自发的
자방,资方; 子房
자백,自白
자변량,自变量
자병,瓷瓶
자보,字报; 滋补; 自保
자보가문,自报家门
자보품,滋补品
자본,资本
자본가,资本家
자본금,资本金; 资本金
자본력,资本力
자본론,资本论
자본성,资本性
자본시장,资本市场
자본외도,资本外逃
자본재,资本财
자본적루,资本积累
자본제,资本制
자본제적,资本制的
자본주의,资本主义
자본주의권,资本主义圈
자본주의자,资本主义者
자본주의적,资本主义的
자본파적,资本派的
자본품,资本品
자본화,资本化
자봉,自封
자부,自负; 字符; 磁浮; 慈父; 子部
자부관,字符串
자부대언,自不待言
자부량력,自不量力
자부심,自负心
자부영휴,自负盈亏
자부저채,资不抵债
자분,字体; 自焚; 磁体; 锌粉
자분비,自分泌
자비,慈悲; 自费; 自卑; 资费; 煮沸; 自备; 刺鼻; 自肥
자비감,自卑感
자비생,自费生
자사,自社; 自私; 刺史; 滋事; 紫砂; 子嗣; 蔗渣; 恣肆
자사분대,兹事体大
자사자리,自私自利
자산,资产
자산가,资产家
자산계급,资产阶级
자산권화,资产权化
자산류,资产类
자살,自杀; 刺杀
자살극,自杀剧
자살률,自杀率
자살성,自杀性
자살식,自杀式
자살자,自杀者
자삼,紫杉
자상,仔详; 慈祥; 自伤; 自相; 子商
자상모순,自相矛盾
자상이하,自上而下
자상잔살,自相残杀
자색,姿色; 紫色
자생,自生; 滋生; 孳生
자생력,自生力
자생자멸,自生自灭
자생적,自生的
자서,自序; 子书; 字书; 自叙
자서전,自敍传
자석,磁石; 赭石
자선,慈善; 自选; 自旋; 磁选
자선가,慈善家
자선기구,慈善机构
자선사업,慈善事业
자성,自省; 磁性; 雌性; 子星
자성일가,自成一家
자성일분,自成一体
자성현,茨城县
자세,仔细; 姿势; 藉势
자세품미,仔细品味
자소,字素; 紫苏; 自诉
자소궁,紫霄宫
자소인,自诉人
자손,子孙
자손만대,子孙万代
자손문,子孙们
자손후대,子孙后代
자수,刺绣; 自首; 字数; 自修; 资水
자수가열,炙手可热
자수성가,自手成家
자수정,紫水晶
자숙,自肃
자순,咨询
자순비,咨询费
자순업,咨询业
자순원,咨询员
자순자,咨询者
자순회,咨询会
자술,自述
자술서,自述书
자습,自习
자습과,自习课
자습서,自习书
자승부업,子承父业
자승자박,自绳自缚
자시,自是; 子时; 自恃; 自视
자시불각취,自屎不觉臭
자시심고,自视甚高
자시지벽,自是之癖
자시지종,自始至终
자식,子息; 子式
자식기과,自食其果
자식기력,自食其力
자신,自信; 自身; 资讯; 资信; 自新
자신감,自信感
자신난보,自身难保
자신만만,自信满满
자신심,自信心
자신조불량,自身照不亮
자실,子实
자심,资深; 慈心
자심고문,资深顾问
자심번뇌,自寻烦恼
자심사로,自寻死路
자아,自我; 子儿; 呲牙; 瓷牙
자아개소,自我介绍
자아검토,自我检讨
자아도취,自我陶醉
자아렬취,呲牙咧嘴
자아비판,自我批判
자아비평,自我批评
자아선전,自我宣传
자아실현,自我实现
자아의식,自我意识
자아취허,自我吹嘘
자아표현,自我表现
자아해조,自我解嘲
자안,字眼; 刺眼
자애,慈爱; 自爱
자액,资额; 自缢
자야,子夜
자약,自若
자양,滋养; 字样; 紫阳; 资阳; 自养; 刺痒
자양분,滋养分
자양시,资阳市
자양층,滋养层
자어,自语; 仔鱼
자언자어,自言自语
자업자득,自业自得
자여,自如
자역,子域
자연,自然; 自燃
자연경관,自然景观
자연계,自然界; 自然系
자연과학,自然科学
자연과학가,自然科学家
자연과학사,自然科学史
자연과학장,自然科学奖
자연관,自然观
자연광,自然光
자연대,自然大
자연도태,自然淘汰
자연동,自然铜
자연력,自然力
자연림,自然林
자연물,自然物
자연미,自然美
자연박물관,自然博物馆
자연법,自然法
자연법적,自然法的
자연법칙,自然法则
자연변증법,自然辨证法
자연보호,自然保护
자연사,自然史
자연산,自然产
자연석,自然石
자연성,自然性
자연수,自然数
자연식,自然食
자연식품,自然食品
자연어언,自然语言
자연이연,自然而然
자연인,自然人
자연재해,自然灾害
자연적,自然的
자연조건,自然条件
자연주의,自然主义
자연주의자,自然主义者
자연주의적,自然主义的
자연촌,自然村
자연치료,自然治疗
자연현상,自然现象
자연화,自然化
자연환경,自然环境
자열,炙热
자영,自营
자영성,自营性
자영업자,自营业者
자오,自娱; 自傲; 子午
자오반포,慈乌反哺
자오선,子午线
자옥나렬왜,兹沃娜列娃
자완,瓷碗
자왈,子曰
자외,自外
자외선,紫外线
자요,滋扰; 瓷窑
자용,自用; 姿容; 自溶
자우부여,自叹不如
자운,紫云
자운사,慈云寺
자운영,紫云英
자웅,雌雄
자원,自愿; 资源
자원관리기,资源管理器
자원기설,自圆其说
자원류,资源类
자원법,资源法
자원분배,资源分配
자원성,资源性
자원자애,自怨自艾
자원절약형,资源节约型
자원형,资源型
자원화,资源化
자위,自卫; 自慰; 刺猬; 自为
자위군,自卫军
자위권,自卫权
자위대,自卫队
자위부은,子为父隐
자위행위,自慰行为
자유,自由; 自幼; 自喻
자유경쟁,自由竞争
자유권,自由权
자유기,自由基
자유능,自由能
자유당,自由党
자유도,自由度
자유락분,自由落体
자유련습새,自由练习赛
자유련애,自由恋爱
자유률,自有率
자유민,自由民
자유방임,自由放任
자유분방,自由奔放
자유분조,自由体操
자유사상,自由思想
자유산만,自由散漫
자유선거,自由选举; 自由选擧
자유선고인,自由撰稿人
자유시,自由诗
자유시장,自由市场
자유식,自由式
자유업,自由业
자유영,自由泳
자유의사,自由意思
자유인,自由人
자유자재,自由自在
자유재량,自由裁量
자유정신,自由精神
자유주의,自由主义
자유주의자,自由主义者
자유주의적,自由主义的
자유직업,自由职业
자유직업자,自由职业者
자유직종,自由职种
자유항,自由港
자유형,自由型
자유화,自由化
자유화율,自由化率; 自由化率
자유휼고,慈幼恤孤
자윤,滋润
자윤형,滋润型
자율,自律
자율권,自律权
자율성,自律性
자율적,自律的
자율화,自律化
자음,子音; 字音
자응,自应
자의,自意; 恣意; 字义
자의망위,恣意妄为
자의성,自意性
자의식,自意识
자의적,恣意的
자이,刺耳
자이순,雌二醇
자이위시,自以为是
자인,自认
자임,自任
자자,借借; 字字; 孜孜; 刺字
자자부권,孜孜不倦
자자세세,仔仔细细
자자손손,子子孙孙
자자연연,自自然然
자자이구,孜孜以求
자자주기,字字珠玑
자자주옥,字字珠玉
자작,自作
자작극,自作剧
자작농,自作农
자작다정,自作多情
자작얼,自作孽
자작자수,自作自受
자작주장,自作主张
자작지,自作地
자작지얼,自作之孼
자작총명,自作聪明
자잡,磁卡
자장,磁场; 滋长; 子长; 字长
자장권,磁场圈
자재,自在; 资材; 资财; 自裁
자재난,资材难
자재부,资材部
자저,仔猪
자적,自适; 字迹
자전,自专; 自传; 自转; 瓷砖; 字典; 紫癜
자전거,自转车; 自转車
자전적,自传的
자절,字节; 自绝
자점,疵点
자정,子正; 字丁; 自净; 资政; 锌锭
자정강원,字正腔圆
자정서,子程序
자정의,自定义
자정향,紫丁香
자제,子弟; 自制
자제력,自制力
자제병,子弟兵
자조,自助; 自嘲; 自照; 资助; 字条; 磁阻
자조마번,自找麻烦
자조식,自助式
자조자,资助者; 自助者
자조적,自嘲的
자조직,自组织
자조찬,自助餐
자조찬청,自助餐厅
자족,自足
자족성,自足性
자족적,自足的
자존,自存; 自尊
자존감,自尊感
자존성,自存性
자존심,自尊心
자존심론,自尊心论
자종,自从
자좌,子座
자주,自主; 自筹
자주경영,自主经营
자주국방,自主国防
자주권,自主权
자주독립,自主独立
자주력,自主力
자주색,紫朱色
자주성,自主性; 自住性
자주신경,自主神经
자주적,自主的
자주정신,自主精神
자주형,自住型
자주화,自主化
자죽,紫竹
자줏,紫朱
자중,自重; 资中
자중지란,自中之乱
자중현,资中县
자지력,自知力
자지리휴,自知理亏
자지지명,自知之明
자진,自进; 自尽; 刺进
자질,资质; 子侄
자짐구작,字斟句酌
자짐자음,自斟自饮
자집,子集
자차,自此
자참,自惭
자참형예,自惭形秽
자채,紫菜
자책,自责
자책감,自责感
자책점,自责点
자처,自处
자천,自荐; 刺穿
자천타배,自贱他拜
자철,磁铁
자철광,磁铁矿
자첩,字帖
자청,自请
자체,字体; 自体
자체적,自体的
자초,自招; 紫草
자초지종,自初至终
자충수,自充手
자취,自炊; 自取
자취기욕,自取其辱
자취멸망,自取灭亡
자취방,自炊房
자취생,自炊生
자취자뢰,自吹自擂
자층,磁层
자치,自治
자치구,自治区
자치구급,自治区级
자치권,自治权
자치기소,自治机关
자치법,自治法
자치적,自治的
자치제,自治制
자치주,自治州
자치통감,资治通鉴
자치현,自治县
자치회,自治会
자칭,自称
자칭위,自称为
자타,自他
자타공인,自他共认
자탄,自叹; 子弹
자탄두,子弹头
자탐,刺探
자태,姿态
자택,自宅; 自宅
자토,瓷土
자토고흘,自讨苦吃
자토몰취,自讨没趣
자통,刺痛
자퇴,自退
자투라망,自投罗网
자파,自派; 刺破; 糍粑; 子波
자파리,兹巴里
자판,字板
자판기,自贩机
자판발행,自办发行
자편,自便
자편자연,自编自演
자평량,自评量
자폐,自废
자폐아,自闭儿
자폐적,自闭的
자폐증,自闭症
자폐증아,自闭症儿
자포자기,自暴自弃; 自暴自弃
자폭,自爆; 自曝; 磁暴
자폭자기,自暴自弃
자필,自笔
자하달상,自下达上
자하이상,自下而上
자학,自虐; 自学
자학성재,自学成才
자학습,自学习
자한성,自限性
자해,字解; 自害
자핵,姿势
자행,恣行; 自行
자행기시,自行其是
자행자지,自行自止
자행차,自行车
자행차새,自行车赛
자행처리,自行处理
자허,子虚
자허오유,子虚乌有
자현,自现; 磁县
자현부,磁悬浮
자현자불명,自现者不明
자협,子叶
자형,姉兄; 字形; 紫荆; 字型
자호,自豪; 字号; 自护
자호감,自豪感
자홍,紫红
자화,字画; 磁化; 紫花; 雌花
자화라,紫花罗
자화상,自画像
자화자찬,自画自赞
자회사,子会社
자후,自诩
자훼,自毁
자흥,资兴
자흥시,资兴市
자희,慈禧
작,作; 炸; 昨; 猎; 爵; 雀; 嚼; 灼; 绰; 酌; 醋; 勺; 鹊; 芍; 斫; 酢; 柞; 焯; 杓; 妁; 怍; 𬸦; 稓; 爝; 筰; 苲; 穱; 䦃
작가,作家; 作价; 作假
작가문,作家们
작가상,作家赏
작가적,作家的
작가전,作家展
작가주의,作家主义
작간범과,作奸犯科
작개,炸开
작견,猎犬
작견자박,作茧自缚
작경,作梗
작계,炸鸡
작고,作故; 作古; 炸糕
작곡,作曲
작곡가,作曲家
작곡과,作曲科
작곡자,作曲者
작과,炸锅
작괴,作怪
작교,鹊桥
작구,作呕; 猎狗
작금,昨今
작기,猎奇; 鹊起
작난,作难
작년,昨年
작년도,昨年度
작년분,昨年分
작당,作党
작대,作对
작도,炸掉
작도기,斫刀机
작동,作动
작두,嚼头
작락,作乐
작란,作乱
작량,酌量
작렬,炸裂
작롱,作弄
작뢰,炸雷
작료,作料
작만,昨晚
작명,作名
작목,作木
작문,作文
작문제,作文题
작물,作物; 猎物
작미,作美
작반,雀斑
작방,作坊
작방식,作坊式
작배,作陪
작법,作法
작벽상관,作壁上观
작별,作别
작별주,作别酒
작보,作保
작부,酌妇
작사,作词; 爵士; 炸死
작사가,作词家
작사고,爵士鼓
작사도방,作舍道傍
작사락,爵士乐
작사무,爵士舞
작사음락,爵士音乐
작살,猎杀
작상,灼伤
작서조,炸薯条
작설,嚼舌
작성,作成
작성자,作成者
작소가배,雀巢咖啡
작소공사,雀巢公司
작쇄,嚼碎
작수,作祟; 猎手; 作数
작수성례,酌水成礼
작시,作诗
작식,作息
작심,作心
작심삼일,作心三日
작아,昨儿; 雀儿
작악,作恶
작악다단,作恶多端
작안,作案
작안자,作案者
작야,昨夜
작약,炸药; 雀跃; 芍药; 绰约
작얼,作孽
작업,作业
작업량,作业量
작업반,作业班
작업반원,作业班员
작업반장,作业班长
작업복,作业服
작업본,作业本
작업본비,作业本费
작업실,作业室
작업원,作业员
작업자,作业者
작업장,作业场
작업화,作业化
작열,灼热
작염,猎艳
작용,作用
작용력,作用力
작용적,作用的
작용점,作用点
작위,作为; 爵位; 作伪
작위작복,作威作福
작위적,作为的
작위정,作伪证
작읍,作揖
작응,猎鹰
작인,作人; 猎人
작일,昨日
작자,作者; 勺子
작자문,作者们
작작,绰绰; 灼灼; 猎猎; 嚼嚼
작작유여,绰绰有余
작잠,柞蚕
작장,炸酱
작전,作战
작전권,作战权
작전식,作战式
작전통,作战通
작정,作定; 作证; 酌情; 酌定
작조수산,作鸟兽散
작중,作中
작지불이,作之不已
작창,猎枪
작천,昨天; 作践; 作贱
작출,作出
작취,猎取
작탄,炸弹
작태,作态
작통,作痛
작파,作破; 作罢
작폐,作弊; 作废
작폐자,作弊者
작포,猎捕
작품,作品
작품상,作品赏
작품성,作品性
작품장,作品奖
작품적,作品的
작품전,作品展
작품집,作品集
작품화,作品化
작풍,作风
작하,炸虾
작핵,作势
작향,作响; 炸响
작협,作协
작호,绰号; 猎户
작호좌,猎户座
작확,猎获
작황,作况
작훼,炸毁
잔,残; 盏; 栈; 潺; 孱; 戋; 菚; 醆; 殘
잔결,残缺
잔결부전,残缺不全
잔교,栈桥
잔구,残旧
잔구성,残丘性
잔국,残局
잔금,残金; 残金
잔기,残基
잔당,残党
잔도,栈道
잔독,残毒
잔량,残量
잔련,残联
잔류,残留
잔류량,残留量
잔류물,残留物
잔망,孱妄
잔배냉적,残杯冷炙; 残杯冷炙
잔병,残兵
잔병패장,残兵败将
잔부,残部
잔분,残体
잔비,残匪
잔사,残渣
잔살,残杀
잔상,残像
잔생,残生
잔설,残雪
잔손,残损
잔악성,残恶性
잔액,残额
잔약,孱弱
잔양,残阳
잔업,残业
잔여,残余
잔여물,残余物
잔여적,残余的
잔영,残影
잔원단벽,残垣断壁
잔월,残月
잔월효성,残月晓星
잔위,残胃
잔인,残忍
잔인무도,残忍无道
잔인성,残忍性
잔인화,残忍化
잔잔,潺潺
잔장,残障
잔재,残在; 残滓
잔적,残迹
잔존,残存
잔질,残疾
잔질인,残疾人
잔질인련합회,残疾人联合会
잔차,残差
잔천,残喘
잔치,残值
잔파,残破
잔편,残片
잔편단간,残编断简
잔폐,残废
잔폭,残暴
잔해,残骸; 残害
잔향,残响
잔혈,残页
잔혹,残酷
잔혹무정,残酷无情
잔혹성,残酷性
잔활,残敌
잘,囐; 乽
잠,潜; 暂; 赚; 蚕; 湛; 岑; 蘸; 箴; 簪; 涔; 昝; 臜; 賺; 暫; 潛
잠가화,岑佳华
잠강,潜江
잠강시,潜江市
잠견,蚕茧
잠계,岑溪
잠농,蚕农
잠능,潜能
잠대,暂代
잠대사,潜台词
잠덕지유광,潜德之幽光
잠도,潜逃
잠두,蚕豆; 赚头
잠력,潜力
잠로영일,暂劳永逸
잠료,蘸料
잠류,潜流
잠망경,潜望镜
잠보보,蚕宝宝
잠복,潜伏
잠복근무,潜伏勤务
잠복기,潜伏期
잠불리측,暂不离侧
잠사,蚕丝
잠산,潜山
잠상,潜商; 蚕桑
잠수,潜水
잠수복,潜水服
잠수부,潜水夫
잠수빙,潜水泵
잠수원,潜水员
잠수정,潜水艇
잠수함,潜水舰
잠시,暂时
잠시성,暂时性
잠시지,暂时地
잠식,蚕食
잠식당,蚕食当
잠실,蚕室
잠심,潜心
잠심연구,潜心研究
잠언,箴言
잠여,暂予
잠열,潜热
잠완,暂缓
잠용,蚕蛹
잠의신,潜意识
잠이묵화,潜移默化
잠입,潜入
잠자,簪子
잠자음,岑子吟
잠잠,潜潜; 涔涔
잠장,潜藏
잠재,潜在
잠재력,潜在力
잠재성,潜在性
잠재의식,潜在意识
잠재적,潜在的
잠적,潜寂; 潜迹
잠전,赚钱
잠정,暂定; 暂停; 潜艇
잠정적,暂定的
잠종,蚕种
잠종비적,潜踪秘迹
잠주,暂住
잠주정,暂住证
잠주지,暂住地
잠질,潜质
잠차,暂且
잠참,岑参
잠춘훤,岑春煊
잠취,赚取
잠행,潜行; 暂行
잠휴,潜亏
잡,卡; 杂; 币; 眨; 砸; 闸; 咔; 咂; 匝; 嘁; 霅; 襍; 雑; 韴; 譗; 雜
잡가,杂家; 卡可
잡각,卡壳
잡감,杂感
잡개,砸开
잡개묘,卡介苗
잡거,杂居
잡곡,杂谷
잡과매철,砸锅卖铁
잡괴,砸坏
잡교,杂交
잡교류,杂交瘤
잡교법,杂交法
잡교육종,杂交育种
잡교종,杂交种
잡구,卡具
잡귀,杂鬼
잡균,杂菌
잡극,杂剧
잡급직,杂给职
잡기,杂技; 杂记
잡기단,杂技团
잡나매소,卡那霉素
잡납사,卡纳斯
잡납와라,卡纳瓦罗
잡납유랍이,卡纳维拉尔
잡내,卡内
잡내기,卡内基
잡념,杂念
잡노,卡努
잡농,卡农
잡다,杂多
잡담,杂谈
잡답,杂沓
잡대,卡带
잡덕,卡德
잡덕라부,卡德罗夫
잡도,匝道
잡라,卡罗
잡라랍,卡罗拉
잡라래납주,卡罗莱纳州
잡라림,卡罗琳
잡라이,卡罗尔
잡락,卡洛
잡락사,卡洛斯
잡란,杂乱; 砸烂
잡란무장,杂乱无章
잡랍,卡拉
잡랍격,卡拉格
잡랍계기,卡拉季奇
잡랍기,卡拉奇
잡랍모,卡拉姆
잡랍몽,卡拉蒙
잡랍미,卡拉米
잡랍택,卡拉泽
잡래이,卡莱尔
잡량,杂粮
잡로,卡劳
잡로리,卡路里
잡륜,卡伦
잡륭,卡隆
잡리,卡利; 卡里; 卡莉
잡리극,卡里克
잡리막부,卡里莫夫
잡리아리,卡利亚里
잡림나,卡琳娜
잡마교,卡马乔
잡마랍,卡马拉
잡마서평,卡马西平
잡막랍내서,卡莫拉内西
잡만,卡曼
잡매녕,卡梅宁
잡매륜,卡梅伦
잡매륭,卡梅隆
잡매륵,卡迈勒
잡면,杂面
잡모,卡姆
잡모보십,卡姆普什
잡목,杂木
잡목림,杂木林
잡무,杂务
잡문,杂文; 卡门
잡물,杂物
잡미랍,卡米拉
잡밀,卡密
잡발자,卡脖子
잡방,卡方
잡백,卡伯
잡병,杂病
잡보,卡普
잡복,卡福
잡부,卡夫
잡부금,杂赋金; 杂赋金
잡부잡,卡夫卡
잡비,杂费
잡비랍,卡比拉
잡빈,卡宾
잡빈창,卡宾枪
잡사,杂事; 砸死; 杂耍; 卡斯
잡사말라부,卡斯帕罗夫
잡사특,卡斯特
잡사특라,卡斯特罗
잡살낙,卡萨诺
잡살포란잡,卡萨布兰卡
잡삼,卡森
잡상인,杂商人
잡새이,卡塞尔
잡색,杂色
잡서,卡西
잡서구,卡西欧
잡서리아사,卡西利亚斯
잡서아낙부,卡西亚诺夫
잡소리,卡苏里
잡쇄,砸碎; 杂碎
잡식,杂识; 卡式; 杂食
잡식성,杂食性
잡십,卡什
잡안,眨眼
잡안정,眨眼睛
잡역,杂役
잡역부,杂役夫
잡연,卡宴
잡옹체,卡翁达
잡와,卡瓦
잡와략,卡瓦略
잡유,杂糅
잡은,卡恩
잡음,杂音
잡이,卡尔
잡이가리,卡尔加里
잡이덕룡,卡尔德龙
잡이덕륭,卡尔德隆
잡이사,卡尔斯
잡이삼,卡尔森
잡이찰이,卡尔扎伊
잡이파랍,卡尔巴拉
잡이희,卡尔希
잡인,卡因
잡인배,杂人辈
잡자,卡子
잡잡,卡卡; 眨眨; 咂咂
잡잡안,眨眨眼
잡적랍극,卡迪拉克
잡정,卡丁
잡제,币制
잡종,杂种
잡주,卡住
잡지,杂志; 卡纸
잡지명,杂志名
잡지사,杂志社
잡지책,杂志册
잡직,杂职
잡질,杂质
잡차,卡车
잡찰부,卡察夫
잡찰비,卡扎菲
잡채,杂菜
잡척,卡尺
잡척층,杂尺层
잡체이,卡达尔
잡초,杂草
잡치,币值
잡칠잡팔,杂七杂八
잡탁보리,卡托普利
잡탑니아,卡塔尼亚
잡탑이,卡塔尔
잡탑이다합,卡塔尔多哈
잡탑이대,卡塔尔队
잡탑이반도전시대,卡塔尔半岛电视台
잡탕,杂汤
잡통,卡通
잡통편,卡通片
잡통화,卡通画
잡특,卡特
잡특리나,卡特里娜
잡특이,卡特尔
잡특피륵,卡特彼勒
잡파,眨巴; 砸破
잡파사기,卡巴斯基
잡파잡파,眨巴眨巴
잡패,杂牌
잡패군,杂牌军
잡패라,卡佩罗
잡편,卡片
잡편식,卡片式
잡품,杂品
잡피,杂皮
잡합자,杂合子
잡항,杂项
잡화,杂货
잡화상,杂货商
잡화점,杂货店
잡화포,杂货铺
잡활,杂活
잡회,杂烩
잡훼,砸毁
잡흠사기,卡钦斯基
잡희이,卡希尔
잣,㗯
장,长; 将; 场; 张; 装; 章; 状; 掌; 藏; 庄; 蒋; 墙; 奖; 障; 丈; 壮; 帐; 脏; 仗; 肠; 葬; 匠; 账; 杖; 桩; 浆; 妆; 桨; 酱; 璋; 赃; 漳; 蔷; 锵; 樟; 蟑; 臧; 瘴; 奘; 戕; 嶂; 樯; 苌; 鄣; 绱; 獐; 嫱; 幛; 嫜; 驵; 鐣; 躼; 鳉; 仉; 螀; 臓; 瞕; 麞; 粻; 鏱; 荘; 蹡; 粧; 艢; 蔁; 騿; 長; 場; 張; 將; 裝; 獎; 醬; 妝; 腸; 牆; 帳; 爿; 壯; 莊; 臟; 髒; 漿; 蔣; 奬; 墻; 賬
장가,长假; 庄家; 庄稼; 张家; 藏家; 蒋家; 张可; 长歌; 章家; 章轲; 装假; 壮歌; 张嘉
장가계,张家界
장가계시,张家界市
장가구,张家口
장가구시,张家口市
장가용,庄佳容
장가이,张可颐
장가인,庄稼人
장가지,庄稼地
장가한,庄稼汉
장가항,张家港
장가항시,张家港市
장가휘,张家辉
장각,墙角; 张恪; 墙脚; 长脚
장간,蒋干
장갈,长葛
장갑,掌匣; 装甲
장갑병,装甲兵
장갑사,装甲师
장갑차,装甲车
장강,长江; 张强; 张江; 场强; 张刚; 张钢; 长冈
장강고과,张江高科
장강구,长江口
장강대학,长江大学
장강로,长江路
장강삼각주,长江三角洲
장강삼각주지구,长江三角洲地区
장강삼협,长江三峡
장강상학원,长江商学院
장강의원,长江医院
장강일보,长江日报
장강작핵,装腔作势
장강정권유한책임공사,长江证券有限责任公司
장강후랑추전랑,长江后浪推前浪
장개,张开; 长个; 张凯
장개석,蒋介石
장개석집단,蒋介石集团
장개평,张改萍
장거,壮举; 壮擧
장거리,长距离
장거리포,长距离砲
장거봉,蒋巨峰
장거정,张居正
장건,张健; 张骞; 张謇; 张建; 壮健
장건강,张建强; 张健强
장건국,张建国; 蒋建国
장건군,张建军
장건량,张建良
장건민,张建民
장건성,张建成
장건신,张建新
장건평,张建平
장건화,张建华
장건훈,张建勋
장걸,张杰; 章杰
장검,长剑; 张剑
장견,张坚
장결,张洁
장결문,张洁雯
장결민,蒋洁敏
장겸,张谦
장경,场景; 张敬; 长庆; 长庚; 张庆; 蒋庆; 张劲
장경각,藏经阁
장경관,张警官
장경국,蒋经国
장경동,藏经洞
장경두,长镜头
장경려,张庆黎
장경록,长颈鹿
장경리,张经理
장경부,张劲夫
장경붕,张庆鹏
장경생,张竞生
장경송,张劲松
장경용,张景勇
장경위,张庆伟
장경조,肠梗阻
장경헌,张敬轩
장계,张启; 张继
장계강,张继钢
장계과,张继科
장계림,张桂林
장계막,肠系膜
장계방,张桂芳
장계월,章启月
장계취계,将计就计
장계화,庄继华
장고,藏库; 长考; 长裤; 庄股; 掌故
장고려,张高丽
장곡,场曲
장곤,张坤
장골,长骨; 掌骨
장공,掌控; 长空; 长工
장공보과,将功补过
장공속죄,将功赎罪
장공요,张功耀
장공자,掌控者; 张公子
장과,浆果
장과장,张科长
장관,壮观; 将官; 长官; 场馆; 赃款; 掌管; 肠管; 账款
장관리대,张冠李戴
장관비,长宽比
장관상,长官赏
장관실,长官室
장관이대,张冠李戴; 张冠李戴
장관직,长官职
장광,张狂
장광녕,张广宁
장광북,张光北
장광설,长广舌
장광천,张广天
장괘,张挂
장굉,张宏; 蒋宏
장굉곤,蒋宏坤
장굉위,蒋宏伟; 张宏伟
장교,将校; 长桥
장교수,张教授
장교장,张校长
장구,装具; 长久; 张口; 章丘; 章句; 长驱
장구결설,张口结舌
장구령,张九龄
장구시,章丘市
장구영,张欧影
장구지계,长久之计
장구지학,章句之学
장구직입,长驱直入
장국,张国
장국강,张国强
장국경,张国庆
장국도,张国焘
장국동,张国栋
장국량,张国良
장국립,张国立
장국보,张国宝
장국송,张国荣
장국장,张局长
장국정,张国政
장국준,张国俊
장국충,张国忠
장국평,张国平
장국화,张国华
장국휘,张国辉
장군,将军; 张军; 张君; 张群; 蒋军
장군두,将军肚
장군문,将军们
장군아,张君雅
장군추,张君秋
장권,掌权; 奖券; 长拳
장권자,掌权者
장궤,掌柜; 长跪
장균,张钧
장극가,臧克家
장극휘,张克辉
장근,将近; 墙根; 张勤; 张瑾
장근근,蒋勤勤
장근동,张近东
장근벌라,奖勤罚懒
장근석,张根硕; 张根锡
장금,奖金; 张琴; 张金; 壮锦
장금방,张锦芳
장금파,张金波
장급,长级; 奖级
장기,将棋; 脏器; 长技; 长期; 装机; 长崎; 张琦; 张琪; 瘴气; 墙基; 奖旗; 长机; 场记
장기간,长期间
장기공존,长期共存
장기국채,长期国债
장기대관,长期贷款
장기령,张起灵
장기성,长期性
장기수,长期囚
장기용량,装机容量
장기이언,长期而言
장기적,长期的
장기중,张纪中
장기채권,长期债券
장기현,长崎县
장기화,长期化
장길룡,张吉龙
장나,张娜
장남,长男; 张楠; 蒋南; 藏南; 张南
장남상,蒋南翔
장내,场内; 肠内
장내교역,场内交易
장내기,章乃器
장내내,张奶奶
장녀,长女
장녀사,张女士; 蒋女士; 章女士
장년,壮年; 长年
장년기,壮年期
장년루월,长年累月
장년층,壮年层
장녕,张宁; 长宁
장녕광장,长宁广场
장녕구,长宁区
장녕로,长宁路
장뇌,樟脑
장뇌환,樟脑丸
장닉,藏匿
장단,长短; 账单; 张丹; 张单
장단기,长短期
장단단,张旦旦
장단점,长短点
장담,壮谈; 壮胆
장대,壮大; 将台; 张大; 长大; 长队; 妆台
장대가,张大哥
장대낭,张大娘
장대년,张岱年
장대마,张大妈
장대민,张大民
장대부,张大夫
장대성인,长大成人
장대야,张大爷
장대위,蒋大为; 张大卫
장대인,张大人
장대장,张队长
장대저,张大姐
장대천,张大千
장덕강,张德江
장덕광,张德广
장덕군,张德军
장덕려,张德丽
장덕배,张德培
장도,壮途; 长度; 长途; 肠道; 张涛; 长岛; 张韬; 张图; 藏刀
장도발섭,长途跋涉
장도비,长途费
장도연,张导演
장도전화,长途电话
장도차,长途车
장독,杖毒
장독대,酱-台
장독소,肠毒素
장동,张东; 张彤; 张冬
장동건,张东健
장동량,张栋梁
장동서,脏东西
장동악,张东岳
장동준,张东峻
장동학,张同学
장두,墙头; 长头; 庄头
장두초,墙头草
장득추,长得丑
장등,掌灯
장등결채,张灯结彩
장라,张罗
장락,长乐; 张乐; 将乐
장락로,长乐路
장락시,长乐市
장란,脏乱; 张兰; 张澜
장란차,脏乱差
장람,张岚
장랑,蟑螂; 长廊; 张琅
장래,将来
장래성,将来性
장래시,将来时
장량,张良; 丈量; 张亮; 张量; 张梁
장량빈,张良宾
장려,壮丽; 奖励; 张丽; 张黎
장려금,奖励金; 奖励金
장려려,蒋黎黎
장려리,蒋丽莉
장려명,张黎明
장려책,奖励策
장려화,张丽华
장력,张力; 藏历
장력군,张力军
장련위,张连伟
장련진,张连珍
장렬,壮烈; 张烈
장령,将领; 将令; 长岭; 张玲; 张灵
장령문,将领们
장령보,张灵甫
장례,葬礼
장례복,葬礼服
장례식,葬礼式
장례일,葬礼日
장로,长老; 张璐; 张老; 装老; 张鲁
장로력,壮劳力
장로문,长老们
장로사,张老师; 蒋老师; 庄老师; 章老师
장로선생,张老先生
장로설,张璐雪
장로태,张老太
장로한,张老汉
장로회,长老会
장롱,欌笼
장롱작아,装聋作哑
장뢰,张磊; 张蕾; 张雷
장료,浆料; 装料
장룡,长龙; 张龙
장룡와호,藏龙卧虎
장률사,张律师
장릉,张凌; 长陵
장리,长利; 张莉; 张利
장림,张琳; 张林; 章琳
장립,张立
장립군,张立群
장립대명,长立待命
장립용,张立勇
장립창,张立昌
장마마,张妈妈
장막,帐幕; 浆膜
장막여신,杖莫如信
장만,装满
장만년,张万年
장만옥,张曼玉
장말,长袜
장망,张望; 张网
장매,张梅
장매영,张梅颖
장맹,张萌; 张猛
장면,场面; 账面; 长眠
장면장면,场面场面
장면화,场面话
장명,长命; 张明; 肠鸣; 张鸣; 张铭
장명기,章明基; 张鸣岐
장명등,长明灯
장명민,张明敏
장명백세,长命百岁
장모,丈母; 张某; 长毛; 长矛; 蒋某; 庄某; 章某; 张茅
장모낭,丈母娘
장모모,张某某
장모융,长毛绒
장모작양,装模作样
장모토,长毛兔
장모풍,张慕枫
장목,账目; 樟木; 张目
장목전,长木廛
장묘,壮苗
장무,账务; 长武; 张武; 章武
장무기,张无忌
장묵,张默
장문,长文; 掌门; 张文; 掌纹; 长门; 藏文
장문경,张文卿
장문괴,张文魁
장문기,章文琪
장문동,张文东
장문려,蒋雯丽
장문문,蒋文文
장문백,张文伯
장문쇠,张文钊
장문수,张文秀
장문악,张文岳
장문영,张文英
장문인,掌门人
장문중,张文中
장문천,张闻天
장문화,藏文化
장물,赃物
장미,蔷薇; 壮美; 张薇
장미과,蔷薇科
장미나,张美娜
장미려,张美丽
장미반,蔷薇班
장미원,蔷薇园
장민,张敏; 藏民; 张民
장밀,藏密
장밋,蔷薇
장박,张博
장박사,张博士
장박학,张博学
장반,长胖
장발,长发
장방,张榜; 长方; 账房; 帐房; 张方; 长房; 张芳; 张放; 庄芳
장방분,长方体
장방형,长方形
장배,奖杯; 装配; 长辈
장배문,长辈们
장배선,装配线
장백,长白
장백균,章伯钧
장백령,张伯苓
장백륜,张伯伦
장백리,蒋百里
장백산,长白山
장백원,张百元
장백지,张柏芝
장범,张帆; 张凡
장법,章法
장벽,障壁; 墙壁
장변,场边
장별,长别
장병,将兵; 装病; 脏病; 张兵
장보,墙报; 张宝; 张保
장보경,张保庆
장보도,藏宝图
장보순,张宝顺
장보전,张宝全
장보춘,张保春
장보평,张保平
장본,账本
장본인,张本人
장봉,帐篷; 张锋; 藏锋
장부,丈夫; 帐簿; 脏腑; 账簿
장부개,张不开
장부우민,藏富于民
장부인,张夫人
장부장,张部长
장북,藏北; 张北
장북녕,庄北宁
장분,装扮
장붕,张鹏
장붕상,张鹏翔
장비,装备; 张飞; 场费; 张菲; 张非
장비군령,张飞军令
장비원,长臂猿
장빈,张斌; 张彬; 张滨
장빙,张冰
장사,壮士; 葬事; 长沙; 将士; 装傻; 装卸; 装死; 长丝; 藏私
장사경,张思卿
장사공,装卸工
장사단완,壮士断腕
장사덕,张思德
장사리공대학,长沙理工大学
장사만보,长沙晚报
장사문,将士们
장사부,张师傅
장사새구,长沙赛区
장사성,长沙城; 张士诚
장사쇠,章士钊
장사시,长沙市
장사시공안국,长沙市公安局
장사시위,长沙市委
장사제,张思齐
장사지구,长沙地区
장사진,长蛇阵
장사참,长沙站
장사충릉,装傻充愣
장사평,张思平
장사현,长沙县
장사화차참,长沙火车站
장삭,张烁
장산,装蒜
장산적,酱散炙; 酱散炙
장삼,长衫
장삼각,长三角
장삼이사,张三李四; 张三李四
장삼풍,张三丰
장상,长相; 奖状; 奖赏; 装箱; 张翔; 张爽
장상명주,掌上明珠
장상시수,长相厮守
장상자,将伤者
장상전장,掌上煎酱
장색,匠色; 酱色
장생,长生; 张生
장생기,张生记
장생부로,长生不老
장생부사,长生不死
장생불사,长生不死
장서,藏书; 张瑞; 张舒; 张曙
장서광,张曙光
장서군,张舒君
장서기,张书记; 章书记
장서민,张瑞敏
장서방,张瑞芳
장서희,张瑞希
장석,张石; 长石
장석명,张锡铭
장석배,蒋锡培
장석운근,匠石运斤
장선,长线; 装船; 张璇; 张先; 肠腺
장선기,庄璇玑
장선량,装船量
장선생,张先生; 蒋先生; 章先生; 庄先生
장선운,蒋先云
장설,张雪; 装设; 长舌
장설매,张雪梅
장설부,长舌妇
장섭림,张燮林
장성,将星; 长城; 长成; 掌声; 张成; 张诚; 张盛
장성공사,长城公司
장성뢰동,掌声雷动
장성반점,长城饭店
장성부쇠,长盛不衰
장성생,张醒生
장성수,张星秀
장성일,长圣日
장성잡,长城卡
장성정권유한책임공사,长城证券有限责任公司
장성집단,长城集团
장성참,长城站
장세,场税; 浆洗
장세걸,张世杰
장세포,浆细胞
장소,场所; 长啸; 张笑; 张昭
장소강,张绍刚
장소걸,张小杰
장소군,张小军
장소길,张小吉
장소녕,张小宁
장소룡,张小龙
장소림,张啸林
장소연,张小燕
장소영,张小英
장소우,张少宇; 张小虞
장소웅,张昭雄
장소장,张所长
장소저,张小姐; 蒋小姐
장소중,张召重
장소천,张小泉; 张小川
장소충,张召忠
장소평,张小平
장소한,张小娴
장소함,张韶涵
장소혜,章小蕙
장속,装束
장손,长孙
장송,葬送; 张松
장송곡,葬送曲
장송곤,张荣坤
장송공,张荣恭
장송도,张松涛
장수,将帅; 张数; 装修; 长寿; 长袖; 樟树; 脏水; 张帅; 奖售; 脏手
장수강,张守刚
장수구,长寿区
장수비,装修费
장수선무,长袖善舞
장수시,樟树市
장수영,张秀英
장수진,张秀珍
장숙숙,张叔叔
장숙평,张叔平
장순,长顺; 张顺
장순여,张纯如
장순현,长顺县
장승,张胜
장승지,张承志
장승평,张胜平
장시,场市; 长时; 长诗
장시간,长时间
장시아,张是我
장시장,张市长
장식,装饰; 将息
장식문,装饰文
장식물,装饰物
장식상,装饰商
장식선,装饰线
장식성,装饰性; 装饰城
장식업,装饰业
장식욕,装饰欲
장식적,装饰的
장식포,装饰布
장식품,装饰品
장신,长身; 藏身; 葬身; 张晨; 张新
장신광,张晨光
장신구,装身具
장신량,张新亮
장신롱귀,装神弄鬼
장신민,张新民
장신보,张新宝
장신승,章新胜
장신장의,将信将疑
장신점,长辛店
장신철,张信哲
장신풍,张新枫
장신흔,张辛昕
장실,壮实
장심,掌心; 匠心
장심독구,匠心独具
장심독운,匠心独运
장심뢰,张心磊
장심비심,将心比心
장심일,庄心一
장씨,张氏; 蒋氏; 章氏
장아,长牙; 张雅
장아근,张亚勤
장아동,张亚东
장아림,张亚林
장아무조,张牙舞爪
장아문,张亚雯
장아비,张亚飞
장아이,张阿姨
장악,掌握
장악력,掌握力
장안,长安
장안가,长安街
장안구,长安区
장안기차집단,长安汽车集团
장안대학,长安大学
장안로,长安路
장안법,障眼法
장안성,长安城
장안진,长安镇
장안집단,长安集团
장암,肠癌
장애,障碍
장애가,张艾嘉
장애령,张爱玲
장애물,障碍物
장애새,障碍赛
장애성,障碍性
장애아,障碍儿
장애인,障碍人
장애자,障碍者
장애적,障碍的
장애평,张爱萍
장액,浆液; 张掖; 肠液
장액성,浆液性
장액시,张掖市
장야,长夜
장야만만,长夜漫漫
장약,藏药; 张跃
장약업,藏药业
장양,张扬; 壮阳; 长阳; 张杨
장양자,装样子
장어,长鱼; 章鱼; 藏语
장언흠,蒋彦鑫
장엄,庄严
장엄감,庄严感
장엄숙목,庄严肃穆
장여경,张汝京
장여룡,张如龙
장연,张燕; 张妍; 张娟; 张然; 张延
장연교,蒋燕皎
장연생,张燕生
장연연,张燕燕
장연우,张然羽
장연휘,张燕辉
장열,张悦
장열연,张悦然
장염,肠炎; 张艳; 张炎
장염여,张艳茹
장영,张颖; 长影; 张莹; 张英; 张影; 张永
장영생,张永生
장영해,张永海
장영흥,张永兴
장예,张锐; 张睿; 张蕊; 张艺
장예모,张艺谋
장오,藏獒; 脏污
장오납구,藏污纳垢
장옥,张钰; 张玉
장옥근,张玉芹
장옥금,张玉琴
장옥녕,张玉宁
장옥량,张玉良
장옥순,张玉舜
장옥호,张玉虎
장옥화,张玉华
장완,蒋琬
장왕,藏王
장외,场外
장외교역,场外交易
장요,将要; 张瑶
장요곤,张耀坤
장용,张勇; 蒋勇
장용군,张勇军
장용명,张榕明
장용방,张蓉芳
장우,长叹; 长于; 张宇; 张羽; 庄羽; 张雨
장우기,张雨绮
장우단우,长吁短叹
장우벌렬,奖优罚劣
장우생,张雨生
장우일성,长叹一声
장우첨,张友添
장우혁,张佑赫
장욱,张旭
장욱광,张旭光
장욱동,张旭东
장운,装运; 张云
장운경,张芸京
장운룡,张云龙
장운비,张云飞
장운송,张云松
장운일,张云逸
장운천,张云泉
장운풍,张云风
장웅,张雄
장원,壮元; 庄园; 长远; 张元; 庄院; 场院; 庄员; 长垣
장원성,长远性
장원장,张院长
장원주,壮元䌷
장원지계,长远之计
장월,张越
장월홍,张越红
장위,肠胃; 张伟; 张炜; 张玮; 张卫; 张威; 张为
장위건,张卫健
장위국,蒋纬国
장위성,张卫星
장위염,肠胃炎
장위원장,蒋委员长
장위평,张伟平; 张卫平
장유,酱油; 张裕; 张维; 张瑜; 长幼; 张柔
장유경,张维庆
장유영,张维迎
장유유서,长幼有序
장유집단,张裕集团
장육,酱肉
장육군,张育军
장육비,张育菲
장윤,张允
장은조,张恩照
장은화,张恩华
장을,张乙
장읍,长揖
장응,张鹰
장의,葬仪; 仗义; 张毅; 长椅; 藏医; 张仪; 肠衣; 脏衣
장의생,张医生
장의집언,仗义执言
장이,张弛; 张怡; 蒋怡
장이녕,张怡宁
장이론,场理论; 场理论
장이무,张颐武
장이인,张二人
장이임,蒋以任
장이화상모부착두뇌,丈二和尚摸不着头脑
장익,张翼
장인,丈人; 匠人; 张茵; 掌印; 张寅; 张引
장일,张一
장일백,张一白
장일장,场一场
장일지,长一智
장임,张任
장입,装入
장자,长子; 庄子; 长者; 场子; 酱紫; 肠子; 脏字; 獐子; 帐子; 桩子
장자신,张自新
장자이,章子怡
장자초,张子初
장자충,张自忠
장자화,张子华
장작,长斫; 装作; 掌勺
장작림,张作霖
장장,长长; 奖章; 场场; 张张; 脏脏; 张庄
장장군,张将军
장장단단,长长短短
장장지,长长地
장재,装载; 将才; 壮哉
장재기,装载机
장재량,装载量
장재외,将在外
장적,长笛; 张迪
장전,装填; 装塡; 张全; 章隽
장전경,张全景
장전불교,藏传佛教
장절,章节
장점,长点; 装点
장점구,张店区
장점련,肠粘连
장점막,肠粘膜
장점문면,装点门面
장정,壮丁; 长程; 长征; 章程; 装订; 张静; 装帧; 张晶; 长汀; 张婷; 长亭; 张挺; 张鼎
장정미,张精美
장정여,张静茹
장정영,张靓颖
장정옥,张廷玉
장정요,张靖瑶
장정원,张定远
장정의원,长征医院
장정정,蒋婷婷; 张婷婷
장정지,蒋定之
장정초,张静初
장정현,长汀县
장정화,蒋正华
장정흔,张靖欣
장제,张济
장조,长调; 张照
장조양,张朝阳
장조인,张祖仁
장조체,张肇达
장족,藏族; 长足; 壮族
장족진전,长足进展
장존,长存
장종당,张宗堂
장종서,张宗绪
장종창,张宗昌
장좌,将佐
장좌기,张左己
장좌불와,长坐不卧; 长坐不卧
장주,漳州; 长驻; 庄周
장주기,长周期
장주도,长洲岛
장주시,漳州市
장주임,张主任
장주지몽,庄周之梦
장죽,长竹
장준,张俊; 张浚
장준녕,张峻宁
장준생,张浚生
장준웅,张俊雄
장중,庄重
장중경,张仲景
장중득실,场中得失
장중보옥,掌中宝玉
장중위,张中伟
장중정,蒋中正
장중평,张仲平
장지,葬地; 场地; 墙纸; 张之; 壮志; 张志; 场址; 张智
장지강,张志刚; 张志强
장지견,张志坚
장지군,张志军
장지량,张之亮
장지릉,张志凌
장지릉운,壮志凌云
장지림,张智霖
장지명,张志明
장지문,障-门
장지미수,壮志未酬
장지봉,张志峰
장지비,场地费
장지상,张志祥
장지새,场地赛
장지성,张智成
장지신,张志新
장지연,庄智渊
장지용,张志勇
장지접,庄之蝶
장진,装进; 长进; 张震; 张进; 张晋; 藏珍
장진악,张震岳
장진우,张振宇
장징,奖惩
장차,将次; 欌车; 场次; 装车
장차관,长次官
장차이왕,长此以往
장착,装着
장착취착,将错就错
장창,长枪
장창평,张昌平
장채,酱菜
장책,帐册; 长策; 账册
장처,长处
장처장,张处长
장처전,庄处田
장천,长天; 张茜; 张倩; 蒋川
장천령,张泉灵
장천보,张天宝
장천삭,臧天朔
장천우,张天佑
장철,张哲
장철림,张铁林
장첩,张贴; 张捷
장청,长青; 长清; 藏青; 张清; 张青
장청구,长清区
장청란,张清兰
장청청,张晴晴
장체,长达; 浆砌
장초,张超
장초격,张楚格
장초량,蒋超良
장초릉,张楚凌
장초영,蒋超英
장총,张总
장추방,张秋芳
장축영,蒋筑英
장춘,长春; 张春
장춘강,张春江
장춘교,张春桥
장춘대,长春队
장춘생,张春生
장춘시,长春市
장춘시공안국,长春市公安局
장춘아태대,长春亚泰队
장춘연,张春燕
장춘전영제편창,长春电影制片厂
장춘참,长春站
장춘현,张春贤
장춘화,张春华
장충,张冲; 张忠
장충모,张忠谋
장충하,张忠霞
장취,将就; 张嘴; 掌嘴
장취불성,长醉不醒
장취산,张翠山
장치,装置; 长治; 张驰
장치구안,长治久安
장치시,长治市
장치적,装置的
장치중,张治中
장칙동,庄则栋
장침대금,长枕大衾
장쾌,壮快
장타,长打; 掌舵
장타율,长打率; 长打率
장탁,张铎
장탁원,张卓元
장탄도,长滩岛
장탄식,长叹息
장태,长泰
장태릉,张太凌
장태염,章太炎
장태일,张太一
장태태,张太太
장태현,长泰县
장토,庄土
장통부여단통,长痛不如短痛
장퇴,长腿
장투첩,肠套叠
장파,长波; 张波
장판,壮版
장판방,壮版房
장판지,壮版纸
장판파,长坂坡
장패,奖牌
장패문,张佩文
장팽룡,蒋澎龙
장편,长篇
장편대론,长篇大论
장편소설,长篇小说
장평,张萍; 张平; 漳平; 蒋平; 场坪
장평시,漳平市
장포,长跑; 长袍; 漳浦; 藏胞
장포현,漳浦县
장표,装裱; 张彪
장품,奖品; 藏品
장풍,藏风; 长丰
장풍매사,装疯卖傻
장풍의,张丰毅
장풍현,长丰县
장피,墙皮
장필현,张毕玄
장하,长河; 长夏; 庄河; 漳河; 张霞
장하시,庄河市
장학,奖学; 藏学; 张学
장학과,奖学课
장학관,奖学官
장학군,张学军
장학금,奖学金; 奖学金
장학동,张学冬
장학량,张学良
장학빈,张学斌
장학사,奖学士
장학생,奖学生
장학성,章学诚
장학우,张学友
장학충,张学忠
장학회,奖学会
장한,壮汉; 张寒; 张娴
장한부,章汉夫
장함,张晗; 张涵
장함여,张涵予
장함운,张含韵
장합,场合
장합조,张合照
장항,酱缸; 张恒; 长航; 张航
장항집단,长航集团
장항항,张抗抗
장해,障害; 张海; 长海; 戕害
장해낙,张海诺
장해도,张海涛
장해려,张海丽
장해봉,张海峰
장해약,张奚若
장해의원,长海医院
장해적,张海迪
장해파,张海波
장해현,长海县
장핵,长势; 仗势
장핵기인,仗势欺人
장행,壮行
장향,藏香
장향동,张向东
장허,张栩
장헌,张宪
장헌충,张献忠
장혁,张焱; 张奕
장현,张显
장현광,张显光
장현량,张贤亮
장현승,张贤胜
장현요,张显耀
장형,长兄; 张衡
장형여,张馨予
장혜,张惠; 张慧; 张蕙
장혜매,张惠妹
장혜혜,脏兮兮
장호,帐号; 账户; 账号; 张好; 张昊; 张浩; 浆糊; 长号; 庄户; 张虎; 张皓
장호도,装糊涂
장호자,长胡子
장호천,张浩天
장홍,长虹; 张红; 张弘; 张鸿; 张洪
장홍공사,长虹公司
장홍균,张洪钧
장홍도,张洪涛
장홍량,张洪量
장홍범,张弘范
장홍집단,长虹集团
장홍화,藏红花
장화,长靴; 脏话; 张华; 装货; 长话; 章桦; 章和
장화단설,长话短说
장화민,张和民
장화평,张和平
장화헌,张华轩
장활,壮阔
장황,张皇; 装潢
장회,将会
장회격렬,壮怀激烈
장회서,张怀西
장회청,庄怀青
장효,张晓
장효강,张晓强; 张晓刚
장효광,张晓光
장효니,张晓妮
장효동,张晓东
장효매,张晓梅
장효문,张晓文
장효민,张晓敏
장효봉,蒋晓峰
장효빈,张晓彬
장효서,张效瑞
장효송,张晓松
장효신,张晓晨
장효엄,蒋孝严; 章孝严
장효우,蒋效愚; 张孝友
장효응,场效应
장후,张煦
장훈,张勋; 蒋勋
장훼,长虫
장휘,张辉; 张晖
장흔,张欣; 蒋欣
장흠,张鑫
장흥,长兴
장흥권,蒋兴权
장흥도,长兴岛
장흥현,长兴县
장희,藏戏; 张希; 张曦
재,在; 才; 再; 财; 材; 载; 裁; 灾; 宰; 栽; 斋; 哉; 崽; 梓; 滓; 龇; 赍; 菑; 縡; 酨; 賳; 財; 載; 災; 齋
재가,再嫁; 在家; 裁可
재가동,再稼动
재가열,再加热
재가재무,载歌载舞
재간,才干
재감,裁减
재감염,再感染
재강,在岗
재개,再开
재개발,再开发
재개정,再改正
재객,载客; 宰客
재객량,载客量
재거주,再居住
재건,再建; 在建
재검사,再检查
재검토,再检讨
재겁난도,在劫难逃
재격돌,再激突
재견,再见
재결,裁决
재결과,再结果
재결성,再结成
재결합,再结合
재경,财经
재경계,财经界
재경류,财经类
재계,财界; 斋戒
재계동,再启动
재계약,再契约
재고,再考; 在库
재고량,在库量
재고팔투,才高八斗
재공개,再公开
재공연,再公演
재교,在教
재교생,在校生
재교육,再教育
재구,灾区
재구매,再购买
재구성,再构成
재구축,再构筑
재군,裁军
재권,财权
재규정,再规定
재근두,栽跟头
재기,再起; 才气; 财气
재기습,再奇袭
재난,灾难
재난성,灾难性
재난심중,灾难深重
재내,在内
재녀,才女
재년,灾年
재녹음,再录音
재능,才能
재단,裁断; 财团
재단반,裁断班
재단법인,财团法人
재담,才谈
재당,在堂; 斋堂
재대기조,财大气粗
재덕겸비,才德兼备
재도,再度; 在逃; 栽倒; 在途; 载道
재도발,再挑发
재도약,再跳跃
재도전,再挑战
재독,在独
재돌입,再突入
재동,梓潼
재등록,再登录
재등장,再登场
재래,再来; 在来
재래극,在来剧
재래선,在来线
재래시장,在来市场
재래식,在来式
재래일차,再来一次
재래종,在来种
재략,才略
재량,裁量
재량권,裁量权
재력,财力; 才力
재력가,财力家
재로,财路
재론,再论
재롱,才弄
재료,材料
재료과학,材料科学
재료량,材料量
재료력학,材料力学
재료류,材料类
재료비,材料费
재료창,材料厂
재료학과,材料学科
재리,在理
재림,再临
재립신공,再立新功
재망,在望; 载网
재모,才貌
재모쌍전,才貌双全
재모집기,在募集期
재목,材木
재무,财务; 财贸
재무감독,财务监督
재무사,财务司
재무장,再武装
재무제표,财务诸表
재문,再问; 载文
재물,财物
재미,在美; 财迷
재민,灾民
재민문,灾民们
재반,斋饭
재발,再发
재발견,再发见
재발탁,再拔擢
재방,在旁; 在帮
재방송,再放送
재배,栽培
재배지,栽培地
재배치,再配置
재백,财帛
재벌,财阀
재벌가,财阀家
재범,再犯
재변,灾变
재보,财宝
재복,财福
재봉,裁缝
재봉점,裁缝店
재부,财富; 再不
재분,载体; 才分
재분류,再分类
재분배,再分配
재빈,载频
재사,才思
재사민첩,才思敏捷
재사용,再使用
재산,财产; 才算
재산가,财产家
재산권,财产权
재산성,财产性
재산세,财产税
재산세국,财产税局
재산세율,财产税率; 财产税率
재산소계,财产关系
재산제,财产制
재산형,财产刑
재살,宰杀
재삼,再三
재삽,栽插
재상,宰相
재상기,在上期
재상두리능탱선,宰相肚里能撑船
재생,再生
재생능원,再生能源
재생능원법,再生能源法
재생도,再生稻
재생부,再生部
재생산,再生产
재생산적,再生产的
재생성,再生性
재생수,再生水
재생용품,再生用品
재생적,再生的
재생절,宰牲节
재생지은,再生之恩
재생창,再生厂
재생효,再生胶
재선,再选; 在线; 在先
재선거,再选举; 再选擧
재선상점,在线商店
재설,再说
재설계,再设计
재성,灾星
재성장,再成长
재세,在世; 财税
재세계,在世界
재소난면,在所难免
재소부사,在所不辞
재소부석,在所不惜
재소자,在所者
재소학천,才疏学浅
재소환,再召唤
재소환장,再召唤状; 再召唤狀
재수,再修; 财数; 在数; 栽树
재수사,再搜查
재수생,再修生
재수생반,再修生班
재순환,再循环
재승격,再升格
재승덕박,才胜德薄
재시,才是
재식,栽植; 再植
재신,财神; 才识
재신야,财神爷
재심,再审; 在心
재심사,再审查
재아,龇牙
재아렬취,龇牙咧嘴
재악,在握
재안,在案
재압,在押
재압범,在押犯
재앙,灾殃; 栽秧
재야,在野
재야당,在野党
재야몰유,再也没有
재야부회,再也不会
재야인사,在野人士
재업계,在业界
재연,再演; 再燃
재연기,再延期
재연장새,在延长赛
재예,才艺; 载誉
재외,在外
재외형,在外型
재용,财用
재우,在于
재운,财运; 载运
재운형통,财运亨通
재원,才媛; 财源; 裁员; 财院
재월,斋月
재위,在位
재음미,再吟味
재의,再议; 在意
재의뢰,再依赖
재이삼,再而三
재이용,再利用; 再利用
재인,才人; 宰人
재인식,再认识
재일,在日
재임,在任
재임용,再任用
재임용제,再任用制
재입,载入
재입국,再入国
재입성,再入城
재입학,再入学
재자,再者; 才子; 崽子
재자가인,才子佳人
재자다병,才子多病
재자문,崽子们
재작년,再昨年
재장,在场; 财长; 栽赃
재장문,财长们
재장악,再掌握
재장자,在场者
재재작년,再再昨年
재적,材积
재전,在前; 裁剪
재점,载点
재점검,再点检
재접근,再接近
재접재려,再接再厉
재정,裁定; 财政; 灾情; 才情
재정국,财政局
재정국장,财政局长
재정난,财政难
재정년도,财政年度
재정돈,再整顿
재정리,再整理
재정립,再正立
재정보첩,财政补贴
재정부,财政部
재정부장,财政部长
재정분제,财政体制
재정비,再整备
재정성,财政性
재정수입,财政收入
재정위기,财政危机
재정자금,财政资金
재정적,财政的
재정적자,财政赤字
재정청,财政厅
재정학,财政学
재조,再造; 在早
재조립,再组立
재조명,再照明
재조비,载噪比
재조사,再调查
재조율,再调律; 再调律
재조정,再调整
재조직,再组织
재조합,再组合
재종,栽种
재종조모,再从祖母
재종조부,再从祖父
재좌,在座
재주,财主; 斋主
재중,在中; 载重
재중량,载重量
재즉,在即
재지,在地; 才智
재지적,在地的
재지층,在地层
재직,在职
재직권,在职权
재질,才质; 材质
재집권,再执权
재차,再次; 在此
재차류,在此类
재차일거,在此一举
재차지전,在此之前
재차지후,在此之后
재창작,再创作
재창조,再创造
재채혈,再采血
재책,在册
재처리,再处理
재천명,再阐明
재천지령,在天之灵
재철,裁撤
재첩현,再贴现
재촉구,再促求
재촌탈농,在村脱农
재촬영,再撮影
재출발,再出发
재충,再充
재측정,再测定
재치,才致
재칙,再则
재타협,再妥协
재탄생,再诞生
재탈환,再夺还
재탕,再汤
재통률,再通率
재통일,再统一
재통합,再统合
재투입,再投入
재투자,再投资
재투표,再投票
재파,载波
재파편,载玻片
재판,再版; 裁判
재판관,裁判官
재판권,裁判权
재판문,裁判们
재판부,裁判部
재판석,裁判席
재판소,裁判所
재판식,裁判式
재판원,裁判员
재판장,裁判长
재판정,裁判廷
재편,再编; 在编
재편성,再编成
재편입,再编入
재평가,再评价
재하,在下; 载荷
재학,在学; 才学
재학생,在学生
재학식삼장,才学识三长
재할,宰割
재항고,再抗告
재해,灾害
재해석,再解释
재해성,灾害性
재해직,再解职
재핵,财势
재행,在行; 再行
재현,再现
재형,财形
재형저축,财形贮蓄
재호,在乎
재혼,再婚
재화,财货; 才华; 载货; 灾祸
재화출중,才华出众
재화횡일,才华横溢
재확립,再确立
재확인,再确认
재활,再活
재활성화,再活性化
재활용,再活用
재활용품,再活用品
재활원,再活院
재활원장,再活院长
재황,灾荒
재회,再会; 财会
재회동,再会同
재회인원,财会人员
쟁,争; 挣; 趟; 铮; 筝; 瞠; 狰; 铛; 诤; 鎗; 峥; 噌; 䦶; 鏿; 碀; 爭; 掙
쟁강,争强
쟁강호승,争强好胜
쟁광,争光
쟁구,争购
쟁구기,争口气
쟁권탈리,争权夺利
쟁기,争气
쟁기투염,争奇斗艳
쟁단,争端
쟁론,争论
쟁론부휴,争论不休
쟁명,争鸣
쟁명탈리,争名夺利
쟁반,铮盘
쟁변,争辩
쟁분탈초,争分夺秒
쟁상,争相
쟁선,争先
쟁선공후,争先恐后
쟁승,争胜
쟁염,争艳
쟁영,狰狞; 峥嵘
쟁영면목,狰狞面目
쟁영세월,峥嵘岁月
쟁우,争优; 诤友
쟁웅,争雄
쟁위,争委
쟁의,争议
쟁의권,争议权
쟁의성,争议性
쟁쟁,铮铮
쟁전,挣钱; 争战
쟁점,争点
쟁점화,争点化
쟁지,争持
쟁집,争执
쟁집부하,争执不下
쟁찰,挣扎
쟁창,争抢; 争创
쟁초,争吵
쟁초부휴,争吵不休
쟁총,争宠
쟁취,争取
쟁탈,争夺; 挣脱
쟁탈자,争夺者
쟁탈전,争夺战
쟁투,争斗
쟁패,争覇; 争霸
쟁패새,争霸赛
쟁패전,争霸战
쟁풍흘초,争风吃醋
저,这; 底; 低; 著; 姐; 宁; 诸; 抵; 储; 猪; 贮; 沮; 诅; 邸; 躇; 咀; 狙; 褚; 泞; 伫; 疽; 蛆; 柠; 氐; 诋; 杵; 趄; 骶; 渚; 杼; 龃; 箸; 柢; 潴; 雎; 苎; 苴; 樗; 菹; 滁; 禇; 楮; 橥; 翥; 槠; 羝; 纻; 菧; 袓; 袛; 觝; 𬣞; 陼; 聜; 豠; 羜; 罝; 蠩; 軧; 篨; 豬; 這; 儲; 詛
저가,低价; 底价
저가격,低价格
저가고,低价股
저가위,低价位
저가품,低价品
저각,猪脚; 底角
저간,这间; 猪肝
저감,低减
저개,这个; 低开
저개고주,低开高走
저개발,低开发
저격,狙击
저격당,狙击当
저격리사하,底格里斯河
저격범,狙击犯
저격수,狙击手
저고,低估; 底稿
저곡,低谷
저곡가,低谷价
저곡기,低谷期
저골,骶骨
저공,低空; 底孔
저공모,低功耗
저공비행,低空飞行
저공자,低工资
저공해,低公害
저관,这款
저구부여,猪狗不如
저군,储君
저권,猪圈
저근,抵近
저금,贮金; 贮金; 储金
저금통,贮金筒; 贮金筒
저금통장,贮金通帐; 贮金通帐
저급,低级
저급취미,低级趣味
저기,底气
저기관,储气罐
저기압,低气压
저기압권,低气压圈
저기압부,低气压部
저년,猪年
저년급,低年级
저농도,低浓度
저농산물,低农产物
저농산품,低农产品
저농약,低农药
저능,低能; 储能
저능모,低能耗
저능아,低能儿
저단백,低蛋白
저당,抵当; 抵挡; 低档; 低糖
저당차,低档次
저돌성,猪突性
저두,低头; 猪头
저두육,猪头肉
저두평신,低头平身
저등,这等; 低等
저라,猪猡
저락,低落
저량,储量
저력,底力
저력지재,樗栎之材
저렬,低劣
저렴,低廉
저령,猪苓
저록,著录
저뢰,抵赖
저류,潴留; 低硫; 底流
저리,低利; 这里
저리률,低利率
저리윤,低利润
저립,伫立
저마,这么; 苎麻
저마사,这么些
저마양,这么样
저마점아,这么点儿
저마착,这么着
저매,姐妹
저매량,姐妹俩
저매문,姐妹们
저면,底面
저명,著名
저명인사,著名人士
저모,低耗
저몽,柠檬
저몽산,柠檬酸
저몽수,柠檬水
저몽차,柠檬茶
저문아,姐们儿
저물,底物
저미,低迷; 低微; 低眉
저미순안,低眉顺眼
저반,底盘; 这般
저배,猪排
저번,这番
저변,底边; 这边
저변층,底边层
저보령,褚葆龄
저본,底本
저부,姐夫
저부상,抵不上
저부주,抵不住
저비,储备; 底肥; 贮备
저비량,储备粮; 储备量
저비용,低费用
저비은행,储备银行
저빈,低频
저사,这些; 猪舍; 底斯
저산,低产
저산성,低山性
저산소,低酸素
저산소증,低酸素症
저산출,低产出
저삼하사,低三下四
저상,沮丧; 抵偿
저색,底色
저서,著书
저서립설,著书立说
저서성,底栖性
저선,底线
저성,低声
저성본,低成本
저성장,低成长
저성하기,低声下气
저세,底细
저소,抵消
저소득,低所得
저소득층,低所得层
저소모,低消耗
저소비,低消费
저속,低俗; 低速
저속화,低俗化
저수,贮水; 低垂; 底数
저수량,贮水量; 褚遂良
저수입,低收入
저수입자,低收入者
저수지,贮水池
저수평,低水平
저수하심,低首下心
저술,著述
저술가,著述家
저시,这是; 这时
저시후,这时候
저식,低息; 猪食
저신,底薪; 低薪
저신염,储信艳
저아,这儿; 姐儿
저안평,储安平
저안화,邸安和
저압,抵押; 低压
저압금,抵押金
저압조,低压槽
저압품,抵押品
저액,低额
저양,这样; 低氧
저양혈,低氧血
저어,抵御; 低语; 龃龉
저열,低劣; 低劣; 低热
저예산,低豫算
저오염,低汚染
저온,低温; 底蕴; 猪瘟
저와,低洼
저왜,低矮
저우,低于
저운,储运; 贮运
저운봉,褚云峰
저위,低位; 这位
저위도,低纬度
저유,猪油; 储油; 低幼
저유관,储油罐
저유소,贮油所
저유지,贮油地
저육,猪肉
저음,低音; 低吟
저음계,低音阶
저음천창,低吟浅唱
저의,底意
저인일등,低人一等
저일,这一
저임,低赁
저임금,低赁金; 低赁金
저자,著者; 底子; 猪仔
저자세,低姿势
저자태,低姿态
저작,著作; 咀嚼
저작권,著作权
저작권법,著作权法
저작권성,著作权性
저작권자,著作权者
저작물,著作物
저작물성,著作物性
저작자,著作者
저장,贮藏; 储藏; 猪场
저장고,贮藏库
저장량,储藏量
저장법,贮藏法
저장성,贮藏性
저장소,贮藏所
저장실,储藏室
저장판,贮藏板
저저,姐姐; 低低
저저문,姐姐们
저점,低点
저제,抵制; 姐弟; 猪蹄
저조,低调; 低潮
저조금,低租金
저조기,低潮期
저조성,低噪声
저존,储存; 贮存
저존량,储存量
저종,这种; 猪鬃
저좌,底座
저주,纻䌷; 诅咒; 诅呪; 滁州
저주가,低株价
저주시,滁州市
저준위,低准位
저지,低地; 沮止; 低脂; 猪只
저지대,低地带
저지방,低脂肪
저지상,低智商
저지선,沮止线
저질,低质; 底质
저질량,低质量
저질성,低质性
저질화,低质化
저집,储集
저집층,储集层
저차,这次
저채,抵债
저천,低贱
저체,抵达
저체중아,低体重儿
저초,猪草
저촉,抵触
저축,贮蓄; 储蓄
저축국채,储蓄国债
저축률,贮蓄率; 储蓄率; 贮蓄率
저축성,贮蓄性
저축소,储蓄所
저축액,贮蓄额
저축원,储蓄员
저축은행,储蓄银行
저축잡,储蓄卡
저취,这就
저취당,低聚糖
저층,底层
저층차,低层次
저치,低值
저칠,底漆
저침,低沉
저칭,著称
저택,邸宅; 邸宅
저투입,低投入
저특률,底特律
저판,底板; 底版
저팔계,猪八戒
저패,底牌
저편,底片
저평,低平
저포,纻布
저표준,低标准
저피,猪皮
저하,低下; 邸下; 底下
저하론,低下论
저하률,低下率
저하제,低下剂
저학년,低学年
저한,底限
저항,抵抗
저항권,抵抗权
저항기,抵抗器
저항라,纻亢罗
저항력,抵抗力
저항선,抵抗线
저항성,抵抗性
저항적,抵抗的
저해,沮害
저혈,猪血
저혈당,低血糖
저혈압,低血压
저호,储户
저화,底火
저회,低回
저회아,这会儿
저효,低效
저효률,低效率
저효율,低效率; 低效率
저효율성,低效率性; 低效率性
저효익,低效益
저훼,诋毁
저휘,储汇
적,的; 敌; 适; 积; 迹; 迪; 绩; 籍; 赤; 寂; 滴; 贼; 摘; 吊; 狄; 笛; 藉; 嘀; 炙; 嫡; 翟; 熵; 荻; 碛; 谪; 逖; 籴; 镝; 帻; 觌; 菂; 篴; 踖; 蠈; 趯; 靮; 逷; 啲; 旳; 適; 敵; 積; 績; 賊; 跡; 蹟; 勣; 玓
적가이지,适可而止
적각,赤脚
적각의생,赤脚医生
적갈색,赤褐色
적강,迪康; 狄康
적개심,敌忾心
적격,适格
적격성,适格性
적경,迪庆
적경사,狄更斯
적경주,迪庆州
적계,嫡系; 绩溪
적고,嘀咕
적공,积功
적공담,积功谈
적관,籍贯; 滴灌; 滴管
적구,适口
적구독설,赤口毒舌
적구성,适口性
적구지병,适口之餠
적국,敌国
적군,敌军; 赤军
적군파,赤军派
적극,积极; 迪克
적극분자,积极分子
적극성,积极性
적극적,积极的
적극화,积极化
적금,积金; 赤锦; 积金; 赤金
적기,敌旗; 敌机; 适期
적나라,赤裸裸; 赤裸裸
적납마,迪纳摩
적년누월,积年累月; 积年累月
적담충심,赤胆忠心
적답,滴答
적답적답,滴答滴答
적당,适当
적당량,适当量
적대,敌对
적대감,敌对感
적대국,敌对国
적대시,敌对视
적대자,敌对者
적대적,敌对的
적덕,积德
적덕행선,积德行善
적도,赤道; 适度; 摘掉
적도기내아,赤道几内亚
적도부,赤道部
적도제,赤道祭
적두,赤豆
적득기반,适得其反
적등,摘登
적라,赤裸
적라라,赤裸裸
적란,迪兰
적래,迪莱
적량,适量; 贼亮
적려파리,的黎波里
적령,适龄
적로성질,积劳成疾
적록,摘录
적뢰,狄雷
적료,赤佬
적룡,狄龙
적루,积累; 滴漏
적루량,积累量
적류류,滴溜溜
적립,积立
적마,迪马
적막,寂寞
적매소,赤霉素
적맹,狄孟
적멸,寂灭
적멸감,寂灭感
적멸보궁,寂灭宝宫
적모,摘帽; 翟某
적목,积木
적미서안,贼眉鼠眼
적박,赤膊
적박상진,赤膊上阵
적반하장,贼反荷杖
적발,摘发
적배,迪拜
적배기,适配器
적법,适法
적벽,赤壁
적벽지전,赤壁之战
적복,迪福
적봉,适逢; 赤峰
적봉시,赤峰市
적부,适否
적부심,适否审
적분,积分
적분법,积分法
적분새,积分赛
적비,积肥
적비특,迪比特
적빈,赤贫
적빈여세,赤贫如洗
적사,的事; 的士; 迪斯
적사과,迪斯科
적사니,迪斯尼; 迪士尼
적사니공사,迪士尼公司
적사니락원,迪士尼乐园; 迪斯尼乐园
적산,敌产
적상,迹象
적색,敌色; 赤色
적색형,赤色型
적선,敌船; 积善; 贼船
적선여경,积善余庆
적설,积雪
적설량,积雪量
적성,敌性; 适性; 赤诚; 赤城
적성국,敌性国
적소,适所; 适销
적소대로,适销对路
적소두,赤小豆
적소성다,积少成多
적소성대,积小成大
적송,赤松
적수,敌手; 积水; 滴水; 赤水; 赤手; 积数
적수공권,赤手空拳
적수부루,滴水不漏
적수성가,赤手成家
적수성빙,滴水成冰
적수성연,积水成渊
적수시,赤水市
적수천석,滴水穿石
적수하,赤水河
적수현,赤水县
적순,狄洵
적습,积习
적시,摘示; 适时
적시타,适时打
적식,积食
적신,积薪; 赤身
적신라분,赤身裸体
적신지탄,积薪之叹
적신호,赤信号
적실,嫡室; 的实
적실성,适实性
적심,贼心; 摘心; 赤心
적아,迪亚
적아랍,迪亚拉
적아랍성,迪亚拉省
적악여앙,积恶余殃
적안,积案; 迪安; 贼眼
적안봉,赤眼蜂
적압,积压
적약,积弱
적언붕,翟彦鹏
적여구산,积如邱山
적역,适役; 摘译
적연,寂然
적연부동,寂然不动; 寂然不动
적오,迪奥
적오보,迪奥普
적오부,迪乌夫
적온,积温
적와자,迪瓦茨
적외선,赤外线
적요,摘要; 寂寥
적용,适用
적용범위,适用范围
적용성,适用性
적용우,适用于
적우,适于
적우고,绩优股
적우침주,积羽沈舟
적욱,积郁
적운,狄云
적원,积怨
적원심노,积怨深怒
적위대,赤卫队
적은,迪恩; 狄恩
적응,适应
적응감,适应感
적응기,适应期
적응력,适应力
적응성,适应性
적응증,适应症
적응환경,适应环境
적의,敌意; 适宜; 适意
적의성,敌意性; 适宜性
적인,的人; 贼人
적인걸,狄仁杰
적일,适日
적임,适任
적임자,适任者
적자,嫡子; 赤字; 适者; 摘自; 笛子; 赤子
적자국,赤字国
적자생존,适者生存
적자지심,赤子之心
적잡,迪卡
적잡이,笛卡尔
적장,敌将
적장자,嫡长子
적재,积载; 适材; 适才
적재량,积载量
적재적소,适材适所
적재함,积载函
적적,寂寂; 滴滴; 嘀嘀
적적답답,滴滴答答
적적체,滴滴涕
적적확확,的的确确
적전,积淀; 嫡传; 翟隽
적절,适切
적정,适正; 寂静; 滴定
적정무성,寂静无声
적정법,滴定法
적정선,适正线
적정성,适正性
적정화,适正化
적제,摘除
적조,赤潮
적조조,赤条条
적족,赤足
적존,积存
적종,适从
적중,的中; 适中
적중난반,积重难返
적지,敌地; 适地; 迹地
적지강,翟志刚
적진,敌阵
적착각,赤着脚
적찬,积攒
적채,赤菜
적철광,赤铁矿
적청,迪厅; 狄青
적체,积滞; 迪达
적초,摘抄
적축,积蓄
적출관문,贼出关门
적취,积聚; 摘取; 滴翠
적치,适值
적친,嫡亲
적탑,嘀嗒
적탑적탑,嘀嗒嘀嗒
적토마,赤兔马; 赤兎马
적토성산,积土成山
적편,摘编
적폐,积弊
적하,摘下
적하래,滴下来
적함착적,贼喊捉贼
적합,适合
적합성,适合性
적합우,适合于
적항,适航
적혈,赤血
적홍,赤红
적화,的话; 赤化; 迪化; 摘花
적확,的确
적확량,的确良
적확여차,的确如此
적환장,积换场
적효,绩效
적훼,滴虫
적훼성,滴虫性
적흠,积欠
적희진,狄希陈
전,前; 全; 战; 电; 展; 传; 转; 专; 钱; 田; 典; 箭; 殿; 颤; 填; 缠; 颠; 剪; 砖; 甸; 奠; 癫; 煎; 栓; 淀; 拴; 佃; 毡; 滇; 辗; 痊; 碘; 诠; 吮; 笺; 荃; 巅; 腆; 腼; 镌; 隽; 篆; 癜; 饯; 铨; 翦; 啭; 戬; 钿; 旃; 阗; 靛; 颛; 膻; 廛; 篯; 澶; 湔; 畋; 筌; 悛; 戋; 谫; 觍; 鴫; 躔; 鹯; 齻; 邅; 臇; 蜔; 鬋; 鳣; 転; 蒃; 搌; 𬣡; 絟; 辁; 纒; 蹎; 硂; 葏; 羴; 跈; 鄽; 轉; 電; 錢; 傳; 專; 戰; 癲; 顛; 戦; 纏; 磚; 顫; 伝; 畑
전가,专家; 传家; 转嫁; 全家; 电价; 田家; 战歌; 钱家; 田佳
전가계통,专家系统
전가국,专家局
전가급,专家级
전가문,专家们
전가문진,专家门诊
전가병,田家炳
전가보,传家宝
전가복,全家福
전가붕,田家鹏
전가의,钱嘉义
전가지보,传家之宝
전가형,专家型
전각,殿阁; 转角; 镌刻; 篆刻; 前脚
전간,田间; 癫痫; 专刊; 电杆; 箭杆
전간병,癫痫病
전간지두,田间地头
전갈,传喝; 全蝎
전갈자,全갈@
전감,电感; 传感; 田坎
전감기,传感器
전갑,电闸
전강,钱江; 全疆
전강만보,钱江晚报
전강지,前降支
전개,展开; 传开; 全开; 剪开; 前盖
전개만,转个弯
전개제,展开剂
전개질,电介质
전개형,展开型
전객제,田客制
전거,前去; 转去
전건,田健
전검,转脸; 田剑
전격,电击
전격적,电击的
전겸익,钱谦益
전경,全景; 前景; 战警; 田径; 前倾; 田埂; 传经; 田耕
전경새,田径赛
전경송보,传经送宝
전경식,全景式
전경장,田径场
전계,田鸡; 转系
전고,战鼓; 转告; 典故; 电告; 前股
전고상,电烤箱
전고온,战高温
전곤번,前滚翻
전공,专攻; 前功; 战功; 电工; 专供; 填空; 电控; 专控
전공과목,专攻科目
전공률,电功率
전공번,前空翻
전공의,专攻医
전공자,专攻者
전공제,填空题
전공진기,前功尽弃
전과,前科; 专科; 战果; 全科; 煎锅
전과신,转过身
전과신거,转过身去
전과신래,转过身来
전과자,前科者
전과학교,专科学校
전관,全馆; 前官; 展馆; 专款; 电灌; 全冠; 展宽
전관원,专管员
전광,电光; 癫狂
전광석화,电光石火
전광판,电光板
전굉도,展宏图
전굉무,田宏武
전교,全校; 转交; 电教; 传教; 电桥
전교사,传教士
전교생,全校生
전구,全球; 电球; 全区; 传球; 展区; 专区; 战区; 转口; 前驱; 全欧
전구동,前九洞
전구성,全球性
전구화,全球化
전국,全国; 战国; 全局; 战局
전국관군,全国冠军
전국관군새,全国冠军赛
전국구,全国区
전국성,全国性; 全局性
전국인대,全国人大
전국인대법률위원회,全国人大法律委员会
전국인대상위회,全国人大常委会
전국인대상위회판공청,全国人大常委会办公厅
전국인대재경위원회,全国人大财经委员会
전국인민대표대회상무위원회,全国人民代表大会常务委员会
전국적,全国的
전국정협,全国政协
전국정협경제위원회,全国政协经济委员会
전국정협례당,全国政协礼堂
전국정협부주석,全国政协副主席
전국정협판공청,全国政协办公厅
전국화,全国化
전군,全军; 滇军
전군복멸,全军覆灭
전군복몰,全军覆没
전권,专权; 全权; 田券; 转圈
전권대표,全权代表
전권위탁,全权委托
전궤,专柜; 转轨; 钱柜; 展柜; 前馈
전극,电极; 前极
전근,转勤; 全勤
전근대,前近代
전근대적,前近代的
전금,前襟
전기,传记; 前期; 前记; 电气; 转机; 电器; 传奇; 战机; 电机; 专机; 奠基; 展期; 田基
전기공,电气工
전기과,电气科
전기기,田纪基
전기동,电气铜
전기석,奠基石; 电气石
전기선,电气线
전기성,传奇性
전기식,传奇式
전기운,田纪云
전기인,转基因; 奠基人
전기인물,传奇人物
전기자,奠基者
전기적,前期的
전기창,电器厂
전기천,前几天
전기침,钱其琛
전기편,传记片
전기화,电气化
전깃,电气
전나장,前那场
전남,滇南; 全南
전납서,田纳西
전납서주,田纳西州
전녀사,田女士; 钱女士
전년,前年; 全年
전년급,全年级
전년도,前年度
전념,专念; 转念
전농,田农; 佃农
전뇌,电脑; 前脑
전뇌계통,电脑系统
전뇌방,电脑房
전뇌파위,电脑派位
전뇌형,电脑型
전뇌화,电脑化
전뉴,电钮
전능,全能; 电能
전능형,全能型
전니,田妮
전다,钱多
전단,传单; 前端; 剪短; 剪断; 煎蛋; 展团; 专断; 田坛; 填单; 战端; 田单
전단물,传单物
전달,传达
전달식,传达式
전담,专担
전담반,全担班
전답,田畓
전당,全党; 殿堂; 典当; 钱塘
전당강,钱塘江
전당급,殿堂级
전당업,典当业
전당포,典当铺
전대,前代; 缠带; 电台; 全队; 展台; 前台; 电大; 传代; 钱袋; 前带; 转台
전대미문,前代未闻
전덕륵,钱德勒
전도,传导; 传道; 全图; 奠都; 顚倒; 全都; 前途; 剪刀; 颠倒; 电镀; 全岛; 转导; 战刀; 转道; 前导
전도건곤,颠倒乾坤
전도률,电导率
전도무량,前途无量
전도사,传道师
전도성,传导性
전도시비,颠倒是非
전도양양,前途洋洋
전도유망,前途有望
전도율,传导率; 传导率
전도차,剪刀差
전도흑백,颠倒黑白
전돌,前突
전동,传栋; 电动; 转动; 传动; 颤动; 田东
전동기,电动机
전동비,传动比
전동식,电动式
전동차,电动车
전동축,传动轴
전동핵,电动势
전두,颤抖; 转头; 砖头; 前头; 箭头; 田头
전등,电灯; 全等
전등포,电灯泡
전라,全裸; 田螺
전라도,全罗道
전락,转落
전란,战乱; 专栏
전람,展览; 电缆
전람관,展览馆
전람업,展览业
전람품,展览品
전람회,展览会
전래,传来; 前来
전래발,钱来发
전략,战略; 传略
전략기,战略期
전략도탄부대,战略导弹部队
전략물자,战略物资
전략부서,战略部署
전략성,战略性
전략적,战略的
전량,全量; 电量; 田亮; 钱粮
전려,田丽
전력,专力; 全力; 前历; 战力; 电力; 剪力
전력공사,电力公司
전력난,电力难
전력량,电力量
전력보,田力普
전력선,电力线
전력이부,全力以赴
전력자,前历者
전력투구,全力投球
전련,田联; 全连
전렬,前列; 专列
전렬선,前列腺
전렬선암,前列腺癌
전렬선염,前列腺炎
전렬함,战列舰
전령,传令; 电令; 电铃
전령사,传令使
전례,前例; 典礼; 战例
전로,电路; 前路; 展露; 电炉; 转炉; 钱老
전로교환,电路交换
전로도,电路图
전로무유,展露无遗
전로사,田老师; 钱老师
전로호,电老虎
전록,转录
전록매,转录酶
전론,专论
전료,填料; 电疗
전루타,全垒打
전류,电流; 转流; 专类
전류강도,电流强度
전류기,电流机
전류표,电流表
전륙,前陆
전륜,转轮
전률,战栗; 颤栗
전리,专利; 田里; 电离
전리권,专利权
전리법,专利法
전리비,专利费
전리실,电离室
전리층,电离层
전리품,战利品
전림,田林
전립선암,前立腺癌
전마,战马; 全麻; 电码
전막,战幕
전만,前晚; 转弯; 填满
전만말각,转弯抹角
전말,顚末
전말기,顚末记
전말서,顚末书
전망,展望; 电网
전망대,展望台
전망치,展望值; 展望値
전매,专卖; 传媒; 填埋; 转卖; 展卖
전매급,转卖给
전매업,传媒业
전매점,专卖店
전매제,专卖制
전면,全面; 前面; 缠绵
전면개화,全面开花
전면비측,缠绵悱恻
전면성,全面性
전면적,全面的
전면전,全面战
전면화,全面化
전멸,全灭
전명,全名; 专名
전명성,全明星
전명성새,全明星赛
전명휘,展明辉
전모,全貌; 前茅; 田某; 剪毛; 钱某; 毡帽
전목,钱穆; 田木
전몽백,展梦白
전무,专务; 全无; 田亩
전무고인,前无古人
전무부승,战无不胜
전무이사,专务理事
전무행,全武行
전무후무,前无后无
전문,专门; 全文; 电文; 传闻; 前门; 电门
전문가,专门家
전문기구,专门机构
전문대,专门大
전문대가,前门大街
전문대입,专门大入
전문대졸,专门大卒
전문대학,专门大学
전문리인,专门利人
전문서,专门书
전문성,专门性
전문업자,专门业者
전문의,专门医
전문인,专门人
전문적,专门的
전문점,专门店
전문지,专门志
전문지신,专门知识
전문직,专门职
전문화,专门化
전미,全美
전미박,全微博
전민,全民
전민공결,全民公决
전민변정,田民辨整
전민성,全民性
전민소유제,全民所有制
전박부파,颠扑不破
전반,全般; 前半; 转盘; 全班; 全盘
전반개수,全盘皆输
전반기,前半期
전반보,电饭煲
전반부,前半部
전반부정,全盘否定
전반식,全反式
전반야,前半夜
전반적,全般的
전반전,前半战
전반탁출,全盘托出
전발,转发; 剪发; 填发
전발기,转发器
전발량,转发量
전발자,转发者
전방,全方; 前方; 廛房; 专访; 前房; 毡房; 填方
전방각,前房角
전방대,传帮带
전방위,全方位
전배,前辈; 前排; 砖坯
전배문,前辈们
전백,展白; 电白
전백광,田伯光
전백사,钱伯斯
전백승,展伯承
전백현,电白县
전번,前番
전범,战犯; 典范
전범자,战犯者
전법,战法
전변,转变; 前边; 田边
전변도,转变到
전변부,奠边府
전변성,转变成
전별,饯别
전별금,饯别金; 饯别金
전병,煎餠; 煎饼; 电瓶
전병차,电瓶车
전보,电报; 转补; 填补; 填报; 战报; 箭步; 剪报
전복,全鳆; 顚覆; 颠覆; 田馥; 转复; 电复
전복당,田福堂
전복성,颠覆性
전복적,顚覆的
전복죽,全鳆粥
전복후계,前覆后戒; 前仆后继
전본,全本
전봇,电报
전봉,前锋; 巅峰; 电棒
전봉기,巅峰期
전봉산,田凤山
전봉폐,全封闭
전봉폐식,全封闭式
전부,全部; 战俘; 前夫; 前部; 全副; 田赋
전부구,前不久
전부단리환란,剪不断理还乱
전부무장,全副武装
전부문,战俘们
전부부,战夫妇
전부영,战俘营
전부지공,田父之功
전부하,前负荷
전부후계,前赴后继
전북,全北
전북현대대,全北现代队
전분,淀粉; 全体; 前体; 转体; 传粉
전분류,淀粉类
전분매,淀粉酶
전불습호,传不习乎
전붕비,田鹏飞; 展鹏飞
전비,战费; 电费; 战备; 前臂
전빙상,电冰箱
전사,战史; 战士; 战死; 转写; 填写; 战事; 填词; 前事; 专使
전사년,前些年
전사문,战士们
전사사,田思思
전사사장,战死沙场
전사회,全社会
전사후상,前思后想
전산,电算; 转产; 田产; 碘酸
전산과,电算科
전산망,电算网
전산실,电算室
전산실장,电算室长
전산학,电算学
전산학부,电算学部
전산호,淀山湖
전산화,电算化
전삼강,钱三强
전삼도사,颠三倒四
전삼명,前三名
전삼장,前三场
전상,前像
전상자,战伤者
전새,栓塞; 填塞
전생,前生; 转生
전서,全书; 战书; 专署; 田鼠; 滇西; 篆书
전서북,滇西北
전석,前夕; 诠释; 电石
전석지,转石地
전선,前线; 战线; 战船; 电线; 全线; 专线; 电扇
전선간,电线杆
전선생,钱先生; 田先生; 战先生
전설,传说; 专设
전설적,传说的
전섬,全歼
전섬뢰명,电闪雷鸣
전성,全盛; 全省; 转成; 颤声; 传声; 电声; 战成; 展性
전성기,全盛期
전성성,全省性
전성시기,全盛时期
전성시대,全盛时代
전성통,传声筒
전성평,田成平
전세,专贳; 传贳; 战势; 前世; 转世; 传世
전세계,全世界
전세금,传贳金; 传贳金
전세기,传贳机; 前世纪
전세령동,转世灵童
전세방,传贳房
전세지작,传世之作
전셋,传贳
전소,全烧; 传销; 展销; 转关
전소녕,田溯宁
전소련,前苏联
전소미견,前所未见
전소미문,前所未闻
전소미유,前所未有
전소저,田小姐
전소회,展销会
전속,专属; 全速; 转速
전속경제구,专属经济区
전속권,专属权
전속력,全速力
전속표,转速表
전송,传送; 电送; 饯送; 转送; 传颂; 传诵
전송대,传送带
전송망,电送网
전쇄,电刷
전수,传受; 传授; 传输; 转手; 全数; 专修; 前手; 转售; 田水
전수생,传受生
전수선,传输线
전순,转瞬
전순간,转瞬间
전순즉서,转瞬即逝
전순지간,转瞬之间
전술,前述; 战术; 转述
전술성,战术性
전술적,战术的
전습,传习
전승,传乘; 传承; 全胜; 战胜; 田塍
전승국,战胜国
전승본,专升本
전승사,田承嗣
전승성,传乘性
전승자,传承者
전시,全市; 展示; 战时; 电示; 电视; 展翅; 前时; 前市; 殿试
전시계,电视界
전시고비,展翅高飞
전시과,田柴科
전시관,展示馆
전시궤,电视柜
전시극,电视剧
전시기,电视机
전시대,展示台; 电视台
전시대학,电视大学
전시망,电视网
전시물,展示物
전시발사,电视发射
전시성,全市性
전시실,展示室
전시업,电视业
전시장,展示场
전시절목,电视节目
전시탑,电视塔
전시편,电视片
전시품,展示品
전시회,展示会
전식,全息; 全食
전신,全身; 前身; 电信; 全新; 转身; 电讯; 传神; 传讯; 专讯; 传信; 前囟
전신관주,全神贯注
전신국,电信局
전신급,电信级
전신기,电信机
전신법,电信法
전신설비,电信设备
전신성,全身性
전신업,电信业
전신영과,电讯盈科
전신주,电信柱
전신호,电信号
전실,前室; 展室
전심,专心
전심전력,专心专力; 全心全力
전심전의,全心全意
전심치지,专心致志
전심흠,田沁鑫
전씨,田氏; 钱氏
전아,典雅; 钱儿; 前儿
전안,转眼; 专案; 电眼; 展颜
전안간,转眼间
전안조,专案组
전안지간,转眼之间
전압,电压
전압식,填鸭式
전압표,电压表
전앙후합,前仰后合
전액,全额; 前额
전야,前夜; 田野
전야제,前夜祭
전약,煎药
전약진,展若尘
전양,转让; 传扬; 田阳
전양비,转让费
전어,钱鱼; 煎鱼
전언,传言; 前言
전언부탑후어,前言不搭后语
전업,专业; 转业; 展业; 全业
전업공사,专业公司
전업과,专业课
전업교육,专业教育
전업국,电业局
전업군인,转业军人
전업급,专业级
전업농,专业农
전업대,专业队
전업류,专业类
전업성,专业性
전업은행,专业银行
전업적,专业的
전업조,专业组
전업촌,专业村
전업형,专业型
전업호,专业户
전업화,专业化
전여,展如
전역,全域; 战役; 转役; 传译; 转译
전역서,转役书
전역식,转役式
전역자,转役者
전연,全然; 前沿; 前缘
전연부지,全然不知
전열,战列; 战列; 电热; 传热; 传阅
전열담,电热毯
전염,传染; 转染; 碘盐
전염병,传染病
전염성,传染性
전영,电影; 专营; 电泳; 剪影; 展映; 隽永
전영계,电影界
전영기,电影机
전영명성,电影明星
전영법,电泳法
전영업,电影业
전영원,电影院
전영일,钱颖一
전영장,电影奖
전영절,电影节
전영주,电影周
전영편,电影片
전오,煎熬
전옥비,田玉飞
전와방,砖瓦房
전와창,砖瓦厂
전완료,全完了
전왕,前王; 前往
전외외,颤巍巍
전요,缠绕
전용,专用; 转用; 电容; 田勇
전용관,专用馆
전용권,专用权
전용기,电容器
전용기금,专用基金
전용망,专用网
전용선,专用线
전용성,专用性
전용식,专用食
전용장,专用章
전우,战友; 电邮; 田羽; 田雨; 全优; 殿宇
전우문,战友们
전욱,颛顼
전운,转运; 战云
전운록,钱运录
전운법,转运法
전운참,转运站
전운회,全运会
전원,全员; 田园; 电源; 专员; 前院; 转圜
전원도시,田园都市
전원시,田园诗
전원주택,田园住宅; 田园住宅
전위,前卫; 转为; 专为; 展位; 电位; 前委; 战位
전위가화,传为佳话
전위기,电位器
전위미담,传为美谈
전위성,前卫性
전위위안,转危为安
전위장,钱伟长
전위적,前卫的
전위차,电位差
전위투,电熨斗
전위화,钱卫华
전유,专有; 痊愈; 传谕
전유기,钱由基
전유률,痊愈率
전유물,专有物
전율,战栗; 战慄
전음,颤音
전응,战鹰
전응력,剪应力
전의,转椅
전이,转移; 转而
전이률,转移率
전이매,转移酶
전이성,转移性
전이승지,战而胜之
전이자,转移者
전이진지,转移阵地
전익,前翼; 展翼
전인,全人; 专人; 前人; 传人; 前因; 转引
전인격,全人格
전인격적,全人格的
전인류,全人类
전인미답,前人未踏
전인미발,前人未发
전인성,全人性
전인자,转引自
전인적,全人的
전인후과,前因后果
전일,前日; 专一; 全日
전일성,专一性
전일장,前一场; 战一场
전일제,全日制
전임,专任; 前任
전임자,前任者
전입,转入; 填入
전입금,转入金; 转入金
전입자,转入者
전자,前者; 电子; 电磁; 转子; 剪子; 栓子
전자감응,电磁感应
전자격,电刺激
전자계산기,电子计算机
전자관,电子管
전자금,电子琴
전자기,电磁气
전자기력,电磁气力
전자기적,电磁气的
전자기파,电磁气波
전자대,电子对
전자동,全自动
전자동화,全自动化
전자류,电子类
전자방,田子坊
전자벌,电磁阀
전자사전,电子词典
전자석,电磁石
전자속,电子束
전자시계,电子时计
전자식,电子式
전자안,电子眼
전자업,电子业
전자오락,电子娱乐; 电子娱樂
전자오락실,电子娱乐室; 电子娱樂室
전자우건,电子邮件
전자원건,电子元件
전자음,电子音
전자음락,电子音乐
전자장,电磁场
전자적,电子的
전자전,电子战
전자정찰,电子侦察
전자창,电子枪
전자철,电磁铁
전자출판물,电子出版物
전자파,电子波; 电磁波
전자판,电子版
전자포,电磁炮
전자표,电子表
전자표격,电子表格
전자학,电子学; 电磁学
전자현미경,电子显微镜
전자화,电子化
전작,全作; 前作
전잡,钱币
전장,全长; 前场; 战场; 田庄; 全场; 专场; 转账; 专长; 电场; 钱庄; 战将; 典藏; 砖墙; 典章
전장우,钱长友
전장장,田壮壮
전장제,田庄制
전장지표,转账支票
전장화,田庄化
전재,转载; 钱财; 剪裁; 全才; 专才
전재현상,箭在弦上
전쟁,战争; 钱铮
전쟁무,战争舞
전쟁사,战争史
전쟁판자,战争贩子
전저,专著
전적,全的; 典籍; 战绩
전적응,前适应
전전,前前; 战前; 转转; 专电; 辗转; 转战; 电传; 田田; 展转
전전긍긍,战战兢兢
전전면면,缠缠绵绵
전전반측,辗转反侧
전전자,全电子
전전후후,前前后后
전절,转折; 剪切
전절기,全切机; 转折期
전절대,剪切带
전절성,转折性
전절술,电切术
전절점,转折点
전접,转接; 剪接
전정,剪定; 田丁; 全程; 奠定; 专政; 专程; 前程; 转正; 传情; 前庭; 专精; 转呈; 田静; 碘酊; 战情; 钱程
전정사금,前程似锦
전정영,钱正英
전제,专制; 前提; 田制; 专题; 电梯; 剪除; 栓剂
전제국,专制国
전제성,专题性
전제적,专制的
전제제도,专制制度
전제조,专题组
전제주의,专制主义
전제진기,电除尘器
전제토론,专题讨论
전제편,专题片
전조,前兆; 田租; 电阻; 转租; 前朝; 砖雕; 前赵; 转调
전조등,前照灯
전조률,电阻率
전조율,田租率; 田租率
전족,缠足; 箭镞
전종서,钱钟书
전종접대,传宗接代
전좌,专座
전주,全州; 前主; 电柱; 钱主; 专注; 前奏; 缠住; 拴住; 碘酒; 田畴; 转注
전주곡,前奏曲
전주제,田主制
전죽,箭竹
전중,田中; 战中; 滇中; 全中
전증,转赠
전지,剪枝; 电池; 田地; 剪纸; 战地; 滇池; 前肢; 传旨; 前支
전지전능,全知全能
전지조,电池组
전지현,全智贤
전지훈련,转地训炼
전직,前职; 转职; 专职
전진,前进; 前阵; 传真; 全镇; 转诊; 战阵; 田震; 前尘; 前秦; 全真; 颤振
전진기,传真机
전진적,前进的
전진화,钱震华
전질,传质
전집,全集; 专辑; 剪辑
전집장,专辑奖
전차,电车; 战车; 专车; 前次; 前车; 转车; 转借; 前此; 砖茶
전차지감,前车之鉴
전찬,电钻
전참,电站; 前站
전창,电厂; 砖厂; 传唱; 前舱
전채,剪彩; 全彩
전책,专责
전처,前妻
전처리,前处理
전천,前天; 全天; 转天
전천투지,战天斗地
전천후,全天候
전철,前辙; 电铁; 前缀
전철망,电铁网
전철역,电铁驿
전첨,前瞻; 田甜
전첨성,前瞻性
전첨후고,前瞻后顾
전첩,剪贴
전청,展厅; 前厅; 前清; 田青; 全清
전체,传递; 全体; 传达; 转达; 专递; 转递
전체성,全体性
전체실,传达室
전체적,全体的
전체주의,全体主义
전체주의적,全体主义的
전체주의화,全体主义化
전체화,全体化
전초,前哨; 煎炒; 传抄
전초적,前哨的
전초전,前哨战
전촌,全村; 田村
전총,全总
전추,电枢
전축,电蓄; 转轴; 填筑; 电轴; 前轴
전춘,钱春
전출,转出; 传出; 展出
전충,填充; 全忠
전충물,填充物
전충제,填充剂
전취,战取; 剪取
전취덕,全聚德
전취풍,电吹风
전치,全治; 专治
전칠,田七
전침,电针
전칭,全称
전탁,转托; 全托
전토,全土
전통,传统; 传通; 电筒
전통극,传统剧
전통문화,传统文化
전통미,传统美
전통복,传统服
전통상,传统上
전통성,传统性
전통식,传统式
전통적,传统的
전통주의,传统主义
전통형,传统型
전퇴,煎堆
전투,战鬪; 战斗; 全套
전투기,战鬪机; 战斗机
전투대,战斗队
전투력,战鬪力; 战斗力
전투복,战鬪服
전투성,战鬪性; 战斗性
전투영웅,战斗英雄
전투원,战斗员
전투적,战鬪的
전투화,战斗化
전투환,全斗焕
전파,传播; 全波; 电波; 转播; 颠簸; 前摆; 展播
전파성,传播性
전파자,传播者
전파학,传播学
전판,专办
전패,战败; 颠沛
전패류리,颠沛流离
전편,全篇; 前篇; 传遍
전평,电平; 填平; 战平; 展评; 全拼
전폐,全废
전포,钱包; 战袍; 展布; 传布
전폭,全幅
전폭기,战爆机
전폭적,全幅的
전표,传票; 钱票; 电表; 填表; 全票; 全豹
전품,展品
전풍,田丰
전풍선,电风扇
전피,钱皮
전하,殿下; 电荷
전학,转学; 电学
전학삼,钱学森
전한,电焊; 田汉
전한공,电焊工
전한기,电焊机
전함,战舰
전항,专项; 前项; 田恒
전항기,电抗器
전해,电解; 前海
전해액,电解液
전해용,田海蓉
전해조,电解槽
전해질,电解质
전해질액,电解质液
전핵,电势
전행,前行; 转行; 钱幸; 全行; 饯行
전행업,全行业
전향,转向; 全乡
전향서,转向书
전향적,前向的
전현,展现; 全县; 前贤
전혐,前嫌
전협,钱夹; 田协; 钱叶
전협가,战侠歌
전형,典型; 铨衡; 转型
전형기,转型期
전형성,典型性
전형인물,典型人物
전형적,典型的
전형화,典型化
전호,佃户; 战壕; 传呼; 填好; 专号
전호기,传呼机
전호적,佃户的
전호제,佃户制
전호제적,佃户制的
전호후옹,前呼后拥
전홍,钱红
전화,电话; 转化; 战火; 战和; 传话; 电化; 碘化; 田华; 战祸
전화교육,电化教育
전화국,电话局
전화기,电话机
전화령,电话铃
전화론자,转化论者
전화률,转化率
전화망,电话网
전화매,转化酶
전화반,全华班
전화번호,电话番号
전화번호부,电话番号簿
전화부,电话簿
전화분비,战火纷飞
전화비,电话费
전화선,电话线
전화위복,转祸为福
전화정,电话亭
전화통,电话筒
전화학,电化学
전화호마,电话号码
전화화,电火花
전화회의,电话会议
전환,转换; 传唤
전환기,转换期; 转换器
전환률,转换率
전환비,转换费
전환비률,转换费率
전환점,转换点
전활,前敌
전황,战况; 电荒; 田黄
전회,全会; 转会; 展会; 传回
전회기,转会期
전회비,转会费
전획물,战获物
전횡,专横
전효원,前胶原
전후,前后; 战后; 殿后
전후각,前后脚
전후사,前后事
전후좌우,前后左右
전후협격,前后夹击
전훈,电晕
전휘,电汇
전흔흔,田欣欣
전흡,吮吸
전흥,全兴
전흥대,全兴队
전희,前戯
절,切; 节; 绝; 折; 截; 窃; 浙; 轶; 沏; 疖; 聺; 镻; 節; 絕; 絶; 尐
절가,绝佳; 折价
절가률,折价率
절가일,节假日
절감,切感; 节减; 浙赣
절감선,浙赣线
절감액,节减额
절감책,节减策
절감철로,浙赣铁路
절강,浙江
절강공상대학,浙江工商大学
절강공업대학,浙江工业大学
절강농업대학,浙江农业大学
절강대,浙江队
절강대학,浙江大学
절강도서관,浙江图书馆
절강리공대학,浙江理工大学
절강사범대학,浙江师范大学
절강성,浙江省
절강성공상국,浙江省工商局
절강성분육국,浙江省体育局
절강성위,浙江省委
절강성인민의원,浙江省人民医院
절강성중의원,浙江省中医院
절강시장,浙江市场
절강위시,浙江卫视
절강의과대학,浙江医科大学
절강의원,浙江医院
절강일보,浙江日报
절강전람관,浙江展览馆
절강전시대,浙江电视台
절강지구,浙江地区
절개,切开; 节概; 节槪
절개선,切开线
절거,截去; 窃据; 截距
절검,节俭
절격,截击
절경,绝景; 绝境; 节庆; 绝经
절경기,绝经期
절계,折桂
절고,截稿
절골안,节骨眼
절골지통,折骨之痛
절과,折过
절광,折光
절괴,切块
절교,绝交
절구,折扣; 切口; 折旧; 绝句; 绝口
절구률,折旧率; 折扣率
절구부제,绝口不提
절구비,折旧费
절규,绝叫
절극침사,折戟沉沙
절근,切近
절급,折给
절기,节气; 切忌; 绝技; 切记
절남,浙南
절능,节能
절능강모,节能降耗
절능률,节能率
절능법,节能法
절능형,节能型
절니,切尼
절단,切断; 绝断; 折断; 截断; 节段
절단기,切断机
절단당,切断当
절단선,切断线
절단성,节段性
절대,绝对; 绝代
절대가인,绝代佳人
절대고,绝对高
절대다수,绝对多数; 绝大多数
절대량,绝对量
절대부분,绝大部分
절대성,绝对性
절대수,绝对数
절대시,绝对视
절대액,绝对额
절대적,绝对的
절대정신,绝对精神
절대지,绝对知
절대치,绝对值
절대화,绝对化
절도,窃盗; 节度
절도단,窃盗团
절도범,窃盗犯
절도사,节度使
절도죄,窃盗罪
절동,浙东
절등,折腾
절랍,切拉
절려,切丽
절렬,折裂
절령,节令
절로,绝路
절록,节录
절류,截留; 截流; 节流
절륜,绝伦
절륜이륜,绝伦离伦; 绝伦離伦
절률,节律
절률성,节律性
절리,节理
절리곡,节理谷; 节理谷
절마,折磨
절막,切莫
절망,绝望
절망감,绝望感
절망적,绝望的
절면,截面; 切面
절멸,绝灭
절명,绝命
절목,节目
절목단,节目单
절목표,节目表
절묘,绝妙
절무,绝无
절무부유,绝无仅有
절민,浙闽
절밀,绝密
절박,切迫; 节拍
절박감,切迫感
절박성,切迫性
절반,折半; 折返
절반성,折返性
절벽,绝壁
절변,切变
절복,折服
절본,节本
절부,绝不; 切肤
절부가,切不可
절부지통,切肤之痛
절분,切分
절비,绝非
절사,折射; 切丝
절사률,折射率
절삭,切削
절산,折算
절상,切上
절색,绝色
절서,浙西
절선,折扇; 节选; 切线; 折线
절설,切屑
절성,节省
절세,绝世
절세가인,绝世佳人
절세미인,绝世美人
절소,窃笑
절손,折损
절쇄,切碎
절수,节水; 绝收; 折寿
절수형,节水型
절식,节食; 绝食
절식자,节食者
절신,切身
절신리익,切身利益
절신분험,切身体验
절실,切实
절실가행,切实可行
절실성,切实性
절아,切牙
절안,窃案
절애,节哀
절애순변,节哀顺变
절약,节约
절약적,节约的
절약책,节约策
절약형,节约型
절여,节余
절연,绝缘; 截然; 切缘; 绝然
절연부동,截然不同
절연분,绝缘体
절연자,绝缘子
절연층,绝缘层
절열,绝热
절예,绝艺
절옥,切沃
절외생지,节外生枝
절요,折腰
절욕,节欲
절용,节用
절유,节油
절육,节育; 绝育
절의축식,节衣缩食
절이,切尔
절이낙매이금,切尔诺梅尔金
절이낙패리,切尔诺贝利
절이낙패리핵전참,切尔诺贝利核电站
절이서,切尔西
절이서구락부,切尔西俱乐部
절이서대,切尔西队
절이서예비대,切尔西预备队
절이탁부,切尔托夫
절일,节日
절입,切入
절자,折子
절자희,折子戏
절장보단,绝长补短
절적,绝迹; 窃贼
절전,节电; 折转
절절,切切; 节节; 窃窃
절절사어,窃窃私语
절절승리,节节胜利
절절실실,切切实实
절절패퇴,节节败退
절점,节点; 切点
절정,绝顶; 绝情
절정기,绝顶期
절정총명,绝顶聪明
절제,切除; 节制; 切题; 截除
절제감,节制感
절제률,切除率
절제자,切除者
절조,节操
절종,绝种
절주,节酒; 节奏
절주감,节奏感
절중,折中; 切中; 浙中
절중요해,切中要害
절증,绝症
절지,切纸; 截至; 截止; 绝地; 截肢; 折纸; 节支; 折枝
절지기,截止期
절지동물,节肢动物
절지목전,截至目前
절진,切进
절차,节次; 切磋; 沏茶
절차법,节次法
절차적,节次的
절차탁마,切磋琢磨
절창,绝唱
절처,绝处
절처봉생,绝处逢生
절첩,折叠
절첩식,折叠式
절첩의,折叠椅
절청,窃听
절청기,窃听器
절초,绝招
절충,折冲; 折衷
절충안,折衷案
절충적,折冲的
절충주의적,折衷主义的
절취,窃取; 截取
절치,切齿
절치부심,切齿腐心
절치통한,切齿痛恨
절친,切亲
절통,切痛
절판,绝版
절편,切片
절편기,切片机
절품,绝品
절필,绝笔
절하,切下
절학,绝学
절할,切割
절할기,切割机
절함,折槛
절합,折合; 切合
절해,绝海
절해고도,绝海孤岛
절향,绝响
절혁,切赫
절현,折现
절현률,折现率
절혈,折页
절호,绝好; 绝户
절화,切花
절확,截获
절환,切换
절환도,切换到
절활,绝活
절활아,绝活儿
절회,折回
절후,节后; 绝后
절희,窃喜
점,点; 念; 占; 渐; 店; 粘; 垫; 拈; 惦; 掂; 玷; 鲇; 苫; 踮; 簟; 觇; 阽; 沾; 坫; 袩; 飐; 磹; 蒧; 點; 黏; 漸; 霑; 佔; 唸; 墊
점가,店家; 点歌
점각,踮脚; 垫脚
점각석,垫脚石
점강,垫江
점강현,垫江县
점거,占据
점검,点检
점검당,点检当
점검제,点检制
점격,点击
점견,垫肩
점결,粘结
점고,渐高
점과,店伙
점관,垫款
점괘,占卦
점구,点球
점권,垫圈
점균,粘菌
점기,惦记
점내,店内
점념,惦念
점단백,粘蛋白
점당,店堂
점도,占道; 黏度; 点图; 粘到
점도계,粘度计
점도즉지,点到即止
점돌변,点突变
점동,点动; 店东
점두,点头
점두칭시,点头称是
점두합요,点头哈腰
점등,点灯
점량,掂量
점량점량,掂量掂量
점련,粘连
점련성,粘连性
점령,占领
점령구,占领区
점령군,占领军
점령자,占领者
점령지,占领地
점료,垫料
점막,粘膜; 黏膜
점면,店面
점면결합,点面结合
점멸,点灭
점명,点名; 点明
점발,点拨; 点发
점방,店房; 占房
점배,垫背
점변,渐变
점병,点兵
점보,点补
점복,占卜
점부,垫付; 黏附
점사,点射
점산위왕,占山为王
점상거,粘上去
점상풍,占上风
점석성금,点石成金
점선,点线; 占线; 占先
점성,粘性; 点醒; 黏性
점성술,占星术
점소,店所
점소이,店小二
점수,渐修; 点数
점수제,点数制
점수화,点数化
점술,占术
점심,点心
점심시간,点心时间
점압,占压
점액,粘液; 黏液
점액류,粘液瘤
점액성,粘液性
점어,鲇鱼
점얼,点儿
점연,点燃
점염,点染
점오,玷污
점용,占用
점용률,占用率
점용비,占用费
점우핵,占优势
점원,店员; 点源
점원문,店员们
점유,占有
점유권,占有权
점유률,占有率
점유율,占有率; 占有率
점유지,占有地
점이,渐移
점이적,渐移的
점입가경,渐入佳境
점자,点字; 点子; 垫子; 店子; 垫资; 点刺
점장,店长; 点将
점저,垫底
점적,点滴
점점,渐渐; 点点; 店店
점점두,点点头
점점적적,点点滴滴
점접,粘接
점정,点睛
점정지필,点睛之笔
점제,点题
점조도,粘稠度
점종,点钟; 点种
점주,店主; 粘住
점증,渐增
점증적,渐增的
점지,垫支
점지반,占地盘
점진,渐进; 点阵
점진성,渐进性
점진식,渐进式
점진적,渐进的
점차,渐次
점차적,渐次的
점착,黏着
점창,点唱
점채,点菜
점천,点穿
점철,点缀
점첩,粘贴
점출,点出
점탄성,粘弹性
점토,粘土; 黏土
점토판,粘土板
점파,点播; 点破
점판,垫板
점편,垫片
점편의,占便宜
점포,店铺
점포망,店铺网
점한,点焊
점합,粘合; 黏合
점합제,粘合剂; 黏合剂
점현,渐显
점혈,点穴
점호,点呼; 黏糊
점호호,黏糊糊
점화,点火; 点化
접,接; 折; 蝶; 蹀; 渫; 鲽; 揲; 褋; 蜨; 菨; 摺
접가,接驾
접객,接客
접객업,接客业
접객업소,接客业所
접견,接见
접견권,接见权
접견실,接见室
접견제,接见制
접경,接境
접골,接骨; 蝶骨
접골사,接骨师
접과,接过
접관,接管
접구,接口
접궤,接轨
접근,接近
접근권,接近权
접근로,接近路
접근법,接近法
접납,接纳
접대,接待
접대량,接待量
접대부,接待妇
접대비,接待费
접대실,接待室
접대원,接待员
접대참,接待站
접두,接头
접두어,接头语
접력,接力
접력봉,接力棒
접력새,接力赛
접련,接连
접련부단,接连不断
접련화,蝶恋花
접례,接礼
접룡,接龙
접목,接木
접문,接吻
접미사,接尾辞
접반,接班; 接盘
접반인,接班人
접반자,接盘者
접변,接变
접봉,接棒
접산,接产
접상,接上
접생,接生
접생원,接生员
접선,接线
접선원,接线员
접선판,接线板
접속,接续
접속률,接续率; 接续率
접송,接送
접수,接受; 接收; 接手; 接穗
접수국,接受国
접수기,接收机
접수성,接受性
접수일,接收日
접수자,接受者; 接收者
접수창구,接受窗口; 接受窓口
접신,接神
접안,接岸; 蝶鞍
접양,接壤
접영,蝶泳
접응,接应
접의,蝶衣
접이련삼,接二连三
접인,接引
접임,接任
접임자,接任者
접입,接入
접장,接长
접적,接敌
접전,接战
접전화,接电话
접제,接济
접종,接种; 接踵
접종량,接种量
접종력,接种历
접종률,接种率
접종이래,接踵而来
접종이지,接踵而至
접주,接住
접지,接地; 接枝
접진,接诊
접착,接着
접착식,接着式
접착제,接着剂
접체,接替
접촉,接触
접촉기,接触器
접촉률,接触率; 接触率
접촉망,接触网
접촉면,接触面
접촉사,接触史
접촉성,接触性
접촉식,接触式
접촉자,接触者
접촉점,接触点
접촉제,接触剂
접치,接茬
접친,接亲
접통,接通
접통률,接通率
접풍,接风
접풍세진,接风洗尘
접하래,接下来
접합,接合
접합부,接合部
접합점,接合点
접확,接获
접활,接活
접흡,接洽
정,定; 情; 正; 政; 程; 证; 整; 精; 停; 静; 征; 庭; 睛; 顶; 灯; 郑; 丁; 订; 艇; 净; 井; 挺; 侦; 呈; 廷; 晶; 盯; 睁; 亭; 怔; 钉; 鼎; 贞; 靖; 霆; 叮; 淀; 汀; 阱; 菁; 帧; 婷; 桢; 祯; 町; 蜓; 锭; 旌; 靓; 铤; 啶; 酊; 锃; 仃; 碇; 肼; 腚; 蛏; 婧; 裎; 玎; 鲭; 葶; 枨; 疔; 腈; 柽; 梃; 箐; 耵; 酲; 钲; 埕; 閮; 莛; 𬘩; 鞓; 鼱; 脭; 颋; 虰; 赪; 饤; 碠; 磸; 頳; 艼; 鐤; 鼑; 鼮; 碵; 穽; 靜; 頂; 靚; 淨; 訂; 鄭; 睜; 証; 凈; 釘; 貞; 浈; 掟; 偵
정가,定价; 政街; 情歌; 郑家; 丁家; 程家; 井架; 净价; 订价; 征歌
정가공,精加工
정가광장,正佳广场
정가법,定价法
정가영,郑嘉颖
정가표,定价票
정각,正刻; 正觉; 顶角
정간,井间; 精简; 精干; 停刊
정간물,定刊物
정간상,正赶上
정감,情感
정감류,情感类
정갑관,晶闸管
정강,政纲; 定岗; 靖江; 顶岗; 靖康; 程刚; 郑刚
정강산,井冈山
정강산시,井冈山市
정강시,靖江市
정강현,静冈县
정개,整个; 整改; 睁开; 政改; 程开
정개사구,整个社区
정객,政客
정객문,政客们
정거,证据; 定居; 挺举
정거자,定居者
정거장,停车场
정거점,定居点
정거확착,证据确凿
정건,证件; 停建; 丁健
정걸,郑杰
정격,定格; 征缴; 晶格
정견,定见; 政见; 正见
정견자,政见者
정결,净洁; 整洁; 情结; 郑洁; 贞洁; 程洁
정결화,郑洁和
정경,情景; 政经; 正经; 情境; 停经
정경교융,情景交融
정경남,程敬南
정경세작,精耕细作
정경인,正经人
정경팔백,正经八百
정경평,郑京平
정계,政界; 定计
정고,停靠; 定稿; 征稿; 正告; 正高
정고고,顶呱呱
정곡,正鹄
정골,正骨
정공,精工; 停工; 政工; 净空; 程控; 呈贡
정공법,正攻法
정공성,郑功成
정과,正果; 停课; 正课
정과위,郑科伟
정관,定款; 精管; 静观; 征管
정관군,程冠军
정관법,征管法
정관사,定冠词
정관응,郑观应
정관지치,贞观之治
정괄,挺括
정광,精矿; 精光
정광훈,丁光训
정괴,精怪
정교,政教; 精巧; 正巧; 正交; 叮咬; 正教
정교사,正教师
정교소,证交所
정교수,郑教授
정교회,正教会
정구,庭球; 征求; 订购; 井口; 定购; 征购; 顶球; 政区
정구장,庭球场
정구품,正九品
정국,政局; 定局; 郑国
정국신사,靖国神社
정국염,丁国炎
정국충,郑国忠
정군,郑军; 程军
정군산,定军山
정궁,正宫
정권,政权; 证券
정권계,证券界
정권공사,证券公司
정권교역소,证券交易所
정권기,政权期
정권기소,政权机关
정권론,政权论
정권류,证券类
정권법,证券法
정권상,证券商
정권설,政权说
정권시장,证券市场
정권업,证券业
정권적,政权的
정권청산,证券清算
정권투자,证券投资
정권투자자,证券投资者
정권화,证券化
정궤,正轨
정규,正规; 定规
정규군,正规军
정규직,定规职
정규직화,定规职化
정규화,正规化
정균,郑钧
정극,正剧; 正极; 丁克
정극홍,郑克洪
정근,精勤
정금,定金; 订金
정금위좌,正襟危坐
정금휘,丁锦辉
정급,情急; 定级
정급지중,情急之中
정기,定期; 精气; 整机; 正气; 停机; 政企; 顶起; 政纪; 旌旗; 丁基
정기신,精气神
정기적,定期的
정기전,定期战
정기존관,定期存款
정기존단,定期存单
정기평,停机坪
정난,靖难
정남,定南
정낭,精囊
정녀,靓女
정녀문,靓女们
정녀사,郑女士; 丁女士; 程女士
정년,停年; 整年
정년퇴직,停年退职
정념,情念; 正念
정념적,情念的
정녕,丁宁; 叮咛; 正宁
정녕현,正宁县
정다,顶多
정다빈,郑多彬
정단,订单; 顶端; 政坛; 定单
정단서,郑丹瑞
정담,情谈; 精湛
정답,正答
정당,政党; 正当; 叮当; 整党; 顶撞; 停当; 定当; 丁当; 精当
정당경쟁법,正当竞争法
정당방위,正当防卫
정당성,正当性
정당시,正当时
정당인,政党人
정당적,政党的
정당중,正当中
정당화,正当化
정대,正大; 正待; 静待; 整队; 顶戴; 井台
정대광명,正大光明
정대루각,亭台楼阁
정대점,正大店
정대집단,正大集团
정덕,正德
정도,定都; 正道; 程度; 精度; 征途; 郑涛; 正途; 精到; 定陶
정도금,郑道锦
정도세선,精挑细选
정독,正读; 精读
정돈,整顿; 停顿
정돈성,整顿性
정동,郑东; 丁冬; 程东
정동수족,情同手足
정동영,郑东泳
정두,顶头
정두상사,顶头上司
정두초개,情窦初开
정득,征得
정라,钉螺
정락,程洛
정람,丁岚
정랑,情郎
정략,政略
정략적,政略的
정량,定量; 精良; 晶亮; 锃亮; 征粮; 郑亮
정량적,定量的
정량주,顶梁柱
정량화,定量化
정려,情侣
정려문,情侣们; 郑丽文
정력,精力; 鼎力; 丁力
정력상조,鼎力相助
정력적,精力的
정력제,精力剂
정력지지,鼎力支持
정력충패,精力充沛
정련,精炼; 精练
정련유,精炼油
정렬,整列
정령,精灵; 政令; 丁玲
정령림,丁灵琳
정령문,精灵们
정령소,程灵素
정례,定例; 顶礼
정례막배,顶礼膜拜
정례화,定例化
정로,正路; 程璐
정로사,郑老师; 丁老师; 程老师
정론,正论; 定论; 政论
정론가,政论家
정뢰,丁磊; 郑雷
정료,精料
정룡,程龙
정루,顶楼; 井漏
정류,停留; 整流; 精馏
정류기,整流器
정류장,停留场
정류조,整流罩
정륜,腈纶
정률,定律
정릉,定陵
정리,整理; 定理; 情理; 净利; 正理
정리률,净利率
정리윤률,净利润率
정리정리,整理整理
정리지중,情理之中
정리함,整理函
정림,丁林; 程琳
정립,定立; 正立; 鼎立; 订立; 晶粒; 挺立; 丁立
정립적,定立的
정립중,郑立中
정립합동,订立合同
정만,整晚
정만기,程万琦
정만통,郑万通
정망,情网; 政纲
정맥,静脉
정맥두,静脉窦
정맥루,静脉瘘
정맥염,静脉炎
정맥총,静脉丛
정맥혈,静脉血
정면,正面; 情面
정면성,正面性
정면인물,正面人物
정면충돌,正面冲突
정명,正命; 证明; 精明; 正名; 定名; 郑明
정명강간,精明强干
정명능간,精明能干
정명서,证明书
정명진,程名振
정모,郑某; 程某; 丁某; 征募
정목,静穆
정몽,郑梦
정몽구,郑梦九
정묘,丁卯; 精妙; 定苗
정묘절륜,精妙绝伦
정무,政务; 郑武; 丁武
정무관,政务官
정무원,政务院
정무위원,政务委员
정무직,政务职
정묵,静默
정문,旌门; 正门; 正文; 征文; 丁文; 呈文
정문균,丁文钧
정문근,郑文根
정문일침,顶门一针
정물,静物; 证物
정물화,静物画
정미,精米; 精美; 情味; 精微; 丁薇; 丁未; 郑微
정미기,精米机
정미소,精米所
정미절륜,精美绝伦
정민,程敏; 郑敏; 郑珉
정밀,精密; 静谧
정밀도,精密度
정밀량,精密量
정밀성,精密性
정밀적,精密的
정박,碇泊; 停泊
정박세,碇泊税
정반,正反; 顶班
정반궤,正反馈
정반대,正反对
정반면,正反面
정발,挺拔; 停发; 征发
정방,停放; 正方; 正房; 精纺
정방분,正方体
정방형,正方形
정배민,郑培民
정배분,整倍体
정백,净白
정백문,郑百文
정백연,井柏然
정벌,征伐
정범,正犯; 郑凡
정법,正法; 政法
정벽,井壁
정변,政变; 定边; 靖边
정병,征兵; 精兵
정병간정,精兵简政
정병강장,精兵强将
정보,情报; 町步; 呈报; 正步
정보과장,情报课长
정보국장,情报局长
정보기관,情报机关
정보량,情报量
정보망,情报网
정보부,情报部
정보부장,情报部长
정보사,情报司
정보서,情报书
정보원,情报员; 情报源
정보원망,情报院网
정보은행,情报银行
정보적,情报的
정보지,情报志
정보집,情报集
정보화,情报化
정복,征服; 正服; 整复
정복당,征服当
정복민,征服民
정복자,征服者
정복적,征服的
정복지,征服地
정본,正本
정본청원,正本清源
정봉,顶峰; 霆锋; 正逢
정부,情夫; 情妇; 政府; 正否; 顶部; 正负
정부관,政府馆
정부군,政府军
정부당,政府党
정부령,政府令
정부미,政府米
정부성,政府性
정부안,政府案
정부자금,情不自禁
정부장,政府奖
정부주도형,政府主导型
정부채권,政府债券
정부통령,正副统领
정분,整体; 晶体; 井喷; 政体; 情分; 顶体; 丁苯; 正体
정분감,整体感
정분관,晶体管
정분성,整体性
정분식,整体式; 井喷式
정분이언,整体而言
정분화,整体化
정붕,顶棚; 丁鹏; 郑鹏; 程鹏
정붕휘,程鹏辉
정비,整备; 程菲; 正比; 停飞; 鼎沸; 程飞; 整批
정비계,整备系
정비사,整备士
정비소,整备所
정비업체,整备业体
정비창,整备厂
정비창장,整备仓长
정빈,郑斌
정사,情事; 情死; 政事; 正思; 静思; 侦查; 正事; 证词; 情思; 正史; 停驶; 情丝; 精舍; 丁巳; 亭榭
정사각형,正四角形
정사료,精饲料
정사림,郑斯林
정사미,程思薇
정사원,侦查员; 程思远
정사원문,侦查员们
정삭,正朔
정산,精算; 停产; 丁酸; 定产
정산사,精算师
정삼,郑森
정상,情状; 正常; 顶上; 正想; 正像; 征象; 郑爽; 呈祥; 井翔
정상급,顶上级
정상률,正常率
정상배,政商辈
정상분,晶状体
정상성,正常性
정상소,正相关
정상소성,正相关性
정상아,正常儿
정상인,正常人
정상자,正常者
정상적,正常的
정상치,正常值
정상화,正常化
정색,正色
정생,顶生
정서,情緖; 程序; 情绪; 证书; 情书; 定西; 靖西; 正书
정서기,郑书记; 订书机
정서대마,程序代码
정서로,定西路
정서림,丁西林
정서법,程序法
정서설계,程序设计
정서성,程序性; 情绪性
정서시,定西市
정서운행,程序运行
정서원,程序员
정서적,情緖的
정서화,情绪化; 程序化
정석,定石
정석손,丁石孙
정석적,定石的
정선,精选; 程先
정선새,正选赛
정선생,郑先生; 程先生; 丁先生
정설,定说
정설화,定说化
정성,精诚; 定性; 鼎盛; 情性
정성공,郑成功
정성단결,精诚团结
정세,情势; 政势; 精细; 征税
정세포,精细胞
정세화,精细化
정소,情愫; 郑筱; 征召; 精梳; 定销
정소근,丁关根
정소룡,郑小龙
정소영,郑小瑛
정소저,郑小姐; 丁小姐; 程小姐
정소추,郑少秋
정송,丁松
정수,定数; 正手; 精髓; 征收; 停水; 整数; 整修; 净水; 井水; 停售; 停手; 精粹; 静水; 正数; 精瘦; 挺秀
정수률,征收率
정수문,郑秀文
정수부범하수,井水不犯河水
정수삼,郑树森
정수위,整数位
정숙,整肃; 贞淑; 静肃; 整宿; 精熟
정순,征询; 精纯; 丁醇
정승,政丞; 程胜
정시,定时; 正是; 正视; 情诗; 净是; 盯视; 停时; 挺尸
정시기,定时器
정시작탄,定时炸弹
정식,定食; 正式; 程式; 定植; 停息; 定式; 静息; 定息
정식화,定式化; 程式化
정신,井神; 挺身; 精神; 征信; 定神; 净身; 侦讯; 正身; 停薪; 鼎新
정신가가,精神可嘉
정신과,精神科
정신과장,精神科长
정신과적,精神科的
정신과학,精神科学
정신권,精神圈
정신노동,精神劳动
정신노동자,精神劳动者
정신대,挺身队
정신두,精神头
정신두수,精神抖擞
정신력,精神力
정신류,精神类
정신류직,停薪留职
정신면모,精神面貌
정신문명,精神文明
정신문화,精神文化
정신박약,精神薄弱
정신박약아,精神薄弱儿
정신배상,精神赔偿
정신병,精神病
정신병성,精神病性
정신병원,精神病院
정신병자,精神病者
정신사,精神史
정신사적,精神史的
정신상태,精神状态
정신생활,精神生活
정신성,精神性
정신세계,精神世界
정신손실,精神损失
정신손실비,精神损失费
정신손해,精神损害
정신이출,挺身而出
정신적,精神的
정신주의적,精神主义的
정신착란,精神错乱
정신환발,精神焕发
정신황홀,精神恍惚
정실,情实; 证实; 正室; 挺实
정심,精心; 庭审; 静心; 精深; 政审; 定心; 井深; 净心
정심배양,精心培养
정심의중,情深义重
정심제작,精心制作
정심환,定心丸
정십발,程十发
정씨,郑氏; 程氏; 丁氏
정아,顶芽
정아기,郑亚旗
정아팔경,正儿八经
정안,睁眼; 静安; 定案; 正眼; 定安; 正安; 靖安
정안구,静安区
정안령,丁雁翎
정안사,静安寺
정안산,精氨酸
정안설할화,睁眼说瞎话
정안웅,郑雁雄
정안할,睁眼瞎
정안현,正安县; 定安县; 靖安县
정압,静压
정애,情爱
정액,精液; 定额
정액제,定额制
정야,整夜
정야부,郑也夫
정약,订约
정약업,正药业
정양,静养; 正阳; 定襄
정양문,正阳门
정어,正语; 定语
정언,证言; 正言
정업,正业; 停业
정여,正如
정여동,正如同
정여창,丁汝昌
정역,定役
정연,井然; 整然; 定然; 精研
정연결,郑渊洁
정연유서,井然有序
정연추,程砚秋
정열,情热; 订阅
정열적,情热的
정염,精盐
정영,精英; 晶莹; 郑永; 定影; 程婴; 程英; 丁莹
정영강,郑永刚
정영문,精英们
정영새,精英赛
정영척투,晶莹剔透
정영형,精英型
정영화,精英化
정예,精锐
정오,正午; 正误
정옥,正屋
정완,丁烷
정외과,政外科
정요,正要; 政要; 精要
정욕,情欲
정용,整容; 征用; 停用; 顶用; 郑勇
정용화,郑容和
정우,定于; 精于; 顶牛; 郑宇; 靖宇
정우성,郑宇成
정우청,程又青
정욱,程昱
정운,情韵
정울,郑蔚
정웅,郑雄
정원,定员; 庭园; 情愿; 庭院; 定远; 靖远; 贞元
정원령,定员令
정원수,庭园树
정원창,郑元畅; 晶圆厂
정원현,定远县
정월,正月
정위,定位; 政委; 丁伟; 廷尉; 精卫; 证伪; 郑伟; 井位; 井韦; 程伟
정위기,定位器
정유,精油; 丁酉; 郑裕; 情由
정유가원,情有可原
정유독종,情有独钟
정유동,郑裕彤
정유령,郑裕玲
정유업체,精油业体
정유재란,丁酉再乱
정육,精肉
정육론,情育论; 情育論
정육점,精肉店
정윤호,郑允浩
정융,郑融
정음,定音; 正音
정의,定义; 情谊; 正义; 情意; 情义; 精义; 丁毅; 郑义
정의감,正义感
정의면면,情意绵绵
정의성,正义性
정이,程颐; 郑伊
정이건,郑伊健
정이주험,铤而走险
정이품,正二品
정이희,丁二烯
정익구정,精益求精
정인,情人; 证人; 整人; 征人; 征引
정인군자,正人君子
정인문,情人们
정인안리출서시,情人眼里出西施
정인절,情人节
정일,静逸; 整日; 整一; 精一; 定日; 丁一
정일우,丁一宇
정일품,正一品
정일호,郑一虎
정자,亭子; 精子; 靓仔; 钉子; 定子; 顶子; 正字; 蛏子
정자강,程子强
정자고,精子库
정자호,钉子户
정자화,程子华
정잠,程潜
정장,正装; 精装; 庭长; 整张; 情场; 整装; 精壮; 艇长; 证章; 丁壮; 亭长; 靓妆
정장대발,整装待发
정장식,正装式
정재,呈才; 正在
정쟁,政争
정쟁화,政争化
정저,井底
정저지와,井中求火; 井底之蛙
정적,情的; 政敌; 静寂; 静的; 政绩; 整的
정전,丁田; 停战; 停电; 正殿; 征战; 静电; 正传; 井田; 丁战; 正转; 正电
정전기,静电气
정전기적,静电气的
정전방,正前方
정전자,正电子
정전제,丁田制
정전하,正电荷
정절,贞节; 情节; 精绝; 正切
정절관,贞节观
정절엄중자,情节严重者
정점,顶点; 定点; 正点
정점률,正点率
정점아,丁点儿
정정,亭亭; 正定; 订正; 静静; 整整; 丁丁; 征程; 婷婷; 停停; 征订; 怔怔; 叮叮; 顶顶; 定情; 定睛; 订定; 程程; 政情
정정경경,正正经经
정정당당,正正堂堂; 叮叮当当
정정대명,鼎鼎大名
정정수,正整数
정정순,正丁醇
정정신,定定神
정정옥립,亭亭玉立
정정유명,鼎鼎有名
정정유조,井井有条
정정일간,定睛一看
정정적,整整的
정정제제,整整齐齐
정정진,正精进
정정현,正定县
정제,整齐; 精制; 锭剂; 定制; 订制; 正题; 政制; 整除
정제물,精制物
정제성,整齐性
정제화,定制化
정제획일,整齐划一
정조,情操; 情调; 贞操; 征兆; 征调; 定调
정조세각,精雕细刻
정조세탁,精雕细琢
정조중,丁肇中
정종,正宗; 情种
정좌,正坐; 静坐
정죄,定罪; 顶罪
정주,定住; 郑州; 顶住; 定做; 停住; 盯住; 怔住; 定州; 汀州; 靖州
정주대학,郑州大学
정주만보,郑州晚报
정주시,郑州市; 定州市
정주시공안국,郑州市公安局
정주참,郑州站
정주철로국,郑州铁路局
정주화차참,郑州火车站
정준회,郑俊怀
정준휘,丁俊晖
정중,郑重; 正中; 净重
정중기,郑中基
정중기사,郑重其事
정중동,静中动
정중선,正中线
정중하회,正中下怀
정증,净增
정지,停止; 整地; 静止; 郑智; 征地; 情知; 整枝
정지기,静止期
정지룡,郑芝龙
정지안,睁只眼
정지화,郑智化; 郑智和
정직,停职; 正直; 挺直; 正职
정직성,正直性
정진,精进; 挺进; 丁晋; 征尘
정진력,精进力
정진의절,情真意切
정진탁,郑振铎
정집,征集; 侦缉
정차,停车
정차비,停车费
정차장,停车场
정착,定着
정착안정설할화,睁着眼睛说瞎话
정착촌,定着村
정착화,定着化
정찬,正餐
정찰,侦察
정찰기,侦察机
정찰병,侦察兵
정찰원,侦察员
정찰위성,侦察卫星
정채,精彩
정책,政策
정책국,政策局
정책면,政策面
정책부장,政策部长
정책성,政策性
정책실,政策室
정책실장,政策室长
정책적,政策的
정책화,政策化
정처,定处
정천,整天; 顶天
정천립지,顶天立地
정천문,丁倩文
정첨,顶尖
정첨고수,顶尖高手
정청,静听; 正厅; 呈请; 郑晴; 侦听
정청급,正厅级
정청송,程青松
정체,停滞; 政体; 正体; 顶替; 呈递
정체감,停滞感
정체기,停滞期
정체부전,停滞不前
정체불명,正体不明; 正体不明
정체성,正体性
정체성론,停滞性论
정초,正初; 郑超
정초초,静悄悄
정촉,叮嘱
정촌,町村
정촌신효,町村信孝
정촌아대,井村雅代
정총,定总
정총부,程丛夫
정추,丁丑
정출,正出
정출다문,政出多门
정출지일,正出之日
정충보국,精忠报国
정취,情趣; 顶嘴
정측,侦测
정층,顶层
정치,政治; 精致; 整治; 净值; 正值; 情致; 情痴
정치가,政治家
정치가문,政治家们
정치경제학,政治经济学
정치계,政治界
정치과,政治课
정치관,政治观
정치국,政治局
정치국원,政治局员
정치군인,政治军人
정치권,政治权
정치권력,政治权力
정치권리,政治权利
정치극,政治剧
정치력,政治力
정치범,政治犯
정치부,政治部
정치부장,政治部长
정치사,政治史
정치사가,政治史家
정치사상,政治思想
정치사적,政治史的
정치성,政治性
정치위원,政治委员
정치의식,政治意识
정치인,政治人
정치적,政治的
정치체,政治体
정치피난,政治避难
정치학,政治学
정치학과,政治学科
정치학도,政治学徒
정치학자,政治学者
정치학적,政治学的
정치협상회의,政治协商会议
정치화,政治化
정칙,正则; 整饬; 定则
정친,定亲
정타세산,精打细算
정탈,定夺
정탐,侦探
정탐소설,侦探小说
정태,静态; 情态
정태분포,正态分布
정태적,静态的
정토,净土; 征讨
정통,正统; 精通; 井筒
정통극,正统剧
정통성,正统性
정통인화,政通人和
정통적,正统的
정통파,正统派
정투,整套
정투의합,情投意合
정파,政派; 侦破; 正派; 停播; 停摆; 郑波; 钉耙
정판,整版; 停板; 侦办; 停办; 顶板
정판교,郑板桥
정패,正牌
정패리,丁贝莉
정팽,正碰
정편,整编; 正片; 晶片; 定编
정평,定评
정포,正布
정표,订票; 定标
정품,精品; 正品
정품률,正品率
정품화,精品化
정풍,整风; 顶风; 贞丰
정풍모설,顶风冒雪
정풍모우,顶风冒雨
정풍작안,顶风作案
정풍현,贞丰县
정피,精辟
정피력갈,精疲力竭
정하,定下
정하래,停下来
정하심,定下心
정학,停学
정학량,丁学良
정학유,丁学儒
정한,精悍
정합,整合
정합성,整合性
정합형,整合型
정항,停航; 井巷
정해,定海; 丁亥; 情海; 静海; 正楷; 正该
정해하,郑海霞
정해현,静海县
정핵,情势; 定势; 晶核
정향,定向; 丁香
정향폭파,定向爆破
정향화,丁香花
정헌,呈献
정헐,停歇
정현,呈现; 正弦; 郑玄; 定县
정현치,净现值
정현파,正弦波
정협,政协; 顶叶
정협주석,政协主席
정형,定型; 整形; 情形; 整型; 定形; 井陉; 晶形
정형술,整形术
정형외과,整形外科
정형적,定型的
정형현,井陉县
정형화,定型化
정혜,定慧; 钉鞋
정혜쌍수,定慧双修
정호,丁户; 挺好; 正好; 丁浩; 订户; 顶好; 郑浩
정호산,鼎湖山
정호상반,正好相反
정호층,丁户层
정혼,定婚; 征婚; 订婚; 精魂; 证婚
정혼계사,征婚启事
정혼인,证婚人
정혼자,征婚者
정홍,正红
정화,净化; 精华; 停火; 情话; 政和; 征和; 正火
정화기,净化器
정화단,订货单
정화량,订货量
정화보,郑和宝
정화제,净化剂
정화조,净化槽
정화회,订货会
정확,正确; 精确
정확도,正确度; 精确度
정확률,正确率
정확성,正确性; 精确性
정확화,精确化
정활,情敌; 政敌
정황,情况
정회,情怀
정회원,正会员
정회원국,正会员国
정효,丁晓
정효동,郑晓东
정효병,丁晓兵
정후,静候; 征候
정훈,政训; 整训
정훼,精虫
정휘,郑辉
정흉,挺胸
정흔의,郑欣宜
정희,丁喜
정희이,郑希怡
제,第; 制; 提; 题; 济; 际; 除; 帝; 弟; 诸; 齐; 剂; 挤; 梯; 祭; 堤; 蹄; 啼; 脐; 跻; 霁; 娣; 悌; 蛴; 赍; 锑; 侪; 睇; 齑; 荠; 缇; 绨; 鹈; 鲚; 醍; 荑; 傺; 碲; 鞮; 鳀; 韲; 袃; 哜; 隄; 趧; 麡; 虀; 腣; 禔; 穄; 艩; 蕛; 鴺; 禵; 題; 齊; 製; 際; 濟; 擠; 劑; 諸; 媞; 俤
제가,诸加; 提价; 齐家
제가자,制假者
제가회의,诸加会议
제각,除却; 题刻
제간,提干
제간회의,诸干会议
제갈,诸葛
제갈공명,诸葛孔明
제갈근,诸葛瑾
제갈란,诸葛兰
제갈량,诸葛亮
제감,弟监
제감층,弟监层
제강,制钢
제강소,制钢所
제강소장,制钢所长
제개,除开
제거,除去; 提举
제거제,除去剂
제결,齐洁
제고,提高; 题库
제고성,提高性
제고소비자,提高消费者
제고점,制高点
제곡,啼哭
제공,提供; 济公; 诸公
제공권,制空权
제공성,提供性
제공업자,提供业者
제공자,提供者
제과,制菓; 济科
제과용품,制菓用品
제과점,制菓店
제관,祭官; 提款; 制罐
제관권,提款权
제교,提交
제구개,第九个
제구계,第九届
제구국,第九局
제구기,第九期
제구대,第九代
제구동,第九洞
제구륜,第九轮
제구명,第九名
제구위,第九位
제구인,第九人
제구장,第九章
제구조,第九条
제구집,第九集
제구차,第九次
제구천,第九天
제구판,第九版
제국,帝国; 诸国; 齐国
제국군,帝国军
제국주의,帝国主义
제국주의론,帝国主义论
제국주의자,帝国主义者
제국주의적,帝国主义的
제국주의화,帝国主义化
제군,诸君; 诸军
제권,除权
제궤의혈,堤溃蚁穴
제극,除极
제근,蹄筋; 除根
제금,提琴; 齐金
제급,提及; 梯级; 提级
제급률,提及率
제기,提起; 诸暨; 题记; 除气
제기래,提起来
제기시,诸暨市
제나,齐娜
제남,济南
제남기장,济南机场
제남대학,济南大学
제남성,济南城
제남시,济南市
제남참,济南站
제남철로국,济南铁路局
제남화차참,济南火车站
제납이,第纳尔
제내,挤奶
제녀사,齐女士
제녕,济宁
제녕시,济宁市
제다,诸多
제다부편,诸多不便
제단,祭坛; 提单
제당,祭堂; 制糖; 提档
제당업,制糖业
제대,祭台; 除队; 梯队; 脐带
제도,制图; 制度; 提到; 济度; 帝都; 梯度; 除掉; 制导; 挤掉
제도권,制度圈
제도성,制度性
제도적,制度的
제도판,制图板
제도화,制度化
제독,提督; 制毒
제동,制动
제동기,制动器
제동맥,脐动脉
제두,齐头
제두병진,齐头并进
제등,脐橙; 提灯
제람,提篮
제랍,提拉
제랭,制冷
제랭기,制冷机
제랭량,制冷量
제량,剂量
제량률,剂量率
제력,帝力
제련,制炼; 提炼
제련술,制炼术
제례,祭礼
제례악,祭礼乐; 祭礼樂
제로,齐鲁
제료,除了
제류,提留
제륙감,第六感
제륙개,第六个
제륙계,第六届; 第六季
제륙국,第六局
제륙군,第六军
제륙권,第六卷
제륙기,第六期
제륙년,第六年
제륙대,第六代
제륙륜,第六轮
제륙명,第六名
제륙배,第六杯
제륙보,第六步
제륙부분,第六部分
제륙비,第六批
제륙십륙조,第六十六条
제륙십사조,第六十四条
제륙십삼조,第六十三条
제륙십이조,第六十二条
제륙십일조,第六十一条
제륙십조,第六十条
제륙십칠조,第六十七条
제륙십팔조,第六十八条
제륙위,第六位
제륙인,第六人
제륙장,第六章; 第六场; 第六张
제륙절,第六节
제륙조,第六条
제륙종,第六种
제륙집,第六集
제륙차,第六次
제륙참,第六站
제륙천,第六天
제륙층,第六层
제륙판,第六版
제륙항,第六项
제륙호,第六号
제륵명,齐勒铭
제릉,帝陵
제막식,除幕式
제만,挤满
제망,提纲; 制网
제망설령,提纲挈领
제매,弟妹
제매문,弟妹们
제명,除名; 提名; 齐名; 题名
제명자,提名者
제명장,提名奖
제모,齐某
제목,题目
제목체,题目体
제문,祭文; 提问
제문자,提问者
제문화,齐文化
제물,祭物
제물론,齐物论
제미,齐眉
제미격,齐薇格
제미롱안,挤眉弄眼
제민,齐民
제반,诸般
제발,提拔; 题跋
제방,堤防; 提防
제배,祭拜
제백,齐白
제백석,齐白石
제법,提法; 除法
제법무아,诸法无我
제보,提报
제보자,提报者
제보주,齐步走
제보철,提报缀
제복,制服; 祭服; 制伏
제본,制本
제분,制粉; 齑粉
제비,除非; 制备; 齐备
제비기막위,除非己莫为
제비리사,第比利斯
제빈,济贫
제사,祭祀; 题词; 题写; 祭司; 制使
제사가,第四家
제사개,第四个
제사계,第四届; 第四阶; 第四系
제사구,第四句; 第四区
제사국,第四局
제사군,第四军
제사권,祭祀权; 第四卷
제사급,第四级
제사기,第四期; 第四纪
제사년,第四年
제사대,第四代; 第四台
제사도,第四道
제사류,第四类
제사륜,第四轮
제사명,祭祀名; 第四名
제사반,第四盘
제사배,第四杯; 第四排
제사보,第四步
제사부,第四部
제사부분,第四部分
제사분,第四份; 第四分
제사비,第四批
제사상,祭祀床
제사십구조,第四十九条
제사십륙조,第四十六条
제사십사장,第四十四章
제사십사조,第四十四条
제사십삼장,第四十三章
제사십삼조,第四十三条
제사십오장,第四十五章
제사십오조,第四十五条
제사십이장,第四十二章
제사십이조,第四十二条
제사십일장,第四十一章
제사십일조,第四十一条
제사십장,第四十章
제사십조,第四十条
제사십칠조,第四十七条
제사십팔계,第四十八届
제사십팔조,第四十八条
제사위,第四位
제사의원,第四医院
제사인,第四人
제사일,第四日
제사임,第四任
제사장,祭司长; 第四章; 第四场; 第四张
제사장적,祭司长的
제사절,第四节
제사조,第四条; 第四组
제사종,第四种
제사지,第四支; 第四只
제사집,第四集
제사차,第四次
제사참,第四站
제사책,第四册
제사천,第四天
제사초,第四招
제사층,第四层
제사투,第四套
제사판,第四版
제사항,第四项
제사해,除四害
제사호,第四号
제사회,第四回
제삼,弟三; 第三
제삼가,第三家
제삼개,第三个
제삼건,第三件
제삼계,第三届; 第三阶; 第三季; 第三系
제삼계도,第三季度
제삼과,第三颗
제삼괴,第三块
제삼구,第三句; 第三区; 第三球
제삼국,第三国; 第三局
제삼국산,第三国产
제삼권,第三卷; 第三圈
제삼급,第三级
제삼기,第三期; 第三纪; 第三起
제삼년,第三年
제삼대,第三代
제삼도,第三道; 第三度
제삼동,第三洞
제삼등,第三等
제삼량,第三辆
제삼류,第三类
제삼륜,第三轮
제삼막,第三幕
제삼매,第三枚
제삼명,第三名
제삼반,第三盘
제삼방,第三方
제삼배,第三排; 第三杯
제삼보,第三步
제삼본,第三本
제삼부,第三部
제삼부분,第三部分
제삼분,第三分
제삼비,第三批
제삼산업,第三产业
제삼세계,第三世界
제삼소,第三关
제삼수,第三首
제삼십구장,第三十九章
제삼십구조,第三十九条
제삼십륙장,第三十六章
제삼십륙조,第三十六条
제삼십사장,第三十四章
제삼십사조,第三十四条
제삼십삼장,第三十三章
제삼십삼조,第三十三条
제삼십오장,第三十五章
제삼십오조,第三十五条
제삼십이장,第三十二章
제삼십이조,第三十二条
제삼십일장,第三十一章
제삼십일조,第三十一条
제삼십장,第三十章
제삼십조,第三十条
제삼십칠장,第三十七章
제삼십칠조,第三十七条
제삼십팔장,第三十八章
제삼십팔조,第三十八条
제삼위,第三位
제삼의원,第三医院
제삼인,第三人
제삼일,第三日
제삼임,第三任
제삼자,第三者
제삼장,第三场; 第三章; 第三张
제삼적,第三滴
제삼절,第三节
제삼조,第三条; 第三组
제삼종,第三种
제삼좌,第三座
제삼주,第三周
제삼지,第三只; 第三支
제삼집,第三集
제삼차,第三次; 第三车
제삼참,第三站
제삼책,第三册
제삼천,第三天
제삼초,第三招
제삼층,第三层
제삼투,第三套
제삼파,第三把
제삼판,第三版
제삼편,第三遍; 第三篇
제삼폭,第三幅
제삼항,第三项
제삼행,第三行
제삼호,第三号
제삼회,第三回
제삽,齐飒
제삿,祭祀
제상,祭床
제생,诸生
제석,帝释; 除夕
제선,诸善
제선목우,提线木偶
제선생,齐先生
제선왕,齐宣王
제설,除雪
제성,提醒; 制成; 提成; 齐声; 诸城
제성시,诸城市
제성품,制成品
제성형,齐星衡
제세,济世
제세걸,齐世杰
제세안민,济世安民
제세지재,济世之才
제소,提诉; 祭扫
제소개비,啼笑皆非
제솔회의,诸率会议
제쇄쇄,齐刷刷
제수,祭需; 制售; 提手; 除数
제수옥,齐漱玉
제수용품,祭需用品
제순,提纯; 齐舜
제순복장,提纯复壮
제슬,齐膝
제습,除湿
제승,提升; 制胜
제시,提示; 题诗
제시성,提示性
제식,制式; 祭式; 除息
제신,祭神; 跻身; 提神; 诸宸; 提讯
제신성뇌,提神醒脑
제신우,跻身于
제실,帝室
제심,齐心; 提审
제심조담,提心吊胆
제심합력,齐心合力
제심협력,齐心协力
제십개,第十个
제십계,第十届
제십구계,第十九届
제십구장,第十九章
제십구조,第十九条
제십구차,第十九次
제십기,第十期
제십년,第十年
제십륙계,第十六届
제십륙장,第十六章
제십륙조,第十六条
제십륙차,第十六次
제십륜,第十轮
제십명,第十名
제십사계,第十四届
제십사장,第十四章
제십사조,第十四条
제십사차,第十四次
제십사판,第十四版
제십삼계,第十三届
제십삼장,第十三章
제십삼조,第十三条
제십삼차,第十三次
제십삼판,第十三版
제십오계,第十五届
제십오장,第十五章
제십오조,第十五条
제십오차,第十五次
제십오판,第十五版
제십위,第十位
제십이개,第十二个
제십이계,第十二届
제십이명,第十二名
제십이장,第十二章
제십이조,第十二条
제십이차,第十二次
제십이판,第十二版
제십인,第十人
제십일개,第十一个
제십일계,第十一届
제십일기,第十一期
제십일명,第十一名
제십일세,第十一世
제십일위,第十一位
제십일장,第十一章
제십일조,第十一条
제십일차,第十一次
제십일판,第十一版
제십장,第十章
제십조,第十条
제십집,第十集
제십차,第十次
제십천,第十天
제십칠계,第十七届
제십칠장,第十七章
제십칠조,第十七条
제십칠차,第十七次
제십판,第十版
제십팔계,第十八届
제십팔장,第十八章
제십팔조,第十八条
제십팔차,第十八次
제아고,挤牙膏
제악,诸恶
제안,提案; 堤岸; 挤眼
제안권,提案权
제안서,提案书
제안자,提案者
제압,制压; 挤压
제압상,挤压伤
제약,制约; 制药
제약사,制药社
제약성,制约性
제약업,制药业
제약창,制药厂
제양,济阳
제어,制御
제어식,制御式
제언,提言
제여,诸如
제여차류,诸如此类
제역북,齐亦北
제예,齐豫
제오개,第五个
제오계,第五届; 第五季
제오구,第五句
제오국,第五局
제오군,第五军
제오권,第五卷
제오기,第五期
제오년,第五年
제오대,第五代
제오도,第五道
제오류,第五类
제오륜,第五轮
제오명,第五名
제오반,第五盘
제오배,第五杯
제오보,第五步
제오부,第五部
제오부분,第五部分
제오비,第五批
제오새사고,齐奥塞斯库
제오십구조,第五十九条
제오십륙조,第五十六条
제오십사조,第五十四条
제오십삼조,第五十三条
제오십오조,第五十五条
제오십이조,第五十二条
제오십일조,第五十一条
제오십조,第五十条
제오십칠조,第五十七条
제오십팔조,第五十八条
제오위,第五位
제오인,第五人
제오일,第五日
제오장,第五章; 第五场; 第五张
제오절,第五节
제오조,第五条; 第五组
제오종,第五种
제오주,第五周
제오집,第五集
제오차,第五次
제오참,第五站
제오천,第五天
제오층,第五层
제오투,第五套
제오판,第五版
제오함,第五舰
제오항,第五项
제오호,第五号
제오회,第五回
제왕,帝王; 诸王
제왕장상,帝王将相
제외,除外
제외당,除外当
제요,提要
제우,际遇
제원,诸元; 济源
제원시,济源市
제월광풍,霁月光风
제위,诸位; 堤围
제의,提议; 祭仪; 祭衣; 制衣
제의명,祭仪名
제의서,提议书
제의성,祭仪性
제의적,祭仪的
제의창,制衣厂
제이,第二
제이가,第二家; 第二架
제이간,第二杆; 第二间
제이개,第二个
제이건,第二件
제이계,第二届; 第二阶; 第二季
제이계도,第二季度
제이공창,第二工厂
제이과,第二课; 第二颗
제이괴,第二块
제이구,第二句; 第二球; 第二区; 第二口
제이국,第二局
제이군,第二军
제이권,第二卷; 第二圈
제이근,第二根
제이급,第二级
제이기,第二期; 第二起
제이년,第二年
제이단,第二团
제이대,第二代; 第二台; 第二对; 第二队
제이도,第二道; 第二度
제이돈,第二顿
제이동,第二洞
제이량,第二辆
제이례,第二例
제이류,第二类
제이륜,第二轮
제이립,第二粒
제이막,第二幕
제이매,第二枚
제이명,第二名
제이반,第二盘
제이발,第二发
제이방,第二方
제이배,第二排; 第二杯
제이보,第二步
제이본,第二本
제이봉,第二封
제이부,第二部
제이부분,第二部分
제이부속의원,第二附属医院
제이분,第二份; 第二分
제이비,第二批
제이산업,第二产业
제이생산대,第二生产队
제이성,第二性; 第二声
제이세,第二世
제이소,第二关; 第二艘
제이소조,第二小组
제이수,第二首
제이시,第二时
제이심,第二审
제이십계,第二十届
제이십구계,第二十九届
제이십구장,第二十九章
제이십구조,第二十九条
제이십구차,第二十九次
제이십륙계,第二十六届
제이십륙장,第二十六章
제이십륙조,第二十六条
제이십륙차,第二十六次
제이십사장,第二十四章
제이십사조,第二十四条
제이십사차,第二十四次
제이십삼계,第二十三届
제이십삼장,第二十三章
제이십삼조,第二十三条
제이십삼차,第二十三次
제이십오장,第二十五章
제이십오조,第二十五条
제이십오차,第二十五次
제이십이장,第二十二章
제이십이조,第二十二条
제이십이차,第二十二次
제이십일계,第二十一届
제이십일장,第二十一章
제이십일조,第二十一条
제이십일차,第二十一次
제이십장,第二十章
제이십조,第二十条
제이십차,第二十次
제이십칠장,第二十七章
제이십칠조,第二十七条
제이십칠차,第二十七次
제이십팔장,第二十八章
제이십팔조,第二十八条
제이십팔차,第二十八次
제이쌍,第二双
제이안,第二眼
제이영,第二营
제이위,第二位
제이의원,第二医院
제이인,第二人
제이일,第二日
제이임,第二任
제이장,第二场; 第二张; 第二章
제이절,第二节
제이조,第二条; 第二组
제이종,第二种
제이좌,第二座
제이주,第二周
제이지,第二支; 第二只
제이직업,第二职业
제이진,第二阵
제이집,第二集; 第二辑
제이차,第二次; 第二车
제이참,第二站
제이창,第二枪
제이책,第二册
제이처,第二处
제이천,第二天
제이초,第二招
제이출,第二出
제이층,第二层
제이통,第二通
제이투,第二套
제이파,第二把
제이판,第二版
제이편,第二遍; 第二篇
제이폭,第二幅
제이필,第二笔
제이항,第二项
제이행,第二行
제이혈,第二页
제이호,第二号
제이회,第二回
제인,齐茵
제일,祭日; 第一; 齐一
제일가,第一家; 第一架
제일각,第一脚
제일간,第一间; 第一杆
제일강,第一讲
제일개,第一个
제일건,第一件
제일검,第一剑
제일계,第一阶; 第一届; 第一季
제일계도,第一季度
제일고,第一股
제일과,第一颗; 第一课; 第一科
제일괴,第一块
제일구,第一句; 第一球; 第一区
제일국,第一局
제일국제은행,第一国际银行
제일군,第一军
제일권,第一卷; 第一圈
제일근,第一根
제일급,第一级
제일기,第一期
제일기계공업부,第一机械工业部
제일기차제조창,第一汽车制造厂
제일년,第一年
제일단,第一团
제일당,第一堂
제일대,第一代; 第一台; 第一对; 第一队
제일도,第一刀
제일돈,第一顿
제일동,第一洞
제일등,第一等
제일량,第一辆
제일려,第一旅
제일련,第一联
제일렬,第一列
제일례,第一例
제일루,第一楼
제일류,第一类; 第一流
제일륜,第一轮
제일립,第一粒
제일막,第一幕
제일매,第一枚
제일명,第一名
제일목,第一目
제일목표,第一目标
제일문,第一门; 第一问
제일반,第一盘; 第一班
제일방,第一方
제일방면,第一方面
제일배,第一排; 第一杯
제일병,第一瓶
제일보,第一步
제일본,第一本
제일봉,第一封; 第一棒
제일부,第一部; 第一副; 第一夫
제일부분,第一部分
제일부속의원,第一附属医院
제일분,第一分
제일분종,第一分钟
제일산업,第一产业
제일선,第一线
제일성,第一声; 齐一性; 第一城; 第一性
제일소,第一关; 第一艘; 第一所
제일소조,第一小组
제일소학,第一小学
제일수,第一手; 第一首
제일심,第一审
제일쌍,第一双
제일야,第一夜
제일영,第一营
제일위,第一位
제일의,第一义
제일의원,第一医院
제일인,第一人
제일일,第一日
제일장,第一场; 第一张; 第一章; 第一仗
제일재경일보,第一财经日报
제일쟁,第一趟
제일적,第一滴
제일절,第一节
제일조,第一条; 第一组
제일종,第一种; 第一宗
제일좌,第一座
제일주,第一周
제일주의,第一主义
제일주의론,第一主义论
제일주의자,第一主义者
제일중학,第一中学
제일지,第一支; 第一只
제일집,第一集; 第一辑
제일차,第一次; 第一车
제일찬,第一餐
제일참,第一站
제일창,第一枪
제일책,第一册
제일처,第一处
제일천,第一天
제일초,第一招; 第一秒
제일촌,第一村
제일출,第一出
제일층,第一层
제일침,第一针
제일통,第一桶
제일투,第一套
제일파,第一把
제일파수,第一把手
제일판,第一版
제일편,第一篇; 第一遍; 第一片
제일포,第一炮
제일폭,第一幅
제일품,第一品
제일필,第一笔
제일항,第一项
제일혈,第一页
제일호,第一号
제일환,第一环
제일회,第一回
제임,提任
제입,挤入
제자,弟子; 梯子; 题字; 诸子; 蹄子
제자문,弟子们
제자백가,诸子百家
제작,制作
제작국,制作局
제작권,制作权
제작물,制作物
제작비,制作费
제작사,制作社
제작소,制作所
제작술,制作术
제작실,制作室
제작업체,制作业体
제작인,制作人
제작자,制作者
제작진,制作阵
제장,祭场; 制浆
제재,制材; 制裁; 题材
제재성,制裁性
제재소,制材所
제재안,制裁案
제적,除籍
제적당,除籍当
제적생,除籍生
제전,提前; 祭典; 齐全; 祭奠; 梯田; 除颤; 制钱
제전경기,祭典竞技
제전량,提前量
제점,挤占; 提点
제정,制定; 帝政; 祭政; 制订; 齐整
제정맥,脐静脉
제정안,制定案
제정일치,祭政一致
제정자,制定者; 制订者
제제,制剂; 帝制; 弟弟; 齐齐; 济济
제제다사,济济多士
제제매매문,弟弟妹妹们
제제문,弟弟们
제제신,提提神
제제일당,济济一堂
제제적,齐齐的
제제합이,齐齐哈尔
제제합이시,齐齐哈尔市
제제합이제이제약유한공사,齐齐哈尔第二制药有限公司
제조,制造; 提早; 祭祖; 提租; 提调
제조공관,齐抓共管
제조기,制造机
제조류,制造类
제조법,制造法
제조비,制造费
제조상,制造商
제조상문,制造商们
제조업,制造业
제조업계,制造业界
제조업자,制造业者
제조업체,制造业体
제조일,制造日
제조자,制造者
제조창,制造仓; 制造厂
제조창화,制造仓化
제종,制种
제주,济州; 祭主; 祭酒; 齐奏
제주도,济州岛
제중희,齐中熙
제지,制止; 制纸; 题旨
제지업체,制纸业体
제직,制织
제진,挤进; 除尘; 齐秦
제집,齐集
제차,梯次
제차지외,除此之外
제창,提唱; 提倡; 齐唱
제채,荠菜
제천,祭天; 齐天
제철,制铁
제철소,制铁所
제청,提请; 祭厅; 济青
제체내,齐达内
제초,除草
제초웅,齐楚雄
제초제,除草剂
제출,提出; 挤出
제출기,挤出机
제출자,提出者
제취,提取; 齐聚; 除臭
제취률,提取率
제취일당,齐聚一堂
제취제,除臭剂
제친,提亲
제칠개,第七个
제칠계,第七届; 第七季
제칠국,第七局
제칠군,第七军
제칠권,第七卷
제칠기,第七期
제칠년,第七年
제칠대,第七代
제칠륜,第七轮
제칠명,第七名
제칠배,第七杯
제칠위,第七位
제칠인,第七人
제칠장,第七章; 第七场
제칠절,第七节
제칠조,第七条
제칠집,第七集
제칠차,第七次
제칠천,第七天
제칠층,第七层
제칠판,第七版
제칠함,第七舰
제태,挤兑
제파,堤坝
제판,制版
제팔개,第八个
제팔계,第八届; 第八季
제팔국,第八局
제팔군,第八军
제팔권,第八卷
제팔기,第八期
제팔대,第八代
제팔륜,第八轮
제팔명,第八名
제팔비,第八批
제팔십사조,第八十四条
제팔위,第八位
제팔인,第八人
제팔장,第八章
제팔절,第八节
제팔조,第八条
제팔집,第八集
제팔차,第八次
제팔천,第八天
제팔판,第八版
제팔호,第八号
제패,制覇
제편,制片
제편인,制片人
제편창,制片厂
제포,提包
제폭안량,除暴安良
제표,除标; 制表
제품,制品; 祭品
제품군,制品群
제품력,制品力
제품명,制品名
제품업,制品业
제품점,制品店
제품창,制品厂
제품화,制品化
제필,提笔
제하,题下; 齐河
제하분주,济河焚舟
제한,制限
제한당,制限当
제한성,制限性
제한적,制限的
제한점,制限店
제해,除害; 题解; 题海
제해권,制海权
제해전술,题海战术
제행무상,诸行无常
제향동,齐向东
제헌,制宪
제헌절,制宪节
제헌회의,制宪会议
제혁,制革
제현,诸贤; 诸县
제형,弟兄; 制衡; 剂型; 梯形
제형문,弟兄们
제혜,制鞋
제혜업,制鞋业
제호,题号; 齐昊
제호관정,醍醐灌顶
제화,提货; 提花
제화단,提货单
제환공,齐桓公
제회,际会
제후,诸侯
제후국,诸侯国
제훼국,除虫菊
제휘,齐晖
제휴,提携
제흉,齐胸
조,条; 造; 组; 调; 照; 早; 找; 朝; 助; 抓; 跳; 祖; 遭; 措; 赵; 操; 阻; 鸟; 潮; 租; 粗; 曹; 雕; 糟; 罩; 吊; 兆; 钓; 嘲; 爪; 躁; 燥; 藻; 诏; 灶; 澡; 噪; 枣; 槽; 皂; 糙; 诅; 肇; 眺; 稠; 嘈; 刁; 碉; 凋; 叼; 蚤; 漕; 臊; 晁; 窕; 祚; 厝; 绦; 俎; 茑; 佻; 莜; 笊; 啁; 洮; 粜; 螬; 钌; 胙; 艚; 鲷; 祧; 徂; 鲦; 阼; 铫; 殂; 唣; 蜩; 𬶐; 肏; 謿; 麆; 铞; 缲; 訋; 趮; 鞗; 鐰; 蓸; 窎; 艁; 駋; 鯈; 蹧; 駣; 髞; 荮; 條; 調; 組; 鳥; 曺; 趙; 棗; 釣; 曌
조가,造价; 造假; 调价; 赵家; 租价; 曹家; 组歌
조가공,粗加工
조가림,赵家林
조가범,曹可凡
조가빈로,肇嘉浜路
조가자,造假者
조각,组阁; 雕刻; 吊脚
조각가,雕刻家
조각루,吊脚楼
조각상,雕刻像
조각전,雕刻展
조각품,雕刻品
조간,朝刊; 调侃; 照看; 吊杆
조간신문,朝刊新闻
조간화,朝刊化
조감,鸟瞰; 皂苷; 鸟苷
조감독,助监督
조강,赵刚; 赵强; 条钢; 槽钢; 糟糠
조강지처,糟糠之妻
조강천,曹刚川
조개,找个; 赵凯
조객,吊客
조갱,调羹
조거,抓举; 祖居
조건,条件; 组建; 组件; 赵健
조건국,赵建国
조건명,赵建铭; 曹建明
조건반사,条件反射
조건부,条件附
조건성,条件性
조건자,条件者
조건적,条件的
조건해,曹建海
조건화,条件化; 赵建华
조걸,赵杰; 曹杰
조걸위학,助桀为虐
조검화,赵剑华
조겁,遭劫
조격,阻击; 阻隔; 曹格
조격전,阻击战
조견,早绢; 调遣; 朝见
조경,肇庆; 调经; 粗硬; 赵琼
조경리,赵经理
조경시,肇庆市
조경자,照镜子
조경행,曹景行
조계,租界
조계명,赵启明
조계정,赵启正
조계종,曹溪宗
조계태,曹启泰
조고,照顾; 糟糕; 调高; 赵高; 组稿; 枣糕; 凋枯
조곡,组曲
조곤,曹锟
조공,朝贡; 调控; 助攻; 曹公
조공명,赵公明
조과,早课
조과립,粗颗粒
조관,朝冠; 条款; 照管
조괄,赵括
조광,粗犷
조광윤,赵匡胤
조광의,赵光义
조광정,曹广晶
조광증,躁狂症
조괘,吊挂
조굉,赵宏
조굉박,赵宏博
조교,助教; 调教; 吊桥
조교수,助教授; 赵教授
조구,粗口; 照旧; 灶具; 造句; 赵构; 抓阄; 吊球; 组构
조국,祖国; 赵国
조국경,赵国庆
조국동,赵国栋
조국송,赵国荣
조국위,曹国伟
조국장,赵局长
조군,曹军; 赵军
조권,赵权
조규,条规
조규문,找窍门
조균,调匀
조극,潮剧
조극명,赵克明
조근,朝觐
조근성,朝勤性
조근자,朝觐者
조금,租金
조급,早急; 躁急
조급성,躁急性
조급증,躁急症
조기,早期; 早起; 抓起; 朝气; 潮气; 吊机
조기교육,早期教育
조기래,吊起来
조기량,潮气量
조기만수,早起晚睡
조기봉발,朝气蓬勃
조기회,找机会
조긴,抓紧
조길,赵佶
조나,刁娜
조난,刁难; 遭难
조난당,遭难当
조난자,遭难者
조남,朝南; 赵楠
조남남,赵楠楠
조녀사,赵女士; 曹女士
조년,早年
조년간,早年间
조녕,赵宁
조니,阻尼; 枣泥
조니기,阻尼器
조니마,肏你妈
조단,组团; 阻断; 赵丹
조단백,粗蛋白; 组蛋白
조단식,组团式
조달,调达
조달망,调达网
조달책,调达策
조답,糟蹋; 糟踏
조당,阻挡; 澡堂
조대,组队; 粗大; 吊带; 朝代; 灶台; 祖代
조대가,赵大哥
조대군,吊带裙
조대마,赵大妈
조대삼,吊带衫
조대상,找对象
조대야,赵大爷
조대원,曹大元
조대위,赵大伟
조대인,赵大人
조덕,祖德
조덕소,赵德昭
조덕일,刁德一
조도,找到; 遭到; 调度; 早稻; 组图; 早到; 操刀; 照度; 鸟岛; 稠度; 赵涛; 抓赌
조도실,调度室
조도원,调度员
조도중심,调度中心
조독,早读
조동,调动; 躁动; 朝东; 赵东; 肇东; 曹冬
조동모서,朝东暮西
조동사,助动词
조동시,肇东市
조두,调头; 潮头; 兆头
조등,吊灯; 条凳
조등우,赵登禹
조락,凋落; 找乐
조락제,赵乐际
조락천,赵乐天
조란,阻拦; 吊兰
조략,粗略
조량,照亮; 粗粮; 赵亮
조량화동,雕梁画栋
조려용,赵丽蓉
조려평,赵丽萍
조려화,赵丽华
조력,助力; 潮力; 阻力
조력권,助力权
조련,早恋; 操练
조렬,粗劣
조령,凋零; 诏令; 条令; 调令; 赵玲; 赵灵
조령모개,朝令暮改
조령석개,朝令夕改
조령아,赵灵儿
조례,条例; 照例
조로,粗鲁; 操劳; 朝露; 赵老
조로사,赵老师; 曹老师
조로인생,朝露人生
조롱,嘲弄; 鸟笼
조뢰,赵磊; 曹磊
조료,调料; 照料
조룡,祖龙; 雕龙; 赵龙
조루,早漏; 碉楼; 粗陋
조루증,早漏症
조류,潮流; 藻类; 鸟类
조리,条理; 调理; 助理; 调离; 照理; 赵莉
조리기,调理器
조리대,调理台
조리법,调理法
조리사,调理士
조리용,调理用
조리용품,调理用品
조리원,助理员
조림,造林; 赵琳; 赵林; 曹林; 枣林
조립,组立; 造粒; 赵立
조립도,组立图
조립식,组立式
조립질,粗粒质; 粗粒质
조립품,组立品
조마,条码; 祖马
조마번,找麻烦
조만,早晚; 刁蛮
조만간,早晩间
조망,眺望; 朝纲
조망치국,抓纲治国
조맹덕,曹孟德
조면,照面
조명,嘲名; 照明; 赵铭; 鸟鸣; 赵明; 曹明
조명검,赵明剑
조명등,照明灯
조명시리,朝名市利
조명우,赵明宇
조명탄,照明弹
조모,赵某; 祖母; 曹某; 粗毛; 朝暮
조모록,祖母绿
조목,条目
조목조목,条目条目
조무,赵武; 赵无
조무기,赵无忌
조문,吊问; 条文; 条纹; 调门; 赵文; 曹文
조문객,吊问客
조문석사,朝闻夕死
조문장,曹文庄
조문탁,赵文卓
조문헌,曹文轩
조물,造物
조물주,造物主
조미,助味; 调味; 赵薇; 糙米
조미료,调味料
조미품,调味品
조민,刁民; 赵敏
조밀,稠密
조박,糟粕
조박초,赵朴初
조반,早饭; 早盘; 造反; 照搬; 早班; 抓饭
조반자,造反者
조반파,造反派
조발,调发; 调拨; 照发
조방,粗放; 造访; 赵芳; 曹方; 朝房; 灶房
조방경영,粗放经营
조방자,租房子; 租房者
조방제,条坊制
조방형,粗放型
조배,调配; 祖辈; 朝拜; 照排
조백순,曹伯纯
조백합,赵白鸽
조벽,照壁
조변석개,朝变夕改
조별,组别
조병,调兵; 曹兵; 赵兵
조병견장,调兵遣将
조보,早报; 碉堡; 赵普; 找补
조보강,赵宝刚
조보국,赵保国
조보로,漕宝路
조복,朝服; 造福
조본산,赵本山
조본선과,照本宣科
조봉,遭逢
조부,祖父
조부도,找不到
조부모,祖父母
조부보석,朝不保夕
조부주,抓不住
조부착,找不着
조북,朝北; 赵北
조분,组分; 祖坟; 组份; 澡盆; 鸟粪
조분루석,条分缕析
조불,照拂
조불급석,朝不及夕
조불려석,朝不虑夕
조붕,赵鹏
조비,曹丕; 粗鄙; 赵飞; 吊臂
조비내,朝比奈
조비연,赵飞燕
조빈,调频; 赵斌; 曹彬
조사,助词; 吊词; 照查; 祖师; 调查; 照射; 肇事; 找死; 措辞; 找事; 凋谢; 措词; 吊死; 粗纱
조사계,调查界
조사국,调查局
조사권,调查权
조사단,调查团
조사단장,调查团长
조사료,粗饲料
조사모상,朝思暮想
조사반,调查班
조사부,调查部; 赵师傅
조사부장,调查部长
조사선,调查船
조사야,祖师爷
조사연구,调查研究
조사원,调查员
조사자,调查者; 肇事者
조사처,调查处
조사표,调查表
조삭,曹铄
조산,早产; 祖山; 潮汕; 助产; 朝山
조산대,造山带
조산사,助产士
조산아,早产儿
조산통,早产痛
조삼,罩衫
조삼모사,朝三暮四
조삼모사식,朝三暮四式
조상,早上; 祖上; 雕像; 照相; 照常; 造像; 吊床; 曹爽; 赵翔
조상관,照相馆
조상기,照相机
조상문,找上门
조상신,祖上神
조상지,赵尚志
조새,阻塞
조새성,阻塞性
조색,调色
조색판,调色板
조생,早生
조생귀자,早生贵子
조서,调书; 诏书; 赵瑞; 早逝; 朝西; 赵曙
조서기,赵书记
조석,潮汐; 朝夕; 赵石
조석간제,朝夕刊制
조석군,赵锡军
조석상처,朝夕相处
조선,朝鲜; 漕船; 造船; 祖先; 早先; 吊扇; 租船
조선대,朝鲜队
조선량,造船量
조선로동당중앙위원회,朝鲜劳动党中央委员会
조선문,祖先们
조선반도,朝鲜半岛
조선생,赵先生; 曹先生
조선소,造船所
조선어,朝鲜语
조선업,造船业
조선업계,造船业界
조선일보,朝鲜日报
조선조,朝鲜朝; 粗线条
조선족,朝鲜族
조선중앙통신사,朝鲜中央通讯社
조선창,造船厂
조설,赵雪; 照说
조설근,曹雪芹
조설련,赵雪莲
조섬유,粗纤维
조성,助成; 组成; 造成; 噪声; 朝圣; 赵星
조성설,造成说
조성자,朝圣者
조세,租税; 粗细; 皂洗
조소,嘲笑; 雕塑; 吊销; 鸟巢; 调笑; 皂素; 粗疏
조소군,赵萧君
조소란,赵小兰
조소성,雕塑性
조소저,赵小姐
조소접,赵小蝶
조소집조,吊销执照
조속,早速; 粗俗; 调速
조속기,调速器
조손,祖孙
조손삼대,祖孙三代
조송,曹颂
조송지근,照松之勤
조쇠,早衰
조수,助手; 潮水; 鸟兽; 遭受; 操守; 抓手; 租售; 枣树
조수리,赵树理
조수문,助手们
조수부급,措手不及
조수석,助手席
조숙,早熟
조숙형,早熟型
조습,潮湿; 燥湿
조승,赵承; 赵升
조승모문,朝蝇暮蚊
조승희,赵承熙
조시,措施; 调试; 早市; 肇始
조시가강,措施加强
조시간,找时间
조식,早食; 曹植; 调息; 调式; 雕饰
조신,操身; 朝臣; 早晨; 灶神
조신건,赵新建
조신선,赵新先
조신우,曹新宇
조실,照实
조실부모,早失父母
조심,操心; 找寻; 粗心; 糟心
조심대의,粗心大意
조심성,操心性
조심조심,操心操心
조씨,赵氏; 曹氏
조아,鸟儿; 爪牙; 条儿; 赵雅; 枣儿
조아랑당,吊儿郎当
조아문,鸟儿们
조아지,赵雅芝
조악,粗恶
조악풍,赵岳枫
조안,早安; 诏安; 潮安
조안방,赵安邦
조안산,组氨酸
조안현,诏安县; 潮安县
조알,阻遏
조압기,调压器
조앙,遭殃; 曹昂
조애,阻碍
조애문,曹爱文
조야,朝野; 粗野
조야상하,朝野上下
조약,条约; 租约; 抓药
조양,照样; 朝阳; 调养; 曹阳; 潮阳; 枣阳; 赵阳; 曹杨; 抓痒
조양공원,朝阳公园
조양교통지대,朝阳交通支队
조양구,朝阳区; 潮阳区
조양로,朝阳路
조양법원,朝阳法院
조양북로,朝阳北路
조양시,朝阳市; 枣阳市
조양의원,朝阳医院
조어,造语; 钓鱼; 朝语
조어대,钓鱼台
조어도,钓鱼岛
조어화향,鸟语花香
조억,阻抑
조언,助言; 吊唁
조언자,助言者
조얼,造孽
조업,操业; 肇业; 祖业
조여,赵如
조역,助役
조역추,赵亦秋
조연,助演; 调研; 阻燃; 赵燕; 助燃; 调演; 操演
조연경,赵燕京
조연상,助演赏
조연원,调研员
조연제,阻燃剂
조연출자,助演出者
조연화,曹燕华; 赵燕华
조열,燥热; 调阅
조염,赵炎
조영,造营; 造影; 曹颖; 赵颖; 赵莹; 照映; 赵缨
조영강,赵永刚
조영태,赵永泰
조영혜,赵颖慧
조예,造诣; 赵睿
조예예,赵蕊蕊
조옥서,曹玉书
조옥주,赵玉柱
조옹,曹禺
조와,爪哇
조와도,爪哇岛
조와성,爪哇省
조왕야,灶王爷
조요,阻挠; 照耀; 造谣; 抓挠
조요경,照妖镜
조요생사,造谣生事
조요자,造谣者
조요혹중,造谣惑众
조용,租用; 调用; 赵勇; 潮涌; 曹勇
조용강,赵勇刚
조용용,赵蓉蓉
조용조,租庸调
조우,遭遇; 赵宇; 赵雨; 曹宇
조우비,赵羽飞
조우신,赵羽晨
조우전,遭遇战
조우정,赵又廷
조욱,赵顼; 赵旭
조운,赵云; 调运; 漕运; 吊运
조운금,曹云金
조운모우,朝云暮雨
조운용,赵云勇
조울증,躁郁症
조원,组员; 枣园; 造园
조원문,组员们
조원원,赵媛媛
조원임,赵元任
조원정,曹远征
조월,赵越
조위,助威; 曹魏; 赵伟; 潮位
조위구,吊胃口
조위민,赵为民
조위회,组委会
조유,赵瑜
조윤,赵昀
조율,租率; 调律; 租率; 调律
조율이시,枣栗梨柿; 枣栗梨柿
조음,噪音; 调音; 潮音; 祖荫
조응,照应
조의,赵毅
조의금,吊意金; 吊意金
조의성,赵毅成
조이,早已
조이요시,抓耳挠腮
조익,助益
조익모습,朝益暮习
조인,调印; 找人; 抓人; 助人; 粗人; 曹寅; 枣仁; 曹仁; 调人; 爪印
조인위,赵仁伟
조인위구,吊人胃口
조인위락,助人为乐
조일,早日; 朝日; 赵一
조일만,赵一曼
조일신문,朝日新闻
조일적,赵一荻
조일혜,赵一蕙
조임,租赁; 调任
조임공사,租赁公司
조임기,租赁期
조임비,租赁费
조임시장,租赁市场
조임업,租赁业
조임제,租赁制
조임합동,租赁合同
조잉,早孕
조자,爪子; 调子; 条子; 枣子; 罩子; 调资; 槽子
조자걸,赵慈杰
조자기,赵子琪
조자룡,赵子龙
조자문,赵子文
조자미,赵紫薇
조자습,早自习
조자양,赵紫阳
조자원,赵子原
조작,操作; 造作; 鸟雀
조작계통,操作系统
조작공간,操作空间
조작극,造作剧
조작대,操作台
조작법,操作法
조작설,造作说
조작성,操作性
조작시간,操作时间
조작원,操作员
조작자,操作者
조작적,造作的
조작준비,早作准备
조잔일,助残日
조잡,稠杂; 粗杂; 嘈杂
조장,助长; 组长; 操场; 组装; 粗壮; 吊装; 枣庄; 照章; 曹长; 早场
조장군,赵将军
조장시,枣庄市
조장자,助长者
조장정,抓壮丁
조장춘,赵长春
조장풍,赵长风
조재,遭灾
조적,祖籍
조전,祖传; 调转; 找钱; 造田; 助战; 赵传; 租佃; 条田; 抓钱
조전형,抓典型
조절,调节; 阻截
조절가,调节价
조절기,调节器
조절벌,调节阀
조절성,调节性
조절세,调节税
조절제,调节剂
조점,早点; 抓点
조점아,早点儿
조접,组接
조정,朝廷; 漕艇; 调停; 调整; 调情; 朝政; 赵静; 赵祯; 赵婷; 赵政
조정관,调停官
조정기,调停期; 调整期
조정력,调整力
조정법,调停法
조정실,调整室
조정실장,调整室长
조정정,赵婷婷
조제,调剂; 调制; 助剂; 找齐; 粗制; 遭际; 祖制
조제기,调制器
조제람조,粗制滥造
조조,早早; 曹操; 粗糙; 找找; 条条; 早操; 粗粗
조조간,找找看
조조광광,条条框框
조조도,粗糙度
조조모모,朝朝暮暮
조조배배,祖祖辈辈
조족지혈,鸟足之血
조종,操纵; 祖宗
조종간,操纵杆
조종대,操纵台
조종사,操纵士
조종성,操纵性
조종술,操纵术
조종자,操纵者
조종형,操纵型
조죄,遭罪
조죄수,找罪受
조주,抓住; 潮州; 抓走; 找主; 赵州; 赵姝; 曹州
조주광파전시대,潮州广播电视台
조주교,赵州桥
조주시,潮州市
조주위학,助纣为虐
조주임,赵主任
조준,照准; 赵骏; 曹骏
조중,粗重
조중사,朝中社
조중유세,粗中有细
조중점,抓重点
조지,阻止; 造纸; 操持; 曹志; 曹智
조지강,赵智强; 赵志刚
조지과급,操之过急
조지금일,早知今日
조지대협,粗枝大叶
조지방,粗脂肪
조지분,赵志芬
조지술,造纸术
조지업,造纸业
조지여차,早知如此
조지창,造纸厂
조직,组织; 调职
조직단,组织团
조직력,组织力
조직론,组织论
조직법,组织法
조직생활,组织生活
조직생활회,组织生活会
조직성,组织性
조직알,组织胺
조직액,组织液
조직원,组织员
조직자,组织者
조직장,组织奖
조직적,组织的
조직책,组织责
조직체,组织体
조직학,组织学
조직형,组织型
조직화,组织化
조직화학,组织化学
조진,助阵; 曹臻; 躁进; 条陈
조진궁장,鸟尽弓藏
조진모초,朝秦暮楚
조질,调质
조짐,兆朕
조집,调集
조차,潮差; 租借; 租车; 吊车; 枣茶; 槽车; 调车; 造次
조차구,找借口
조차담반,粗茶淡饭
조차비,租借费
조차지,租借地
조찬,朝餐; 早餐; 刁钻
조참,曹参
조창,鸟枪
조창환포,鸟枪换炮
조책,造册
조처,措处; 调处
조처안,措处案
조천,朝天; 粗浅; 糟践; 赵倩
조천궁,朝天宫
조첨,曹添
조청,造清; 造淸; 赵青; 赵菁
조청기,助听器
조청요,曹清尧
조체,阻滞
조체제,阻滞剂
조초,照抄
조총,赵总
조총리,赵总理
조추,早秋; 啁啾
조축,调蓄
조춘,早春
조출,找出
조출로,找出路
조출만귀,早出晚归
조출모귀,朝出暮归
조충문,赵忠文
조충상,赵忠祥
조충전각,雕虫篆刻
조취,早就; 造就; 抓取
조취모산,朝聚暮散
조취인,曹聚仁
조치,措置; 调治; 阻值; 调值
조치훈,赵治勋
조칙,诏勅
조타수,操舵手
조탁,雕琢
조탁윤,赵卓昀
조태,组态
조퇴,早退
조투,照套; 抓斗
조파,调派; 条播; 赵波
조판,操办; 照办; 雕版
조편,照片; 皂片; 组编
조평,赵平; 找平; 赵萍
조폐,造币; 凋敝
조포,抓捕; 助跑; 调包; 粗布
조폭,粗暴; 条幅; 调幅
조품점,潮品店
조풍,嘲讽
조피,调皮
조하,朝霞; 租下; 漕河; 朝贺; 赵霞
조하금,朝霞锦
조하주,朝霞䌷
조학,助学
조학금,助学金
조학민,赵学敏
조학비,助学费
조한,赵汉
조한양,曹汉阳
조할,抓瞎
조합,组合
조합물,组合物
조합비,组合费
조합식,组合式
조합원,组合员
조합장,组合长
조합주의,组合主义
조합형,组合型
조합형주의자,组合型主义者
조항,条项; 阻抗; 赵恒
조해,调解; 调谐; 祖海
조해서,调解书
조해원,调解员
조핵,造势
조행,操行
조향,朝向
조혁,兆赫; 赵赫
조혁명,抓革命
조현,赵县; 曹县
조혈,造血
조형,造形; 造型; 条形
조형관,造形馆
조형마,条形码
조형물,造形物
조형미,造形美
조형성,造形性
조형예술,造型艺术
조형적,造形的
조호,抓好; 租户; 粗豪; 照护; 调护; 赵虎
조호리산,调虎离山
조혼,早婚
조홍,潮红; 枣红; 曹洪; 赵弘; 赵红
조화,调和; 造化; 雕花; 粗话; 皂化; 赵华; 组画
조화미,调和美
조화법,组化法
조화성,调和性
조화집단,朝华集团
조확,抓获
조환,调换; 吊环; 赵桓
조활,粗活
조회,朝会; 照会; 调回
조회동,曹怀东
조회란,照会栏
조효,赵晓
조효봉,赵晓峰
조효휘,赵晓辉
조훼,绦虫
조훼소기,雕虫小技
조휘,朝晖; 曹辉; 赵辉
조휴,调休
조흔,赵欣
조흠흠,赵鑫鑫
조흥,助兴
조희,调戏; 曹熙
조희문,曹曦文
족,足; 族; 簇; 镞; 蔟
족견,足见
족구,足够; 足球
족구계,足球界
족구대,足球队
족구량,足够量
족구새,足球赛
족구장,足球场
족금,足金
족능,足能
족단,族团; 足坛
족단적,族团的
족련,足联
족류,族类
족벌,族阀
족보,族谱
족본,足本
족부,足部
족부출호,足不出户
족불리지,足不离地
족선,足癣
족속,族属
족쇄,足锁
족신,簇新
족액,足额
족예,族裔
족옹,簇拥
족외혼,族外婚
족월,足月
족월아,足月儿
족음,足音
족이,足以
족인,族人
족자,簇子
족장,族长
족장적,族长的
족적,族的; 足迹
족정,足丁
족정제,足丁制
족족,足足
족지,足趾
족지다모,足智多谋
족채,足彩
족출,簇出
족탈불급,足脱不及
족탕,足汤
족하,足下
족협,足协
족협배,足协杯
족협배새,足协杯赛
존,存; 尊; 銌
존가,尊驾
존경,尊敬
존경심,尊敬心
존관,存款; 存管
존관단,存款单
존관류,存款类
존관액,存款额
존귀,尊贵
존귀형,尊贵型
존근,存根
존단,存单
존당,存档
존대어,尊待语
존댓,尊待
존란,存栏
존란량,存栏量
존란수,存栏数
존량,存粮
존로,尊老
존로애유,尊老爱幼
존류,存留
존립,存立
존망,存亡
존망지추,存亡之秋
존반,存盘
존방,存放
존봉,尊奉
존부,存否
존부론,存否论
존부인,尊夫人
존비,尊卑
존비귀천,尊卑贵贱
존사,尊师
존사중교,尊师重教
존사중도,尊师重道
존성대명,尊姓大名
존속,存续; 尊属
존속기,存续期
존수,存水
존숭,尊崇
존신,存身
존심,存心
존엄,尊严
존엄성,尊严性
존영,尊影
존용,尊容
존의,存疑
존자,存者
존장,尊长
존재,存在
존재감,存在感
존재론자,存在论者
존재론적,存在论的
존재설,存在说
존재성,存在性
존재자,存在者
존저,存储; 存贮; 存底
존저기,存储器; 存贮器
존저량,存储量
존저설비,存储设备
존저용량,存储容量
존전,存钱
존절,存折
존중,尊重
존중론,尊重论
존중심,尊重心
존취,存取
존치,存置
존칭,尊称
존폐,存废
존호,尊号; 存户
존화,尊华; 存货
존활,存活
존활기,存活期
존활률,存活率
존활자,存活者
졸,卒; 拙; 猝; 脺; 箤; 稡
졸견,拙见
졸고,拙稿
졸도,卒倒
졸렬,拙劣
졸병,卒兵
졸부,猝富
졸부급방,猝不及防
졸사,猝死
졸속,拙速
졸업,卒业
졸업반,卒业班
졸업생,卒业生
졸업식,卒业式
졸업식장,卒业式场
졸업자,卒业者
졸업장,卒业状; 卒业狀
졸업화,卒业化
졸연,猝然
졸자,卒子
졸작,拙作
졸저,拙著
졸정원,拙政园
졸중,卒中
졸지,猝地
종,种; 从; 终; 宗; 钟; 纵; 综; 踪; 肿; 棕; 踵; 怂; 淙; 锺; 鬃; 枞; 苁; 粽; 忪; 琮; 螽; 骙; 鯮; 鶎; 賨; 腙; 磫; 艐; 蹱; 踨; 蓗; 鍐; 鬉; 騣; 緵; 終; 種; 從; 鐘; 腫; 鍾; 蹤; 縱; 綜
종가,宗家; 终价; 钟家
종가흔,钟嘉欣
종각,钟阁
종간,从简
종간잡교,种间杂交
종강,终讲; 从江; 宗康
종강현,从江县
종개,钟凯
종개념,种概念; 种槪念
종개념적,种概念的; 种槪念的
종결,终决; 终结; 钟洁
종결자,终结者
종경,从轻
종경발락,从轻发落
종계,种鸡
종계장,种鸡场
종고,钟鼓
종공,种公
종관,纵观; 综观; 从宽; 纵贯
종괴,肿块
종교,宗教; 从教
종교가,宗教家
종교계,宗教界
종교관,宗教观
종교극,宗教剧
종교사적,宗教史的
종교설,宗教说
종교성,宗教性
종교성지,宗教圣地
종교인,宗教人
종교자유,宗教自由
종교적,宗教的
종교학,宗教学
종교학과,宗教学科
종교학자,宗教学者
종구,终究; 从句
종국,终局
종국적,终局的
종군,从军; 种群
종권,宗权
종귀,终归
종규,钟馗
종극,终极
종극목표,终极目标
종금,种禽
종기,肿气
종기황,钟起煌
종남,终南
종남도북,从南到北
종남산,钟南山; 终南山
종내,终乃
종녀,从女
종녀사,钟女士
종년,终年
종년적설,终年积雪
종단,宗团; 终端; 种蛋
종대,纵队; 肿大
종동,从动
종두,从头; 钟头; 种痘
종두도각,从头到脚
종두도미,从头到尾
종두주기,从头做起
종두지미,从头至尾
종두학기,从头学起
종란,种卵
종람,纵览
종래,从来
종래부,从来不
종략,从略
종량,从良
종량세,从量税
종려,棕榈
종려수,棕榈树
종려유,棕榈油
종려제,钟丽缇
종렬,纵裂
종령,钟玲; 钟灵
종례,终礼
종로,钟路; 终老
종로사,钟老师
종론,纵论
종료,终了
종루,钟楼; 宗垒
종류,种类; 肿瘤
종류번다,种类繁多
종류별,种类别
종류성,肿瘤性
종마,种马; 种麻
종막,终幕
종말,终末
종말론,终末论
종명,从命
종모,钟某; 从母; 鬃毛
종목,种目
종목별,种目别
종몰,从没
종묘,种苗; 宗庙
종묘사직,宗庙社稷
종무도유,从无到有
종무소식,终无消息
종무식,终务式
종문,从文; 宗门
종미,从未
종미유과,从未有过
종민,从民
종반,终盘
종배률,从赔率
종백화,宗白华
종범,从犯
종법,宗法
종별,种别
종보,宗谱
종부,从不; 从父
종비,种肥
종사,从事; 从辞; 纵使; 宗师; 宗祠; 从师
종사관,从事官
종사급,宗师级
종사도,种师道
종사원,从事员
종사자,从事者
종산,钟山; 宗珊
종상,种上; 钟祥
종상도하,从上到下
종색,棕色
종생,终生
종선생,钟先生
종선여류,从善如流
종성,终声; 钟声; 纵声
종성권속,终成眷属
종소,从小
종소저,钟小姐
종속,从属; 从速; 种属
종속론,从属论
종속물,从属物
종속성,从属性
종속적,从属的
종수,种树; 棕树
종술,综述
종시,终始
종시여일,终始如一
종시지종,从始至终
종식,终熄; 种植
종식업,种植业
종식원,种植园
종식자,种植者
종신,终身; 从新; 纵身; 宗申
종신난망,终身难忘
종신대사,终身大事
종신제,终身制
종신직,终身职
종신형,终身刑
종실,宗室
종실제출발,从实际出发
종심,终审; 纵深
종심소욕,从心所欲
종아,种鹅
종악,宗岳
종악봉,钟岳峰
종압,种鸭
종애,钟爱
종양,肿疡; 种羊
종양승,钟阳胜
종양업,种养业
종양현,枞阳县
종어,种鱼
종언,终焉
종엄,从严
종업,从业; 种业
종업식,终业式
종업원,从业员
종업인원,从业人员
종업자,从业者
종연,纵然
종영,终映; 踪影; 从影; 钟嵘
종예,从艺
종욕,纵欲
종용,怂慂; 从容; 纵容; 怂恿
종용부박,从容不迫
종용자약,从容自若
종우,终于; 从优; 种牛
종운,钟云
종웅,棕熊
종원갑,宗元甲
종위,钟伟
종유석,钟乳石
종의,从医; 钟意
종이,从而
종일,终日
종일이종,从一而终
종일품,从一品
종자,从者; 种子; 粽子; 从子
종자법,种子法
종장,终章; 终场
종장계의,从长计议
종저,种猪
종저장,种猪场
종적,种的; 纵的; 踪迹
종전,从前; 终战; 种田; 钟荃
종점,终点; 钟点
종점공,钟点工
종점방,钟点房
종점선,终点线
종점참,终点站
종정,钟情; 从政; 纵情
종조,宗祖
종조부,从祖父
종족,种族; 宗族
종족격리,种族隔离
종족기시,种族歧视
종족적,种族的
종족주의,种族主义
종종,种种; 淙淙
종종용용,从从容容
종좌표,纵坐标
종주,宗主; 纵酒
종주국,宗主国
종중,从中; 从重; 从众
종중어리,从中渔利
종중작경,从中作梗
종지,宗旨; 终止; 综指; 种地
종지부,终止符
종지상시,终止上市
종진도,钟镇涛
종진문,钟振文
종차,从此; 种茶; 种差
종차이후,从此以后
종차지후,从此之后
종착역,终着驿
종착점,终着点
종창,肿胀
종채,种菜
종천이강,从天而降
종초,种草
종축,种畜
종치,终值
종치위,综治委
종친,宗亲
종칠품,从七品
종택,宗泽
종택만,钟宅湾
종토세,综土税
종파,宗派; 钟摆; 纵波
종파주의,宗派主义
종판,终板
종표,钟表
종하담기,从何谈起
종한량,钟汉良
종합,综合; 种鸽
종합류,综合类
종합리용,综合利用
종합리용률,综合利用率
종합성,综合性
종합예술,综合艺术
종합적,综合的
종합정,综合征
종합증,综合症
종합지,综合志
종합측시,综合测试
종합치리,综合治理
종합형,综合型
종합화,综合化
종향,纵向
종현,钟铉
종홍,棕红
종화,纵火; 从化; 种花; 宗禾
종화시,从化市
종황색,棕黄色
종황제,宗皇帝
종회,宗会; 钟会
종횡,纵横
종횡교착,纵横交错
종횡무진,纵横无尽
종횡적,纵横的
종횡천하,纵横天下
종횡치빙,纵横驰骋
종횡패합,纵横捭阖
종흑,棕黑
종흔,钟欣
종흔동,钟欣桐
좌,坐; 左; 座; 佐; 挫; 锉; 痤; 矬; 脞; 髽; 蓙; 睉; 咗; 屮; 剉
좌가,左家
좌가음,左佳音
좌각,左脚
좌강,左江
좌거,左键
좌경,左倾
좌경화,左倾化
좌고우면,左顾右眄
좌고우반,左顾右盼
좌골,坐骨
좌골신경,坐骨神经
좌과,坐果
좌교,坐轿
좌구,左丘
좌권,左权
좌근,左近
좌기,左记; 坐骑; 座机
좌뇌,左脑
좌단,左袒; 左端
좌담,座谈
좌담회,座谈会
좌당,坐堂
좌대,座台; 坐台; 坐大
좌대소저,坐台小姐
좌도,锉刀
좌득주,坐得住
좌등,坐等; 佐藤; 坐凳
좌등탁마,佐藤琢磨
좌라,佐罗
좌락,坐落; 座落
좌랍,左拉; 佐拉
좌랭판등,坐冷板凳
좌량옥,左良玉
좌련,左联
좌로,左路
좌뢰,坐牢
좌료,佐料
좌륜,左轮
좌륜수창,左轮手枪
좌리극,佐利克
좌리기,佐里奇
좌린우사,左邻右舍
좌립부안,坐立不安
좌면,左面
좌모,左某
좌무도,左无道
좌무허석,座无虚席
좌문청,左文清
좌반,坐班
좌방,左方
좌방우비,左膀右臂
좌변,左边
좌변로,左边路
좌변봉,左边锋
좌별자,左撇子
좌보,左辅
좌부,佐夫
좌부주,坐不住
좌북,坐北
좌불안석,坐不安席; 坐不安席
좌비,左臂
좌비기,坐飞机
좌빙,左冰
좌사우고,左思右考
좌사우상,左思右想
좌산관호투,坐山观虎斗
좌상,坐像; 挫伤
좌상각,左上角
좌상객,座上客
좌상방,左上方
좌석,坐席; 座席
좌석미난,座席未煖
좌선,坐禅; 左旋
좌선룡,左旋龙
좌소뢰,左小蕾
좌소백,左少白
좌속지,左束支
좌수,左手; 左首
좌수변,左手边
좌수어리,坐收渔利
좌승,左丞
좌시,坐视
좌식,坐式
좌식산공,坐食山空
좌신,左肾
좌실,坐实
좌실량기,坐失良机
좌심,左心
좌심방,左心房
좌심실,左心室
좌심이,左心耳
좌아,座儿
좌영방,左永邦
좌옹우포,左拥右抱
좌와기거,坐卧起居
좌와부안,坐卧不安
좌우,左右
좌우간,左右间
좌우개궁,左右开弓
좌우명,座右铭
좌우봉원,左右逢源
좌우수,左右手
좌우위난,左右为难
좌우익,左右翼
좌우지간,左右之间
좌우지명,座右之铭
좌운,左云
좌운현,左云县
좌월자,坐月子
좌위,座位; 坐位; 左卫
좌의,座椅
좌이,左移
좌이대단,坐而待旦
좌이대사,坐而待死
좌이대폐,坐以待毙
좌이론도,坐而论道
좌익,左翼
좌장,左掌; 坐庄
좌장군,左将军
좌재,坐在
좌전,左转; 左传
좌전만,左转弯
좌절,挫折
좌절감,挫折感
좌점,坐垫
좌정,坐定; 佐证
좌정관천,坐井观天
좌제,佐剂
좌종,座钟
좌종당,左宗棠
좌좌,坐坐
좌좌강,佐佐江
좌좌목,佐佐木
좌중,座中
좌중월,左中越
좌지,左支; 坐支
좌지우지,左之右之
좌진,坐镇
좌차,坐车; 座次
좌찬,佐餐
좌찬성,左赞成
좌창,痤疮; 座舱
좌천,左迁
좌청룡,左青龙; 左靑龙
좌초,坐礁
좌충우돌,左冲右突
좌측,左侧
좌측통행,左侧通行
좌치아주,佐治亚州
좌파,左派
좌파적,左派的
좌판,坐板
좌판공실,坐办公室
좌패,挫败
좌편,左便
좌평,佐平
좌포우혜,左脯右醯
좌표,座标; 坐标
좌표계,座标系; 坐标系
좌표축,坐标轴
좌하,坐下; 左下
좌하각,左下角
좌하방,左下方
좌향,坐向
좌향기성,坐享其成
좌협,左叶
좌호,坐好
좌회부란,坐怀不乱
좌흘산공,坐吃山空
죄,罪
죄가일등,罪加一等
죄견천리,坐见千里
죄과,罪过
죄괴,罪魁
죄괴화수,罪魁祸首
죄대악극,罪大恶极
죄명,罪名
죄목,罪目
죄범,罪犯
죄불용주,罪不容诛
죄상,罪状
죄송,罪悚
죄수,罪囚
죄수복,罪囚服
죄악,罪恶
죄악도천,罪恶滔天
죄악상,罪恶相
죄악시,罪恶视
죄안,罪案
죄얼,罪孽
죄얼심중,罪孽深重
죄유응득,罪有应得
죄의식,罪意识
죄의유경,罪疑惟轻
죄인,罪人
죄정,罪证
죄중벌경,罪重罚轻
죄질,罪质
죄책,罪责
죄책감,罪责感
죄해만사,罪该万死
죄행,罪行
죄형,罪刑
주,主; 走; 做; 住; 周; 注; 洲; 州; 酒; 朱; 珠; 驻; 宙; 奏; 丢; 筹; 柱; 厨; 凑; 舟; 咒; 株; 铸; 绸; 昼; 蛛; 畴; 肘; 橱; 诛; 踌; 稠; 揍; 侏; 蛀; 拄; 胄; 纣; 辏; 俦; 龃; 炷; 嗾; 遒; 澍; 蹰; 姝; 籀; 麈; 赒; 邾; 诪; 辀; 腠; 跓; 楱; 蔟; 铥; 酎; 䌷; 疰; 帱; 裯; 盩; 鸼; 飳; 籒; 鼄; 砫; 秼; 鯐; 祩; 丶; 週; 丟; 註; 廚; 湊; 駐; 籌
주가,株价; 酒家; 周家; 朱家; 住家; 主家
주가가,周佳佳
주가관항,走街串巷
주가군,朱家军
주가부,朱可夫
주각,主角; 注脚
주각문,主角们
주간,主干; 周刊; 周间; 昼间; 周侃
주간도,主干道
주간선,主干线
주간지,周刊志; 周刊纸
주감이열,酒酣耳热
주강,珠江; 主讲; 周强; 铸钢; 朱江; 周刚; 朱罡
주강로,珠江路
주강사,走钢丝
주강삼각주,珠江三角洲
주강삼각주지구,珠江三角洲地区
주강의원,珠江医院
주강인,主讲人
주강호,走江湖
주개,走开; 丢开; 奏凯; 周凯
주객,主客; 酒客; 做客
주객관,主客观
주객전도,主客顚倒
주거,住居; 株距
주거비,住居费
주거지,住居地
주건,筹建; 铸件; 周健; 朱健
주건안,周建安
주건인,周建人
주건화,朱建华
주걸,周杰
주걸륜,周杰伦
주검,丢脸; 周剑
주검사,做检查
주검혜,朱剑慧
주견,䌷绢; 主见
주결,周洁
주경,驻京; 遒劲
주경리,周经理
주경야독,昼耕夜读
주경판사처,驻京办事处
주계,周界
주계남,朱启南
주계민,朱继民
주계방,朱桂芳
주계홍,周继红; 朱启红
주고,株高; 主考; 主顾
주고관,主考官
주고력,朱古力
주고야비,昼高夜卑
주고평,周高萍
주곡,主谷
주곡성,周谷城
주공,做工; 主攻; 主公; 做空; 周公; 做功; 铸工
주공수,主攻手
주공자,周公子
주공작,做工作
주과,主课; 主科
주과래,走过来
주과장,走过场
주관,主管; 主观; 做官; 筹款; 酒馆
주관기소,主管机关
주관능동성,主观能动性
주관령도,主管领导
주관문,主管们
주관성,主观性
주관식,主观式
주관자,主管者
주관적,主观的
주관제,主观题
주관주의,主观主义
주관화,主观化
주광,珠光
주광고,做广告
주광보기,珠光宝气
주광소,周光召
주광아,朱光亚
주광잠,朱光潜
주광호,朱广沪
주굉,周宏
주굉임,朱宏任
주교,主教; 凑巧; 住校; 酒窖; 舟桥
주교련,主教练
주교수,周教授; 朱教授
주교장,周校长
주구,走狗; 住口; 厨具; 周口; 酒具; 主句
주구문,走狗们
주구시,周口市
주구점,周口店
주국강,周国强
주국부,周国富
주국송,朱国荣
주국지,周国知
주국평,周国平
주군,驻军; 朱军; 周军
주군제,主君制
주권,主权
주권자,主权者
주궤,橱柜
주귀,酒鬼; 做鬼
주귀검,做鬼脸
주근,走近; 凑近; 主根
주금신,周锦新
주급,周给
주기,周忌; 周期; 主机; 丢弃; 酒气; 朱基; 珠玑; 周琦; 酒器; 朱琪
주기래,做起来
주기류,周期类
주기봉,周其凤
주기성,周期性
주기인,周其仁
주기적,周期的
주길평,周吉平
주나,周娜
주낙,朱诺
주남,周南
주남틈북,走南闯北
주낭,厨娘
주낭반대,酒囊饭袋
주내,周内
주녀사,周女士; 朱女士
주년,周年
주년기념,周年纪念
주녕,周宁; 朱宁
주뇌,主脑
주누선,主泪线
주단,绸缎; 朱丹
주단백,珠蛋白
주당,酒党
주대,主队; 周代; 主带; 驻台
주대가,朱大可
주대복,周大福
주덕,朱德
주덕용,朱德庸
주도,主导; 主都; 做到; 走到; 丢掉; 周到; 走道; 主刀; 周涛; 酒徒; 朱滔
주도국,主导国
주도권,主导权
주도력,主导力
주도면밀,周到绵密
주도성,主导性
주도자,主导者
주도적,主导的
주도형,主导型
주독,走读
주독생,走读生
주돈이,周敦颐
주동,主动; 走动; 做东; 铸铜; 朱彤
주동권,主动权
주동력,主动力
주동맥,主动脉
주동맥궁,主动脉弓
주동맥판,主动脉瓣
주동성,主动性
주동식,主动式
주동자,主动者
주동적,主动的
주동주동,走动走动
주동학,周同学
주동형,主动型
주두,柱头
주둔,驻屯
주둔국,驻屯国
주둔군,驻屯军
주득호,做得好
주등,酒灯
주라계,侏罗系
주라기,侏罗纪
주락,奏乐
주란,酒乱
주랑,走廊
주래주거,走来走去
주량,酒量; 主梁; 朱亮; 主粮
주량락,周良洛
주려,朱丽
주려기,周丽淇
주려아,朱丽亚
주려천,朱丽倩
주려협,朱丽叶
주려흠,周吕鑫
주력,主力; 注力; 走力; 酒力
주력군,主力军
주력방형,主力房型
주력아,朱力亚
주력함,主力舰
주련,柱联; 株连
주련벽합,珠联璧合
주령,朱玲; 酒令; 朱令; 周玲
주령령,朱玲玲
주례,主礼; 周例; 周礼
주례배,做礼拜
주로,走路; 主路; 周老
주로사,周老师; 朱老师
주뢰,周磊; 朱蕾; 朱雷; 朱磊
주료,做了; 走了; 主料
주루,走垒; 酒楼; 主楼; 走漏; 走累; 珠泪
주루풍성,走漏风声
주류,主流; 酒类; 驻留
주류파,主流派
주륙,周六; 诛戮
주리,朱莉; 主理; 朱利; 周莉
주리아,朱莉娅
주리안,朱利安
주리안니,朱利安尼
주리학,朱理学
주린,周麟
주림,朱琳; 周林
주림림,朱琳琳
주립,州立
주립민,周立民
주립파,周立波
주마,筹码; 走马
주마가편,走马加鞭
주마간산,走马看山
주마관화,走马观花
주마등,走马灯
주마마,周妈妈
주마상임,走马上任
주마점,驻马店
주마점시,驻马店市
주막,酒幕
주만,注满
주만로,走弯路
주말,周末
주말여행,周末旅行
주말판,周末版
주망,蛛网
주매,咒骂; 做媒; 朱梅
주매매,做买卖
주매삼,周梅森
주맥,主脉
주맹맹,周萌萌
주맹의,朱孟依
주면,主面; 柱面
주면자,丢面子
주멸,诛灭
주명,注明; 朱明; 周明
주명곡,奏鸣曲
주명국,朱明国
주명영,朱明瑛
주모,周某; 朱某; 主谋; 筹募; 铸模
주모아,周毛娅
주모요,周慕尧
주모자,主谋者
주목,注目
주목랑마봉,珠穆朗玛峰
주목례,注目礼
주목표,主目标
주몽,做梦
주무,主务; 朱武
주무왕,周武王
주문,咒文; 注文; 呪文; 朱文; 周文; 朱门
주문광,周文广
주문왕,周文王
주문장,做文章
주문중,周文重
주물,铸物
주미,驻美
주미몽,做美梦
주미청,周美青
주민,住民; 周敏; 朱敏; 朱民
주민세,住民税
주민세액,住民税额
주민증,住民证
주밀,周密
주박원,周朴园
주반,做饭; 做伴; 酒饭
주발,周钵; 周勃
주방,厨房; 住房; 走访; 驻防; 周放; 周芳
주방우,朱芳雨
주방장,厨房长
주배,酒杯
주배원,周培源
주백약지장,酒百药之长
주백통,周伯通
주백호,周柏豪
주백화,周伯华
주번,周番
주범,主犯
주법,做法
주변,周边; 走边
주변국,周边国
주변부,周边部
주변인,周边人
주변적,周边的
주변촌,周边村
주변화,周边化
주병,酒瓶; 周兵
주보,周报; 珠宝; 走步; 奏报
주보상,珠宝商
주보업,珠宝业
주보점,珠宝店
주보정,做保证
주보행,珠宝行
주복,主仆
주복무지,走伏无地
주복야출,昼伏夜出
주봉,主峰; 珠峰
주봉봉,珠峰峰
주봉지구,珠峰地区
주봉지기천배소,酒逢知己千杯少
주부,主妇
주부도,做不到
주부동,走不动
주부래,做不来
주부료,做不了; 走不了
주부문,主妇们
주부상,主妇像
주부주석,周副主席
주부출,做不出
주부층,主妇层
주부하,住不下
주분,主体
주분성,主体性
주불,驻佛
주붕,周鹏
주비,筹备
주비교,做比较
주비수불행,舟非水不行
주비회의,筹备会议
주빈,主宾; 朱斌; 周斌
주사,主事; 主思; 注射; 做事; 周四; 走私; 厨师; 朱砂; 宙斯; 主使; 酒肆; 蛛丝
주사기,注射器; 朱司其
주사마적,蛛丝马迹
주사문,厨师们
주사법,注射法
주사부,周师傅; 朱师傅
주사순,宙斯盾
주사액,注射液
주사야탁,昼思夜度; 昼思夜度
주사장,厨师长
주사제,注射剂
주사파,主思派
주삭,朱烁
주산,主山; 珠算; 舟山; 走散
주산군도,舟山群岛
주산시,舟山市
주산지,主产地
주산항,舟山港
주살,诛杀
주삼,周三
주삼락사,丢三落四
주상,主上; 周翔; 周详
주상거,走上去
주상골,舟状骨
주상래,走上来
주새,柱塞
주색,酒色
주색잡기,酒色杂技
주생의,做生意
주생일,做生日
주생현,周生贤
주생활,住生活
주서기,周书记; 朱书记
주서신,周瑞新
주석,主席; 朱锡; 注释; 酒席; 柱石
주석단,主席团
주석대,主席台
주석산,酒石酸
주석서,注释书
주석위,周锡玮
주석직,主席职
주선,周旋; 主线; 周线; 酒仙; 周璇; 舟船
주선률,主旋律
주선생,周先生; 朱先生
주선진,朱仙镇
주성,做成; 酒醒; 铸成; 做声; 周成; 主星
주성대착,铸成大错
주성분,主成分
주성산,朱成山
주성신직,主圣臣直
주성의,周成义
주성치,周星驰
주세,周岁
주세검,周世俭
주세룡,朱世龙
주세혁,朱世赫
주소,住所; 注销; 走俏; 注塑; 奏疏; 注疏
주소녕,周韶宁
주소단,朱小丹
주소명,周小明
주소북,周小北
주소용,朱小勇
주소저,周小姐; 朱小姐
주소절,肘关节
주소지,住所地
주소천,周小川
주소홍,周苏红
주수,主帅; 驻守; 酒水; 住手; 注水; 做秀; 主修; 凑数; 走兽; 做寿
주수각,做手脚
주수나,周秀娜
주수진,周秀珍
주수핵,做手势
주숙,住宿
주숙비,住宿费
주순호치,朱唇皓齿
주술,咒术; 呪术
주술적,咒术的; 呪术的
주시,注视; 走时; 做诗
주시무,朱时茂
주식,主食; 株式; 朱植; 酒食
주식형,株式型
주식회사,株式会社
주신,主神; 周迅; 周身; 走神
주신례,朱新礼
주신방,周信芳
주실,丢失; 走失
주심,主审; 珠心
주심골,主心骨
주씨,周氏; 朱氏
주아,蛀牙; 珠儿
주아경,朱雅琼
주아부,周亚夫
주아비,周雅菲
주아연,朱亚衍
주아청,朱雅清
주아헌,周雅轩
주안,驻颜; 朱颜
주안상,酒案床
주안점,主眼点
주애,做爱
주야,昼夜
주야부정,昼夜不停
주야장천,昼夜长川
주약란,朱若兰
주양,周扬; 走样; 周阳
주양자,做样子
주어,主语; 咒语
주언굉,周彦宏
주업,主业; 朱业
주여창,周汝昌
주역,主役; 周易
주역론,主役论
주연,主演; 酒宴; 周延; 周燕; 周缘; 周娟; 朱妍
주연상,主演赏
주연성,周缘性
주연자,主演者
주연작,主演作
주연평,朱延平
주열뇨,凑热闹
주염,周炎
주영,驻英; 主营; 周颖; 朱颖
주영강,周永康
주영룡,朱影龙
주영문,朱颖文
주영승,朱永胜
주영신,朱永新
주영평,朱永平
주예양,周睿羊
주오,周五
주옥,珠玉; 住屋; 朱玉
주옥진,朱玉辰
주온,朱温
주와,酒窝
주왕,纣王
주외,驻外
주외사령관,驻外使领馆
주요,主要
주요인,主要因
주요체조자,主要缔造者
주요추동자,主要推动者
주용,周勇; 朱勇
주용기,朱镕基
주우,周宇; 周羽; 朱宇
주우붕,周禹鹏
주우용,朱佑榕
주욱,周煜; 朱旭
주욱명,朱煜明
주운,走运; 周韵; 周云
주원,住院
주원료,主原料
주원비,住院费
주원옥윤,珠圆玉润
주원원,朱媛媛
주원인,主原因
주원장,朱元璋
주월,周月
주위,周围; 周伟; 主位; 朱伟; 周玮; 周韦
주위국,周卫国
주위동,周伟童
주위상책,走为上策
주위신,周伟新
주위회,筹委会
주유,周游; 周瑜; 侏儒; 注油; 周维
주유검,朱由检
주유교,朱由校
주유별장,酒有别肠
주유소,注油所
주유천하,周游天下
주육붕우,酒肉朋友
주윤발,周润发
주은래,周恩来
주음,注音; 主音
주응력,主应力
주의,主义; 注意; 主意; 酒意; 周毅; 奏议; 朱毅
주의력,注意力
주의보,注意报
주의복,做衣服
주의생,周医生
주의서,注意书
주의식,主义式
주의자,主义者
주이,周二
주이복시,周而复始
주이불비,周而不比
주익균,朱翊钧
주익락,周益乐
주익명,周益明
주인,主人; 主因; 做人; 丢人; 朱茵
주인공,主人公
주인공적,主人公的
주인문,主人们
주인옹,主人翁
주인현안,丢人现眼
주일,主日; 周日; 驻日; 周一
주일도,朱一涛
주일매,周逸梅
주일보간일보,走一步看一步
주일주,走一走
주임,主任; 奏任
주임과원,主任科员
주임위원,主任委员
주임의사,主任医师
주입,注入; 丢入
주입설출,酒入舌出
주자,奏者; 走者; 筹资; 主子; 柱子; 珠子; 厨子; 肘子; 朱子; 绸子
주자청,朱自清
주자파,走资派
주자학,朱子学
주작,朱雀; 做作
주작수,朱雀水
주작인,周作人
주잡,铸币
주장,主将; 主张; 主掌; 周章; 主场; 州长; 周长; 奏章; 做账
주장자,主张者
주재,主宰; 驻在
주재국,驻在国
주재료,主材料
주재소,驻在所
주재원,驻在员
주재일기,凑在一起
주재자,主宰者
주쟁,朱峥
주저,踌躇
주저만지,踌躇满志
주저부전,踌躇不前
주저주저,踌躇踌躇
주적,主敌; 做的; 朱迪
주적심허,做贼心虚
주전,主战; 周转; 周全; 凑钱; 酒钱
주전금,周转金
주전량,周转量
주전률,周转率
주전부령,周转不灵
주전산기,主电算机
주전웅,周传雄
주전자,酒煎子
주전출족,走前出足
주전충,朱全忠
주절,周折; 奏折
주점,酒店; 驻点
주점식,酒店式
주점업,酒店业
주정,酒酊; 注定; 酒精; 朱挺; 主政; 周正; 周挺; 周靖; 铸锭; 周静
주정경,周正庆
주정서,主程序
주정성,酒精性
주정옥,周婷玉
주정의,周正毅
주제,主题; 洲际; 周济; 主祭
주제가,主题歌
주제곡,主题曲
주제도,主题图
주제문,主题文
주제반회,主题班会
주제사,主题词
주제성,主题性
주제어,主题语
주조,主潮; 铸造; 筹措; 周遭; 主调; 主抓; 周朝; 筹组; 酒糟; 走调
주조창,铸造厂
주족,驻足
주족반포,酒足饭饱
주졸,走卒
주종,主从; 主宗
주종구,朱从玖
주종잠,朱宗潜
주주,株主; 走走; 做主; 做做; 株洲; 主厨; 周舟; 周周; 朱珠; 朱朱
주주간,做做看
주주량,朱周良
주주시,株洲市
주주임,周主任
주준,朱骏; 朱俊
주준비,做准备
주준훈,周俊勋
주중,注重; 周中
주중적국,舟中敌国
주즙,舟楫
주지,主旨; 主知; 住持; 周池; 周知; 主持; 驻地; 住址; 住地; 主枝; 周至
주지강,朱志刚
주지계,主持界
주지굉,朱志宏
주지사,州知事
주지약,周芷若
주지육림,酒池肉林
주지인,主持人
주지자,主持者
주지주의,主知主义
주지청,周芷晴
주지현,周至县
주지흠,朱之鑫
주진,走进; 朱震; 周进; 周臻; 周秦
주진거,走进去
주진래,走进来
주진화,周震华
주집,筹集
주차,驻车; 主次; 筹借; 舟车
주차권,驻车券
주차로돈,舟车劳顿
주차료,驻车料
주차장,驻车场
주착괴장,拄着拐杖
주착로,走错路
주착주착,走着走着
주착초,走着瞧
주찰,驻扎
주참,主站
주창,主唱; 橱窗; 酒厂; 朱昶; 驻厂
주창자,主唱者
주채,做菜; 酒菜; 主菜
주책,注册
주책량,注册量
주책비,注册费
주책처,注册处
주책표,注册表
주처,住处
주천,周天; 酒泉; 朱天; 周倩
주천시,酒泉市
주천호,周天皓
주철,铸铁
주철금,朱哲琴
주철농,周铁农
주첩경,走捷径
주청,周青; 周晴
주청시,朱清时
주체,主体; 朱棣
주체사상,主体思想
주체사상파,主体思想派
주체사상화,主体思想化
주체성,主体性
주체자,主体者
주체적,主体的
주체화,主体化
주초,周初
주촌관호,走村串户
주총,株总
주총리,周总理; 朱总理
주총사령,朱总司令
주최,主催
주축,主轴
주춘수,周春秀
주출,做出; 走出
주출거,走出去
주출래,走出来
주충,周冲; 酒盅
주취,酒醉; 住嘴; 朱翠; 凑趣
주치순,周稚舜
주치의,主治医
주치의사,主治医师
주친척,走亲戚
주칠,朱漆
주침선,做针线
주침야소,昼寝夜梳
주탁,酒桌
주태,周泰
주태동,周太彤
주택,住宅; 住宅; 周泽
주택가,住宅街; 住宅街
주택구,住宅区
주택기,住宅期
주택난,住宅难; 住宅难
주택류,住宅类
주택소구,住宅小区
주택지,住宅地; 住宅地
주통,酒桶; 周通
주통도,主通道
주투무로,走投无路
주투민,周渝民
주특기,主特技
주파,走破; 酒吧; 做派; 朱波; 周波; 驻波
주파간,酒吧间
주파수,周波数
주판,主板; 筹板; 主办; 筹办
주판시장,主板市场
주판자,主办者
주편,主编; 周遍
주평,周评; 走平; 周萍; 周平; 朱平
주포,绸布; 丢包
주필,主笔
주필창,周笔畅
주하,丢下
주하파로,走下坡路
주학문,做学问
주학범,朱学范
주학양,周鹤洋
주한,驻韩
주한민,朱汉民
주합,凑合
주항,酒缸
주항도,主航道
주해,注解; 珠海; 朱海; 周海
주해기장,珠海机场
주해미,周海媚
주해시,珠海市
주해영,周海婴
주해참,珠海站
주핵,走势
주행,走行
주향,走向; 奏响
주향부파항자심,酒香不怕巷子深
주험,走险
주현,主县
주혈,走穴; 主穴
주형,铸型; 株型; 走形; 主刑
주형식,走形式
주혜민,周慧敏
주호,做好; 住户; 朱浩
주호문,住户们
주호심,周沪深
주호운,走好运
주호인,做好人
주혼,主婚
주홍,朱红; 走红; 周鸿; 朱虹
주홍색,朱红色
주홍우,周洪宇
주홍일,周鸿一
주화,驻华; 走火; 周华; 酒花; 朱桦; 珠花
주화건,周华健
주화원,朱和元
주화평,周和平
주활,做活
주황,朱黄
주황색,朱黄色
주회,酒会
주회경,朱怀镜
주회기갑,丢盔弃甲
주회두로,走回头路
주회장,主会场
주획,筹划
주효,奏效; 周晓
주효란,周晓兰
주효명,朱晓明
주효문,周晓文
주효응,主效应
주효천,朱孝天
주후건,周厚健
주후문,走后门
주후총,朱厚熜
주훼,蛀虫
주흉,主凶
주흔,周欣
주흔명,周欣茗
주흥,酒兴; 周兴
주희,朱熹; 做戏; 朱希
죽,竹; 粥; 鬻
죽간,竹竿; 竹简
죽계,竹溪
죽관,竹管
죽광,竹筐
죽기,竹器
죽두목설,竹头木屑
죽람,竹篮
죽람타수일장공,竹篮打水一场空
죽루,竹楼; 竹篓
죽림,竹林
죽림칠현,竹林七贤
죽립,竹笠
죽마,竹马
죽마고우,竹马故友
죽멸,竹篾
죽배,竹排
죽백지공,竹帛之功
죽벌,竹筏
죽사발,粥沙钵
죽산,竹山
죽색,粥色
죽세공,竹细工
죽세공품,竹细工品
죽손,竹荪
죽순,竹笋
죽양경화,粥样硬化
죽양경화성,粥样硬化性
죽양반,粥样斑
죽여,竹茹
죽의,竹椅
죽자,竹子
죽장,竹浆
죽재,竹材
죽절,竹节
죽제공,竹制工
죽제품,竹制品
죽지사,竹枝词
죽창,竹枪
죽첨,竹签
죽쾌,竹筷
죽통,竹筒
죽판,竹板
죽편,竹片; 竹编; 竹鞭
죽협,竹叶
죽협청,竹叶青
준,准; 遵; 俊; 蠢; 蹲; 峻; 骏; 竣; 浚; 隼; 隽; 樽; 逡; 鳟; 睃; 皴; 撙; 葰; 馂; 踆; 罇; 繜; 準; 濬
준가차형,准驾车型
준갈이,准噶尔
준갈이분지,准噶尔盆地
준거,准据
준거안,准据案
준걸,俊杰
준격이기,准格尔旗
준결승,准决胜
준결승전,准决胜战
준고정,准固定; 准考证
준고정호,准考证号
준공,竣工
준공년,竣工年
준공설,竣工说
준공식,竣工式
준공익,准公益
준공일,竣工日
준국가,准国家
준기수법,遵纪守法
준기술자,准技术者
준남미녀,俊男美女
준도시,准都市
준동,蠢动
준두,准头
준려,蠢驴
준령,峻岭
준마,骏马
준마마문,准妈妈们
준명,遵命
준미,俊美
준민고택,浚民膏泽
준법,遵法
준법정신,遵法精神
준별,峻别
준보,准保
준보전,准保全
준복,蹲伏
준분,蠢笨
준비,准备
준비금,准备金; 准备金
준비금률,准备金率
준비기,准备期
준비단,准备团
준비물,准备物
준비생,准备生
준비서,准备书
준비실,准备室
준비제전,准备齐全
준비준비,准备准备
준비타당,准备妥当
준비호,准备好
준비활동,准备活动
준사,蠢事
준사관,准士官
준선전,准宣传
준설,浚渫
준성,准星
준소,俊俏
준수,俊秀; 遵守
준순,遵循; 逡巡
준승,准绳
준시,准时
준신,准信
준아,准儿; 俊雅
준어,鳟鱼
준언,俊彦
준엄,峻严
준여,准予
준여권,准旅券
준열,峻烈; 峻烈
준우승,准优胜
준위,准尉
준의,遵义
준의시,遵义市
준의의학원,遵义医学院
준의전구,遵义专区
준의지구,遵义地区
준의현,遵义县
준의회의,遵义会议
준인,蠢人
준일,俊逸
준장,准将
준장수기,遵章守纪
준재,俊才; 蠢材; 蠢才
준전시,准战时
준점,蹲点
준조,遵照
준종,遵从
준주거,准住居
준준무식,蠢蠢无识
준준욕동,蠢蠢欲动
준직,准直
준칙,准则
준핵보유국,准核保有国
준행,遵行
준허,准许
준현,浚县
준형,俊兄
준화,蠢货; 遵化
준확,准确
준확도,准确度
준확률,准确率
준확성,准确性
줄,茁; 窋; 笜
줄장,茁壮
줄장성장,茁壮成长
줄탁동시,啐啄同时
줏,㗟
줏대감,主大监
중,中; 重; 众; 钟; 仲; 舯; 茽; 眾
중가,重价; 中加
중간,中间; 中看; 中干
중간고사,中间考查
중간국,中间国
중간보고,中间报告
중간보고일,中间报告日
중간부중용,中看不中用
중간분,中间体
중간상,中间商
중간색,中间色
중간석,中间石
중간선,中间线
중간시험,中间试验
중간인,中间人
중간자,中间子
중간재,中间财
중간적,中间的
중간중간,中间中间
중간착취,中间搾取
중간층,中间层
중간치,中间值
중간파,中间派
중강,中江; 重钢
중개,仲介; 中介; 仲恺
중개료,仲介料
중개비,中介费
중개상,仲介商
중개소,中介所
중개업소,仲介业所
중개업자,仲介业者
중개인,仲介人; 中介人
중개자,仲介者
중거,中举
중거리,中距离
중건,重建
중건총공사,中建总公司
중검,重剑
중격,重击
중견,中坚
중견천일,重见天日
중결정,重结晶
중경,重庆; 中耕; 中京
중경공상대학,重庆工商大学
중경공학원,重庆工学院
중경교통학원,重庆交通学院
중경기장,重庆机场
중경대,重庆队
중경대학,重庆大学
중경력범대,重庆力帆队
중경로,重庆路
중경만보,重庆晚报
중경분공사,重庆分公司
중경사범대학,重庆师范大学
중경상,重轻伤
중경새구,重庆赛区
중경시,重庆市
중경시공안국,重庆市公安局
중경시교위,重庆市教委
중경시위,重庆市委
중경우전학원,重庆邮电学院
중경위시,重庆卫视
중경의과대학,重庆医科大学
중경일보,重庆日报
중경전시대,重庆电视台
중경지구,重庆地区
중경참,重庆站
중경출판사,重庆出版社
중경항,重庆港
중경화차참,重庆火车站
중계,中继; 中计
중계권료,中继权料
중계방송,中继放送
중계방송반,中继放送班
중계방송사,中继放送社
중계실,中继室
중계차,中继车
중계참,中继站
중고,中古; 中考
중고교,中高校
중고교생,中高校生
중고급,中高级
중고생,中高生
중고선,中古船
중고위,中顾委
중고차,中古车
중고품,中古品
중공,中共; 中空
중공강서성위,中共江西省委
중공귀주성위,中共贵州省委
중공상해시위,中共上海市委
중공업,重工业
중공운남성위,中共云南省委
중공절강성위,中共浙江省委
중공중앙,中共中央
중공중앙고문위원회,中共中央顾问委员会
중공중앙기위,中共中央纪委
중공중앙당교,中共中央党校
중공중앙문헌연구실,中共中央文献研究室
중공중앙정치국,中共中央政治局
중공중앙판공청,中共中央办公厅
중공천진시위,中共天津市委
중공하남성위,中共河南省委
중공호남성위,中共湖南省委
중과,重课
중과건,中科健
중과부적,众寡不敌; 众寡不敌
중과세,重课税
중과원,中科院
중과원자금산천문대,中科院紫金山天文台
중교,中校; 中教; 重教
중교생,中校生
중구,中欧; 重构; 重九
중구국제공상학원,中欧国际工商学院
중구금,重拘禁
중구난방,众口难防
중구난조,众口难调
중구삭금,众口铄金
중구일사,众口一辞; 众口一词
중국,中国; 中局
중국강복연구중심,中国康复研究中心
중국강창,中国钢厂
중국강철공업협회,中国钢铁工业协会
중국개념고,中国概念股
중국건설은행고분유한공사,中国建设银行股份有限公司
중국건재집단,中国建材集团
중국건축공업출판사,中国建筑工业出版社
중국건축설계연구원,中国建筑设计研究院
중국건축장식협회,中国建筑装饰协会
중국경공업련합회,中国轻工业联合会
중국경극원,中国京剧院
중국경방성,中国轻纺城
중국경제주간,中国经济周刊
중국공사,中国公司
중국공산당,中国共产党
중국공산당중앙위원회,中国共产党中央委员会
중국공상은행,中国工商银行
중국공상은행고분유한공사,中国工商银行股份有限公司
중국공정원,中国工程院
중국공회,中国工会
중국과,中国科
중국과기대학,中国科技大学
중국과학원,中国科学院
중국과학원연구생원,中国科学院研究生院
중국과협,中国科协
중국광고협회,中国广告协会
중국광업대학,中国矿业大学
중국교육부,中国教育部
중국교육전시대,中国教育电视台
중국교차시장,中国轿车市场
중국교향락단,中国交响乐团
중국구,中国区
중국구락부,中国俱乐部
중국국가대,中国国家队
중국국민당혁명위원회,中国国民党革命委员会
중국국제광파전대,中国国际广播电台
중국국제복장복식박람회,中国国际服装服饰博览会
중국국제신탁투자공사,中国国际信托投资公司
중국국제전람중심,中国国际展览中心
중국국제전시총공사,中国国际电视总公司
중국국제항공고분유한공사,中国国际航空股份有限公司
중국국제항공공사,中国国际航空公司
중국국제항공항천박람회,中国国际航空航天博览会
중국국청대,中国国青队
중국군단,中国军团
중국기계공업련합회,中国机械工业联合会
중국기전산품진출구상회,中国机电产品进出口商会
중국기차공업협회,中国汽车工业协会
중국기차기술연구중심,中国汽车技术研究中心
중국기차시장,中国汽车市场
중국기차운동련합회,中国汽车运动联合会
중국기협,中国记协
중국남방항공공사,中国南方航空公司
중국농업대학,中国农业大学
중국농업발전은행,中国农业发展银行
중국농업은행,中国农业银行
중국농업출판사,中国农业出版社
중국대,中国队
중국대륙,中国大陆
중국대륙시장,中国大陆市场
중국대륙지구,中国大陆地区
중국대반점,中国大饭店
중국대북대,中国台北队
중국대사관,中国大使馆
중국대소조,中国队小组
중국대주점,中国大酒店
중국대표처,中国代表处
중국대학,中国大学
중국동방항공고분유한공사,中国东方航空股份有限公司
중국동방항공공사,中国东方航空公司
중국려행사,中国旅行社
중국련쇄경영협회,中国连锁经营协会
중국루,中国楼
중국림업출판사,中国林业出版社
중국미술관,中国美术馆
중국미술학원,中国美术学院
중국민생은행,中国民生银行
중국민용항공총국,中国民用航空总局
중국민항총국,中国民航总局
중국민항학원,中国民航学院
중국반점,中国饭店
중국방지산시장,中国房地产市场
중국방지산협회,中国房地产协会
중국방직공업협회,中国纺织工业协会
중국방직품진출구상회,中国纺织品进出口商会
중국법원,中国法院
중국변방부대,中国边防部队
중국보건협회,中国保健协会
중국보험감독관리위원회,中国保险监督管理委员会
중국복장협회,中国服装协会
중국사,中国史; 中国社
중국사관,中国使馆
중국사회과학원,中国社会科学院
중국사회과학원경제연구소,中国社会科学院经济研究所
중국사회과학원공업경제연구소,中国社会科学院工业经济研究所
중국사회과학원세계,中国社会科学院世界
중국사회과학원연구생원,中国社会科学院研究生院
중국산권시장,中国产权市场
중국삼협총공사,中国三峡总公司
중국상기,中国象棋
중국상업련합회,中国商业联合会
중국상업은행,中国商业银行
중국새구,中国赛区
중국석유대학,中国石油大学
중국석유집단,中国石油集团
중국석유천연기고분유한공사,中国石油天然气股份有限公司
중국석유천연기집단공사,中国石油天然气集团公司
중국석유화공고분유한공사,中国石油化工股份有限公司
중국석유화공집단공사,中国石油化工集团公司
중국석화집단,中国石化集团
중국성,中国城
중국성루,中国城楼
중국세계,中国世界
중국수산과학연구원,中国水产科学研究院
중국시,中国市
중국시장,中国市场
중국식,中国式
중국식품공업협회,中国食品工业协会
중국신문사,中国新闻社
중국신문주간,中国新闻周刊
중국실내장식협회,中国室内装饰协会
중국아동예술극원,中国儿童艺术剧院
중국애락락단,中国爱乐乐团
중국약과대학,中国药科大学
중국어,中国语
중국연구원,中国研究院
중국예술연구원,中国艺术研究院
중국오금제품협회,中国五金制品协会
중국오문대,中国澳门队
중국오위회,中国奥委会
중국우정집단공사,中国邮政集团公司
중국원,中国园
중국원자능과학연구원,中国原子能科学研究院
중국유색금속공업협회,中国有色金属工业协会
중국유영대,中国游泳队
중국유한공사,中国有限公司
중국은하정권유한책임공사,中国银河证券有限责任公司
중국은행,中国银行
중국은행고분유한공사,中国银行股份有限公司
중국은행총행,中国银行总行
중국음락,中国音乐
중국음상협회,中国音像协会
중국의과대학,中国医科大学
중국의료대,中国医疗队
중국의약과기출판사,中国医药科技出版社
중국의원,中国医院
중국인,中国人
중국인민,中国人民
중국인민보험공사,中国人民保险公司
중국인민은행,中国人民银行
중국인민은행법,中国人民银行法
중국인민은행총행,中国人民银行总行
중국인민정치협상회의,中国人民政治协商会议
중국인민정치협상회의전국위원회,中国人民政治协商会议全国委员会
중국인민해방군,中国人民解放军
중국일보,中国日报
중국자,中国字
중국작협,中国作协
중국잡기단,中国杂技团
중국장강삼협공정개발총공사,中国长江三峡工程开发总公司
중국장강전력고분유한공사,中国长江电力股份有限公司
중국장성학회,中国长城学会
중국재정경제출판사,中国财政经济出版社
중국재정부,中国财政部
중국적,中国籍
중국전구,中国战区
중국전신시장,中国电信市场
중국전신집단,中国电信集团
중국전신집단공사,中国电信集团公司
중국전영시장,中国电影市场
중국전자상회,中国电子商会
중국전자신식산업발전연구원,中国电子信息产业发展研究院
중국정권감독관리위원회,中国证券监督管理委员会
중국정법대학,中国政法大学
중국정법대학출판사,中国政法大学出版社
중국조위회,中国组委会
중국족구대,中国足球队
중국족구협회,中国足球协会
중국족협,中国足协
중국주점,中国酒店
중국지구,中国地区
중국지진국,中国地震局
중국지질대학,中国地质大学
중국진출구은행,中国进出口银行
중국질량협회,中国质量协会
중국집우총공사,中国集邮总公司
중국차대,中国车队
중국찬관,中国餐馆
중국참,中国站
중국청년대,中国青年队
중국청년보,中国青年报
중국청년정치학원,中国青年政治学院
중국청년출판사,中国青年出版社
중국청소년발전기금회,中国青少年发展基金会
중국청소년연구중심,中国青少年研究中心
중국총부,中国总部
중국치공당,中国致公党
중국통,中国通
중국통계출판사,中国统计出版社
중국피혁협회,中国皮革协会
중국학교,中国学校
중국항공공사,中国航空公司
중국항천과,中国航天科
중국항천과기집단공사,中国航天科技集团公司
중국해소,中国海关
중국해양대학,中国海洋大学
중국해양석유유한공사,中国海洋石油有限公司
중국해양석유총공사,中国海洋石油总公司
중국향항대,中国香港队
중국협화의과대학련합출판사,中国协和医科大学联合出版社
중국홍십자회,中国红十字会
중국화,中国化; 中国画; 中国话
중군,中军
중궁,中宫
중극,中极
중근동,中近东
중금,重金
중금속,重金属; 重金属
중금채,中金债; 中金债
중급,中级
중급법원,中级法院
중급인민법원,中级人民法院
중급직칭,中级职称
중긍,中肯
중기,中企; 中期; 中气; 重器
중기위,中纪委
중기작,中期作
중기차,重机车
중남,中南
중남경녀,重男轻女
중남미주,中南美洲
중남부,中南部
중남부권,中南部圈
중남지구,中南地区
중남해,中南海
중년,中年
중년기,中年期
중년인,中年人
중년층,中年层
중녕,中宁
중노난범,众怒难犯
중노동,重劳动
중농,中农
중농주의,重农主义
중뇌,中脑
중능구락부,中能俱乐部
중능대,中能队
중니지도,仲尼之徒
중다,众多
중단,中单; 中断; 中段
중단기,中短期
중단편소설,中短篇小说
중담,重担
중당,中唐; 中档; 中堂
중당교차,中档轿车
중대,中代; 中队; 重大
중대사,重大事
중대성,重大性
중대의원,中大医院
중대장,中队长
중도,中图; 中途; 中道; 重度; 中度; 重蹈; 中稻
중도금,中途金; 中途金
중도도,中途岛
중도복철,重蹈覆辙
중도실상,中道实相
중도적,中道的
중독,中毒; 重读
중독성,中毒性
중독자,中毒者
중독증,中毒症
중동,中东
중동구,中东欧
중동맥,中动脉
중동시장,中东市场
중동지구,中东地区
중두희,重头戏
중등,中等
중등교육,中等教育
중등부,中等部
중등전업학교,中等专业学校
중등학교,中等学校
중락,中落
중랑,中郎
중래,重来
중략,中略
중량,重量
중량감,重量感
중량급,重量级; 中量级
중려,中旅
중려총사,中旅总社
중력,重力
중력가속도,重力加速度
중력기,中力机
중력이산,众力移山
중련,重链
중련부,中联部
중련중과,中联重科
중령,中领
중례,重礼
중로,中路; 众怒
중로년,中老年
중론,众论
중류,中流
중류지주,中流砥柱
중리,重利
중림,中林
중립,中立; 中粒
중립국,中立国
중립성,中立性
중립적,中立的
중립화,中立化
중망,重望; 众望
중망소귀,众望所归
중매,仲媒
중매결혼,仲媒结婚
중매인,仲买人
중맥,中脉
중면,中缅
중명,中命; 重名
중명명,重命名
중명조,重明朝
중모,中牟
중모현,中牟县
중목규규,众目睽睽
중무기,重武器
중무장,重武装
중문,中文; 中门
중문과,中文科
중문판,中文版
중문학과,中文学科
중문화주의,重文化主义
중물,重物
중미,中美; 仲未
중미자,中微子
중미주,中美洲
중박,重拍
중반,中半; 中盘; 重返; 中饭; 中班
중반친리,众叛亲离
중방,中方; 重放
중배,重排
중벌,重罚
중범,重犯
중범위,中范围
중법전쟁,中法战争
중병,重病; 重兵
중복,中伏; 重复
중복률,重复率
중복성,重复性
중봉,中锋; 重逢; 中缝
중부,中部; 重负
중부권,中部圈
중분,中体
중비,中非; 中菲
중비갑,中鼻甲
중빈,中频
중사,中士; 中师; 中邪; 重谢
중산,中产; 中山
중산계급,中产阶级
중산공원,中山公园
중산공원점,中山公园店
중산광장,中山广场
중산구,中山区
중산기념당,中山纪念堂
중산남로,中山南路
중산대학,中山大学
중산동로,中山东路
중산로,中山路
중산릉,中山陵
중산북로,中山北路
중산서로,中山西路
중산시,中山市
중산안과중심,中山眼科中心
중산의과대학,中山医科大学
중산의원,中山医院
중산장,中山装
중산참,中山站
중산층,中产层
중상,重伤; 中上; 中常; 中伤; 重赏; 仲想
중상등,中上等
중상모략,中伤谋略
중상원,重伤员
중상위,中常委
중상자,重伤者
중상주의,重商主义
중상지하,重赏之下
중상층,中上层
중새,中塞
중생,中生; 众生; 重生
중생계,众生界
중생대,中生代
중생상,众生相
중생적,众生的
중서,中西; 中暑
중서령,中书令
중서부,中西部
중서사인,中书舍人
중서약,中西药
중서약업,中西药业
중서의,中西医
중서합벽,中西合璧
중선,重船; 中线; 中选
중선거구제,中选举区制; 中选擧区制
중선부,中宣部
중설,中雪; 众说
중설분운,众说纷纭
중성,中声; 中性; 众星
중성공월,众星拱月
중성미자,中性微子
중성봉월,众星捧月
중성약,中成药
중성자,中性子
중성적,中性的
중성화,中性化
중세,中世
중세기,中世纪
중세적,中世的
중소,中小; 重塑
중소기업,中小企业
중소기업가,中小企业家
중소기업계,中小企业界
중소기업관,中小企业馆
중소기업자,中小企业者
중소기업체,中小企业体
중소주지,众所周知
중소촌,中关村
중소촌과,中关村科
중소촌과기원,中关村科技园
중소촌관위회,中关村管委会
중소촌대가,中关村大街
중소촌도서대하,中关村图书大厦
중소촌시장,中关村市场
중소촌점,中关村店
중소촌지구,中关村地区
중소투형,中小套型
중소학,中小学
중소학생,中小学生
중소형,中小型
중손,重孙
중수,重修; 重水; 众数; 重酬
중수구호,重修旧好
중수도,中水道
중수부,中搜部
중순,中旬
중술,重述
중시,重视; 中试; 中视; 重施; 重试
중시지적,众矢之的
중식,中食
중신,重新; 重臣; 重申
중신공사,中信公司
중신광장,中信广场
중신국안,中信国安
중신망,中新网
중신배치,重新配置
중신사,中新社
중신실업은행,中信实业银行
중신은행,中信银行
중신정권고분유한공사,中信证券股份有限公司
중신주인,重新做人
중신집단,中信集团
중신출판사,中信出版社
중심,中心; 重心; 重审
중심가,中心街
중심구,中心球
중심국,中心国; 中心局
중심부,中心部
중심사상,中心思想
중심선,中心线
중심설,中心说
중심인물,中心人物
중심적,中心的
중심점,中心点; 中心店
중심제,中心制
중심주의,中心主义
중심주의적,中心主义的
중심지,中心地
중심참,中心站
중심체,中心体
중심촌,中心村
중심축,中心轴
중심핵,中心核
중심형,中心型
중심화,中心化
중아,众我; 中俄; 中亚; 中阿
중아지구,中亚地区
중악,中岳
중압,重压
중압감,重压感
중앙,中央
중앙고문위원회,中央顾问委员会
중앙광파전시대학,中央广播电视大学
중앙국,中央局
중앙군,中央军
중앙군사위원회,中央军事委员会
중앙군위,中央军委
중앙기률검사위원회,中央纪律检查委员会
중앙기위,中央纪委
중앙난방,中央暖房
중앙당,中央党
중앙당교,中央党校
중앙대,中央台
중앙대학,中央大学
중앙로,中央路
중앙문헌연구실,中央文献研究室
중앙문헌출판사,中央文献出版社
중앙미술학원,中央美术学院
중앙민족대학,中央民族大学
중앙부,中央部
중앙부위,中央部委
중앙사,中央社
중앙상장,中央商场
중앙서기처,中央书记处
중앙선,中央线
중앙연구원,中央研究院
중앙위원회,中央委员会
중앙은행,中央银行
중앙인민광파전대,中央人民广播电台
중앙일보,中央日报
중앙재경대학,中央财经大学
중앙적,中央的
중앙전대,中央电大
중앙전시대,中央电视台
중앙정보국,中央情报局
중앙정부,中央政府
중앙종치위,中央综治委
중앙집권,中央集权
중앙파뢰무단,中央芭蕾舞团
중앙판공청,中央办公厅
중앙회,中央会
중약,中药
중약업,中药业
중약재,中药材
중약점,中药店
중양,重阳; 中阳; 重样; 重洋
중양절,重阳节
중어,中语
중언부언,重言复言
중역,中译; 重役
중역본,中译本
중연,重演
중연원,中研院
중엽,中叶
중영,中英; 重影
중영공사,中影公司
중영련합성명,中英联合声明
중영문,中英文
중오,中午; 中乌
중온,重温
중온구몽,重温旧梦
중외,中外
중외인사,中外人士
중외합자,中外合资
중요,重要; 中腰
중요성,重要性
중요시,重要视
중요장,重要奖
중용,中庸; 重用; 中用
중용적,重用的
중용지도,中庸之道
중우,中雨; 重于
중우태산,重于泰山
중운,中云
중원,中原; 中元
중원구,中原区
중원기,中远期
중원량만성,中远两湾城
중원유기,中原油气
중원집단,中远集团
중월,中越
중위,中位; 中尉; 中卫; 重围
중위도,中纬度
중위수,中位数
중위시,中卫市
중유,重油; 中游
중유무,仲有无
중유아,仲有我
중유일,仲有一
중음,重音
중음신,中阴身
중읍례,中揖礼; 中揖禮
중의,中衣; 中医; 中意; 众议
중의계,中医界
중의사,中医师
중의성림,众议成林
중의약,中医药
중의원,众议院; 中医院; 众议员
중의학,中医学
중이,中耳
중이염,中耳炎
중인,中人; 众人; 重印
중인습시화염고,众人拾柴火焰高
중일,中日
중일장,中一场
중임,重任
중자,中资; 中子; 重子
중자성,中子星
중장,中将; 中奖; 中场; 重奖; 中装; 中肠
중장거리,中长距离
중장기,中长期
중장기적,中长期的
중장년층,中长年层
중장률,中奖率
중장비,重装备
중장자,中奖者
중장통,仲长统
중장포,中长跑
중재,仲裁; 重载
중재구,重灾区
중재법,仲裁法
중재원,仲裁院; 仲裁员
중재인,仲裁人
중재자,仲裁者
중저가,中低价
중저가품,中低价品
중저당,中低档
중저수입자,中低收入者
중적,中的
중전,中殿; 中专; 中转; 重典; 中甸
중전영수,中田英寿
중전참,中转站
중절,中绝
중절률,中绝率; 中绝率
중점,重点; 中点
중점원교,重点院校
중점적,重点的
중정,重整; 中程
중정국,中情局
중정기고,重整旗鼓
중정도탄,中程导弹
중정맥,中静脉
중정석,重晶石
중제,重提
중제금,中提琴
중조,重组; 中调
중조구업,重操旧业
중조부,中组部
중조산,中早产; 中条山
중족골,中足骨
중족측목,重足侧目
중졸,中卒
중죄,重罪
중주,中州; 重奏; 重做; 中柱
중중,重重
중중적,重重的
중중첩첩,重重叠叠
중증,重症
중증근,中曾根
중증근강홍,中曾根康弘
중지,中指; 中止; 重地
중지성성,众志成城
중지자,中止者
중직,中直
중직기소,中直机关
중진,重镇; 重振
중진국,中进国
중진웅풍,重振雄风
중집집단,中集集团
중징계,重惩戒
중차,重车
중차대,重且大
중찬,中餐
중창,中枪; 重创; 重仓; 重唱
중창고,重仓股
중창반,重唱班
중채,中彩; 重彩
중책,重责; 中策
중천,中天
중첨,中签
중첨률,中签率
중첩,重叠
중첩식,重叠式
중청,中听; 重听
중청년,中青年
중청대,中青队
중체,中谛
중초,中焦
중초공사,中超公司
중초구락부,中超俱乐部
중초약,中草药
중초위원회,中超委员会
중초판,中招办
중촌,中村
중촌준보,中村俊辅
중추,中枢; 中秋; 仲秋
중추성,中枢性
중추신경,中枢神经
중추적,中枢的
중추절,仲秋节; 中秋节
중축,重筑
중춘,仲春
중출,重出
중출강호,重出江湖
중취,重聚
중층,中层
중층간부,中层干部
중층적,中层的
중치,重置; 重值
중타,重打
중탁,重托
중탄,中弹; 重弹
중탕,重汤
중태,重态
중통,中统
중퇴,中退
중파,中波; 中巴; 重播
중파차,中巴车
중판,中办; 中板; 重判
중편,中篇
중편소설,中篇小说
중평,中平
중포,重炮
중포사낭,中饱私囊
중표,中标
중표자,中标者
중풍,中风
중하,仲夏; 重荷
중하급,中下级
중하로,中河路
중하순,中下旬
중하위권,中下位圈
중하유,中下游
중학,中学
중학교,中学校
중학생,中学生
중학생문,中学生们
중학생부,中学生部
중합,重合
중합동,重合同
중합체,重合体
중항,中航
중항집단,中恒集团; 中航集团
중해유,中海油
중해집단,中海集团
중핵,中核
중행,中行
중현,重现
중현성,重现性
중협,中叶
중형,中型; 重刑; 重型
중형선,中型船
중형차,中型车
중형화,重型化
중호,中户; 仲好
중혼,重婚
중화,中和; 中华; 中火; 重和; 重话
중화골과,中华骨科
중화공업,重化工业
중화내과,中华内科
중화문,中华门
중화민국,中华民国
중화민족,中华民族
중화별,中华鳖
중화부산과,中华妇产科
중화비뇨외과,中华泌尿外科
중화상,重火伤
중화서국,中华书局
중화아과,中华儿科
중화인민공화국,中华人民共和国
중화인민공화국전국인민대표대회,中华人民共和国全国人民代表大会
중화인민공화국중앙군사위원회,中华人民共和国中央军事委员会
중화인민공화국해소,中华人民共和国海关
중화인민공화국향항특별행정구,中华人民共和国香港特别行政区
중화전국률사협회,中华全国律师协会
중화전국분육총회,中华全国体育总会
중화전국청년련합회,中华全国青年联合会
중화전국총공회,中华全国总工会
중화학,重化学
중환,中环
중환자,重患者
중환자실,重患者室
중활,重活
중후,重厚
중후기,中后期
중후위,中后卫
중후장,中后场
중후판,中厚板
중흥,中兴
즉,则; 即; 唧; 鲫; 鲗; 蝍
즉가,即可; 卽可
즉각,即刻
즉각적,即刻的
즉개형,即开型
즉결,即决
즉경,即景
즉기외휘,即期外汇
즉령,即令
즉묵,即墨
즉묵시,即墨市
즉물적,即物的
즉사,即死; 即使; 卽使
즉사여차,即使如此
즉석,即席
즉석식품,即席食品
즉석요리,即席料理
즉시,即时
즉시성,即时性
즉어,鲫鱼
즉여,即如
즉용,即溶
즉위,即位
즉일,即日
즉자적,即自的
즉장,即将; 卽将
즉장도래,即将到来
즉즉,唧唧
즉즉사사,唧唧喳喳
즉지,即地
즉편,即便
즉행,即行
즉혹,即或
즉흥,即兴
즉흥적,即兴的
즐,栉; 骘
즐비,栉比
즐풍목우,栉风沐雨
즘,怎
즘내,怎奈
즘마,怎么
즘마득료,怎么得了
즘마양,怎么样
즘마착,怎么着
즘마판,怎么办
즘부,怎不
즘생,怎生
즘양,怎样
즘지,怎地
즙,辑; 汁; 楫; 葺; 蕺
즙액,汁液
증,证; 增; 曾; 症; 赠; 蒸; 憎; 拯; 甑; 缯; 罾; 矰; 譄; 鄫; 磳; 篜; 證; 贈; 増
증가,增加; 曾家
증가량,增加量
증가분,增加分
증가세,增加势
증가액,增加额
증가율,增加率; 增加率
증간,增刊
증감,增减
증강,增强; 曾强
증강론자,增强论者
증강제,增强剂
증강형,增强型
증개,增开
증개축,增改筑
증거,证据
증거금,证据金; 证据金
증거물,证据物
증결,症结
증결소재,症结所在
증경,曾经
증경창해,曾经沧海
증경홍,曾庆红; 曾庆洪
증고,增高
증고자,增高者
증과,证果; 蒸锅
증광,增光
증교,蒸饺
증구,拯救
증구자,拯救者
증국번,曾国藩
증국전,曾国荃
증국항,曾国恒
증권,证券
증권가,证券街
증권계,证券界
증권국,证券局
증권사,证券社
증권업,证券业
증권업계,证券业界
증금춘,曾锦春
증기,蒸气; 蒸汽
증기기,蒸汽机
증기기차,蒸汽机车
증기택,曾纪泽
증기하시,曾几何时
증녀사,曾女士
증다,增多
증대,增大
증대표,曾代表
증도,曾涛
증등,蒸腾
증량,增量
증려,曾黎
증례,赠礼
증로사,曾老师
증롱,蒸笼
증류,蒸溜; 蒸馏
증류수,蒸溜水; 蒸馏水
증류주,蒸溜酒
증명,证明
증명사진,证明写真
증명서,证明书
증모,曾某
증발,增发; 蒸发; 增拨
증발가,增发价
증발기,蒸发器
증발량,蒸发量
증배염,曾培炎
증백,增白
증백제,蒸白剂; 增白剂
증병,增兵
증보,增补
증보의,曾宝仪
증보판,增补版
증사강,曾仕强
증산,增产; 增删; 蒸散
증산절약,增产节约
증상,症状
증상성,症状性
증상자,症状者
증색,增色
증생,增生
증생성,增生性
증서,证书
증선,增选
증선생,曾先生
증설,增设
증설린,曾雪麟
증성,增城; 曾诚
증성시,增城市
증세,增税; 症势
증소저,曾小姐
증소제,增塑剂
증소현,曾小贤
증손,曾孙
증손녀,曾孙女
증손부,曾孙妇
증손자,曾孙子
증송,赠送
증수,增收; 增修
증수절지,增收节支
증습,增湿
증시,证市
증식,增殖
증식기,增殖期
증식성,增殖性
증씨,曾氏
증악,憎恶
증안,证安
증압,增压
증액,增额
증언,证言; 赠言
증언대,证言台
증언식,证言式
증여,赠与
증여세,赠与税
증열,赠阅
증오,憎恶; 憎惡
증오감,憎恶感; 憎惡感
증용명,曾用名
증우,曾于
증원,增员; 增援
증유,曾柔
증유인,曾有人
증음권,曾荫权
증의,曾毅
증이,曾以
증이파의,甑已破矣
증익,增益
증인,证人; 曾因
증일가,曾轶可
증자,增资; 曾子
증자묵,曾子墨
증자분,增资分
증장,增长
증장기,增长期
증장량,增长量
증장률,增长率
증장성,增长性
증정,赠呈; 增订
증조,曾祖
증조모,曾祖母
증조부,曾祖父
증조제,增稠剂
증좌,证左
증증일상,蒸蒸日上
증지,增至; 增持; 增支; 曾志
증지견,曾志坚
증지국,曾志国
증지위,曾志伟
증진,增进
증첨,增添
증축,增筑
증치,增值
증치률,增值率
증치세,增值税
증파,增派
증판,增贩
증평범,曾平凡
증폭,增幅
증표,证票
증품,赠品
증한,憎恨
증헌재,曾宪梓
증화,曾华
증효제,增效剂
증후,症候; 证候
증후군,症候群
증후성,症候性
증후을,曾侯乙
증휘,增辉
지,地; 之; 只; 知; 指; 至; 识; 持; 支; 志; 止; 智; 纸; 迟; 枝; 旨; 池; 址; 芝; 脂; 肢; 吱; 挚; 蜘; 趾; 渍; 痣; 砥; 咫; 祗; 舐; 酯; 芷; 祉; 胝; 祇; 枳; 鸷; 贽; 篪; 墀; 踟; 轾; 坻; 踬; 阯; 轵; 鮨; 胑; 衼; 鋕; 鼅; 竾; 筂; 覟; 驇; 哋; 紙; 遲; 誌; 摯
지가,地价; 支架; 之家; 只可; 持家
지가가,芝加哥
지가가대학,芝加哥大学
지가가상업교역소,芝加哥商业交易所
지가의회,只可意会
지각,地壳; 知觉; 迟刻; 地脚; 地角
지간,之间; 枝干
지갈,止渴
지갑,纸匣; 指甲
지갑개,指甲盖
지갑유,指甲油
지강,只讲; 之江; 芷江; 枝江
지강대,支强队
지거,支渠
지건,纸巾
지검,地检
지검서,地检署
지경,地境; 止境; 支镜
지계,持戒; 地界; 地契; 支系
지고,至高; 持股; 只顾; 智库
지고기양,趾高气扬
지고량,持股量
지고무상,至高无上
지고자,持股者
지고지상,至高至上
지고지순,至高至纯
지곤,地滚
지골,指骨
지공,指控
지공도탄,地空导弹
지공무사,至公无私
지과,地瓜; 知过
지관,地观; 只管
지광,地矿; 地光
지광인희,地广人稀
지괴,地块; 只怪
지교,指教; 地窖; 至交; 知交
지구,地区; 地球; 持久; 只求; 地沟; 持球
지구간,地区间
지구국,地区局
지구급,地区级
지구당,地区党
지구력,持久力
지구성,地区性; 持久性
지구어,地球语
지구의,地球仪
지구적,地球的
지구전,持久战
지구천장,地久天长
지구촌,地球村
지구촌화,地球村化
지국,支局
지국장,支局长
지궁,地宫
지권,地权; 地圈
지극,至极; 之极; 地极
지근,地勤
지근거리,至近距离
지근지저,知根知底
지근지처,至近之处
지금,只今; 至今
지금위지,至今为止
지급,支给
지급기,支给机
지급률,支给率; 支给率
지급설,支给说
지급인,支给人
지급일,支给日
지기,地气; 知己; 至气; 地基; 志气
지기관,支气管
지기관염,支气管炎
지기론,知己论
지기상합,志气相合
지기소이연,知其所以然
지기연,知其然
지기지우,知己之友
지기지피,知己知彼
지나,支那
지난,至难
지난이진,知难而进
지난이퇴,知难而退
지난행이,知难行易; 知难行易
지남,指南
지남자,指南者
지남침,指南针
지낭,智囊
지낭단,智囊团
지내,之内
지농,支农
지뇨고,纸尿裤
지능,只能; 知能; 智能
지능망,智能网
지능적,知能的
지능종단,智能终端
지능형,智能型
지능화,知能化; 智能化
지다,至多
지다당,脂多糖
지다성,智多星
지단,地段; 地坛
지단공원,地坛公园
지단묘회,地坛庙会
지단백,脂蛋白
지단의원,地坛医院
지담,地毯
지담식,地毯式
지당,至当; 池塘; 只当
지대,地代; 地带; 址台; 至大; 支队; 纸袋; 地台; 纸带
지대공,地对空
지대물박,地大物博
지대성,地带性
지대어비,指大于臂
지대지,地对地
지대화,地带化
지덕,地德; 智德; 至德
지덕체,智德体
지도,地图; 指导; 知道; 地道; 迟到; 持刀; 至道
지도가,指导价
지도과,指导科; 指导课
지도관실,指导官室
지도국,指导局
지도국장,指导局长
지도급,指导级
지도력,指导力
지도부,指导部
지도부실,指导部室
지도부장,指导部长
지도성,指导性
지도소,指导所
지도실,指导室
지도원,指导员
지도자,指导者
지도자반,指导者班
지도자적,指导者的
지도적,指导的
지도전,地道战
지도조퇴,迟到早退
지도집,地图集
지도책,地图册
지도층,指导层
지독,至毒; 只读
지독지애,舐犊之爱
지동,地洞; 地动
지동도합,志同道合
지동도합자,志同道合者
지동산요,地动山摇
지동설,地动说
지동지서,之东之西; 指东指西
지두,指头; 枝头; 地头; 纸头
지두사,地头蛇
지둔,智钝; 迟钝
지득,知得; 只得
지득의만,志得意满
지락,至乐; 至樂
지란지교,芝兰之交
지랍나,地拉那
지려,砥砺
지력,地力; 知力; 智力
지력측험,智力测验
지력층,持力层
지련,支链
지렬,地裂
지렬봉,地裂缝
지령,指令
지령문,指令文
지령성,指令性
지령실,指令室
지령인걸,地灵人杰
지령장,指令长
지령집,指令集
지례,知礼
지로,支路
지로명등,指路明灯
지로천황,地老天荒
지로호,纸老虎; 地老虎
지록위마,指鹿为马
지론,持论
지뢰,地雷; 地牢
지뢰전,地雷战
지료,知了
지루,地漏
지류,之类; 支流; 之流
지리,地利; 地理; 智利; 池莉; 支离; 至理
지리관,地理观
지리대,智利队
지리멸렬,支离灭裂
지리명언,至理名言
지리부도,地理附图
지리산,智异山; 智異山
지리서,地理书
지리적,地理的
지리파쇄,支离破碎
지리학,地理学
지리학가,地理学家
지리학과,地理学科
지리학자,地理学者
지리학적,地理学的
지마,芝麻
지마개화절절고,芝麻开花节节高
지마관,芝麻官
지마대,芝麻大
지마유,芝麻油
지마장,芝麻酱
지막,地膜; 脂膜
지만,地幔; 枝蔓
지망,志望; 指望; 地望; 地网
지망망,地茫茫
지망생,志望生
지망자,志望者
지매,酯酶
지맥,地脉; 支脉
지면,地面; 志面; 纸面
지면수,地面水
지면참,地面站
지명,地名; 指名; 知名; 指明; 知命
지명권,指名权
지명도,知名度
지명도성,指名道姓
지명인사,知名人士
지명자,指名者
지명지사,知名之士
지모,地貌; 智谋; 知母; 迟暮
지목,地木; 地目; 指目
지무부언,知无不言
지문,地文; 指纹
지물,地物
지미,智微
지반,地盘
지발,迟发; 指拨
지발성,迟发性
지방,地方; 纸榜; 脂肪
지방간,脂肪肝
지방관,地方官
지방군,地方军
지방급,地方级
지방당,地方党
지방당국,地方当局
지방대,地方队; 地方台
지방도,地方道
지방류,脂肪瘤; 脂肪类
지방매,脂肪酶
지방민,地方民
지방법원,地方法院
지방별,地方别
지방병,地方病
지방사,地方社; 地方史
지방산,脂肪酸
지방색,地方色
지방색채,地方色彩
지방성,地方性
지방세,地方税
지방세무국,地方税务局
지방시,地方时
지방은행,地方银行
지방정부,地方政府
지방주의,地方主义
지방지,地方纸; 地方志
지방질,脂肪质
지방채,地方债
지방청,地方厅
지방층,脂肪层
지방판,地方版
지방화,地方化
지방희,地方戏
지배,支配; 纸杯
지배권,支配权
지배력,支配力
지배론,支配论
지배인,支配人
지배자,支配者
지배적,支配的
지배층,支配层
지번협무,枝繁叶茂
지법,地法; 指法
지법범법,知法犯法
지변,支边
지병,持病
지보,地步; 止步; 至宝; 地堡; 地保
지보부전,止步不前
지복,至福
지봉,支峰
지부,支付; 支部; 知府; 地府
지부과,只不过
지부구,芝罘区
지부작족,知斧斫足
지부장,支部长
지부장직,支部长职
지부주,止不住
지부화관,支付货款
지분,持分; 肢体; 脂粉; 地体
지분어언,肢体语言
지분율,支分率; 支分率
지불,支拂
지불승굴,指不胜屈
지불일,支拂日
지비,地痞
지빈,智斌
지사,支社; 知事; 指使; 至死; 志士; 止泻; 支使
지사부투,至死不渝
지사인인,志士仁人
지사장,支社长
지사적,志士的
지산,地产; 脂酸
지산계,地产界
지산류,地产类
지산업,地产业
지상,地上; 纸上; 至上; 之上; 只想; 智商; 纸箱
지상계,地上界
지상군,地上军
지상담병,纸上谈兵
지상매괴,指桑骂槐
지상명령,至上命令
지상빈,迟尚斌
지상적,地上的
지상전,地上战
지상주의,至上主义
지상주의자,至上主义者
지상주의적,至上主义的
지상주의파,至上主义派
지서,支署; 支书; 志书
지서체례,知书达礼
지서체리,知书达理
지석,志石
지석묘,支石墓
지선,支线; 地线; 至善; 纸扇
지선지미,至善至美
지설,地说; 纸屑
지성,知性; 脂性; 至诚; 吱声; 至圣; 地声
지성감천,至诚感天
지성계,知性界
지성적,知性的
지성파,知性派
지세,地势; 地税
지세국,地税局
지소,支所; 至少; 只消; 至关
지소모대,知小谋大
지소이,之所以
지소중요,至关重要
지속,持续
지속성,持续性
지속적,持续的
지수,地水; 指数; 只需; 只须; 止水; 渍水
지수형,指数型
지수화,指数和; 指数化
지수화각,指手画脚
지순,至纯
지승,支承
지시,只是; 指示; 地市
지시급,地市级
지시기,指示器
지시등,指示灯
지시제,指示剂
지시판,指示板
지시패,指示牌
지식,知识; 止息
지식수준,知识水准
지식인,知识人
지식인연,知识人然
지식인적,知识人的
지식층,知识层
지신,地神; 知识; 只身; 智识
지신계,知识界
지신고,知识库
지신면,知识面
지신분자,知识分子
지신산권,知识产权
지신산권법,知识产权法
지신산업,知识产业
지신성,知识性
지신점,知识点
지신족,地神族
지신청년,知识青年
지신형,知识型
지신화,知识化
지실,知悉
지심,知心; 地心
지심인력,地心引力
지심화,知心话
지아,枝桠; 枝丫
지안문,地安门
지압,指压; 地压
지애,挚爱; 志哀
지양,止扬
지언편어,只言片语
지엄,至严
지여,之余
지역,地域; 之役
지역감정,地域感情
지역구,地域区
지역권,地役权
지역당,地域党
지역당적,地域党的
지역민,地域民
지역사,地域史
지역성,地域性
지역신,地域神
지역적,地域的
지역주의,地域主义
지역촌,地域村
지역행난,知易行难
지역화,地域化
지연,地缘; 迟延; 智妍; 纸烟; 纸鸢
지연성,地缘性
지연적,地缘的
지연제,地缘制
지열,地热
지열능,地热能
지엽,枝叶
지엽적,枝叶的
지오,支吾
지옥,地狱
지온,地温
지완,迟缓
지외,之外
지요,只要
지요공부심,只要功夫深
지용,智勇; 支用
지용쌍전,智勇双全
지우,智愚; 知友; 至于; 挚友; 知遇
지우산,纸雨伞
지우지은,知遇之恩
지원,志愿; 支援; 支院; 至元
지원국,支援国
지원군,支援军; 志愿军
지원금,支援金; 支援金
지원단,支援团
지원법,支援法
지원병,志愿兵
지원병제,志愿兵制
지원생,支援生
지원서,志愿书
지원액,支援额
지원율,支援率; 支援率
지원자,志愿者; 支援者
지원자문,志愿者们
지원작,支援作
지원적,支援的
지원제,支援制
지원책,支援策
지원포,支援砲
지원표,志愿表
지원형,支援型
지위,地位; 地委
지유,只有; 持有; 地榆
지유기,持有期
지유량,持有量
지유인,持有人
지유자,持有者
지육,智育
지은,智恩
지음,知音
지의,迟疑; 旨意; 地衣
지의류,地衣类
지의부결,迟疑不决
지이부언,知而不言
지인,指引; 只因; 指认; 指印
지인선임,知人善任
지인지면부지심,知人知面不知心
지일,之一; 指日
지일가대,指日可待
지입,支入
지자,之字; 智者; 池子; 只字; 智子; 地磁; 枝子
지자견지,智者见智
지자미제,只字未提
지자부제,只字不提
지자제,地自制
지자체,地自体
지잡,纸币
지잡인,持卡人
지장,支障; 纸张; 智障; 纸浆; 指掌
지장왕,地藏王
지재,旨在
지재권,知财权
지재필득,志在必得
지쟁조석,只争朝夕
지저,地底
지적,地籍; 指摘; 知的; 地积; 脂滴
지적도,地籍图
지전,之前; 地砖; 支前; 纸钱; 池田; 地电
지전원,指战员
지전원문,指战员们
지절,枝节; 指节
지점,地点; 指点; 支店; 支点
지점강산,指点江山
지점망,支店网
지점미진,指点迷津
지점장,支店长
지점토,地粘土
지정,指定; 知情; 之情; 指正; 至正; 地政; 地丁
지정석,指定席
지정자,知情者
지정적,地政的
지정학적,地政学的
지제,之际; 纸制
지제품,纸制品
지조,志操; 迟早; 纸条; 枝条; 地租
지족,知足
지족상락,知足常乐
지족자,知足者
지존,至尊
지좌,支左; 支座
지죄,知罪
지주,地主; 持株; 支柱; 蜘蛛; 只做; 止住; 池州; 知州
지주도,支洲岛
지주망,蜘蛛网
지주분자,地主分子
지주성,支柱性
지주시,地州市; 池州市
지주적,地主的
지주지의,地主之谊
지주층,地主层
지준금,支准金; 支准金
지준율,支准率; 支准率
지중,之中; 智众; 持重
지중선,地中线
지중해,地中海
지중해지구,地中海地区
지지,地址; 地志; 支持; 迟迟; 吱吱; 只只; 地支; 至迟; 支支; 枝枝
지지대,支持台
지지도,支持度
지지도도,地地道道
지지률,支持率
지지부주,支持不住
지지부진,迟迟不进
지지성,支持性
지지심소,知之甚少
지지오오,支支吾吾
지지율,支持率; 支持率
지지이항,持之以恒
지지자,支持者
지지자문,支持者们
지지점점,指指点点
지지표,支持票
지진,地震; 指陈
지진대,地震台; 地震带
지진파,地震波
지진학,地震学
지진희,池珍熙
지질,地质; 纸质; 脂质
지질대,地质队
지질도,地质图
지질분,脂质体
지질학,地质学
지질학가,地质学家
지질학과,地质学科
지질학자,地质学者
지질학적,地质学的
지차,至此; 只差; 枝杈
지차일가,只此一家
지참,持参; 地参
지참금,持参金; 持参金
지창,持枪
지창자,持枪者
지책,指责
지처,之处; 地处
지척,咫尺; 指斥
지척천애,咫尺天涯
지천,至贱
지철,地铁
지첨,指尖
지청,支厅; 知青
지청문,知青们
지체,肢体; 迟滞
지초,纸钞
지축,地轴
지춘로,知春路
지출,指出; 支出
지취,支取; 知趣; 志趣; 智取; 旨趣; 池翠
지취금미,纸醉金迷
지취상투,志趣相投
지층,地层
지층학,地层学
지치,智齿; 知耻
지치주의,知致主义
지친,至亲
지침,指针
지침서,指针书
지칭,指称
지탄,指弹; 地摊
지탱,支撑
지탱선,支撑线
지탱점,支撑点
지통,止痛
지통약,止痛药
지통제,止痛剂
지통편,止痛片
지파,只怕; 指派; 支派
지파유심인,只怕有心人
지판,地板; 纸板
지패,纸牌
지편,纸片
지편법,纸片法
지평,地平; 持平
지평선,地平线
지폐,纸币
지포,地铺
지포부주화,纸包不住火
지표,地表; 指标; 支票
지표경류,地表径流
지표면,地表面
지표수,地表水
지표인,持票人
지표적,指标的
지품,纸品
지피,地皮
지필묵,纸笔墨
지하,地下; 之下; 吱呀
지하계,地下界
지하공작,地下工作
지하당,地下党
지하도,地下道
지하상가,地下商街
지하수,地下水
지하실,地下室
지하자원,地下资源
지하철,地下铁
지하철도,地下铁道
지하철역,地下铁驿
지하하,地下河
지학,地学
지한,只限
지함,地陷
지합,纸盒
지해,止咳; 肢解
지핵,地核
지행,支行
지행합일,知行合一
지향,志向; 指向
지향성,志向性
지향적,指向的
지향점,指向点
지현,知县
지혈,止血; 地穴
지혈대,止血带
지혈법,止血法
지협,枝叶
지형,地形
지형도,地形图
지형성,地形性
지형적,地形的
지혜,智慧
지혜형,智慧型
지호,只好; 支护
지호자야,之乎者也
지호전,迟浩田
지혼,指挥
지혼가,指挥家
지혼관,指挥官
지혼관문,指挥官们
지혼권,指挥权
지혼도,指挥刀
지혼봉,指挥棒
지혼부,指挥部
지혼약정,指挥若定
지혼원,指挥员
지혼자,指挥者
지혼함,指挥舰
지화,酯化; 指画
지환,指环
지황,地黄
지황론,地荒论
지회,支会; 纸灰
지회장,支会长
지효,知晓; 至孝
지효률,知晓率
지후,之后
지휘,指挥
지휘관,指挥官
지휘권,指挥权
지휘봉,指挥棒
지휘부,指挥部
지휘소,指挥所
지휘자,指挥者
지흠동풍,只欠东风
지희,智喜
직,直; 织; 职; 稷; 膱; 稙; 職; 織
직각,直角; 直觉
직각삼각형,直角三角形
직각좌표,直角坐标
직간,直谏
직감,直感
직감력,直感力
직감적,直感的
직개소,职介所
직거래,直去来
직격,直击
직결,直结
직경,直径
직계,直系
직계손,直系孙
직계친속,直系亲属
직계혈친,直系血亲
직고,职高
직공,织工; 职工; 直供
직공문,职工们
직관,直观; 职官
직관력,直观力
직관성,直观性
직관적,直观的
직교,职教
직구구,直勾勾
직군,职群
직권,职权
직금,织金; 织金; 织锦
직금단,织锦缎
직금현,织金县
직급,职级
직기,织机
직녀,织女
직녀성,织女星
직능,职能
직능계,职能系
직대,直待; 织带
직대회,职代会
직도,直到; 直道; 直捣
직두,直头
직락,直落
직래직거,直来直去
직렬,直列
직령,直领
직례,直隶
직로,直露
직류,直流; 职类
직류전,直流电
직률,直率
직릉릉,直愣愣
직립,直立
직립적,直立的
직립형,直立型
직매점,直卖店
직면,直面
직무,职务
직물,织物
직물학,织物学
직반입,直搬入
직발,直拨
직방도,直方图
직방체,直方体
직배,直配
직배식,直排式
직백,直白
직보,织补
직부,直部
직분,职分; 直奔
직사각형,直四角形
직사광선,直射光线
직산현,稷山县
직삼각형,直三角形
직삽,直插
직상,直爽; 直上
직서흉억,直抒胸臆
직선,直线; 直选
직선거리,直线距离
직선적,直线的
직선제,直选制
직선형,直线型
직설법,直说法
직설적,直说的
직성,直星; 织成
직소,直销
직소력,直诉力
직소법,直销法
직소업,直销业
직소원,直销员
직속,直属
직속지,直属地
직송,直送
직수,职守
직수입,直输入
직승기,直升机
직승비기,直升飞机
직시,直视
직언,直言
직언부휘,直言不讳
직업,职业
직업관,职业观
직업교육,职业教育
직업교육법,职业教育法
직업대,职业队
직업란,职业栏
직업력,职业力
직업병,职业病
직업새,职业赛
직업성,职业性
직업소개소,职业绍介所
직업여성,职业女性
직업윤리,职业伦理
직업의식,职业意识
직업인,职业人
직업적,职业的
직업혁명가,职业革命家
직업화,职业化
직역,直译; 职役
직영,直营
직원,直员; 职员
직원문,职员们
직원실,职员室
직위,职位
직인,职人; 职印
직장,直肠; 职场; 职长; 职掌
직장성,职场性
직장암,直肠癌
직장인,职场人
직장자,直肠子
직전,直前; 职田; 织田
직절료당,直截了当
직접,直接
직접법,直接法
직접성,直接性
직접세,直接税
직접수익자,直接受益者
직접융자,直接融资
직접적,直接的
직정정,直挺挺
직제,职制
직조,织造
직조기,织造机
직종,职种
직지,直至
직직,直直
직진,直进; 直陈
직책,职责
직척,直尺
직체,直达
직체차,直达车
직칭,职称
직통,直通
직파,直播
직파원,直播员
직판,直贩
직판장,直贩场
직포,织布
직포기,织布机
직포라타,直布罗陀
직품,织品
직하,稷下
직할,直辖
직할시,直辖市
직함,职衔
직항,直航
직행,直行
직화,直和
직후,直后
진,进; 真; 尽; 陈; 阵; 镇; 震; 振; 珍; 津; 秦; 诊; 晋; 尘; 唇; 趁; 辰; 疹; 臻; 嗔; 赈; 缜; 榛; 嗪; 缙; 稹; 畛; 胗; 轸; 瞋; 殄; 螓; 溱; 蓁; 禛; 絼; 眹; 軙; 袗; 紾; 眕; 進; 陳; 盡; 陣; 眞; 鎮; 儘; 塵; 瑨; 琎; 晉; 診
진가,真价; 真假; 陈家; 陈可; 秦家; 秦歌; 陈珂; 陈嘉
진가경,陈嘉庚; 秦可卿
진가과,真家伙
진가난변,真假难辨
진가능,尽可能
진가락,陈家洛
진가림,陈家林
진가명,陈家明
진가보,陈家宝
진가산,陈家山
진가신,陈可辛
진가영,陈家瑛
진가환,陈嘉桓
진각,阵脚
진간,进谏; 秦简
진감,震撼; 震感
진감성,震撼性
진감인심,震撼人心
진갑,进甲
진갑량,陈甲亮
진강,振奋; 晋江; 镇江; 秦刚; 陈刚; 秦腔; 秦奋; 陈强; 陈江; 陈钢; 秦康
진강시,晋江市; 镇江市
진강의,陈刚毅
진강인심,振奋人心
진강전구,晋江专区
진강현,晋江县
진강화,陈江华
진개,陈凯; 秦凯
진개가,陈凯歌
진갱,陈赓
진거,进去
진거흥,陈键兴
진건,陈健; 陈建
진건공,陈建功
진건국,陈建国
진건군,陈建军
진건력,陈建力
진건민,陈建民
진건빈,陈建斌
진건주,陈建州
진건평,陈建平
진건화,陈建华
진걸,陈杰; 秦杰
진검,陈剑
진격,进击; 真格
진견,陈坚; 晋见; 进见
진결,陈洁
진경,珍景; 震惊; 进京; 真经; 进境; 秦琼; 晋京; 陈耕; 陈劲
진경관,陈警官
진경리,陈经理
진경부이,震惊不已
진경산수,真景山水
진경송,陈劲松
진경윤,陈景润
진계,陈启
진곤,陈坤
진골,真骨
진공,真空; 进攻; 进贡
진공관,真空管
진공기,真空期
진공도,真空度
진공박,陈公博
진공빙,真空泵
진공성,进攻性
진공청소기,真空清扫器; 真空淸扫器
진공형,进攻型
진과,陈果
진과부,陈果夫
진과장,陈科长
진관,尽管
진관어,陈观鱼
진관우,秦官羽
진관희,陈冠希
진광,辰光; 陈光
진광명,陈光明
진광성,陈光诚
진광송,秦光荣
진광의,陈光毅
진광표,陈光标
진괴,嗔怪
진굉,陈宏
진교,真巧; 陈娇
진교수,陈教授
진교은,陈乔恩
진교장,陈校长
진구,进口; 进球; 陈旧; 尘垢
진구량,进口量
진구률,进球率
진구림,陈久霖
진구상,进口商
진구성,陈旧性
진구세,进口税
진구액,进口额
진구차,进口车
진구화,进口货
진국,辰国; 秦国; 陈菊; 晋国; 陈国
진국강,陈国强
진국장,陈局长
진국충,陈国忠
진국화,陈国华
진군,进军; 秦军; 陈军; 晋军; 陈群
진귀,珍贵
진규루습,陈规陋习
진규원,陈奎元
진균,真菌
진균성,真菌性
진근,陈瑾
진금,陈金; 秦琴; 珍禽; 真琴; 陈琴
진금강,陈金刚
진금교,陈金桥
진금생,秦金生
진금수,陈金水
진금의,陈金义
진금이수,珍禽异兽
진금화,陈锦华
진급,进级; 晋级; 震级
진급새,晋级赛
진기,珍奇; 趁机; 真气; 陈琦; 振起; 陈琪; 陈奇; 陈其
진기로예,晋冀鲁豫
진기록,真记录
진기미,陈其美
진기위,秦基伟
진기정,陈绮贞
진나,陈娜
진남,镇南; 陈楠; 津南; 晋南
진남구,津南区
진납덕,陈纳德
진녀사,陈女士; 秦女士
진년,陈年
진녕,陈宁; 镇宁
진노,瞋怒
진니,珍妮
진니불,珍妮弗; 珍妮佛
진니특,珍妮特
진단,诊断; 陈丹
진단기,诊断机
진단뢰,陈丹蕾
진단률,诊断率
진단명,诊断名
진단법,诊断法
진단서,诊断书
진단성,诊断性
진단적,诊断的
진단청,陈丹青
진담,真谈; 秦湛
진당산,陈唐山
진대,秦代; 晋代
진대가,陈大哥; 秦大哥
진대마,陈大妈
진대명,陈大明
진대야,陈大爷
진대용,陈大勇
진대위,陈大伟
진대인,陈大人
진대하,秦大河
진덕량,陈德良
진덕명,陈德铭
진덕용,陈德容
진도,进度; 陈涛; 阵图
진도명,陈道明
진도율,进度率; 进度率
진도진창,真刀真枪
진도표,进度表
진독수,陈独秀
진돗,珍岛
진동,振动; 震动; 陈东; 陈彤; 陈栋
진동기,陈东琪
진동남,晋东南
진동사,振动筛
진동생,陈冬生
진동수,振动数
진동승,陈东升
진동자,振动子
진동학,陈同学
진동해,陈同海
진두,尽头
진두지휘,阵头指挥
진락,秦乐
진람,秦岚; 陈岚
진랑,秦朗
진래,进来
진량,尽量; 陈亮; 陈良
진량옥,秦良玉
진량우,陈良宇
진려,陈丽
진려화,陈丽华
진력,尽力; 陈力
진력이위,尽力而为
진렬,陈列
진렬관,陈列馆
진렬실,陈列室
진령,秦岭; 秦玲; 陈玲; 振铃
진로,进路; 震怒; 陈老; 陈露; 嗔怒; 秦璐; 秦老
진로사,陈老师; 秦老师
진로선생,陈老先生
진로예,陈鲁豫
진로태,陈老太
진로한,陈老汉
진롱발외,振聋发聩
진뢰,陈磊; 陈雷; 陈蕾
진료,诊疗; 进料
진료비,诊疗费
진료실,诊疗室
진료진,诊疗阵
진룡,陈龙; 秦龙
진룡비,秦龙飞
진류,陈留
진류기,镇流器
진률사,陈律师
진릉,陈凌
진리,真理; 陈莉
진리리,陈莉莉
진리명,陈利明
진리민,陈利民
진리보,真理报
진리성,真理性
진림,陈琳; 陈林; 陈霖
진립,陈立
진립민,陈立民
진립부,陈立夫
진마마,陈妈妈
진막양,秦漠阳
진만,尘螨
진만송,陈晚荣
진만수,陈万水
진망,阵亡
진망도,陈望道
진망자,阵亡者
진맥,诊脉
진면목,真面目
진명,真名; 陈明; 陈铭; 秦明
진명의,陈明义
진명인,陈明仁
진명천자,真命天子
진명화,陈明华
진모,陈某; 秦某
진모모,陈某某
진모화,陈慕华
진목승,陈木胜
진몽연,陈梦妍
진몽요,秦梦瑶
진무,陈武
진무교,秦茂蛟
진무제,晋武帝
진묵,陈默; 陈墨
진문,进门; 津门; 陈文
진문걸,陈文杰
진문공,晋文公
진문빈,陈文斌
진문천,陈文茜
진문휘,陈文辉
진미,珍味; 真味; 陈米
진민,陈敏
진민현,陈敏贤
진밀,缜密
진박사,陈博士
진반,镇反
진발,进发
진발성,阵发性
진방,陈芳; 陈放; 陈方
진방평,陈方平
진배덕,陈培德
진백강,陈百强
진백림,陈柏霖
진백상,陈百祥
진백성,陈百成
진백우,陈柏宇
진백체,陈伯达
진백흘,陈柏屹
진범,进犯; 陈凡
진병,进兵; 陈兵; 诊病; 秦兵
진병덕,陈炳德
진병발,陈炳发
진병석,陈炳锡
진보,进步; 珍宝
진보국,陈宝国
진보근,陈宝根
진보도,珍宝岛
진보성,进步性
진보장,进步奖
진보적,进步的
진보주의,进步主义
진보주의자,进步主义者
진보파,进步派
진본,珍本
진봉,尘封; 陈锋
진봉영,陈凤英
진봉위,陈峰伟
진부,陈腐
진부성,陈腐性
진부인,陈夫人
진부장,陈部长
진북,晋北; 真北
진붕,陈鹏
진비,振臂; 陈飞; 陈菲
진비일호,振臂一呼
진비현,陈丕显
진빈,陈斌; 陈彬
진빈화,陈斌华
진빙,陈冰; 秦冰
진빙실거,真凭实据
진사,进士; 真丝; 陈词; 晋祠; 尘沙
진사능,陈士能
진사람조,陈词滥调
진사부,陈师傅
진사사,陈思思
진삭,秦朔
진산,镇山; 秦山
진산니,陈珊妮
진산핵전참,秦山核电站
진상,真相; 进上; 陈翔
진상대백,真相大白
진상품,进上品
진서,真书; 晋书; 晋西; 陈瑞
진서기,陈书记
진서북,晋西北
진서인,陈瑞仁
진서화,陈瑞华
진석,珍惜; 陈石
진석련,陈锡联
진석문,陈锡文
진선,阵线; 尽先; 陈先; 秦先
진선미,真善美
진선생,陈先生; 秦先生
진선유,陈善有
진선진미,尽善尽美
진설,陈设; 陈说; 秦雪
진섭,震慑
진성,真诚; 进城; 陈星; 晋城; 真性; 陈成; 陈诚; 秦晟; 辰星; 陈晟
진성시,晋城市
진성신,陈省身
진세,尘世
진세미,陈世美
진소,诊所; 秦霄; 陈潇; 陈萧
진소기,陈绍基
진소뢰,陈小蕾
진소붕,陈绍鹏
진소송,陈昭荣
진소예,陈小艺
진소유,秦少游
진소장,陈所长
진소저,陈小姐; 秦小姐
진소춘,陈小春
진소평,陈小平
진소화,陈少华
진속,真俗; 尽速; 尘俗
진솔,真率
진송,陈荣
진송령,陈松伶
진수,真髓; 进修; 进水; 趁手; 镇守; 尽数; 珍馐; 陈秀
진수무,陈修茂
진수성찬,珍羞盛馔
진수안저,尽收眼底
진수편,陈水扁
진수편판공실,陈水扁办公室
진숙보,秦叔宝
진숙분,陈淑芬
진숙숙,陈叔叔
진숙통,陈叔通
진순,陈纯
진술,陈述
진술구,陈述句
진술권,陈述权
진술서,陈述书
진술인,陈述人
진습,进袭
진승,晋升; 陈胜; 陈升; 秦升
진시,真是; 眞是; 尽是; 珍视; 津市; 秦时; 辰时; 陈尸
진시장,陈市长
진시적,真是的
진시죽,秦时竹
진시황,秦始皇
진식,进食
진신,真身; 陈信; 陈晨; 陈新; 晋身; 进身; 陈臣
진신굉,陈信宏
진신도,陈信滔
진신화,陈新华
진실,真实; 诊室; 陈实
진실성,真实性
진심,真心; 尽心; 进深
진심갈력,尽心竭力
진심성의,真心诚意
진심실의,真心实意
진심진력,尽心尽力
진심진책,尽心尽责
진심화,真心话
진씨,陈氏; 秦氏
진아,陈亚
진아이,陈阿姨
진안,镇安; 晋安; 秦安
진안구,晋安区
진안지,陈安之
진압,镇压
진압군,镇压军
진압책,镇压策
진애,尘埃; 珍爱
진애민,秦爱民
진액,津液
진약림,陈若琳
진약사,陈若思
진양,晋阳; 秦阳; 陈阳; 陈扬; 陈洋
진언,进言; 真言; 陈言
진여,真如
진여가,陈汝佳
진여인의,尽如人意
진역,陈易
진연,尽然; 尘缘; 陈燕; 陈娟; 尘烟; 秦研; 陈然
진연희,陈妍希
진열,陈列; 陈悦
진열대,陈列台
진열장,陈列欌
진열창,陈列窗; 陈列窓
진열타철,趁热打铁
진염,陈琰; 陈艳
진염청,陈艳青
진영,阵营; 陈颖; 陈永; 陈莹; 陈咏; 陈英
진영강,陈永强
진영귀,陈永贵
진영정,陈永正
진영화,陈永华
진예,陈锐
진오,珍奥
진옥,进屋; 秦玉; 陈玉
진옥련,陈玉莲
진옥성,陈玉成
진옥정,陈玉婷
진완,珍玩
진왕조,秦王朝
진요,秦瑶; 陈尧
진요엽,陈耀烨
진용,阵容; 陈勇; 秦俑; 真容; 陈蓉
진우,阵雨; 秦羽; 陈雨; 陈宇; 臻于; 秦禹; 秦雨; 珍邮
진우량,陈友谅
진우림,陈雨林
진우범,陈羽凡
진욱,陈旭; 秦旭; 陈郁; 陈煜
진욱동,陈旭东
진운,进运; 陈云; 陈芸; 缙云
진운림,陈云林
진운산,缙云山
진운현,缙云县
진웅,陈雄
진원,震源; 镇远; 陈元; 镇原; 陈媛
진원원,陈媛媛
진원지,震源地
진원현,镇远县
진위,真伪; 陈伟; 进位; 陈炜; 陈玮; 陈卫
진위동,陈卫东
진위명,陈伟明
진위웅,陈伟雄
진위홍,陈伟鸿
진유,陈惟; 陈瑜; 陈维
진유아,陈维亚
진유호,陈由豪
진유흠,陈维钦
진윤,津润
진응춘,陈应春
진의,真意; 陈毅; 陈依; 尽意
진의무,尽义务
진의생,陈医生
진의웅,陈义雄
진의원,进医院
진의중,陈宜中
진의함,陈意涵
진이,进而; 震耳; 秦怡; 陈怡
진이동,陈以桐
진이욕롱,震耳欲聋
진이용,陈怡蓉
진이천,陈怡倩
진인,真人; 陈寅
진인각,陈寅恪
진인개지,尽人皆知
진인부로상,真人不露相
진인사,尽人事
진인사대천명,尽人事待天命
진인진사,真人真事
진일,秦逸; 陈逸
진일범,秦逸凡
진일보,进一步
진일비,陈逸飞
진일빙,陈一冰
진일주,陈一舟
진입,进入
진입로,进入路
진입자,进入者
진자,振子; 阵子; 榛子; 镇子; 疹子
진자룡,陈子龙
진자시계,振子时计
진자앙,陈子昂
진작,振作; 进爵
진장,珍藏; 进场; 镇长; 进账
진장군,陈将军
진장량,陈章良
진장청,陈长青
진장품,珍藏品
진재,赈灾; 震灾
진재부언중,尽在不言中
진재실료,真材实料
진재실학,真才实学
진저,进抵
진적,真的; 眞的; 真迹; 陈迹; 陈迪; 陈笛
진전,进展; 陈田; 震颤; 进前; 真传; 真田
진전광지,真田广之
진전화,陈田化
진절,真切
진점,进占
진정,真情; 真正; 镇静; 陈情; 进程; 尽情; 镇定; 陈静; 陈婷; 震情
진정강,陈正强
진정고,陈政高
진정서,陈情书
진정성,真正性
진정실감,真情实感
진정실의,真情实意
진정자약,镇定自若
진정정,陈晶晶
진정제,镇静剂
진정하래,镇定下来
진제,赈济
진제당,陈济棠
진조,尽早; 趁早; 秦朝
진조군,陈兆军
진조덕,陈祖德
진조승,陈照升
진조풍,陈兆丰
진종권,秦宗权
진종일,尽终日
진종택,陈宗泽
진주,真珠; 进驻; 珍珠; 真主; 镇住; 晋州; 进酒; 陈州
진주계,珍珠鸡
진주담,真珠淡
진주당,真主党
진주당유격대,真主党游击队
진주사,真珠纱
진주암,珍珠岩
진주임,陈主任
진주항,珍珠港
진준,陈俊
진준걸,陈俊杰
진준생,陈俊生
진준협,陈俊侠
진중,珍重; 震中; 晋中; 陈中; 陈仲
진중비,秦中飞
진중시,晋中市
진중해,秦仲海
진중화,陈重华
진지,真挚; 阵地; 真知; 陈志; 陈智; 秦之; 秦志
진지강,陈志强
진지룡,陈志龙
진지립,陈至立
진지무,陈志武
진지붕,陈志朋
진지작견,真知灼见
진지전,阵地战
진지화,陈志华
진직,尽职; 晋职
진직진책,尽职尽责
진진,津津; 阵阵; 真真; 陈阵; 陈进; 陈振; 陈震; 陈真; 陈辰; 秦晋
진진가가,真真假假
진진락도,津津乐道
진진용,陈进容
진진유미,津津有味
진진유사,振振有词; 振振有辞
진진총,陈振聪
진진출출,进进出出
진진혜,陈镇慧
진진화,陈振华
진차,趁此
진착,趁着
진찬,进餐
진찰,诊察
진찰기,晋察冀
진찰실,诊察室
진참,进站
진창,陈畅
진창실탄,真枪实弹
진창욱,陈昌旭
진창지,陈昌智
진창호,陈昌浩
진책,尽责
진처,尽处
진척,进陟; 进尺
진천,秦川; 陈天; 陈茜; 秦天
진천동지,震天动地
진천우,陈天宇
진철남,陈哲男
진철적,陈铁迪
진첩,津贴; 陈婕; 陈捷
진청,陈青; 陈晴
진청태,陈清泰
진체,真谛
진초,陈醋; 陈超; 进剿; 真钞
진초록,津草绿
진초생,陈楚生
진총,陈总
진총휘,陈聪辉
진추,真丑
진출,进出
진출경,进出境
진출구,进出口
진출설,进出说
진충,尽忠; 陈冲; 陈忠
진충실,陈忠实
진충화,陈忠和; 陈忠华
진취,进取
진취심,进取心
진취적,进取的
진취형,进取型
진치,诊治
진치중,陈致中
진침,进针
진침욱,陈琛旭
진쾌,尽快
진탁,秦卓; 陈卓
진탕,震荡; 振荡
진탕기,振荡器
진태충,陈太忠
진태태,陈太太
진태화,陈泰华
진택,镇宅
진택우,陈泽宇
진토,尘土
진통,阵痛; 镇痛
진통제,镇痛剂
진퇴,进退
진퇴량난,进退两难
진퇴부득,进退不得
진퇴양난,进退两难
진퇴유곡,进退维谷
진퇴유도,进退有度
진파,陈波; 震波
진파포위,津巴布韦
진패사,陈佩斯
진평,陈平; 陈萍; 镇平
진폐,尘肺
진포뢰,陈布雷
진폭,振幅; 尘暴
진표,陈彪
진품,真品; 珍品
진풍,阵风; 陈枫; 秦风; 陈风
진풍경,珍风景
진피,真皮; 陈皮
진핍,进逼
진하,陈霞
진학,进学
진학고,陈鹤高
진학률,进学率; 进学率
진학송,陈学荣
진한,秦汉; 陈寒
진한전,陈汉典
진항,进港; 进项
진해,镇海; 震骇
진해구,镇海区
진해로,秦海璐; 镇海路
진해평,陈海平
진핵,阵势; 趁势; 真核
진핵세포,真核细胞
진행,进行; 真行
진행곡,进行曲
진행상,进行相
진행새,进行赛
진행성,进行性
진행여,陈幸妤
진행자,进行者
진행자상,进行者赏
진행표,进行表
진향,进香; 震响
진향련,秦香莲
진향매,陈香梅
진허이입,趁虚而入
진헌,进献; 陈轩
진혁,陈奕
진혁신,陈奕迅
진현,进贤
진현현,进贤县
진형명,陈炯明
진혜림,陈慧琳
진혜산,陈慧珊
진혜한,陈慧娴
진호,镇护; 陈好; 陈豪; 陈浩; 陈虎; 陈昊
진호민,陈浩民
진호소,陈昊苏
진호연,陈浩然
진호주,陈灏珠
진혼곡,镇魂曲
진홍,真红; 陈红; 陈虹; 陈洪; 秦洪; 秦虹
진홍색,真红色
진화,进化; 镇火; 真话; 进货; 真货; 秦华; 陈华; 陈化; 陈桦
진화량,进货量
진화론,进化论
진화론적,进化论的
진화사,进化史
진화적,进化的
진화타겁,趁火打劫
진환,尽欢
진황도,秦皇岛
진황도시,秦皇岛市
진황도항,秦皇岛港
진황한무,秦皇汉武
진회,秦桧; 陈淮; 秦淮; 秦怀
진회경,秦淮景
진회구,秦淮区
진회하,秦淮河
진효,陈晓; 尽孝; 尘嚣; 秦晓
진효기,陈晓奇
진효동,陈晓东
진효란,陈晓兰
진효려,陈晓丽
진효명,陈晓明
진효욱,陈晓旭
진효위,陈晓伟
진휘,陈辉; 秦晖
진휼,赈恤
진흔,陈欣
진흥,振兴; 尽兴; 陈兴
진흥국,振兴局
진흥국장,振兴局长
진흥량,陈兴良
진흥우,陈兴宇
진흥중화,振兴中华
진흥책,振兴策
진희,珍稀; 陈曦; 陈希
진희동,陈希同
질,质; 疾; 跌; 秩; 侄; 嫉; 迭; 叱; 窒; 佚; 轶; 蛭; 郅; 桎; 蒺; 帙; 骘; 耋; 踬; 垤; 绖; 铚; 眰; 袠; 紩; 瓞; 翐; 眣; 袟; 锧; 耊; 詄; 質
질가,跌价
질갈,叱喝
질감,质感
질검,质检
질검원,质检员
질고,疾苦
질곡,桎梏
질권,质权
질기,迭起
질녀,侄女
질대,迭代; 质对
질도,跌倒
질락,跌落
질량,质量
질량관리,质量管理
질량법,质量法
질량보정,质量保证
질량보정기,质量保证期
질량월,质量月
질량장,质量奖
질량형,质量型
질량효익형,质量效益型
질려,蒺藜
질료,质料
질립,质粒
질막,质膜
질문,质问
질문벽,质问癖
질문지,质问纸
질박,质朴
질변,质变
질병,疾病
질보,质谱; 疾步
질분,质体
질사,疾驶
질산,窒酸
질산성,窒酸性
질산염,窒酸盐
질색,窒塞; 窒塞
질서,秩序
질서정연,秩序井然
질서화,秩序化
질석,蛭石
질소,窒素
질속,疾速
질손,侄孙
질수,质数
질순,质询
질시,嫉视; 疾视
질식,窒息
질식사,窒息死
질심,质心
질악여구,嫉恶如仇; 疾恶如仇
질우가렴,质优价廉
질의,质疑
질의서,质疑书
질입,跌入
질자,侄子; 质子
질자빙,质子泵
질적,质的
질점,质点
질정,叱正; 质证
질정판,跌停板
질주,疾走
질주력,疾走力
질주범,疾走犯
질지,质地
질진,疾进
질질당당,跌跌撞撞
질책,叱责
질치,疾驰
질타,叱咤
질타손상,跌打损伤
질타풍운,叱咤风云
질탕,跌宕
질탕기복,跌宕起伏
질투,嫉妬; 嫉妒
질투심,嫉妬心
질폭,跌幅
질풍,疾风
질풍노도,疾风怒涛
질한,嫉恨
질핵,跌势
질행,疾行
질호,疾呼
질환,疾患
질환자,疾患者
짐,朕; 斟; 鸩; 酖
짐작,斟酌
집,什; 集; 执; 辑; 缉; 戢; 絷; 謺; 鍓; 輯; 執
집거,集居
집결,集结
집결지,集结地
집계,集计
집교,执教
집군,集群
집군화,集群化
집권,执权; 集权
집권기,执权期
집권당,执权党
집권력,执权力
집권자,执权者
집권적,执权的
집권제,执权制
집권층,执权层
집권화,执权化
집근,执勤
집금,集锦
집기,什器; 什器; 执纪
집기병,集气瓶; 集气甁
집나,缉拿
집납,集纳
집념,执念
집녕,集宁
집단,集团
집단공사,集团公司
집단군,集团军
집단무,集团舞
집단성,集团性
집단의식,集团意识
집단적,集团的
집단주의,集团主义
집단행동,集团行动
집단화,集团化
집대성,集大成
집대성자,集大成者
집도,执刀; 执导
집독,缉毒
집독견,缉毒犬
집락,集落
집록,辑录
집료,集料
집무,执务; 集贸
집무실,执务室
집미,集美; 执迷
집미구,集美区
집미대학,集美大学
집미부오,执迷不悟
집미중학,集美中学
집미학교,集美学校
집백,执白
집법,执法
집법범법,执法犯法
집법자,执法者
집법필엄,执法必严
집봉,执棒
집분,集体
집분농장,集体农庄
집분림,集体林
집분무,集体舞
집분성,集体性
집분주의,集体主义
집분창작,集体创作
집분호,集体户
집분화,集体化
집사,执事; 缉私
집사광익,集思广益
집사부,执事部
집산,集散
집산지,集散地
집선기,集线器
집성,集成
집성도,集成度
집성전로,集成电路
집성제,集圣谛
집성촌,集姓村
집성화,集成化
집속,集束
집수,执手
집수리,­修理
집시,集示; 集市
집안,集安
집약,集约
집약경영,集约经营
집약적,集约的
집약형,集约型
집약화,集约化
집어,集鱼
집어등,集鱼灯
집업,执业
집요,执拗
집우,集邮
집우자,集邮者
집위회,执委会
집의,执意
집자,集资; 集子
집장,执掌; 集装
집장사령,执杖使令
집장상,集装箱
집저,执著
집적,集积
집적도,集积度
집전,执典
집점,集点
집정,执政
집정관,执政官
집정당,执政党
집정부제,执政府制
집정자,执政者
집조,执照
집주,集注
집중,执中; 集中
집중력,集中力
집중률,集中率; 集中率
집중성,集中性
집중식,集中式
집중영,集中营
집중적,集中的
집중제,集中制
집중화,集中化
집진,集镇
집진기,集尘机
집착,执着
집총,执铳
집취,集聚
집포,缉捕
집필,执笔
집필실,执笔室
집필자,执笔者
집하,集荷
집하장,集荷场
집합,集合
집합소,集合所
집합적,集合的
집합주의,集合主义
집합체,集合体
집행,执行
집행계단,执行阶段
집행관,执行官
집행기,执行器
집행당,执行当
집행령,执行令
집행률,执行率
집행부,执行部
집행시간,执行时间
집행자,执行者
집행주석,执行主席
집현,集贤
집회,集会
집훈,集训
집흑,执黑
짓,嗭
징,征; 症; 惩; 瞪; 澄; 徵; 癥; 懲
징강,澄江
징계,惩戒
징계자,惩戒者
징매,澄迈
징매현,澄迈县
징발,征发
징벌,惩罚
징벌성,惩罚性
징벽,澄碧
징병,征兵
징세,征税
징세권,征税权
징수,征收
징수부,征收部
징수액,征收额
징시,瞪视
징악양선,惩恶扬善
징안,瞪眼
징역,惩役
징역형,惩役刑
징용,征用
징용당,征用当
징용자,征用者
징전비후,惩前毖后
징정,澄净
징조,征兆
징집,征集
징집당,征集当
징처,惩处
징철,澄澈
징청,澄清
징치,惩治
징판,惩办
징표,征标
징해,澄海
징해구,澄海区
징후,征候
차,此; 次; 且; 车; 差; 借; 茶; 扯; 遮; 叉; 搓; 岔; 磋; 钗; 嗟; 杈; 搽; 衩; 槎; 姹; 汊; 苴; 砗; 蹉; 鹾; 嵯; 艖; 跐; 齄; 舣; 肞; 虘; 褨; 車
차가,差价
차가률,差价率
차각,此刻
차간,车间; 此间
차감,差减; 借鉴; 茶碱
차강인의,差强人意
차개,遮盖; 扯开; 岔开; 车开
차객,茶客
차거,差距; 此举; 借据
차검,车检
차견,差遣
차경,差劲; 借景
차고,车库; 借故
차고록,车轱辘
차공,车工
차공묘,车公庙
차과로초,车过路草
차관,借款; 次官; 茶馆
차관보,次官补
차광,遮光; 借光
차광조,遮光罩
차구,借口; 茶具
차군,此君
차급,借给; 次级
차기,次期; 此机; 借机; 茶几; 车骑; 车技; 岔气
차기피락,此起彼落
차기피복,此起彼伏
차남,次男
차내,车内
차녀,次女
차년,次年
차농,茶农
차다,车多
차다료,差多了
차단,遮断
차단당,遮断当
차단술,遮断术
차단식,遮断式
차단제,遮断制
차담,扯淡
차당,遮挡
차대,车队; 借贷
차대륙,次大陆
차도,差度; 车道; 茶道; 此道; 岔道; 车刀
차도산전필유로,车到山前必有路
차도살인,借刀杀人
차독,借读
차독비,借读费
차독생,借读生
차동,差动
차동식,差动式
차두,车头
차등,差等; 此等; 车灯; 次等
차란,遮拦
차래차왕,车来车往
차량,车辆
차려비,差旅费
차례,次例; 茶礼; 茶礼
차례용품,茶礼用品; 茶礼用品
차례차례,次例次例
차로,岔路; 叉路
차로부통,此路不通
차로판,车老板
차루,茶楼
차류,车流
차류량,车流量
차륜,车轮
차륜승,车轮乘; 车輪乘
차륜전,车轮战
차률,差率
차릉,茶陵
차리,车里
차마,车马; 搓麻
차마장,搓麻将
차막,且莫
차만,且慢
차말,且末
차면,茶面
차명,借名
차모,车模
차무단,车务段
차문,车门; 借问
차반,茶盘; 茶饭
차반부사,茶饭不思
차방,茶坊; 借方; 茶房
차배,茶杯
차번,此番
차범근,车范根
차별,差别
차별대우,差别待遇
차별상,差别状
차별성,差别性
차별적,差别的
차별주의,差别主义
차별화,差别化
차부,车夫
차부다,差不多
차부청,扯不清
차분,次分; 车体
차붕,车棚
차비,差备; 车费
차비로패,车匪路霸
차사,差事; 差使; 茶社
차산,茶山
차상,车厢; 车床
차색,茶色
차생,此生; 差生; 次生
차생림,次生林
차서,次序
차서정,借书证
차석,次席
차선,次善; 车线; 车船
차선세,车船税
차선책,次善策
차설,且说
차세,搓洗
차세대,次世代
차소,叉烧
차속,车速
차속기,差速器
차수,次帅; 车手; 次数; 茶水; 茶树; 车水; 遮羞; 差数
차수마룡,车水马龙
차수문,车手们
차수포,遮羞布
차숙,借宿
차순위자,次顺位者
차시,此时; 茶匙; 车时
차시무성승유성,此时无声胜有声
차시차각,此时此刻
차시환혼,借尸还魂
차식,茶食
차신,车身; 车臣
차실,茶室
차아,嵯峨
차안,此岸; 此案
차액,差额
차양,遮阳
차양모,遮阳帽
차언차의,此言差矣
차엄,遮掩
차업,车业
차여반후,茶余饭后
차역,差役
차열,借阅
차예,茶艺
차옥명,车玉明
차완,茶碗
차왕,车王
차외,此外
차요,次要; 叉腰
차용,借用
차용차모,车容车貌
차우,车友; 次于; 嗟叹; 次优; 茶友
차우문,车友们
차우회,车友会
차욱,车旭
차원,次元; 茶园; 车辕
차위,车位; 借位
차유,搓揉; 茶油
차율,差率; 差率
차음,遮荫; 遮阴
차의,搓衣
차이,差异; 借以
차이니,车尔尼
차이성,差异性
차이점,差异点
차익,差益
차인,差人
차일,遮日; 次日
차일시,此一时
차일점,差一点
차일점아,差一点儿
차일점점,差一点点
차일피일,此日彼日
차입,借入
차입금,借入金; 借入金
차입액,借入额
차자,次子; 车子; 叉子; 岔子; 车资
차자언홍,姹紫嫣红
차장,次长; 车掌; 车长; 车场; 茶场; 茶庄
차장보,次长补
차장직,次长职
차전,次战; 车战; 此前; 车展; 借钱; 车前; 车钱
차전자,车前子
차전차퇴,且战且退
차전초,车前草
차점,次点; 差点; 茶点; 茶店
차점아,差点儿
차점자,次点者
차점작,次点作
차점취,差点就
차정,差定; 车程; 车顶; 茶亭
차제,此际; 次第
차제발혼,借题发挥
차조,借助; 车组; 借调; 搓澡
차조우,借助于
차종,车种
차좌,茶座; 车座
차주,车主; 遮住; 借住
차주문,车主们
차주요수,借酒浇愁
차중,借重; 车中
차지,此地; 次之; 差池; 借支
차지무은삼백량,此地无银三百两
차지호리,差之毫厘
차질,蹉跌
차차,次次; 此次; 借此; 车次; 车车; 叉车; 搓搓; 扯扯
차착,差错
차착률,差错率
차참,车站; 次站
차창,车窗; 车窓; 车厂
차채,借债
차처,此处
차천폐일,遮天蔽日
차철,车辙
차첩,车贴
차청하회분해,且听下回分解
차체,车体
차추,遮丑
차축,车轴
차출,差出; 借出
차치,且置; 此致
차타,蹉跎
차타세월,蹉跎岁月
차탁,茶桌
차탕,茶汤
차태,车胎
차태현,车太贤
차파,车把; 扯破
차파식,车把式
차판,搓板
차패,车牌
차평,扯平
차폐,遮蔽
차폭,车幅
차표,车票
차품,次品
차풍,遮风
차풍당우,遮风挡雨
차피,扯皮; 车皮
차항,茶缸
차핵,借势
차행,此行; 车行; 茶行
차협,茶叶
차협단,茶叶蛋
차형,车型
차호,茶壶
차화,车祸; 茶花; 次货
차화헌불,借花献佛
차화회,茶话会
차황,车况; 扯谎
차회,茶会
차후,此后
차훼인망,车毁人亡
착,着; 错; 著; 捉; 窄; 凿; 戳; 躇; 龊; 笮; 浞; 诼; 辵; 穛; 錯; 榨; 辶
착각,错觉
착간,捉奸
착개,错开
착경,着劲
착공,着工
착과,错过
착관,着冠
착괴,错怪
착구류,错构瘤
착근,着根
착금견주,捉襟见肘
착급,着急
착기,着棋
착긴,着紧
착나,捉拿; 错那
착나귀안,捉拿归案
착도,捉到; 捉刀
착동,错动
착락,着落; 错落
착락유치,错落有致
착란,错乱
착란적,错乱的
착량,着凉
착력,着力
착력점,着力点
착력제고저수입자,着力提高低收入者
착롱,捉弄
착루,错漏
착륙,着陆
착마,着魔
착망,着忙
착모,捉摸
착모부정,捉摸不定
착모부투,捉摸不透
착목,着目
착묵,着墨
착미,着迷
착미장,捉迷藏
착법,着法
착별자,错别字
착복,着服
착사립,着丝粒
착상,着床; 着想
착상가착,错上加错
착색,着色
착색제,着色剂
착석,着席
착소,窄小
착수,着手; 窄袖; 着水; 着数
착시,错时
착실,着实; 错失
착안,着眼; 错案
착안점,着眼点
착암,凿岩
착애,错爱
착오,错误
착오률,错误率
착오신식,错误信息
착용,着用
착용자,着用者
착우,着雨
착위,错位
착유,榨油
착의,着意
착자,错字; 凿子
착잡,错杂
착장,着装
착정,凿井
착종,错综
착종복잡,错综复杂
착주,捉住
착중,着重
착중우,着重于
착지,着地
착차,错车
착착,窄窄
착착착,错错错
착채,榨菜
착처,错处
착천,戳穿
착취,搾取; 榨取
착취당,搾取当
착취자,搾取者
착파,戳破
착필,着笔
착화,着火; 错话
착화점,着火点
착황,着慌
찬,赞; 餐; 钻; 撰; 窜; 灿; 篡; 纂; 攒; 蹿; 瓒; 璨; 粲; 馔; 撺; 羼; 爨; 缵; 趱; 躜; 镩; 酂; 繤; 纉; 饡; 贊; 讚; 燦; 鑽
찬가,赞歌
찬간,钻杆
찬개,篡改
찬건,餐巾
찬경,钻劲
찬계,钻戒
찬공,钻孔
찬공자,钻空子
찬관,餐馆
찬구,餐具
찬권,篡权
찬기,钻机
찬당,篡党
찬도,赞道
찬동,赞同; 攒动
찬두,钻头
찬란,灿烂
찬란휘황,灿烂辉煌
찬미,赞美
찬미시,赞美诗
찬반,赞反; 餐盘
찬반양론,赞反两论; 赞反兩论
찬범,窜犯
찬부절구,赞不绝口
찬비아,赞比亚
찬사,赞辞
찬상,赞赏; 钻床
찬석,钻石
찬석급,钻石级
찬성,赞成
찬성표,赞成票
찬송,赞颂
찬송가,赞颂歌
찬실,餐室
찬심,钻心
찬양,赞扬
찬어,赞语
찬연,灿然; 钻研
찬염전,瓒染典
찬영,钻营
찬예,赞誉
찬요,窜扰
찬우,赞叹
찬우각첨,钻牛角尖
찬우부이,赞叹不已
찬위,篡位; 餐位
찬음,餐饮
찬음계,餐饮界
찬음부,餐饮部
찬음업,餐饮业
찬장,馔欌
찬전,攒钱
찬점,餐点
찬정,钻井
찬정대,钻井队
찬정액,钻井液
찬조,赞助
찬조비,赞助费
찬조인,赞助人
찬조자,赞助者
찬진,钻进
찬차,餐车
찬찬,灿灿; 餐餐
찬철,撺掇
찬청,餐厅
찬탁,餐桌
찬탄,赞叹
찬탈,簒夺; 篡夺
찬탐,钻探
찬포라탑,赞布罗塔
찬합,馔盒
찬허,赞许
찬황현,赞皇县
찰,察; 咱; 扎; 擦; 刹; 札; 嚓; 铡; 糌; 檫; 拶; 镲; 詧; 哳; 礤; 剎; 紮
찰가,咱家
찰각,察觉
찰간,察看; 擦干
찰견이과,擦肩而过
찰과,擦过
찰극,扎克
찰근,扎根
찰기,札记
찰긴,扎紧
찰나,刹那
찰나간,刹那间
찰나적,刹那的
찰도,擦掉; 铡刀
찰랍,扎拉
찰량,咱俩; 擦亮
찰량안정,擦亮眼睛
찰룡,扎龙
찰목,扎木
찰문,咱们
찰문량,咱们俩
찰변,擦边
찰변구,擦边球
찰부주,刹不住
찰비,扎啤
찰비고,擦屁股
찰상,擦伤
찰서,扎西
찰성,扎成
찰세,擦洗
찰수,扎手
찰식,擦拭
찰신이과,擦身而过
찰실,扎实
찰십륜포사,扎什伦布寺
찰안,扎眼
찰언관색,察言观色
찰염,扎染
찰영,扎营
찰와혁리,扎瓦赫里
찰와희리,扎瓦希里
찰이덕,扎伊德
찰이이,扎伊尔
찰잡유,扎卡维
찰제,擦除
찰차,刹车
찰찰,擦擦; 嚓嚓
찰찰실실,扎扎实实
찰침,扎针
찰퇴아,扎堆儿
찰파,擦破; 糌粑
찰피혜,擦皮鞋
찰한,擦汗; 察罕
찰합이,察哈尔; 扎哈尔
찰황,札幌
찰흑,擦黑
찰흔,擦痕
참,参; 站; 惨; 斩; 惭; 崭; 忏; 掺; 搀; 堑; 僭; 馋; 叁; 谗; 谶; 碜; 錾; 骖; 谮; 椠; 黪; 酁; 镵; 參; 慘; 斬; 瘆
참가,参加
참가비,参加费
참가인,参加人
참가자,参加者
참가작,参加作
참간,参看
참강,站岗
참견,参见
참경,惨景
참고,参考; 参股
참고계,参考系
참고서,参考书
참고성,参考性
참고인,参考人
참고점,参考点
참고참고,参考参考
참관,参观
참관인,参观人
참관인단,参观人团
참관자,参观者
참관점,参观点
참괴,惭愧
참구,参究
참군,参军
참궤대,站柜台
참규,惨叫
참극,惨剧
참기래,站起来
참단,斩断
참담,惨憺; 惨澹; 惨淡
참담경영,惨淡经营
참대,站台; 站队
참대표,站台票
참량,参量
참려,惨厉
참렬,惨烈
참례,参礼
참로두각,崭露头角
참립,站立
참명,站名
참모,参谋
참모문,参谋们
참모부,参谋部
참모장,参谋长
참무인도,惨无人道
참반,参半
참방,站房
참배,参拜
참배객,参拜客
참백,惨白
참변,惨变
참보인,参保人
참보인원,参保人员
참봉,参奉
참부,搀扶
참부인도,惨不忍睹
참부주,站不住
참부주각,站不住脚
참사,惨事; 惨死; 参事
참사관,参事官
참살,惨杀
참상,惨状; 站相; 惨象
참새,参赛
참새자,参赛者
참석,参席
참석자,参席者
참선,参禅
참소,惨笑
참수,参数; 斩首
참수화,参数化
참신,斩新; 崭新
참신성,斩新性
참안,惨案
참여,参与
참여권,参与权
참여도,参与度
참여률,参与率
참여성,参与性
참여식,参与式
참여율,参与率; 参与率
참여자,参与者
참여장,参与奖
참여적,参与的
참여제,参与制
참연,参演; 惨然
참열,参阅
참예,参预
참오,参悟
참용,参茸
참월,僭越
참은,站稳
참은각근,站稳脚跟
참의,参议
참의원,参议院; 参议员
참의원군사위원회,参议院军事委员会
참의회,参议会
참작,参酌
참작론,参酌论
참잡,参杂; 搀杂
참장,站长; 参将
참재,站在
참전,参战; 参展
참전국,参战国
참전자,参战者; 参展者
참절인환,惨绝人寰
참정,参政; 站定
참정권,参政权
참정당,参政党
참정의정,参政议政
참정절철,斩钉截铁
참조,参照; 惨遭
참조물,参照物
참조적,参照的
참주,僭主; 站住
참주각,站住脚
참중,惨重
참진살절,斩尽杀绝
참차,参差
참차부제,参差不齐
참찬,参赞
참참,站站
참처,参处
참천,参天
참천대수,参天大树
참초제근,斩草除根
참출래,站出来
참취,馋嘴
참통,惨痛
참투,参透
참판,参判
참패,惨败
참표,站票
참호,堑壕
참혹,惨酷
참화,惨祸; 搀和
참회,忏悔; 慙悔
참회자,忏悔者
찹,碜
찻간,车间
찻상,茶床; 茶床
찻잔,茶盏; 茶盏
찻주전자,茶酒煎子; 茶酒煎子
창,创; 枪; 厂; 窗; 唱; 抢; 昌; 苍; 涨; 舱; 仓; 胀; 畅; 倡; 敞; 彰; 淌; 沧; 疮; 跄; 猖; 怅; 呛; 囱; 娼; 怆; 鎗; 昶; 氅; 菖; 炝; 鬯; 伥; 伧; 阊; 戗; 锖; 鲳; 惝; 𬬮; 篬; 鸧; 螥; 創; 搶; 槍; 暢; 廠; 倉; 漲; 蒼; 滄; 脹
창가,唱歌; 厂家; 涨价
창간,创刊; 枪杆
창간사,创刊辞
창간자,枪杆子
창간호,创刊号
창강,唱腔; 昌江
창개,敞开; 舱盖
창개식,敞开式
창거,创举
창건,创建; 抢建
창건일,创建日
창건자,创建者
창검,枪剑
창겁,抢劫
창겁범,抢劫犯
창겁자,抢劫者
창격,枪击
창견,创见
창결,枪决
창경,苍劲
창경두,抢镜头
창계,枪械
창고,仓库
창고업,仓库业
창고조,唱高调
창공,苍空; 抢攻
창관,枪管
창광,猖狂; 厂矿; 窗框
창광진공,猖狂进攻
창구,窗口; 抢救; 抢购; 窓口; 枪口; 创口; 敞口; 舱口
창구기,窗口期
창구성,抢救性
창군,创军
창궁,苍穹
창궐,猖獗
창규,厂规
창기,娼妓; 胀气; 唱机; 枪机
창기록,创纪录; 创记录
창길,昌吉
창길시,昌吉市
창길주,昌吉州
창남,苍南
창남현,苍南县
창녀,娼女
창단,创团; 唱段
창달,畅达
창담,畅谈
창답,抢答
창당,创党; 枪膛
창대,窗台; 胀大
창대대희,唱对台戏
창도,唱导; 倡导; 抢道; 昌都; 抢渡
창도자,倡导者
창도지구,昌都地区
창독각희,唱独角戏
창락,涨落; 昌乐
창랑,沧浪
창략,抢掠
창량,苍凉; 敞亮
창려,昌黎
창렴,窗帘; 倡廉
창령,窗棂
창령도,厂领导
창로,苍老; 苍鹭
창룡,苍龙
창류탄,枪榴弹
창륭,昌隆
창름,仓廪
창리,创利
창림탄우,枪林弹雨
창립,创立
창립자,创立者
창만,胀满
창망,苍茫; 怅惘
창면,创面
창명,昌明
창명기정,窗明几净
창목마의,仓木麻衣
창문,窗门; 窓门; 舱门
창박,抢拍
창반완,抢饭碗
창반조,唱反调
창방,厂房; 厂方; 仓房
창백,苍白; 抢白
창백구,苍白球
창백무력,苍白无力
창법,枪法
창벽,舱壁
창본,唱本
창봉,敞篷
창봉차,敞篷车
창부,厂部; 娼妇
창비,呛鼻
창사,创社; 唱词; 窗纱
창산,苍山
창산구,仓山区
창살,枪杀
창상,厂商; 创伤; 沧桑; 畅想; 枪伤
창상문,厂商们
창상성,创伤性
창생,苍生
창서,仓鼠; 畅叙
창선,抢先; 创先
창설,创设
창성,枪声; 昌盛
창세,创税
창세기,创世纪
창세리,创税利
창소,畅销
창소서,畅销书
창소욕언,畅所欲言
창송,苍松
창송취백,苍松翠柏
창수,抢修; 枪手; 抢手; 创收; 抢收; 涨水
창수문,枪手们
창수화,抢手货
창순,畅顺
창술,苍术
창승,苍蝇
창시,创始; 唱诗
창시간,抢时间
창시인,创始人
창시자,创始者
창신,创新; 枪身
창신공장,创新工场
창신기지,创新基地
창신류,创新类
창신성,创新性
창신자,创新者
창신장,创新奖
창신중심,创新中心
창실,舱室
창씨개명,创氏改名
창안,创案; 枪眼; 抢案
창안자,创案者
창어,鲳鱼
창업,创业
창업기,创业期
창업자,创业者
창업자문,创业者们
창업주,创业主
창업주적,创业主的
창업형,创业型
창연,怅然; 怆然
창연약실,怅然若失
창오,苍梧
창왕,畅旺
창외,窗外
창운,抢运
창위,舱位
창유,畅游
창유리,窗琉璃; 窓琉璃
창음,畅饮
창읍,昌邑
창응,苍鹰
창의,倡义; 创意; 倡议
창의력,创意力
창의서,倡议书
창의성,创意性
창의적,创意的
창이,苍耳
창자,窗子; 厂子; 枪刺
창작,创作
창작가,创作家
창작극,创作剧
창작물,创作物
창작성,创作性
창작실,创作室
창작열,创作热
창작자,创作者
창작장,创作奖
창작집,创作集
창작품,创作品
창작형,创作型
창장,仓长; 厂长
창저,仓储
창저식,仓储式
창저업,仓储业
창전,枪战; 枪栓
창절,抢截
창점,抢占; 抢点; 厂店
창제,创制
창조,创造; 涨潮
창조력,创造力
창조론,创造论
창조물,创造物
창조사,创造社
창조성,创造性
창조자,创造者
창조적,创造的
창조주,创造主
창조출,创造出
창졸,仓猝
창종,抢种
창주,抢走; 沧州; 厂主
창주각,唱主角
창주시,沧州市
창지,枪支; 厂址
창착창착,唱着唱着
창창,苍苍; 唱唱; 枪枪
창창가,唱唱歌
창천,苍天
창체,畅达
창촉,仓促
창출,创出
창취,苍翠
창친,抢亲
창쾌,畅快
창타출두조,枪打出头鸟
창탁,枪托
창탄,抢滩; 枪弹
창탈,抢夺
창통,畅通; 创痛
창통무조,畅通无阻
창파,疮疤
창판,创办
창판인,创办人
창판자,创办者
창편,唱片; 创编
창편업,唱片业
창평,昌平
창평구,昌平区
창폐,枪毙
창포,枪炮; 抢跑; 菖蒲
창포성,枪炮声
창폭,涨幅
창표,唱票
창피,猖披
창하,创下; 昌河
창해,沧海
창해상전,沧海桑田
창해일속,沧海一粟
창핵,涨势
창행,畅行
창행무조,畅行无阻
창험,抢险
창현,彰显; 沧县
창호,窗户; 窓户
창호지,窗户纸; 窓户纸
창혼,抢婚
창홍,唱红; 涨红
창홍료검,涨红了脸
창화,唱和; 窗花; 彰化
창화현,彰化县
창황,仓皇; 仓惶
창회,畅怀
창휘,创汇
창휘액,创汇额
창희,唱戏
창힐,仓颉
채,采; 彩; 债; 菜; 蔡; 寨; 踩; 睬; 钗; 砦; 虿; 瘥; 瘵; 茝; 縩; 採; 債; 釵
채가,菜价; 蔡家
채각,彩壳
채간,菜干
채강영,蔡康永
채개,蔡恺
채건아,蔡健雅
채경,蔡京
채경상,蔡景祥
채공구,采空区
채관,菜馆; 彩管; 债款
채광,采鑛; 采矿; 采光
채광업,采矿业
채구,采购; 采区; 彩球
채구량,采购量
채구법,采购法
채구상,采购商
채구원,采购员
채구자,采购者
채국경,蔡国庆
채굴,采掘
채굴업,采掘业
채권,债券; 债权
채권가격,债券价格
채권국,债权国
채권단,债权团
채권리률,债券利率
채권수익률,债券收益率
채권시장,债券市场
채권인,债权人
채권형,债券型
채근,采根
채금,彩锦; 蔡琴; 菜金
채금륭,蔡锦隆
채기,彩旗
채난,采暖
채난기,采暖期
채난비,采暖费
채납,采纳
채녀사,蔡女士
채농,菜农
채농문,菜农们
채단,菜单; 彩蛋
채답,踩踏
채대,彩带; 菜薹
채대고축,债台高筑
채도,彩度; 菜刀; 彩图
채동사,蔡东士
채동송,蔡同荣
채두,彩头; 菜头; 菜豆
채등,彩灯
채란,蔡澜
채람,菜篮
채람자,菜篮子
채람자공정,菜篮子工程
채로사,蔡老师
채륜,蔡伦
채림,蔡琳
채망회,蔡望怀
채매,采煤; 采买
채명,蔡明; 蔡铭
채명량,蔡明亮
채모,蔡某
채묘,菜苗
채무,债务; 蔡武
채무인,债务人
채문승,蔡文胜
채문희,蔡文姬
채미월,蔡美月
채민,彩民; 蔡敏
채민문,彩民们
채민민,蔡敏敏
채반,菜饭
채방,采访
채방자,采访者
채배,彩排
채벌,采伐
채병,彩屏
채보,菜谱
채사,采写; 蔡斯
채사선,采砂船
채산제,采算制
채색,彩色; 菜色
채색전시,彩色电视
채색화,彩色画
채석,采石
채석장,采石场
채선생,蔡先生
채설정,蔡雪婧
채소,菜蔬; 彩塑
채소분,蔡少芬
채소저,蔡小姐
채송화,菜松花
채수,采收; 踩水
채수률,采收率
채순,蔡淳
채시,菜市
채시장,菜市场
채식,菜食; 采食
채식량,采食量
채심,菜心
채씨,蔡氏
채악,蔡锷
채알,采挖
채양,采样
채양률,采样率
채연,蔡妍
채염,蔡琰
채영,蔡英; 蔡影
채영문,蔡英文
채영상,蔡永祥
채옥고,蔡玉高
채용,采用
채용률,采用率
채용새,采用赛
채운,彩云
채원배,蔡元培
채위민,蔡为民
채유,采油; 菜油
채육,采育
채의림,蔡依林; 蔡依琳
채의산,蔡依珊
채인,彩印
채자,寨子; 菜子
채자유,菜籽油
채장,菜场
채적,采摘
채전,菜田; 彩电
채전구,蔡甸区
채전업,彩电业
채점,采点; 菜点; 菜店
채정개,蔡廷锴
채제,采制
채조,彩照
채종,采种
채주,债主; 蔡州; 彩绸
채준,蔡骏
채지,菜地
채지충,蔡志忠
채진화,蔡振华
채집,采集
채차,采茶; 彩车
채창,蔡畅
채채,踩踩
채청문,蔡清文
채청훼,菜青虫
채초생,蔡楚生
채취,采取
채취군,采取群
채취선,采取船
채취자,采取者
채탁연,蔡卓妍
채탄,采炭; 菜摊
채탕,菜汤
채택,采择
채택료,采择料
채택료율,采择料率; 采择料率
채판,菜贩; 采办; 菜板; 彩版
채편,采编
채표,彩票
채표업,彩票业
채풍,采风; 蔡风
채필,彩笔
채하,彩霞
채함,采咸
채혈,采血
채협,菜叶
채호문,蔡豪文
채홍,彩虹
채화,采火; 菜花; 彩画; 彩花
채화삼,蔡和森
채확,彩扩
채회,彩绘
채효,菜肴
채희,蔡曦
채힐,采撷
책,责; 策; 册; 栅; 啧; 翟; 蚱; 磔; 舴; 帻; 迮; 箦; 粣; 笧; 萗; 箣; 蓛; 責; 嘖; 冊
책걸상,册-床
책괴,责怪
책권리,责权利
책극,栅极
책난,责难
책동,策动
책란,栅栏
책략,策略
책략성,策略性
책령,责令
책론,策论
책마,策马
책망,责望
책매,责骂
책맹,蚱蜢
책무,责务
책무방대,责无旁贷
책문,责问; 栅门
책반,策反
책방,册房
책벌,责罚
책보,册褓
책봉,册封
책비,责备
책상,册床
책성,责成
책원지,策源地
책응,策应
책임,责任
책임감,责任感
책임구,责任区
책임량,责任量
책임론,责任论
책임법,责任法
책임사고,责任事故
책임서,责任书
책임성,责任性
책임심,责任心
책임인,责任人
책임자,责任者
책임전,责任田
책임제,责任制
책임주의,责任主义
책임지,责任地
책자,册子
책장,册张; 册欌
책정,策定
책정권,策定权
책책,啧啧
책책칭기,啧啧称奇
책책칭찬,啧啧称赞
책타,责打
책편,责编
책혈,册页
책형,册亨
책형현,册亨县
책획,策划
책획인,策划人
책획자,策划者
처,处; 妻; 凄; 觑; 萋; 郪; 鶈; 竌; 處; 淒
처가,妻家
처갓,妻家
처결,处决
처경,处境
처고,凄苦
처급,处级
처남,妻男
처녀,处女; 妻女
처녀막,处女膜
처녀성,处女性
처녀작,处女作
처녀좌,处女座
처녀지,处女地
처단,处断
처랭,凄冷
처량,凄凉
처려,凄厉
처리,处理
처리기,处理机; 处理器
처리량,处理量
처리률,处理率
처리법,处理法
처리비,处理费
처리업,处理业
처리자산,妻离子散
처리장,处理场
처리정서,处理程序
처미,凄迷
처방,处方
처방전,处方笺
처벌,处罚
처벌법,处罚法
처변부경,处变不惊
처분,处分
처분권,处分权
처분장,处分场
처사,处事; 处死
처서,处暑
처세,处世
처세술,处世术
처소,处所; 妻小
처신,处身
처실,妻室
처심적필,处心积虑
처아,妻儿
처연,凄然
처완,凄婉
처용무,处容舞
처우,处于; 处遇
처우제,处遇制
처이,处以
처이사형,处以死刑
처자,妻子
처자문,妻子们
처자식,妻子息
처장,处长
처재,处在
처절,凄切; 凄绝
처제,妻弟
처지,处地
처지태연,处之泰然
처참,凄惨; 处斩
처처,处处; 凄凄
처처참참,凄凄惨惨
처첩,妻妾
처첩성군,妻妾成群
처청,凄清
처초,凄楚
처치,处置; 处治
처치부당,处置不当
처치실,处置室
처풍고우,凄风苦雨
처형,处刑; 妻兄
처형당,处刑当
처황,凄惶
척,出; 只; 刺; 尺; 斥; 脊; 拓; 戚; 踢; 掷; 惕; 剔; 涤; 瘠; 蜴; 倜; 嵴; 踯; 摭; 陟; 跖; 粎; 鹡; 蹐; 磩; 鼜; 隲; 隻; 呎; 彳
척가,戚柯
척개,踢开
척거자,斥巨资
척건,踢毽
척건자,踢毽子
척결,剔抉
척계광,戚继光
척골,尺骨; 跖骨
척관,拓宽
척구,踢球
척구자,踢球者
척답,踢踏
척답무,踢踏舞
척당,倜傥
척도,尺度
척량,脊梁
척량골,脊梁骨
척력,斥力
척륜,涤纶
척마,尺码
척매,斥骂
척면,涤棉
척무생,戚务生
척미,戚薇
척박,瘠薄; 拓扑
척발,拓跋
척발도,拓跋焘
척배,脊背
척본,拓本
척본우,戚本禹
척불론,斥佛论
척사론,斥邪论
척색,脊索
척수,脊髓
척수염,脊髓炎
척수형,脊髓型
척수회질염,脊髓灰质炎
척신경,脊神经; 尺神经
척아,剔牙
척유소단,尺有所短
척자,斥资; 尺子
척장정,戚长征
척전,拓展
척제,剔除
척주,脊柱
척주렬,脊柱裂
척지위,斥之为
척지유성,掷地有声
척책,斥责
척척,戚戚
척촉,踯躅
척촌,尺寸
척추,脊椎
척추골,脊椎骨
척추관,脊椎管
척추동물,脊椎动物
척출,掷出; 剔出
척탕,涤荡
척퇴,斥退
척투,剔透
척투자,掷骰子
척편,拓片
척피구,踢皮球
척항,戚恒
척향동,戚向东
척황,拓荒
척황자,拓荒者
척후병,斥候兵
천,天; 千; 穿; 川; 践; 迁; 泉; 浅; 串; 喘; 阐; 荐; 擅; 倩; 贱; 蚕; 溅; 茜; 忏; 鞯; 舛; 氚; 阡; 钏; 仟; 芊; 扦; 钎; 遄; 祆; 荈; 鳈; 蒨; 夼; 蒇; 冁; 竏; 腨; 巛; 篟; 硟; 葲; 閳; 臶; 賤; 薦; 瓩; 淺; 兲; 遷; 踐
천가,贱价
천가만호,千家万户
천각일방,天各一方
천간,天干
천갈좌,天蝎座
천강,川江
천개,天开
천거,荐举; 荐擧; 迁居
천건,迁建
천견,浅见
천경,天京; 天庆
천경지의,天经地义
천계,天启
천고,千古
천고마비,天高马肥
천고운담,天高云淡
천고절창,千古绝唱
천고지미,千古之谜
천고지후,天高地厚
천골두,贱骨头
천공,天工; 穿孔; 天空; 天公
천공부작미,天公不作美
천과,穿过
천관,天官
천광,天光
천교,天桥; 天骄
천교구,天桥区
천교극장,天桥剧场
천교백미,千娇百媚
천구,天球
천구백구십,千九百九十
천구백구십구,千九百九十九
천구백구십일,千九百九十一
천구백오십삼,千九百五十三
천구백육십,千九百六十; 千九百六十
천구백육십삼,千九百六十三
천구백팔십,千九百八十
천구백팔십육,千九百八十六
천구백팔십이,千九百八十二
천국,天国
천군,天君; 川军; 天军
천군만마,千军万马
천궁,天宫; 川芎; 天穹
천권,擅权
천균,千钧
천균일발,千钧一发
천극,千克; 天极; 川剧
천근만근,千斤万斤
천근정,千斤顶
천금,千金; 千金
천금난매,千金难买
천금소저,千金小姐
천기,天气; 天机; 喘气; 川崎; 天基; 千几
천기백괴,千奇百怪
천기병,川崎病
천기부가설루,天机不可泄漏
천기예보,天气预报
천길만,千-万
천난만난,千难万难
천난만험,千难万险
천남,川南
천남성,天南星
천남지북,天南地北
천남해북,天南海北
천내,贱内
천녀,倩女
천녀산화,天女散花
천년,天年
천년고진,千年古镇
천년만년,千年万年
천녕사,天宁寺
천단,天坛
천단공원,天坛公园
천단의원,天坛医院
천담,浅谈; 浅淡
천답,践踏
천당,天堂; 穿堂
천대,贱待; 天大; 天台; 穿戴; 川大
천대산,天台山
천대주점,天大酒店
천대지대,天大地大
천대현,天台县
천덕,天德
천도,天道; 迁都
천도군도,千岛群岛
천도론,迁都论
천도만과,千刀万剐
천도방자,川岛芳子
천도호,千岛湖
천도호진,千岛湖镇
천동,川东
천동북,川东北
천동설,天动说
천두만서,千头万绪
천등,天等
천라지망,天罗地网
천락,溅落
천람,浅蓝; 天蓝
천람색,天蓝色
천랑성,天狼星
천량,天亮; 天良
천렵,川猎
천령개,天灵盖
천로,迁怒; 泉路
천로인원,天怒人怨
천록,天禄
천뢰,天籁
천루,浅陋
천류,泉流
천류부식,川流不息
천륜,天伦
천륜지락,天伦之乐
천리,天理
천리공선연,千里共婵娟
천리난용,天理难容
천리마,千里马
천리부용,天理不容
천리빙봉,千里冰封
천리안,千里眼
천리지행,千里之行
천리직수,擅离职守
천리초초,千里迢迢
천립중,千粒重
천마,天马; 天麻
천마행공,天马行空
천막,天幕
천막생활,天幕生活
천막촌,天幕村
천만,千万
천만금,千万金; 千万金
천만년,千万年
천만다행,千万多幸
천만리,千万里
천만세,千万世
천망회회,天网恢恢
천매,贱卖
천맥,阡陌
천명,天命; 阐明; 天明
천명론,天命论
천명민본론,天命民本论
천목산,天目山
천목산로,天目山路
천무절인지로,天无绝人之路
천문,天文; 天门
천문관,天文馆
천문대,天文台
천문동,天门冬
천문망원경,天文望远镜
천문산,天门山
천문수자,天文数字
천문시,天门市
천문학,天文学
천문학가,天文学家
천문학가문,天文学家们
천문학계,天文学界
천문학자,天文学者
천문학적,天文学的
천미,千米
천민,天民; 贱民
천민적,贱民的
천박,浅薄
천발,阐发
천발집단,天发集团
천방,天方
천방백계,千方百计
천방야담,天方夜谭
천방지축,天方地轴
천백,千百; 浅白
천백이십육,千百二十六; 千百二十六
천번지복,天翻地覆
천벌,天罚
천변,天边; 天变
천변만화,千变万化
천병,天兵
천병천장,天兵天将
천보,天宝
천복,千伏
천부,天赋; 天府; 天父; 千夫
천부소지,千夫所指
천부인,天符印
천부인권,天赋人权
천부적,天赋的
천부지국,天府之国
천부파지부파,天不怕地不怕
천부하,穿不下
천북,川北
천분,天分; 天体; 浅粉
천분지삼,千分之三
천분지오,千分之五
천분지이,千分之二
천분지일,千分之一
천불동,千佛洞
천붕,天棚
천붕지렬,天崩地裂
천비,迁飞
천사,天使; 穿梭; 迁徙; 天赐; 天师; 溅射; 川沙
천사만루,千丝万缕
천사문,天使们
천사표,天使标
천산,天山; 千山
천산갑,穿山甲
천산구,天山区
천산만보,千山晚报
천산만수,千山万水
천산점,天山店
천삼백,千三百
천삽,穿插; 扦插
천상,天上; 穿上; 天象; 浅尝
천상계,天上界
천상인간,天上人间
천상첩지,浅尝辄止
천색,天色; 浅色
천생,天生
천생교,天生桥
천생려질,天生丽质
천생연분,天生缘分
천생일대,天生一对
천서,天书; 川西
천서고원,川西高原
천서북,川西北
천석,千石; 阐释; 浅析
천선,天线; 天仙; 穿线
천선배,天仙配
천선지전,天旋地转
천성,天性; 泉城; 天圣
천성광장,泉城广场
천성로,泉城路
천성적,天性的
천세,千岁
천소,浅笑
천소혜,穿小鞋
천손,天孙
천수,天寿; 天数; 泉水; 天水; 浅水
천수시,天水市
천순,天顺
천술,阐述
천시,贱视; 天时
천시관,贱视观
천시지리,天时地利
천시지리인화,天时地利人和
천식,喘息
천신,天神
천신만고,千辛万苦
천신족,天神族
천심,天心
천심구,天心区
천심련,穿心莲
천아,天啊; 天鹅
천아융,天鹅绒
천안,天眼; 天安; 泉眼; 迁安
천안문,天安门
천안문광장,天安门广场
천안시,迁安市
천애,天涯
천애해각,天涯海角
천양지별,天壤之别
천양지판,天壤之判
천억,千亿
천언만어,千言万语
천연,天然; 天缘; 迁延; 天演
천연감,天然碱
천연기,天然气
천연기념물,天然记念物
천연기념물적,天然记念物的
천연기정,天然气井
천연두,天然痘
천연림,天然林
천연색,天然色
천연성,天然性; 迁延性
천연자원,天然资源
천염,天染
천영,倩影
천오백,千五百
천와,千瓦
천와시,千瓦时
천왕,天王
천왕급,天王级
천왕성,天王星
천왕전,天王殿
천외유천,天外有天
천우,天宇; 天佑; 天牛
천우우,喘吁吁
천운,天运
천운렬석,穿云裂石
천웅,天雄
천원,天元; 泉源
천원지방,天圆地方
천월,穿越
천월자,穿越者
천위,天位; 天威
천유부측풍운,天有不测风云
천은만사,千恩万谢
천의,天衣; 穿衣; 天意
천의경,穿衣镜
천의무봉,天衣无缝
천이,迁移; 穿耳
천이률,迁移率
천인,贱人; 天人; 千仞
천인감응,天人感应
천인일면,千人一面
천인합일,天人合一
천인합일설,天人合一说
천일,天日
천일광장,天一广场
천일제염업,天日制盐业
천일조고자,穿一条裤子
천입,迁入
천자,天子; 擅自; 穿刺; 天资; 浅紫; 天姿
천자문,千字文
천자백태,千姿百态
천자총영,天资聪颖
천작지합,天作之合
천잡,千卡
천장,天障; 擅长; 天长; 千张; 天葬; 迁葬
천장시,天长市
천장일구,天长日久
천장지구,天长地久
천재,天才; 天灾
천재난봉,千载难逢
천재성,天才性
천재인화,天灾人祸
천재일우,千载一遇
천재적,天才的
천재지변,天灾地变
천저하,天底下
천적,天敌; 贱籍; 川籍
천전,天全
천정,天庭; 天井; 天顶
천정녕,千叮咛
천정맥,浅静脉
천정부지,天井不知
천제,天帝; 天际; 天梯
천제단,天祭坛
천제선,天际线
천조,天朝
천조지설,天造地设
천족,天足
천존,天尊
천주,泉州; 天主; 天柱
천주교,天主教
천주교도,天主教徒
천주당,天主堂
천주만,泉州湾
천주산,天柱山
천주시,泉州市
천주시공안국,泉州市公安局
천주지구,泉州地区
천주지멸,天诛地灭
천주학,天主学
천주현,天柱县
천중,川中
천즉리,天即理
천지,天地; 天池
천지간,天地间
천지개벽,天地开辟
천지교자,天之骄子
천지도,天知道
천지량심,天地良心
천지신,天地神
천지인,天地人
천지조화,天地造化
천지회,天地会
천직,天职
천진,天津; 天真; 穿进
천진강사부대,天津康师傅队
천진공업대학,天津工业大学
천진기장,天津机场
천진난만,天真烂漫; 天真爛漫
천진대,天津队
천진대학,天津大学
천진란만,天真烂漫
천진루,天津楼
천진만확,千真万确
천진무구,天真无垢
천진무사,天真无邪
천진방지산시장,天津房地产市场
천진분공사,天津分公司
천진사범대학,天津师范大学
천진산권교역중심,天津产权交易中心
천진새구,天津赛区
천진시,天津市
천진시공안국,天津市公安局
천진시위,天津市委
천진시장,天津市场
천진위,天津卫
천진위시,天津卫视
천진의과대학,天津医科大学
천진일보,天津日报
천진전시대,天津电视台
천진지구,天津地区
천진참,天津站
천진태체대,天津泰达队
천진항,天津港
천진해소,天津海关
천진활발,天真活泼
천차,天车
천차만별,千差万别
천차지별,天差地别
천착,穿凿
천참,天堑
천창,天窗
천창백공,千疮百孔
천창창,天苍苍
천채,川菜
천천,天天; 浅浅
천청,天青
천체,天体
천체계,天体界
천체관,天体观
천초,茜草
천촌만락,千村万落
천추,千秋
천추만대,千秋万代
천추백련,千锤百炼
천축,天竺; 天祝
천축규,天竺葵
천축산,天竺山
천출,迁出
천취,迁就
천측,天测
천층,浅层
천층랑,千层浪
천치,天痴
천침,穿针
천침인선,穿针引线
천칭,天秤
천칭좌,天秤座
천타뢰벽,天打雷劈
천탄,浅滩
천태종,天台宗
천투,穿透
천투성,穿透性
천파,穿破; 天波
천패,川贝
천편일률,千篇一律
천편일률적,千篇一律的
천평,天平
천포창,天疱疮
천표성,浅表性
천품,天禀
천하,天下; 天河; 天呀
천하구,天河区
천하기장,天河机场
천하대란,天下大乱
천하무쌍,天下无双
천하무적,天下无敌
천하무활,天下无敌
천하오아일반흑,天下乌鸦一般黑
천하위공,天下为公
천하인,天下人
천하장사,天下壮士
천하제일,天下第一
천하지대본,天下之大本
천하태평,天下泰平; 天下太平
천한지동,天寒地冻
천항,泉港
천항구,泉港区
천해,浅海
천행,穿行; 践行
천험,天险
천현,浅显
천협,千叶
천협현,千叶县
천혜,天惠
천호만환,千呼万唤
천혼지암,天昏地暗
천홍,浅红
천홍상장,天虹商场
천화,天花; 贱货; 天火
천화란추,天花乱坠
천화분,天花粉
천화판,天花板
천활,天敌
천황,天皇; 浅黄
천황지로,天荒地老
천회,天会
천회백전,千回百转
천효득,天晓得
천후,天候
천흑,天黑
천흥,天兴
철,铁; 哲; 彻; 撤; 凸; 缀; 辙; 澈; 啜; 辍; 掇; 蜇; 醛; 裰; 餮; 锇; 醊; 鉄; 錣; 驖; 喆; 鐵; 徹
철간,铁杆
철갑,铁甲
철강,铁钢
철강재,铁钢材
철거,撤去
철거당,撤去当
철거반원,撤去班员
철거식,撤去式
철검,铁剑
철경,铁警
철경심,铁镜心
철고동,醛固酮
철곤,铁棍
철골,铁骨; 彻骨
철골쟁쟁,铁骨铮铮
철공,铁工
철공계,铁公鸡
철관,铁管
철관음,铁观音
철광,铁矿
철광산,铁鑛山
철광석,铁鑛石; 铁矿石
철괴,铁块
철교,铁桥
철구,铁球
철군,撤军; 铁军
철권,铁拳
철궤,铁轨
철근,铁筋
철금,缀锦
철기,铁器; 铁骑
철기병,铁器兵
철기사,铁奇士
철단,撤单
철단백,铁蛋白
철도,铁道; 撤掉
철도망,铁道网
철도병,铁道兵
철도부,铁道部
철도부공안국,铁道部公安局
철도부장,铁道部长
철도선,铁道线
철도역,铁道驿
철동구,铁东区
철두철미,彻头彻尾
철라한,铁罗汉
철란,铁栏
철력,铁力
철련,铁链
철련자,铁链子
철령,铁岭
철령시,铁岭市
철로,铁路; 铁炉
철로교,铁路桥
철로국,铁路局
철로선,铁路线
철룡,铁龙
철류,铁流
철륜,凸轮
철륜축,凸轮轴
철륵,铁勒
철리,撤离; 哲理
철리성,哲理性
철마,铁马
철마륵,铁摩勒
철막,铁幕
철망,铁网
철매,铁梅
철면,铁面; 凸面
철면무사,铁面无私
철면피,铁面皮
철모,铁帽
철목,铁木
철목이,铁穆耳
철목진,铁木真
철묘,铁锚
철문,铁门
철물,铁物
철반완,铁饭碗
철방,铁芳
철벽,铁壁
철병,撤并; 铁饼; 撤兵
철봉,铁棒
철분,铁分
철사,铁丝; 彻查; 铁砂
철사망,铁丝网
철산,铁铲; 醛酸
철상,铁床
철색,铁索
철색교,铁索桥
철서,铁西
철서구,铁西区
철석,铁石
철석심장,铁石心肠
철선,铁线; 铁船
철선공주,铁扇公主
철설,铁屑
철소,撤销; 撤消; 撤诉
철수,撤收; 铁水; 铁锈; 铁树
철심,铁心
철안,铁案
철야,彻夜
철야부면,彻夜不眠
철양분,铁氧体
철영,铁瑛
철영기,铁英奇
철예,铁艺
철오,彻悟
철옹성,铁瓮城
철와전,铁瓦殿
철완,铁腕
철요부평,凸凹不平
철우,铁牛
철위,铁卫
철읍,啜泣
철응,铁凝; 铁鹰
철의,铁衣
철인,哲人; 铁人
철자,缀字
철자법,缀字法
철장,铁匠
철장군,铁将军
철재,铁材
철쟁,铁铮
철저,彻底; 澈底
철저성,彻底性
철적기률,铁的纪律
철정,铁定; 铁证
철정여산,铁证如山
철제,铁制; 撤除; 铁蹄
철조,铁造; 铁条
철조망,铁条网
철주,撤走
철중당,铁中棠
철직,撤职
철질,铁质
철창,铁窗; 铁窓; 铁厂
철창문,铁窗门; 铁窓门
철책,铁栅
철책란,铁栅栏
철철저저,彻彻底底
철청,铁青
철초,铁锹
철추,铁锤
철출,撤出; 凸出
철출래,凸出来
철취,铁嘴
철칙,铁则
철침,铁针
철타,铁打
철탁,铁托
철탁집단,铁托集团
철탑,铁塔
철통,铁桶; 铁通
철통공사,铁通公司
철퇴,撤退; 铁槌
철투경,凸透镜
철판,铁板
철판일괴,铁板一块
철판정정,铁板钉钉
철패,铁牌
철폐,撤废
철피,铁皮
철필,铁笔
철학,哲学; 辍学
철학가,哲学家
철학가문,哲学家们
철학계,哲学界; 哲学系
철학과,哲学科
철학도,哲学徒
철학률,辍学率
철학사,哲学史
철학자,哲学者
철학적,哲学的
철학화,哲学化
철한,铁汉
철합,铁盒
철합금,铁合金
철현,凸现
철화,铁花
철환,撤换; 铁环
철회,撤回
철흔,铁锨
첨,签; 尖; 添; 甜; 沾; 詹; 瞻; 檐; 舔; 谄; 忝; 佥; 裣; 锘; 餂; 椠; 栝; 簷; 掭; 韂; 黇; 虃; 簽; 籤
첨가,添加
첨가량,添加量
첨가물,添加物
첨가제,添加剂
첨각,尖刻
첨과,甜瓜
첨광,沾光
첨규,尖叫
첨규성,尖叫声
첨금사,詹金斯
첨나,詹娜
첨녕사,詹宁斯
첨니,詹妮
첨니불,詹妮弗
첨단,尖端
첨단과기,尖端科技
첨단적,尖端的
첨도,签到; 尖刀
첨두,甜头; 尖头
첨등,甜橙
첨리,尖利
첨만,沾满
첨망,瞻望
첨면장,甜面酱
첨명,签名
첨명법,签名法
첨모,詹某
첨모사,詹姆斯; 詹姆士
첨미,甜美; 甜味; 谄媚
첨미제,甜味剂
첨밀,甜蜜
첨밀밀,甜蜜蜜
첨발,签发
첨변,沾边
첨병,尖兵
첨보,添补
첨봉,尖峰
첨부,添附
첨사사,甜丝丝
첨사취,尖沙嘴
첨삭,添削
첨산,甜酸; 尖酸
첨산각박,尖酸刻薄
첨산고랄,甜酸苦辣
첨삼,詹森
첨서,签署
첨설,添设
첨세,尖细
첨소,尖啸; 谄笑
첨수,签收; 甜水
첨습,沾湿
첨식,甜食
첨아,尖牙
첨앙,瞻仰
첨약,签约
첨약률,签约率
첨언,添言
첨언밀어,甜言蜜语
첨염,沾染
첨영연,詹咏然
첨예,尖锐
첨예화,尖锐化
첨오,沾污
첨옥미,甜玉米
첨유가초,添油加醋
첨윤,甜润
첨자,签字; 尖子
첨자생,尖子生
첨자자,甜滋滋
첨자필,签字笔
첨전가와,添砖加瓦
첨전고후,瞻前顾后
첨점,甜点
첨정,签订; 签证; 签定; 尖顶; 添丁
첨정관,签证官
첨정률,签订率
첨정비,签证费
첨정석,尖晶石
첨정처,签证处
첨정합동,签订合同
첨정협의,签订协议
첨주,签注; 甜酒
첨준,詹俊
첨지,佥知
첨창주,詹沧洲
첨채,甜菜
첨채감,甜菜碱
첨천우,詹天佑
첨첨,甜甜; 尖尖; 舔舔; 沾沾
첨첨권,甜甜圈
첨첨밀밀,甜甜蜜蜜
첨첨자희,沾沾自喜
첨첨적,甜甜的
첨첨지,甜甜地
첨초,甜椒
첨춘백,詹春柏
첨치,尖齿; 添置
첨친대고,沾亲带故
첨탑,尖塔
첨통,甜筒
첨표,觇标
첨품,甜品
첨향,甜香
첨화야초,沾花惹草
첩,贴; 钻; 捷; 叠; 谍; 帖; 妾; 睫; 辄; 喋; 褶; 牒; 婕; 堞; 萜; 鲽; 脻; 蓵; 踥; 耴; 貼; 疊
첩경,捷径
첩극,捷克
첩극대,捷克队
첩극사락벌극,捷克斯洛伐克
첩근,贴近
첩근성,贴近性
첩금,贴金
첩기,叠起
첩기래,叠起来
첩라한,叠罗汉
첩리항,捷利港
첩면,贴面
첩모,睫毛
첩보,谍报; 捷报; 贴补
첩보빈전,捷报频传
첩보전,谍报战
첩부,贴敷
첩상기,睫状肌
첩상분,睫状体
첩석,叠石
첩수,贴水
첩식,贴息
첩신,贴身
첩심,贴心
첩심인,贴心人
첩여,婕妤
첩음,捷音
첩자,帖子; 谍者
첩장,叠嶂
첩전,贴钱
첩절,贴切
첩족선등,捷足先登
첩지,贴纸
첩첩,叠叠
첩첩부휴,喋喋不休
첩첩산중,叠叠山中
첩체,捷达
첩체교차,捷达轿车
첩취,叠翠
첩합,贴合
첩현,贴现
첩현률,贴现率
첩혈,喋血
첩화,贴画
청,听; 清; 请; 青; 厅; 晴; 倩; 菁; 蜻; 氰; 婧; 鲭; 䞍; 聴; 碃; 圊; 䴖; 聽; 請; 廳; 淸
청가,请假
청가경,清嘉庆
청가새,青歌赛
청각,听觉
청각적,听觉的
청간,请柬
청간다운,晴间多云
청강,听讲; 清江; 请降
청강현,清江县
청객,请客
청객송례,请客送礼
청격,清缴
청견,听见; 请见
청결,清洁; 淸洁
청결공,清洁工
청결도,清洁度
청결성,清洁性; 淸洁性
청결제,清洁剂
청경,请警
청계,清溪
청고,清高; 清苦; 清库
청공,青工; 晴空; 请功
청공만리,晴空万里
청과,听课; 青稞; 青果
청과부,青果部; 靑果部
청과주,青稞酒
청관,清官
청광안,青光眼
청교,请教
청교도,清教徒
청구,请求; 清口; 清癯
청구권,请求权
청구권자,请求权者
청구권적,请求权的
청구분,请求分
청구서,请求书
청군,青军; 靑军
청군일석화,听君一席话
청궁,清宫
청규계률,清规戒律
청근,青筋
청금고,青锦袴; 靑锦袴
청기,清奇
청기래,听起来
청기래상,听起来像
청기회,青基会
청년,青年; 靑年
청년궁,青年宫
청년기,青年期; 靑年期
청년단,青年团
청년단중앙위원회,青年团中央委员会
청년대가,青年大街
청년로,青年路
청년문,青年们
청년문명,青年文明
청년보,青年报
청년부,青年部; 靑年部
청년인,青年人
청년절,青年节
청년층,青年层; 靑年层
청년회,青年会; 靑年会
청녕,清宁
청단,清单
청단백,清蛋白
청담,清谈; 清淡; 淸谈
청당,厅堂
청대,清代; 青黛
청도,听到; 青岛; 清道
청도대,青岛队
청도대학,青岛大学
청도부,清道夫
청도시,青岛市
청도시위,青岛市委
청도오가마고분유한공사,青岛澳柯玛股份有限公司
청도중능대,青岛中能队
청도지구,青岛地区
청도항,青岛港
청돈,清炖
청동,青铜; 靑铜
청동기,青铜器; 靑铜器
청동색,青铜色; 靑铜色
청동시대,青铜时代
청동협,青铜峡
청두,青豆
청등,青灯
청띠신선,青-神仙
청라,青罗; 靑罗
청랑,晴朗; 清朗
청래,青睐
청랭,清冷
청량,清凉; 淸凉; 清亮
청량감,清凉感; 淸凉感
청량사,清凉寺
청량산,清凉山
청량유,清凉油
청량음료,清凉飮料; 淸凉飮料; 清凉饮料
청려,清丽; 青旅
청력,听力
청련,青联; 青莲
청련계,请联系
청렬,清冽
청렴,清廉; 淸廉
청렴결백,清廉洁白; 淸廉洁白
청렴도,清廉度; 淸廉度
청렴성,清廉性; 淸廉性
청령,清零
청록,青绿; 靑绿
청록색,青绿色; 靑绿色
청룡,青龙; 靑龙
청룡산,青龙山
청룡호,青龙湖
청루,青楼; 清泪
청류,清流
청류객,清流客; 淸流客
청륭,晴隆
청륭현,晴隆县
청리,清理
청림,青林
청말민초,清末民初
청매,青梅; 清迈
청매소,青霉素
청매소류,青霉素类
청매죽마,青梅竹马
청명,清明; 淸明; 听命; 请命; 清名
청명상하도,清明上河图
청명절,清明节
청명주,清明酒; 淸明酒
청목,青木
청묘,青苗
청문,请问; 听闻; 清门
청문회,听闻会
청물,请勿
청방,青帮; 厅房
청백,清白; 青白
청백강구,青白江区
청백색,青白色; 靑白色
청병,请兵
청복,清福
청부,请负
청부견,听不见
청부득,听不得
청분,清芬
청빈,清贫; 淸贫
청빙,听凭
청사,厅舍; 清查; 青丝; 听写; 清史; 青史
청사료,青饲料
청사류명,青史留名
청사장,青纱帐
청사진,青写真; 靑写真
청사초롱,青纱-笼
청산,清算; 青山; 淸算; 靑山; 氰酸; 青蒜
청산구,青山区
청산록수,青山绿水
청산주의적,清算主义的; 淸算主义的
청산핵자,清产核资
청산호,青山湖
청삼,青衫
청삼현,青森县
청상,清爽; 清偿
청상과부,青孀寡妇; 靑孀寡妇
청상형,清爽型
청색,青色; 靑色
청색증,青色症; 靑色症
청서,听书; 清徐
청서현,清徐县
청석,清晰; 青石
청석도,清晰度
청석화,清晰化
청선,清鲜
청설,听说
청설모,青鼠毛; 靑鼠毛
청성,清醒; 青城; 听声
청성산,青城山
청세,清洗
청세제,清洗剂
청소,清扫; 淸扫; 清关
청소과,清扫课; 淸扫课
청소과장,清扫课长; 淸扫课长
청소기,清扫机; 淸扫机
청소년,青少年; 靑少年
청소년기,青少年期; 靑少年期
청소년단,青少年团; 靑少年团
청소년문,青少年们
청소년성,青少年性
청소년층,青少年层; 靑少年层
청소부,清扫夫; 淸扫夫
청소비,清扫费; 淸扫费
청소차,清扫车; 淸扫车
청송,青松
청수,清水; 淸水; 清秀; 清瘦; 请受
청수구,青秀区
청수아문,清水衙门
청수하,清水河
청순,清纯; 淸纯; 清醇
청순미,清纯美; 淸纯美
청순성,清纯性; 淸纯性
청순파,清纯派; 淸纯派
청시,请示
청신,清新; 清晨; 淸新; 听信
청신제,清新剂
청신현,清新县
청신호,青信号; 靑信号
청심,清心; 听审
청심과욕,清心寡欲
청심환,清心丸; 淸心丸
청아,清雅; 淸雅
청안,请安; 青眼
청약,请约
청약권,请约权
청약서,请约书
청약자,请约者
청양,青阳; 清样
청양구,青羊区
청양궁,青羊宫
청어,清淤; 青鱼
청역,听阈
청열,清热
청열해독,清热解毒
청영,请缨
청옥,青玉
청와,青蛙
청와대,青瓦台
청우표,晴雨表
청욱,青郁
청운,青云; 靑云; 清运
청운직상,青云直上
청원,请愿; 清远; 清源; 青原; 清原
청원서,请愿书
청원시,清远市
청월,清越
청유,清幽; 清油; 青釉
청윤,清润
청음,清音
청의,青衣; 清议
청이부문,听而不闻
청일색,清一色
청임,听任
청자,青瓷; 靑瓷; 青紫
청장,厅长; 清酱; 青藏; 淸酱; 清场; 清障
청장고원,青藏高原
청장공로,青藏公路
청장년,青壮年; 靑壮年
청장철로공사,青藏铁路公司
청적,清寂
청전,青砖; 青田; 请战
청전다운,晴转多云
청점,清点
청정,清净; 淸净; 清静; 蜻蜓; 清廷; 听政
청정기,清净机; 淸净机
청정렴결,清正廉洁
청정부,清政府
청정점수,蜻蜓点水
청정회,听证会
청제,清除; 青帝; 淸除; 靑帝; 清帝
청제률,清除率
청제제,清除剂
청조,清朝; 淸朝; 清早; 青鸟; 听潮
청종,听从
청좌,请坐
청죄,请罪
청주,青州; 清酒
청주시,青州市
청준,请准
청중,听众
청중문,听众们
청증,清蒸
청지임지,听之任之
청진,请进; 清真; 听诊; 清镇
청진기,听诊器
청진봉,听诊棒
청진사,清真寺
청진시,清镇市
청진현,清镇县
청징,清澄
청차,清茶; 听差
청착청착,听着听着
청창,清仓; 清唱
청채,青菜
청책,清册
청천,晴天; 青天; 靑天; 清泉; 青川
청천백일,青天白日
청천벽력,青天霹雳; 晴天霹雳; 靑天霹雳
청천유명,听天由命
청철,清澈
청철견저,清澈见底
청첨,清甜
청첩,请帖
청첩장,请牒状; 请牒狀
청청,听听; 青青; 清清
청청백백,清清白白
청청상상,清清爽爽
청청적,青青的
청청초초,清清楚楚
청초,清楚; 淸楚; 青椒; 青草; 清剿; 清炒
청총,青葱
청추,清秋
청춘,青春; 靑春
청춘기,青春期
청춘년소,青春年少
청춘년화,青春年华
청춘두,青春痘
청춘물,青春物; 靑春物
청출어람,青出于蓝; 靑出于蓝
청출우람,青出于蓝
청출우람이승우람,青出于蓝而胜于蓝
청취,听取; 清脆; 青翠
청취열이,清脆悦耳
청취욕적,青翠欲滴
청취율,听取率; 听取率
청취자,听取者
청칠,清漆
청탁,清浊; 请托; 淸浊
청탕,清汤
청태,青太; 靑太; 青苔
청태가,清泰街
청통,听筒
청퇴,清退
청편,请便; 听便
청평,清平; 青平
청포,青浦
청포구,青浦区
청포도,青葡萄; 靑葡萄
청풍,清风
청풍명월,清风明月
청피,青皮
청하,清河; 青虾; 青河
청하방,清河坊
청한,清闲; 清寒
청해,青海
청해고원,青海高原
청해성,青海省
청해위시,青海卫视
청해호,青海湖
청향,清香
청향박비,清香扑鼻
청향형,清香型
청현,青县
청형,清馨
청호,青蒿
청혼,请婚
청홍,青红; 靑红
청홍색,青红色; 靑红色
청화,青华; 清华; 听话; 靑华; 青花; 清火; 菁华; 氰化; 清化; 晴和
청화갑,氰化钾
청화과기원,清华科技园
청화대학,清华大学
청화대학건축학원,清华大学建筑学院
청화대학경제관리학원,清华大学经济管理学院
청화대학미술학원,清华大学美术学院
청화대학출판사,清华大学出版社
청화물,氰化物
청화원,清华园
청환,清还
청황부접,青黄不接
청회,听会; 青灰
청회색,青灰色; 靑灰色
청후,听候
청휘,清辉
청흠,清欠
청희,听戏
체,体; 达; 切; 替; 蒂; 递; 逮; 滞; 缔; 缀; 涕; 屉; 砌; 剃; 谛; 掣; 嚏; 棣; 彘; 蕞; 䴘; 薙; 遆; 搋; 禘; 磜; 迏; 軆; 釱; 逓; 笍; 矵; 鬀; 鬄; 祶; 餟; 體; 遞; 滯
체가,达家
체감,体感; 递减
체객이,达喀尔
체격,体格
체결,缔结
체결설,缔结说
체계,体系
체계도,体系图
체계론자,体系论者
체계성,体系性
체계적,体系的
체계화,体系化
체과,达科
체과래,递过来
체과특,达科特
체관,达观; 达官
체관귀인,达官贵人
체관현귀,达官显贵
체광두,剃光头
체괴,砌块
체교,递交
체구,体躯
체귀,递归
체급,体级; 递给
체기아,达起亚
체길사탄,达吉斯坦
체나,蒂娜
체납,滞纳
체납액,滞纳额
체내,体内; 达内
체념,谛念
체념적,滞念的
체능,达能
체능집단,达能集团
체대,替代
체대률,替代率
체대성,替代性
체대자,替代者
체대품,替代品
체도,达到; 剃刀; 剃度
체두,剃头
체두관,剃头官
체득,体得
체랍사,达拉斯
체력,体力
체력적,体力的
체뢰,达赖
체뢰라마,达赖喇嘛
체뢰집단,达赖集团
체루,涕泪
체루사살랍모,达累斯萨拉姆
체류,滞留
체류자,滞留者
체륜,达伦
체리,达利
체마,达摩
체면,体面
체모,体毛; 蒂姆
체몽,达蒙
체문파특,达文波特
체벌,体罚
체보,替补; 递补
체부,达夫
체부니,达芙妮
체분기,达芬奇
체불,滞拂
체비,达菲
체비지,替费地
체사,达斯
체사귀,替死鬼
체생,达生
체성,达成
체소,滞销
체송,递送
체수,剃须
체수도,剃须刀
체신,递信; 替身
체알이족,达斡尔族
체액,体液
체약,缔约
체약국,缔约国
체열,体热
체오덕,达敖德
체옥,达沃
체옥사,达沃斯
체온,体温
체온계,体温计
체완,滞缓
체외,体外
체위,体位
체유,达维
체유등과,达维登科
체육,体育
체육계,体育界
체육과,体育科
체육관,体育馆
체육국,体育局
체육단,体育团
체육복,体育服
체육인,体育人
체육학,体育学
체육학과,体育学科
체육회,体育会
체읍,涕泣
체의,达意
체이,达尔
체이만,达尔曼
체이문,达尔文
체이부이,达尔富尔
체이부이지구,达尔富尔地区
체인,体认
체인구락부,达人俱乐部
체인수,达人秀
체임,滞赁
체잡,达卡
체장,砌墙
체재,体裁; 滞在
체전,体典
체제,体制
체제론,体制论
체조,体操; 缔造
체조법,体操法
체조자,缔造者
체조직,体组织
체죄양,替罪羊
체주,逮住; 达州; 掣肘
체주시,达州市
체중,体重
체중계,体重计
체증,滞症; 递增
체증률,递增率
체진,递进
체질,体质; 递质
체질화,体质化
체창,滞胀
체천행도,替天行道
체청,谛听
체체,达达
체축,砌筑
체취,体臭
체통,体统
체판성,达坂城
체포,逮捕
체포죄,逮捕罪
체표,达标
체표률,达标率
체한,滞韩
체험,体验
체험담,体验谈
체험적,体验的
체혁란,达赫兰
체혁적,达赫迪
체현,体现; 达县
체형,体型
체형적,体型的
체형형,体形型
체홍,滞洪
체환,替换
체후,滞后
체후기,滞后期
체후성,滞后性
초,初; 超; 草; 楚; 招; 础; 稍; 悄; 瞧; 焦; 肖; 秒; 吵; 抄; 哨; 炒; 剿; 钞; 梢; 俏; 礁; 峭; 鞘; 醋; 硝; 蕉; 椒; 樵; 憔; 迢; 醮; 锹; 貂; 诮; 酢; 诌; 劭; 龆; 谯; 踔; 菬; 苕; 湫; 愀; 憷; 隹; 鹪; 杪; 僬; 绡; 劁; 髫; 轺; 噍; 耖; 蟭; 睄; 膲; 陗; 怊; 藮; 釥; 𬺓; 艸; 艹; 屌; 礎
초가,草家; 吵架; 稍加; 招架; 抄家; 楚歌; 肖家; 楚家; 焦痂
초가공,初加工
초가부주,招架不住
초가지공,招架之功
초간,炒肝
초간단,超简单
초간장,醋-酱
초간편,超简便
초감각,超感觉
초감각적,超感觉的
초강,椒江; 招降; 肖钢
초강경,超强劲
초강구,椒江区
초강대국,超强大国
초강세,超强势
초개,草芥
초거,焦距
초거대,超巨大
초건,焦健
초격,楚格
초견,初见; 瞧见
초견단예,初见端倪
초견성효,初见成效
초경,初经; 肖琼; 初更
초경광,肖劲光
초경도,超硬度
초경량,超轻量
초경송,楚劲松
초경험적,超经验的
초계급적,超阶级的
초계위,肖启伟
초고,草稿; 炒股; 超高; 招股; 招考; 初稿; 草菇
초고본,草稿本
초고성,超高性
초고속,超高速
초고속관,超高速馆
초고압,超高压
초고중장률,超高中奖率
초고집적,超高集积
초고층,超高层
초고표,炒股票
초공,招工; 招供; 剿共
초과,超过; 炒锅; 草果
초과자,超过者
초관인명,草菅人命
초교,草桥
초구,超球
초구규모,初具规模
초국,楚国
초국동,肖国栋
초군,超群; 楚军
초극,肖克
초극화,超极化
초근,草根
초근로,抄近路
초근목피,草根木皮
초금령,楚金玲
초급,初级; 超级; 焦急
초급계단,初级阶段
초급계산기,超级计算机
초급대국,超级大国
초급만분,焦急万分
초급반,初级班
초급배,超级杯
초급사,初级社
초급새,超级赛
초급시장,超级市场
초급중학,初级中学
초급직칭,初级职称
초기,初期; 超期; 硝基; 初几
초기복역,超期服役
초기분,硝基苯
초기작,初期作
초긴장,超紧张
초남,楚南
초납,招纳
초내열,超耐热
초녀사,肖女士
초년,初年
초년병,初年兵
초년생,初年生
초논리적,超论理的
초농,蕉农
초뇨,吵闹
초뇨성,吵闹声
초능력,超能力
초단,炒蛋; 初段
초단군,超短裙
초단열,超断热
초단자,醋坛子
초단파,超短波
초당,初唐; 草堂; 超党; 焦糖
초당적,超党的
초대,初代; 招待; 础台
초대권,招待券
초대반자,草台班子
초대비,招待费
초대석,招待席
초대소,招待所
초대장,招待状; 招待狀
초대형,超大型
초대회,招待会
초도,草图; 超导; 超度; 楚度; 楚图
초도남,楚图南
초도분,超导体
초동,初动; 初冬
초두,草头; 梢头
초두란액,焦头烂额
초득기,瞧得起
초등,初等; 超等
초등일하,稍等一下
초등편각,稍等片刻
초등학교,初等学校
초등학생,初等学生
초락곽부,肖洛霍夫
초람,招揽
초래,招来; 招徕
초래사도,初来乍到
초랭반,炒冷饭
초량지,肖良志
초련,初恋
초련화,初莲花
초렴,草帘
초령,超龄; 招领
초례청,醮礼厅
초로,初老; 焦炉
초로봉망,初露锋芒
초로사,肖老师
초록,抄录; 草绿
초록색,草绿色
초뢰명,楚雷鸣
초료,草料
초류향,楚留香
초률,草率
초률자,炒栗子
초리,肖莉
초립,草笠
초립곤,焦立坤
초마,草马
초막,草幕
초만원,超满员
초망,草莽
초매,草莓; 焦煤; 超卖; 炒卖; 肖妹
초면,炒面
초멸,剿灭
초명,肖明
초모,招募; 草帽; 肖某; 焦某
초목,草木
초목개병,草木皆兵
초목회,草木灰
초묘,楚墓
초무,招抚
초무성식,悄无声息
초문본,超文本
초문화,楚文化
초문화적,超文化的
초미,焦眉; 稍微; 草味; 炒米; 焦味
초미속,超微速
초민,草民; 肖敏
초박,超薄
초박형,超薄型
초반,初盘; 炒饭
초반부,初盘部
초방,肖邦; 草房; 初放
초방자,炒房者
초범,超凡; 楚凡; 初犯
초법,招法
초벽,峭壁
초병,哨兵; 招兵
초병매마,招兵买马
초보,初步; 抄报
초보자,初步者
초보적,初步的
초보조사,初步调查
초복,初伏
초본,抄本; 草本
초본식물,草本植物
초봉,肖锋
초봉인접,招蜂引蝶
초부,樵夫
초부기,瞧不起
초부하,超负荷
초붕,草棚
초비,剿匪; 焦比; 肖飞
초비상,超非常
초빙,招聘; 肖冰
초빙단위,招聘单位
초빙자,招聘者
초빙회,招聘会
초사,抄写; 楚辞; 超射
초사남,楚思南
초사회적,超社会的
초산,初产; 硝酸; 醋酸; 草酸; 超产
초산갑,硝酸钾
초산부,初产妇
초산안,硝酸铵
초산염,硝酸盐
초삼,初三
초상,初丧; 肖像; 招商; 超常; 楚翔
초상국,招商局
초상권,肖像权
초상인자,招商引资
초상화,肖像画
초새,初赛
초색,草色
초생,招生; 超生; 初生; 楚生
초생우독,初生牛犊
초생우독부파호,初生牛犊不怕虎
초생판,招生办
초서,草书; 硝唑
초석,础石; 硝石; 礁石; 草席
초선,初选; 貂蝉
초선생,肖先生
초설,初雪
초성,初声; 超声; 悄声
초성파,超声波
초성하,楚星河
초소,哨所; 初小; 肖笑; 楚潇; 肖筱
초소남,楚昭南
초소저,肖小姐
초소풍,楚小枫
초소협,肖小侠
초속,秒速; 超速
초손일주,稍逊一筹
초송,抄送
초수,招收; 招数; 招手; 抄手; 超收
초수평,超水平
초수평선,超水平线
초순,初旬
초습,抄袭
초승,初生; 草绳
초승원,肖承远
초시,初试; 初始; 超时; 初时; 草市
초시간적,超时间的
초시대적,超时代的
초시발,超市发
초시조건,初始条件
초시치,初始值
초시화,初始化
초식,招式; 草食; 稍息
초식동물,草食动物
초신극,肖申克
초신성,超新星
초심,初审
초심자,初心者
초안,草案; 招安; 楚安
초애화,肖爱华
초액,超额
초야,初夜; 草野; 招惹
초약,草药
초양,肖扬; 焦扬; 吵嚷; 肖杨
초어,草鱼
초역사적,超历史的
초연,初演; 招演; 超然; 悄然; 硝烟; 楚缘
초연무성,悄然无声
초연물외,超然物外
초연흥기,悄然兴起
초염,椒盐
초염금,肖艳琴
초엽,初叶
초오,草乌
초옥,草屋; 楚玉
초요,招摇; 肖遥
초요과시,招摇过市
초요당편,招摇撞骗
초용,肖勇
초우어,炒鱿鱼
초운,楚云
초운비,楚云飞
초웅,楚雄
초웅주,楚雄州
초원,草原; 超员; 招远
초원시,招远市
초월,超越; 楚越
초월성,超越性
초월아,楚月儿
초월자,超越者
초월적,超越的
초월화,超越化
초위,稍为; 哨位; 肖伟
초위평,焦卫平
초유,招谕; 稍有; 焦油; 楚瑜; 初瑜
초유록,焦裕禄
초유부신,稍有不慎
초은,肖恩; 超稳
초은하단,超银河团
초음,哨音
초음속,超音速
초음파,超音波
초의,草拟; 醋意
초이,初二; 焦耳
초인,超人; 招引; 招认; 草人
초인간적,超人间的
초인적,超人的
초인종,招人钟
초일,初一; 肖逸
초일류,超一流
초일초,瞧一瞧
초임,初任
초입,初入
초자,硝子; 哨子; 草字
초자아,超自我
초자연적,超自然的
초자연주의,超自然主义
초작,炒作; 焦作; 焦灼; 炒勺
초작시,焦作市
초잡,哨卡
초장,醋酱; 草场
초장비,初装费
초장앵비,草长莺飞
초재,超载
초재진보,招财进宝
초저,抄底
초적,超积
초전,初战; 初转; 超前; 招展; 草甸
초전국,肖传国
초전도,超传导
초전성,超前性
초전파,肖战波
초절,超绝
초점,焦点; 草垫
초정밀,超精密
초정치,超政治
초조,焦燥; 焦躁; 招租; 初潮
초조감,焦燥感
초종,秒钟
초종즉서,稍纵即逝
초주,楚州
초준광,肖俊光
초중,初中; 超重
초중고,初中高
초중고교,初中高校
초중고생,初中高生
초중교,初中校
초중구금,超重拘禁
초지,草地; 超支; 草纸; 肖智
초지일관,初志一贯
초지즉래,招之即来
초진,初诊; 肖珍
초질,超跌
초집,招集; 焦集
초집적,超集积
초차,初次; 超车
초창,初创; 草创
초창기,草创期; 初创期
초채,炒菜; 超采
초천,楚天; 肖天
초천금,楚天金
초천도시보,楚天都市报
초천서,楚天舒
초첨,草签
초첩,招贴; 肖捷
초첩화,招贴画
초청,招请; 初晴; 肖晴; 焦菁
초청객,招请客
초청장,招请状; 招请狀
초청전,招请展
초초,悄悄; 瞧瞧; 稍稍; 草草; 吵吵; 招招; 楚楚; 迢迢
초초가령,楚楚可怜
초초뇨뇨,吵吵闹闹
초초동인,楚楚动人
초초료사,草草了事
초초수,招招手
초초양양,吵吵嚷嚷
초초중구금,超超重拘禁
초초지,悄悄地
초초화,悄悄话
초총,草丛
초추,初秋
초춘,初春
초춘비,肖春飞
초출,超出
초출모려,初出茅庐
초충,初衷
초췌,憔悴
초취,吵嘴
초치,招致; 初治
초친,招亲
초침,秒针
초타,草垛
초탁,超卓
초탄,焦炭
초탈,超脱
초토,焦土
초토사,招讨使
초토화,焦土化
초특,肖特
초특급,超特级
초파일,初八日
초판,初版; 招办
초패,招牌
초패식,招牌式
초패왕,楚霸王
초편,超编; 草编
초평,草坪; 楚平; 初评
초평원,楚平原
초포,草包
초표,招标; 超标; 钞票; 秒表
초표률,超标率
초표발행,招标发行
초표회,招标会
초풍,楚风; 招风
초피,草皮; 貂皮
초필,焦虑
초하,初夏; 抄下; 楚河
초학,初学
초학자,初学者
초한,楚汉
초행,初行
초허,稍许
초헌,楚轩
초현대식,超现代式
초현실,超现实
초현실적,超现实的
초현실주의,超现实主义
초현실주의자,超现实主义者
초혈연적,超血缘的
초혐,稍嫌
초협,草叶; 初叶
초형,草型
초혜,草鞋
초호,招呼; 超乎
초호화,超豪华
초혼,初婚; 招魂
초화,焦化; 炒货; 草花; 肖华; 硝化; 初花
초화기,初花期
초황,焦黄; 焦晃
초회,初会
초회왕,楚怀王
초효,肖晓
초후,稍后; 稍候
초휴,初亏
초흑,焦黑
초흔월,楚欣月
초흠,肖钦
촉,属; 促; 触; 嘱; 烛; 蜀; 矗; 瞩; 躅; 髑; 镞; 臅; 蠋; 钃; 鸀; 脨; 踀; 亍; 觸; 燭
촉각,触觉; 触角
촉각적,触觉的
촉감,触感
촉경생정,触景生情
촉광,烛光
촉구,促求
촉군,蜀郡
촉금,蜀锦
촉급,触及
촉대,烛台
촉도,蜀道
촉동,触动
촉로,触怒
촉류방통,触类旁通
촉립,矗立
촉망,属望; 触网
촉매,触媒
촉매제,触媒剂
촉모,触摸
촉모식,触摸式
촉목,瞩目; 触目
촉목경심,触目惊心
촉발,触发
촉발기,触发器
촉발점,触发点
촉범,触犯
촉부,嘱咐
촉사,促使
촉산,蜀山
촉산구,蜀山区
촉생산,促生产
촉서,蜀黍
촉성,促成
촉소,促销
촉소비,促销费
촉소원,促销员
촉수,触手; 触须
촉슬,促膝
촉슬담심,促膝谈心
촉저,触底
촉전,触电
촉조,烛照
촉진,促进
촉진법,促进法
촉진자,促进者
촉진제,促进剂
촉진책,促进策
촉진파,促进派
촉진회,促进会
촉청,促请
촉초,触礁
촉탁,嘱托
촉팽,触碰
촉한,蜀汉
촌,村; 寸; 忖; 邨; 吋
촌간부,村干部
촌간부문,村干部们
촌고,村姑
촌구,村口
촌규민약,村规民约
촌극,寸剧
촌급,村级
촌도,忖度
촌두,村头; 寸头
촌락,村落
촌로,村老
촌리,村里
촌민,村民
촌민문,村民们
촌보,寸步
촌보난행,寸步难行
촌보부리,寸步不离
촌보부양,寸步不让
촌부,村夫; 村妇
촌사,村社; 村舍; 村史
촌산부시,村山富市
촌수,寸数
촌심,寸心
촌위회,村委会
촌유소장,寸有所长
촌음,寸阴
촌자,村子
촌장,村长; 村庄
촌장층,村长层
촌정층,村正层
촌조,村组
촌주,村主
촌주위답,村主位畓
촌지,寸志
촌진,村镇
촌채,村寨
촌초,寸草
촌초부생,寸草不生
촌촌,村村
촌토,寸土
촌토촌금,寸土寸金
촌토필쟁,寸土必争
촌판기업,村办企业
촌평,寸评
총,总; 匆; 聪; 丛; 宠; 冢; 葱; 苁; 铳; 偬; 骢; 璁; 茐; 聦; 謥; 縂; 聡; 總; 聰; 寵; 塚; 蔥
총가,总价
총각,总角
총간,丛刊
총간사,总干事
총감,总监
총감독,总监督
총개념,总概念; 总槪念
총개소,总开关
총건축면적,总建筑面积
총검,铳剑
총검찰장,总检察长
총격,铳击
총격전,铳击战
총결,总结
총결산,总决算
총결새,总决赛
총결성,总结性
총경,总警
총경리,总经理
총계,总计
총공,总共; 总攻; 总工
총공격,总攻击
총공사,总公司
총공응량,总供应量
총공정사,总工程师
총공회,总工会
총관,总管
총괄,总括
총괄서,总括书
총괄적,总括的
총괴,宠坏
총교,总校
총교련,总教练
총교역량,总交易量
총구,铳口
총국,总局
총국장,总局长
총궐기,总蹶起
총귀,总归
총기,聪气; 铳器; 总机
총능,总能
총단,总团
총대,总队
총대리,总代理
총대장,总大将
총도,总图
총독,总督
총독부,总督府
총돈,总吨
총돈위,总吨位
총동문회,总同门会
총동원,总动员
총두,葱头
총득,总得
총등장,总登场
총람,总揽
총량,总量
총력,总力
총력전,总力战
총령,葱岭
총령사,总领事
총령사관,总领事馆
총로선,总路线
총록,葱绿
총론,总论
총롱,葱茏
총리,总理
총리령,总理令
총리부,总理府
총리실,总理室
총림,丛林
총망,匆忙; 总纲
총망라,总网罗
총매상,总卖上
총매출액,总卖出额
총면적,总面积
총명,聪明
총명과인,聪明过人
총명령리,聪明伶俐
총명반피총명오,聪明反被聪明误
총명재지,聪明才智
총명절정,聪明绝顶
총명지혜,聪明智慧
총목,总目
총무,总务
총무과장,总务课长
총무국장,总务局长
총무부,总务部
총무부장,总务部长
총무실,总务室
총무원,总务院
총물,宠物
총물구,宠物狗
총물문,宠物们
총물의원,宠物医院
총민,聪敏
총반격,总反击
총방침,总方针
총백,葱白
총병,总兵
총보비,总保费
총본부,总本部
총부,摠部; 总部
총부로,总府路
총분,总体; 总分
총분성,总体性
총비,宠妃; 丛飞
총비서,总秘书
총비서직,总秘书职
총사,总社
총사령,总司令
총사령탑,总司令塔
총사업,总事业
총사퇴,总辞退
총사퇴설,总辞退说
총산,总算; 总产; 丛山
총산량,总产量
총산치,总产值
총살,铳杀
총상,铳伤
총상금,总赏金; 总赏金
총상회,总商会
총생,丛生
총생산,总生产
총생산량,总生产量
총생산액,总生产额
총서,丛书; 总署
총서기,总书记
총선,总选; 总线
총선거,总选举; 总选擧
총선전,总选战
총설,总说
총설계사,总设计师
총성,铳声
총성적,总成绩
총수,总帅; 总数
총수요,总需要
총수익,总收益
총수입,总收入
총수입액,总输入额
총시,总是
총신,铳身; 宠信
총아,宠儿
총애,宠爱
총액,总额
총액수,总额数
총여신,总与信
총역량,总力量
총연맹,总联盟; 总聯盟
총연봉,总年俸
총연합,总联合
총영,聪颖
총영사,总领事; 总領事
총영사관,总领事馆; 总領事馆
총예산,总预算
총욕부경,宠辱不惊
총욱,葱郁
총원,总院
총유,葱油
총의원,总医院
총이언지,总而言之
총인구,总人口
총인원,总人员
총자본,总资本
총자본금,总资本金; 总资本金
총장,总长; 总装; 总账; 总场
총장도,总长度
총장상,总长赏
총장실,总长室
총장직,总长职
총재,总裁
총적설래,总的说来
총점,总点; 总店
총점검,总点检
총점주의,总点主义
총정,总政
총정가무단,总政歌舞团
총정리,总整理
총정원,总定员
총정치부,总政治部
총조사,总调查
총조정관,总调整官
총존량,总存量
총주전량,总周转量
총중,匆中; 悤中
총지,总之; 总支
총지배인,总支配人
총지혼,总指挥
총집,总集
총집결,总集结
총집합,总集合
총참,总站; 总参
총참모부,总参谋部
총참모장,总参谋长
총창,总厂
총책,总责
총책임자,总责任者
총체,总体
총체감,总体感
총체성,总体性
총체적,总体的
총촉,匆促
총총,丛丛; 匆匆; 悤悤; 葱葱
총총망망,匆匆忙忙
총출연,总出演
총치,总值
총칙,总则
총칭,总称
총탄,铳弹
총통,总统
총통령,总统令
총통부,总统府
총통제,总统制
총통화,总通货
총파공,总罢工
총판,总贩
총편,总编
총편집,总编辑
총평,总评
총학생회,总学生会
총학생회장,总学生会长
총합,总合
총행,总行; 宠幸
총협정,总协定
총혜,聪慧
총화,总和; 葱花
총활동,总活动
총회,总会
총회계사,总会计师
총회보률,总回报率
총회장,总会长
총후,总后
총후근부,总后勤部
총휘,总汇
촬,撮; 攥
촬영,撮影
촬영기,撮影机
촬영반,撮影班
촬영분,撮影分
촬영술,撮影术
촬영장,撮影场
촬영지,撮影地
촬합,撮合
쵀,啐
최,最; 催; 摧; 崔; 璀; 淬; 羧; 榱; 嘬; 缞; 蕞; 脧; 膗; 紣; 磪; 鋷
최가,最佳; 崔家
최가남주각장,最佳男主角奖
최가녀연원장,最佳女演员奖
최가녀주각장,最佳女主角奖
최가도연장,最佳导演奖
최가부,崔可夫
최가섭영장,最佳摄影奖
최가신인장,最佳新人奖
최가애적인,最可爱的人
최가영편장,最佳影片奖
최가편극장,最佳编剧奖
최가화,最佳化
최강,最强
최강수,最强数
최강음,最强音
최강자,最强者
최강전,最强战
최건,崔健
최경량,最轻量
최경례,最敬礼
최경주,崔京周
최고,最古; 最高
최고가액,最高价额
최고과학기술장,最高科学技术奖
최고관리자,最高管理者
최고급,最高级
최고도,最高度
최고랍후,摧枯拉朽
최고령,最高龄
최고미,最高美
최고법원,最高法院
최고본,最高本
최고봉,最高峰
최고상,最高赏
최고송예장,最高荣誉奖
최고신,最高神
최고위,最高位
최고인민검찰원,最高人民检察院
최고인민법원,最高人民法院
최고자,最高者
최고장,最高奖
최고점,最高点
최고조,最高潮
최고참,最古参
최고치,最高值; 最高値
최과,摧垮
최괴,最坏
최근,最近
최근세,最近世
최근작,最近作
최기,羧基
최남,崔楠
최남단,最南端
최녀사,崔女士
최다,最多
최단,最短
최단명,最短命
최대,最大
최대다수,最大多数
최대량,最大量
최대림,崔大林
최대수익자,最大受益者
최대어,最大鱼
최대자,最大者
최대치,最大值; 最大値
최대한,最大限
최대한도,最大限度
최대형,最大型
최대화,最大化
최동,催动
최로사,崔老师
최루,催泪
최루성,催泪性
최루액,催泪液
최루와사,催泪瓦斯
최루탄,催泪弹
최만,最晚
최말직,最末职
최면,催眠
최면곡,催眠曲
최면술,催眠术
최명,催命
최모,崔某
최미절요,摧眉折腰
최민,崔珉
최방혁,崔邦焱
최부,最不
최북단,最北端
최붕,崔鹏
최비,催肥
최빈,崔斌
최빈국,最贫国
최산,羧酸; 催产
최산소,催产素
최상,最上
최상급,最上级
최상급자,最上级者
최상품,最上品
최생,催生
최선,最善; 最先
최선생,崔先生
최선책,最善策
최소,最小; 最少
최소우,最小雨
최소자,最小者
최소치,最小值
최소한,最小限
최소한도,最小限度
최소화,最小化; 最少化
최수,催收
최숙,催熟
최신,最新
최신곡,最新曲
최신소식,最新消息
최신식,最新式
최신판,最新版
최신형,最新型
최씨,崔氏
최아,催芽
최악,最恶
최애,最爱
최연소자,最年少者
최영걸,崔英杰
최영원,崔永元
최용,崔庸
최우량품,最优良品
최우선,最优先
최우선적,最优先的
최우수,最优秀
최우수상,最优秀赏
최우해,最优解
최우화,最优化
최위,最为
최유소,催乳素
최은택,崔殷泽
최인강진,催人奋进
최인루하,催人泪下
최일가,崔一佳
최일선,最一线
최잔,摧残
최장,最长
최장기간,最长其间
최장수,最长寿
최장신,最长身
최저,最低
최저가,最低价
최저위,最低位
최저점,最低点
최저치,最低值; 最低値
최저하,最底下
최적,最适
최전방,最前方
최전선,最前线
최정,催情
최조,最早
최종,最终
최종심,最终审
최종안,最终案
최종일,最终日
최종적,最终的
최종전,最终战
최주요,最主要
최지우,崔智友
최찬,璀璨
최찬탈목,璀璨夺目
최천개,崔天凯
최철한,崔哲瀚
최첨단,最尖端
최초,最初
최촉,催促
최최,最最
최측근,最侧近
최쾌,最快
최토,催讨
최판,催办
최핍,催逼
최하,最下
최하위,最下位
최하위권,最下位圈
최하층,最下层
최항량,崔恒亮
최혜국,最惠国
최혜국대우,最惠国待遇
최호,最好; 崔浩
최호시,最好是
최호최호,最好最好
최호환시,最好还是
최화,催化
최화제,催化剂
최효동,崔晓栋
최후,最后
최후적,最后的
최후통첩,最后通牒
최훼,摧毁
추,推; 追; 秋; 抽; 趋; 丑; 皱; 坠; 椎; 枢; 尴; 瞅; 锤; 锥; 揪; 邹; 酋; 捶; 雏; 帚; 惆; 啾; 槌; 锹; 鳅; 刍; 绉; 薮; 溴; 诹; 骓; 妯; 僦; 湫; 愀; 鲰; 缒; 楸; 萑; 隹; 驺; 鄹; 陬; 棰; 麄; 瘳; 萩; 蝤; 魋; 趥; 鬏; 箠; 麤; 菆; 礈; 齺; 䲡; 鞧; 秌; 諈; 緅; 鹙; 穐; 錗; 顀; 箒; 龝; 醜; 尷; 墜; 皺
추가,追加
추가장,追加奖
추가적,追加的
추가화,邹家华
추각,丑角; 推却
추간,追赶; 推杆
추간공,椎间孔
추간반,椎间盘
추간반돌출,椎间盘突出
추간자,追赶者
추간판,椎间板
추개,尴尬; 推开; 邹凯
추거,推举; 推拒
추검,抽检; 丑脸
추격,追击; 追缴
추격전,追击战
추견,瞅见
추경,追更; 秋耕; 秋景
추계,推计; 秋季; 雏鸡
추고,推敲
추고기상,秋高气爽
추곡,秋谷
추골,椎骨
추공,抽空
추광,推广
추광원,推广员
추괴,丑怪
추구,追求; 追究; 推求
추구성,追求性
추구욕,追求欲
추구자,追求者
추궁,追穷; 椎弓
추궁근,椎弓根
추극,丑剧
추근,抽筋; 追根
추근구저,追根究底
추근소원,追根溯源
추급,推及
추기,坠机; 枢机; 追记
추기경,枢机卿
추기급인,推己及人
추긴,抽紧
추나,推拿
추녀사,邹女士
추념,追念
추뉴,枢纽
추단,推断
추달,推挞
추대,推戴
추도,推倒; 追到; 推导; 追悼; 抽逃; 邹涛
추도강,邹韬奋
추도사,追悼辞
추도식,追悼式
추도회,追悼会
추돌,追突
추동,推动; 秋冬; 趋同; 抽动
추동력,推动力
추동맥,椎动脉
추동성,趋同性
추동자,推动者
추두,锤头; 抽头
추락,坠落
추량,秋粮; 秋凉
추력,推力
추련,锤炼
추로호,秋老虎
추론,推论
추루,丑陋
추리,推理; 趋利
추리극적,推理剧的
추리력,推理力
추리피해,趋利避害
추림,秋林
추마,推磨
추명축리,追名逐利
추모,追慕; 邹某
추모비,追慕碑
추모식,追慕式
추모제,追慕祭
추문,丑闻; 追问; 皱纹
추미,皱眉
추미두,皱眉头
추밀,枢密
추밀사,枢密使
추밀원,枢密院
추반,推盘
추방,追放
추방당,追放当
추배,捶背
추번,推翻
추병,追兵
추분,秋分; 锥体
추분속,锥体束
추붕,邹鹏
추비,追肥
추사,抽查; 追查; 推卸; 推辞; 追思; 丑事; 抽丝; 秋思; 抽纱
추산,推算; 溴酸
추삼조사,推三阻四
추상,抽象; 秋霜; 追上; 推搡; 追偿; 推想
추상사유,抽象思维
추상성,抽象性
추상어,抽象语
추상적,抽象的
추상주의,抽象主义
추상파,抽象派
추상화,抽象化; 抽象画
추색,秋色; 追索
추생,秋生
추서,追敍
추석,秋夕
추선,推选; 抽选
추선생,邹先生
추설,推说
추섬,追歼
추성,追星; 抽成; 邹城
추성문,邹声文
추성시,邹城市
추성족,追星族
추세,趋势
추소,推销; 追溯; 追诉
추소원,推销员
추수,秋收; 追随; 抽水; 秋水; 抽穗; 追授
추수기,抽水机; 抽穗期
추수기의,秋收起义
추수마통,抽水马桶
추수선,秋水禅
추수자,追随者
추수주의,追随主义
추수주의자,秋收主义者
추술,追述
추숭,推崇
추숭비지,推崇备至
추습,皱褶
추승로,邹承鲁
추신,追伸; 抽身
추심,推寻; 追寻; 揪心
추심치복,推心置腹
추악,丑恶
추악상,丑恶相
추압,雏鸭
추앙,推仰
추양,抽样; 推让; 秋阳
추양조사,抽样调查
추억,追忆
추억담,追忆谈
추억물,追忆物
추연,抽烟; 推演; 推延
추열,抽噎
추염부핵,趋炎附势
추영,秋英
추우,趋于
추우완선,趋于完善
추우일치,趋于一致
추월,追越
추위,推诿; 推委
추유,秋游; 邹游
추유간,抽油杆
추유기,抽油机
추유연기,抽油烟机
추읍,抽泣
추의,刍议
추이,推移
추이광지,推而广之
추이균,邹尔均
추인,追认; 丑人
추인적,追认的
추일,秋日
추입애하,坠入爱河
추자,锤子; 锥子; 坠子
추자천,邹子川
추자화,邹子华
추잡,丑杂
추장,酋长; 抽奖; 追赃
추쟁,邹峥
추적,追迹
추전,鳅典; 秋田
추절,皱折
추정,推定; 秋征
추정액,推定额
추정지,邹静之
추정치,推定值; 推定値
추제,抽提; 推挤
추조,抽调; 雏鸟
추종,追从; 追踪
추종자,追从者
추중,推重
추증,追赠
추지,推迟; 坠地; 推知
추지약목,趋之若鹜
추진,推进
추진기,推进器
추진력,推进力
추진반,推进班
추진부장,推进部长
추진제,推进剂
추진출신,推陈出新
추집,追缉
추징,追征
추징금,追征金; 追征金
추차,推车
추창,惆怅
추채,秋菜
추천,推荐; 追荐; 秋天; 秋千
추천권자,推荐权者
추천사,推荐辞
추천서,推荐书
추천성,推荐性
추천신,推荐信
추천자,推荐者
추천추천,推荐推荐
추첨,抽签
추첩,邹捷
추청하,邹清荷
추체,椎体; 抽屉
추체험,追体验
추초,秋草; 追剿
추추,瞅瞅; 啾啾; 推推; 枢椎; 秋秋; 捶捶
추추미,皱皱眉
추추상상,推推搡搡
추추파파,皱皱巴巴
추축,追逐
추축국,枢轴国
추축새,追逐赛
추춘란,邹春兰
추출,抽出; 推出
추출물,抽出物
추출액,抽出液
추취,抽取
추측,推测; 抽测
추측성,推测性
추타,抽打; 捶打
추탁,推托
추탈,推脱
추탈책임,推脱责任
추태,丑态
추태백출,丑态百出
추토기,推土机
추파,秋波; 秋播
추파조란,推波助澜
추파파,皱巴巴
추팔괴,丑八怪
추평,邹平
추포,追捕
추풍,秋风; 抽风; 追风
추풍낙엽,秋风落叶
추풍소락협,秋风扫落叶
추해당,秋海棠
추핵,趋势
추핵선,趋势线
추핵성,趋势性
추행,丑行; 推行
추향,趋向; 秋香
추험,抽验
추혈,抽血
추형,雏形; 锥形; 雏型
추형병,锥形瓶
추호,秋毫
추화,丑化; 溴化; 丑话; 秋华
추환,追还
추회,追回; 追悔
추회막급,追悔莫及
추후,追后; 秋后
추후산장,秋后算账
추훼,坠毁
추휵,抽搐
추흉,捶胸
추흉돈족,捶胸顿足
축,逐; 筑; 缩; 祝; 丑; 蓄; 畜; 轴; 竺; 蹙; 柚; 槭; 蹴; 妯; 舳; 踧; 稸; 茿; 縮; 築; 軸
축가,祝歌; 祝家
축가정,竺可桢
축간사,祝刊辞
축감,缩减
축개,逐个
축객,逐客
축객령,逐客令
축거,轴距
축계,轴系
축공,缩孔
축관,祝官
축구,蹴球; 逐句
축구계,蹴球界
축구단,蹴球团
축구부,蹴球部
축구인,蹴球人
축구장,蹴球场
축구회,蹴球会
축긴,缩紧
축년,逐年
축년체증,逐年递增
축농증,蓄脓症
축능,蓄能
축단,缩短
축대,筑台
축대칭,轴对称
축도,缩图
축랑,逐浪
축략어,缩略语
축력,畜力
축로,筑路
축로사,祝老师
축록,逐鹿
축록중원,逐鹿中原
축뢰,筑牢
축류,畜类
축리,妯娌
축마마,祝妈妈
축면,轴面
축명천,祝明天
축모,蓄谋; 祝某
축모이구,蓄谋已久
축목,畜牧
축목업,畜牧业
축문,祝文
축미,蹙眉; 缩微
축미박,祝微博
축발자,缩脖子
축방,筑防; 缩放
축배,祝杯
축법,筑法
축보,逐步
축복,祝福
축사,畜舍; 祝辞; 缩写; 祝词
축산,畜产
축산물,畜产物
축산업,畜产业
축산업자,畜产业者
축산품,畜产品
축생,畜生
축생의,祝生意
축선,轴线
축성,筑城
축소,缩小; 筑巢
축소판,缩小版
축수,缩水; 蓄水; 祝寿; 缩手
축수량,蓄水量
축수지,蓄水池
축수축각,缩手缩脚
축승,轴承
축시,缩时
축신년,祝新年
축신춘,祝新春
축심,轴心
축심국,轴心国
축양,蓄养
축연풍,竺延风
축영,缩影
축영대,祝英台
축옥기,祝玉琪
축옥연,祝玉妍
축와,轴瓦
축원,祝愿
축원단,祝元旦
축월,逐月; 祝越
축유사,祝维沙
축유일,祝幼一
축융,祝融
축음기,蓄音机
축의,蓄意
축의금,祝仪金; 祝仪金
축인기,祝人气
축일,逐一; 逐日
축일범,祝一帆
축자,逐字
축자축구,逐字逐句
축재,蓄财
축재자,蓄财者
축적,蓄积
축적량,蓄积量
축전,祝典
축전기,蓄电器
축전지,蓄电池
축절면,轴切面
축점,逐渐
축점감량,逐渐减量
축제,祝祭
축제일,祝祭日
축제적,祝祭的
축조,筑造; 逐条
축조물,筑造物
축조적,逐条的
축주,祝酒
축지법,缩地法
축진,缩进
축차,逐次
축척,缩尺
축첩,蓄妾; 祝捷
축출,逐出
축투,轴套
축파,筑坝; 逐波
축편,缩编
축포,祝砲
축하,祝贺
축하객,祝贺客
축하단,祝贺团
축하연,祝贺宴
축하주,祝贺酒
축하축하,祝贺祝贺
축하품,祝贺品
축합,缩合
축항,筑港
축행소묘,逐行扫描
축향력,轴向力
축호,祝好
축홍,蓄洪
춘,春; 椿; 蝽; 䲠
춘가,春假
춘강,春江
춘거추래,春去秋来
춘경,春耕; 春景
춘계,春季
춘곤,春困
춘관,春灌
춘광,春光
춘광명미,春光明媚
춘궁,春宫
춘궁기,春穷期
춘권,春卷
춘난,春暖
춘난화개,春暖花开
춘란,春兰
춘란고분,春兰股份
춘란집단,春兰集团
춘련,春联
춘뢰,春雷
춘맥,春麦
춘몽,春梦
춘방,春榜
춘병,春饼
춘분,春分
춘산,春山
춘상,春上
춘색,春色
춘색만원,春色满园
춘성,春城
춘성만보,春城晚报
춘소,春宵
춘소맥,春小麦
춘수,春水
춘순,春笋
춘신군,春申君
춘심,春心
춘심탕양,春心荡漾
춘야,春夜
춘약,春药
춘양,春阳
춘양목,春阳木
춘옥미,春玉米
춘우,春雨
춘운,春运
춘유,春游
춘의,春意
춘의앙연,春意盎然
춘일,春日
춘잠,春蚕
춘잠도사사방진,春蚕到死丝方尽
춘장,春装
춘절,春节
춘정,春情
춘조,春潮
춘종,春种
춘주,春酒
춘차,春茶
춘천,春天
춘추,春秋
춘추전국,春秋战国
춘축,春祝
춘축심,春祝心
춘파,春播
춘풍,春风
춘풍득의,春风得意
춘풍만면,春风满面
춘풍취우생,春风吹又生
춘풍화우,春风化雨
춘하계절,春夏季节
춘하추동,春夏秋冬
춘한,春旱; 春寒
춘한료초,春寒料峭
춘향,春香
춘화,春画; 春花; 春华
춘화추실,春华秋实
춘화추월,春花秋月
춘황,春荒
춘회대지,春回大地
춘훈,春训
춘휘,春晖
출,出; 术; 础; 黜; 怵; 绌; 黢; 秫; 岀
출가,出嫁; 出家; 出价; 出街
출가외인,出嫁外人
출가인,出家人
출각,出脚; 出阁
출간,出刊
출감,出监
출강,出讲
출거,出去
출격,出击; 出格
출결,出缺
출경,出境
출경률,出镜率
출계,出界
출고,出库
출고일,出库日
출공,出工
출관,出管
출구,出口; 出具; 出九
출구도향형,出口导向型
출구량,出口量
출구무역,出口贸易
출구상,出口商
출구상인,出口伤人
출구성장,出口成章
출구신대,出口信贷
출구액,出口额
출구전내소,出口转内销
출구지,出口地
출구처,出口处
출구허가정,出口许可证
출구형,出口型
출구화,出口货
출국,出国; 出局
출국인원,出国人员
출궤,出轨
출근,出勤
출근률,出勤率
출금,出禁; 出金; 出金
출기,出奇; 出气
출기부의,出其不意
출기제승,出奇制胜
출기초,出奇招
출납,出纳
출납원,出纳员
출당,黜党
출대,出台
출도,出逃; 出图
출동,出动
출두,出头
출두조,出头鸟
출두지일,出头之日
출락,出落
출란,出栏
출란률,出栏率
출란자,出乱子
출래,出来
출랭한,出冷汗
출력,出力
출력기,出力机
출렬,出列
출로,出路; 出炉; 出露
출롱,出笼
출료,出了
출루율,出垒率; 出垒率
출류발췌,出类拔萃
출마,出马
출마설,出马说
출마자,出马者
출매,出卖
출면,出面
출명,出名
출모병,出毛病
출모헌책,出谋献策
출모획책,出谋划策
출목경심,怵目惊心
출몰,出没
출묘,出苗
출묘률,出苗率
출문,出门
출문제,出问题
출반,出班
출발,出发
출발법,出发法
출발선,出发线
출발점,出发点
출방,出访
출범,出帆
출병,出兵
출분,出奔
출빈,出殡
출사,出事; 出使; 出师
출사미첩신선사,出师未捷身先死
출사부리,出师不利
출사표,出师表
출산,出产; 出山
출산기,出产气
출산력,出产力
출산아,出产儿
출산율,出产率; 出产率
출산자,出产者
출새,出赛; 出塞
출색,出色
출생,出生
출생률,出生率
출생설,出生说
출생인,出生人
출생입사,出生入死
출생자,出生者
출생지,出生地
출석,出席
출석부,出席簿
출석자,出席者
출선,出线
출선권,出线权
출성,出声
출세,出世
출세작,出世作
출세주의,出世主义
출소,出关
출소자,出所者
출수,出售; 出手; 出水; 出数
출수량,出水量
출수부범,出手不凡
출수부용,出水芙蓉
출수자,出售者
출순,出巡
출시,出市; 出示
출시사,出市社
출식,出息
출신,出身; 出神
출신고,出身高
출신입화,出神入化
출신자,出身者
출신지,出身地
출아,出芽
출양,出让; 出洋
출양금,出让金
출양상,出洋相
출어,出渔
출어니이부염,出淤泥而不染
출언,出言
출언부손,出言不逊
출연,出捐; 出演
출연금,出捐金; 出捐金
출연료,出演料
출연자,出演者
출연진,出演阵
출옥,出狱
출외,出外
출우,出于
출우무내,出于无奈
출원,出愿; 出院
출원인,出愿人
출유,出游
출이반이,出尔反尔
출인두지,出人头地
출인명,出人命
출인의료,出人意料
출인의외,出人意外
출인의표,出人意表
출입,出入
출입경,出入境
출입구,出入口
출입국,出入国
출입문,出入门
출입항,出入港
출자,出资; 出自
출자금,出资金; 出资金
출자액,出资额
출자자,出资者
출작,出猎
출장,出场; 出张
출장비,出张费; 出场费
출장소,出张所
출전,出战; 出钱
출전비,出战费
출점자,出点子
출정,出廷; 出征; 出庭
출정식,出征式
출제,出题
출제목,出题目
출조,出租; 出操
출조률,出租率
출조옥,出租屋
출조인,出租人
출조자,出租者
출조차,出租车
출주,出走
출주의,出主意
출중,出众
출진,出诊; 出阵
출차,出差; 出车; 出借
출착,出错
출참,出站
출창,出厂
출창가,出厂价
출채,出彩
출처,出处
출철,出铁
출초,出鞘; 出超
출추,出丑
출출기,出出气
출출진진,出出进进
출침,出针
출타,出他
출탈,出脱
출토,出土
출퇴근,出退勤
출판,出版
출판가,出版街
출판계,出版界
출판국,出版国
출판물,出版物
출판부,出版部
출판사,出版社
출판상,出版商
출판업,出版业
출판업주,出版业主
출판인,出版人
출판자,出版者
출품,出品
출품작,出品作
출풍두,出风头
출하,出荷
출하량,出荷量
출한,出汗
출항,出港; 出航
출항주,出港酒
출해,出海
출행,出行
출향관,出鄕关
출험,出险
출현,出现
출현률,出现率
출혈,出血
출혈량,出血量
출혈반,出血斑
출혈열,出血热
출혈자,出血者
출혈점,出血点
출호,出乎
출호의료,出乎意料
출호의외,出乎意外
출화,出货; 出花
출화량,出货量
출활,出活
출희,出戏
충,种; 充; 冲; 虫; 忠; 衷; 忡; 茧; 盅; 艟; 翀; 茺; 衝; 沖; 蟲
충격,冲击; 冲激
충격력,冲击力
충격성,冲击性
충격식,冲击式
충격적,冲击的
충격파,冲击波
충경,冲劲
충고,忠告; 冲高
충공,充公
충과,冲过
충관,冲冠
충구,冲口
충구이출,冲口而出
충군,充军
충기,充气; 充饥
충기량,充其量
충담,冲淡
충당,充当; 冲撞
충돌,冲突
충돌대,冲突带
충동,冲动
충동구매,冲动购买
충동성,冲动性
충동적,冲动的
충랑,冲浪
충량,冲梁; 冲凉; 忠良; 冲量
충력,冲力
충렬,忠烈
충렬탑,忠烈塔
충만,充满
충복,冲服
충봉,冲锋
충봉주,冲锋舟
충봉창,冲锋枪
충봉함진,冲锋陷阵
충분,充分
충분료해,充分了解
충분성,充分性
충분운용,充分运用
충분조건,充分条件
충살,冲杀
충상,冲上; 冲床
충상호형,充常户刑
충새,充塞
충서,忠恕
충성,忠诚
충성도,忠诚度
충성심,忠诚心
충세,冲洗
충소,冲销; 冲霄
충쇄,冲刷
충수,冲水; 充数
충승,冲绳
충승도,冲绳岛
충승현,冲绳县
충신,忠臣; 忠信
충실,充实; 忠实
충실성,充实性
충심,衷心; 忠心
충심감사,衷心感谢
충심경경,忠心耿耿
충압,冲压
충언,忠言
충언역이,忠言逆耳
충영,充盈
충용,忠勇
충우,忠于
충우직수,忠于职守
충원,充员
충유,充裕
충의,忠义
충이부문,充耳不闻
충인,冲印
충일,充溢
충임,充任
충입,冲入
충자,冲刺
충장,衷肠
충적,冲积
충적세,冲积世
충적지,冲积地
충적평원,冲积平原
충전,充电; 充填
충전기,充电器
충전식,充电式
충절,忠节
충정,忠情; 忠贞; 冲顶; 冲程; 衷情
충정부투,忠贞不渝
충제,冲剂
충조,冲澡; 冲调
충족,充足
충족감,充足感
충족률,充足率
충족성,充足性
충족적,充足的
충주,冲走
충직,忠直
충진,冲进
충진거,冲进去
충착,冲着
충척,充斥
충천,冲天
충청도,忠清道; 忠淸道
충출,冲出
충출래,冲出来
충출새,冲出赛
충충,冲冲
충충전,充充电
충치,虫齿; 充值
충치잡,充值卡
충파,冲破
충패,充沛
충포,冲泡
충향,冲向
충허,冲虚
충현,忠县
충혈,充血
충혈성,充血性
충혼,冲昏; 忠魂
충혼두뇌,冲昏头脑
충효,忠孝
충후,忠厚
충후로실,忠厚老实
충희,冲喜
췌,揣; 悴; 萃; 赘; 惴; 瘁; 膵
췌도,揣度
췌마,揣摩
췌생물,赘生物
췌술,赘述
췌언,赘言
췌장,膵脏
췌장암,膵脏癌
췌장염,膵脏炎
췌췌,惴惴
췌췌부안,惴惴不安
췌취,萃取
췌취액,萃取液
췌측,揣测
취,就; 取; 嘴; 趣; 聚; 吹; 醉; 脆; 骤; 臭; 翠; 娶; 揣; 炊; 橇; 鹫; 膬; 臎; 觜; 毳; 翆
취각,嘴角
취간,吹干
취갑철,聚甲醛
취강,骤降
취객,醉客
취거,聚居
취거구,聚居区
취거지구,聚居地区
취검,嘴脸
취결,取决
취결우,取决于
취경,取景; 取经; 嘴硬
취경기,取景器
취고수,吹鼓手
취골,脆骨
취관,取款; 吹管
취광등,聚光灯
취교,就教; 取巧
취구,炊具
취구초,吹口哨
취권,醉拳
취귀,醉鬼
취근,就近
취금,就擒
취급,取扱
취급당,取扱当
취급률,取扱率; 取扱率
취기,醉气; 臭气; 吹气
취기정화,取其精华
취기훈천,臭气熏天
취난,取暖
취난비,取暖费
취녀인,臭女人
취눈,脆嫩
취능,就能
취당,聚糖
취대,取代
취도,取道; 吹倒; 吹掉; 聚赌
취독,就读
취동,吹动
취두부,臭豆腐
취득,取得; 就得
취득자,取得者
취라팔,吹喇叭
취락,聚落; 取乐
취락지,聚落地
취랍탄창,吹拉弹唱
취랭풍,吹冷风
취렴,聚敛
취로,就劳
취로파,娶老婆
취록,翠绿
취록을희,聚氯乙烯
취롱,聚拢
취룡,聚龙
취류,聚类
취매,臭骂
취명,取名; 臭名
취명규,取名叫
취명소저,臭名昭著
취명원양,臭名远扬
취명위,取名为
취모구자,吹毛求疵
취모방,吹毛纺
취목,就木
취문,趣闻
취미,趣味; 臭味; 臭美; 翠微
취미상투,臭味相投
취미성,趣味性
취민유도,取民有度
취백,翠柏
취범,就范
취법,取法
취변,聚变; 骤变
취병,翠屏; 脆饼
취병희,聚丙烯
취보,取保
취보분,聚宝盆
취보후심,取保候审
취봉,吹捧
취부,就不
취부가문,臭不可闻
취분,聚苯; 嘴笨
취분을희,聚苯乙烯
취불,吹拂
취사,取舍; 炊事; 趣事; 取士
취사도구,炊事道具
취사론사,就事论事
취사선택,取舍选择
취사성탑,聚沙成塔
취사원,炊事员
취사장,炊事场
취산,就算; 聚散; 吹散
취상,就像; 脆爽
취생몽사,醉生梦死
취생생,脆生生
취서,就绪
취선알,聚酰胺
취설,吹雪
취성,脆性
취소,取消; 取笑; 吹箫
취소기,取消期
취수,聚首; 就手
취수구,臭水沟
취순,嘴唇
취승,取胜
취시,就是
취시설,就是说
취시성,就是性
취식부,娶媳妇
취신,取信
취신우,取信于
취신우민,取信于民
취심,醉心
취아,嘴儿
취안,醉眼
취안지,聚氨酯
취약,脆弱
취약성,脆弱性
취약점,脆弱点
취양,取样; 臭氧
취양층,臭氧层
취업,就业
취업난,就业难
취업률,就业率; 就业率
취업반,就业班
취업자,就业者
취연,骤然; 炊烟; 嘴软
취열,取悦
취옥,翠玉
취옹,醉翁
취옹지의부재주,醉翁之意不在酒
취요,就要
취우,吹牛; 骤雨
취우박마,吹牛拍马
취우피,吹牛皮
취위,就位
취유,就有
취을희,聚乙烯
취을희순,聚乙烯醇
취의,就医; 醉意; 就义; 聚义
취이대지,取而代之
취일취,聚一聚
취임,就任
취임사,就任辞
취임식,就任式
취임일,就任日
취입,吹入
취자,取自; 嘴子
취장보단,取长补短
취재,取材; 就在
취재반,取材班
취재석,取材席
취재우,就在于
취재원,取材源
취재일기,聚在一起
취재지,取材地
취재진,取材阵
취적,聚积; 吹笛
취전,臭钱
취점,聚点
취정,取证; 就正
취정회신,聚精会神
취제,聚齐
취조,取调; 翠鸟
취좌,就坐; 就座
취주,取走; 吹走; 吹奏
취주자,醉酒者
취중,醉中; 聚众
취증,骤增
취지,趣旨; 就地; 聚酯
취지문,趣旨文
취지부진,取之不尽
취지우민,取之于民
취지정법,就地正法
취지취재,就地取材
취직,就职
취직자,就职者
취진,就诊
취진자,就诊者
취집,聚集
취집률,聚集率
취집성,聚集性
취집지,聚集地
취차,就此
취차파휴,就此罢休
취찬,聚餐; 就餐
취찬자,就餐者
취참,嘴馋
취처,娶妻
취처생자,娶妻生子
취첨,嘴甜
취체,取缔
취초,聚焦
취출,取出
취취,聚聚; 吹吹
취취풍,吹吹风
취친,娶亲
취침,就寝
취침나팔,就寝喇叭; 就寝喇叭
취쾌,嘴快
취타,吹打
취탄,吹弹
취태,醉态
취택,取择
취파,嘴巴
취편,就便
취평,取平
취풍,吹风
취풍기,吹风机
취피,嘴皮
취피자,嘴皮子
취하,取下
취학,就学
취학률,就学率; 就学率
취한,醉汉
취합,聚合; 就合
취합매,聚合酶
취합물,聚合物
취항,就航
취핵,就势
취행,就行
취향,趣向; 取向; 脆响
취허,吹嘘
취호,就好
취홍홍,臭烘烘
취화,翠华; 取火; 醉话
취회,就会; 聚会; 取回
취훈훈,醉醺醺
취훼,臭虫
측,测; 侧; 厕; 恻; 仄; 昃; 稄; 測; 側; 廁
측간,厕间
측거,测距
측거의,测距仪
측공,测控
측교,测交
측근,侧近; 侧根
측근자,侧近者
측기,侧记
측뇌실,侧脑室
측도,测度
측량,测量
측량법,测量法
측량선,测量船
측량술,测量术
측량업자,测量业者
측량오차,测量误差
측량학,测量学
측련,侧链
측면,侧面
측면적,侧面的
측목,侧目
측문,侧门
측백,侧柏
측보,测报
측부,侧部
측산,测算; 测产
측소,厕所
측시,测试; 测时; 侧视
측시계단,测试阶段
측시보고,测试报告
측시새,测试赛
측시수거,测试数据
측시원,测试员
측시자,测试者
측시측시,测试测试
측신,侧身
측실,侧室
측압,侧压
측연,侧缘
측영,侧影
측온,测温
측와,侧卧
측우기,测雨器
측은,恻隐
측은지심,恻隐之心
측이,侧耳
측익,侧翼
측자,测字
측정,测定; 测井
측정기,测定器
측정망,测定网
측정법,测定法
측정소,测定所
측정치,测定值; 测定値
측족,侧足
측중,侧重
측지,侧枝
측판,侧板
측평,测评
측험,测验
측회,测绘
츤,衬; 榇; 龀
츰,闯
층,层; 蹭; 層
층계,层阶
층계참,层阶站
층고,层高
층류,层流
층리,层理
층림진염,层林尽染
층만첩장,层峦叠嶂
층면,层面
층서,层序
층석,层析
층석법,层析法
층압,层压
층위,层位
층차,层次
층차결구,层次结构
층차성,层次性
층첩,层叠
층출부궁,层出不穷
층층,层层
층층가마,层层加码
층층대,层层台
층층시하,层层侍下
층층첩첩,层层叠叠
층하,层下
치,治; 致; 值; 置; 征; 齿; 驰; 耻; 痴; 稚; 帜; 厕; 峙; 侈; 哆; 嗤; 炽; 淄; 痔; 茬; 辎; 蚩; 觯; 雉; 媸; 缁; 卮; 栀; 螭; 鸱; 褫; 甾; 嵯; 锱; 郗; 鲻; 黹; 埴; 茌; 菑; 薙; 穉; 眵; 胵; 芖; 秲; 葘; 騺; 阤; 糦; 跱; 藢; 鵄; 鴙; 癡; 夂; 恥; 齒; 馳
치가,治家; 值价
치간,齿龈
치겸,致歉
치경,致敬
치계,雉鸡
치골,耻骨
치공당,致公党
치과,齿科
치과의,齿科医
치교,治校
치구,茬口
치국,治国
치국안방,治国安邦
치군,治军
치궁,治穷
치근,齿根; 值勤
치근막,齿根膜
치기,稚气
치기만만,稚气满满
치기미탈,稚气未脱
치남원녀,痴男怨女
치눈,稚嫩
치담,侈谈
치당,值当
치도곤,治盗棍
치득,值得; 値得
치랭,致冷
치력,致力
치력우,致力于
치렬,炽烈
치료,治疗
치료가,治疗价
치료기,治疗期
치료량,治疗量
치료률,治疗率
치료법,治疗法
치료비,治疗费
치료성,治疗性
치료실,治疗室
치료자,治疗者
치료제,治疗剂
치륜,齿轮
치리,治理
치매,痴呆
치명,致命; 驰名
치명상,致命伤
치명성,致命性
치명일격,致命一击
치명적,致命的
치명중외,驰名中外
치명타,致命打
치모,耻毛
치목,治木
치미,痴迷
치미자,痴迷者
치민,致敏
치밀,致密
치박,淄博
치박시,淄博市
치반,值班
치반실,值班室
치반원,值班员
치방,置放
치병,治病; 致病
치병구인,治病救人
치병균,致病菌
치병성,致病性
치보,治保
치보주임,治保主任
치본,治本
치부,置簿; 耻部; 致富
치부로,致富路
치부책,置簿册
치비,置备
치빙,驰骋
치사,耻事; 致死; 致词; 致使; 致辞; 致谢; 治史; 痴傻
치사량,致死量
치사률,致死率
치사상,致死伤
치사성,致死性
치사율,致死率; 致死率
치산,治山; 置产
치상,治丧
치색,哆嗦
치서,致书
치성,炽盛
치세,治世
치소,耻笑; 嗤笑; 治所
치수,治水; 值守
치수필교,锱铢必较
치승,值乘
치신,置身; 置信
치신경,齿神经
치신사외,置身事外
치심,痴心
치심망상,痴心妄想
치심부개,痴心不改
치아,齿牙
치안,治安
치안국장,治安局长
치안대,治安队
치안원,治安员
치암,致癌
치암물,致癌物
치암성,致癌性
치애,致哀
치야,值夜
치약,齿药
치약망문,置若罔闻
치업,置业
치업자,置业者
치역,值域
치열,炽烈; 齿列; 炽烈; 齿列
치외,治外
치욕,耻辱
치용,致用
치우,蚩尤
치우사지,置于死地
치원,驰援
치유,治愈
치유력,治愈力
치유률,治愈率
치유자,治愈者
치유책,治愈策
치의,缁衣; 致意; 置疑
치이,致以
치인설몽,痴人说梦
치일,值日
치일생,值日生
치자,栀子
치장,治粧
치적,治绩
치전,致电; 值钱
치정,痴情
치조,齿条; 齿槽
치졸,稚拙
치죄,治罪
치주,值周
치중,置重; 辎重
치지도외,置之度外
치지부리,置之不理
치지사지이후생,置之死地而后生
치지이비,嗤之以鼻
치질,痔疾
치차,值此
치창,痔疮; 治厂
치천,淄川
치천구,淄川区
치치,痴痴; 嗤嗤
치치색색,哆哆嗦嗦
치통,齿痛
치판,置办
치평,置评; 治平
치표,治标
치표부치본,治标不治本
치하,治下; 致贺
치학,治学
치학엄근,治学严谨
치한,痴汉
치함,致函
치화,致和
치환,置换
치황,治黄
치회,治淮
칙,则; 勅; 饬; 趩; 鷘; 敕; 則
칙령,敕令
칙사,勅使
칙서,勅书
칙안지,则安之
친,亲; 衬; 榇; 龀; 親; 襯
친가,亲家
친가모,亲家母
친고,亲故
친고문,亲故们
친고죄,亲告罪
친교,亲交
친구,亲旧; 亲口
친구지간,亲旧之间
친귀,亲贵
친귀족적,亲贵族的
친근,亲近
친근감,亲近感
친낭,亲娘
친닐,亲昵
친대,亲代
친동생,亲同生
친력,亲历
친력자,亲历者
친률,亲率
친리,衬里
친목,亲睦
친목계,亲睦契
친목회,亲睦会
친문,亲吻
친밀,亲密
친밀감,亲密感
친밀도,亲密度
친밀무간,亲密无间
친병,亲兵
친병문,亲兵们
친본,亲本
친부모,亲父母
친분,亲分
친붕,亲朋
친붕호우,亲朋好友
친붕호우문,亲朋好友们
친사,亲事
친삼,衬衫
친생,亲生
친생골육,亲生骨肉
친생부모,亲生父母
친서,亲书
친서방,亲西方
친선,亲善
친선전,亲善战
친소,亲疏
친속,亲属
친속문,亲属们
친손녀,亲孙女
친손자,亲孙子
친수,亲手; 亲水; 亲随
친수성,亲水性
친숙,亲熟
친숙성,亲熟性
친신,亲身; 亲信
친신경력,亲身经历
친신분험,亲身体验
친안,亲眼
친안소견,亲眼所见
친애,亲爱
친야,亲野
친여,亲与
친여일가,亲如一家
친여형제,亲如兄弟
친연,亲缘
친열,亲热
친왕,亲王
친우,亲友
친우문,亲友们
친원전,亲原电
친위,亲卫
친위대,亲卫队
친의,衬衣
친인,亲人
친인문,亲人们
친일,亲日
친일적,亲日的
친일파,亲日派
친임,亲临
친자,亲子; 亲自
친자감정,亲子鉴定
친자매,亲姉妹
친자소계,亲子关系
친자식,亲子息
친잠례,亲蚕礼
친저,衬底
친전,亲传
친절,亲切
친절교담,亲切交谈
친점,衬垫
친정,亲庭; 亲政; 亲情; 亲征
친조부모,亲祖父母
친족,亲族
친지,亲知
친척,亲戚
친척문,亲戚们
친체,衬砌
친취,亲嘴
친친,亲亲
친친열열,亲亲热热
친탁,衬托
친투,衬套
친필,亲笔
친합력,亲合力
친형,亲兄
친형제,亲兄弟
친화,亲和
친화감,亲和感
친화력,亲和力
친화성,亲和性
친화적,亲和的
칠,七; 漆; 柒
칠거지악,七去之恶
칠공,漆工
칠교판,七巧板
칠규,七窍
칠규생연,七窍生烟
칠기,漆器
칠년급,七年级
칠단,七段
칠대하,七台河
칠대하시,七台河市
칠령팔락,七零八落
칠로팔십,七老八十
칠률,七律
칠리하,七里河
칠리하구,七里河区
칠면조,七面鸟
칠백,七百
칠백오십삼,七百五十三
칠보,七宝
칠보성시,七步成诗
칠분지일,七分之一
칠삭,七朔
칠상팔하,七上八下
칠색,七色
칠서,七书
칠석,七夕
칠성,七成; 七星
칠성급,七星级
칠성암,七星岩
칠수,漆树
칠수팔각,七手八脚
칠순,七旬
칠십,七十
칠십객,七十客
칠십억,七十亿
칠십이변,七十二变
칠십일,七十一
칠오조,七五调
칠월,七月
칠월분,七月份
칠전팔기,七顚八起
칠절,七绝
칠정,七情
칠정륙욕,七情六欲
칠천,七贱
칠천만,七千万
칠첩반상,七-饭床
칠촌,七寸
칠취팔설,七嘴八舌
칠칠사변,七七事变
칠판,漆板
칠팔,七八
칠팔십,七八十
칠팔월,七八月
칠팔월생,七八月生
칠포로,七浦路
칠포선,漆包线
칠품,七品
칠피,漆皮
칠향계탕,七香鸡汤
칠화,漆画
칠훈팔소,七荤八素
칠흑,漆黑
칠흑일단,漆黑一团
침,沉; 侵; 针; 沈; 浸; 枕; 寝; 湛; 忱; 琛; 谌; 砧; 郴; 𬘭; 吣; 锓; 椹; 骎; 鱵; 葴; 鮼; 祲; 綅; 踸; 鈂; 針; 寢
침가,沈家
침가니,沈佳妮
침가의,沈佳宜; 沈佳仪
침각,针脚
침강,沉降; 沈强
침강량,沉降量
침건,枕巾; 沈健
침건충,沈建忠
침결,沈洁
침겸,沈谦
침경,沈琼
침고,浸膏
침골,枕骨
침공,侵攻; 针孔
침관,针管
침굉결,沈宏洁
침구,寝具; 针灸
침구류,寝具类
침국방,沈国放
침궁,寝宫
침권,侵权
침권인,侵权人
침권자,侵权者
침균유,沈钧儒
침남붕,沈南鹏
침낭,寝囊
침녀사,沈女士
침노,侵掳; 侵擄
침닉,沉溺
침대,寝台; 针对
침대보,寝台褓
침대성,针对性
침두,枕头; 针头
침득주기,沉得住气
침락,沉落
침랑,沈浪
침략,侵掠; 侵略
침략군,侵略军
침략기,侵略期
침략당,侵略当
침략성,侵略性
침략자,侵略者
침략적,侵略的
침략전쟁,侵略战争
침로도,沈路涛
침로사,沈老师
침뢰,沈雷
침룡원,沈龙元
침륜,沉沦
침림,沈琳
침마,针麻
침만삼,沈万三
침면,沉湎
침모,针母; 沈某
침목,砧木; 枕木
침목풍,沈木风
침몰,沉没; 浸没
침묵,沉默; 沈默; 沈墨
침묵과언,沉默寡言
침묵병,沉默病
침묵부어,沉默不语
침묵언,沈默言
침묵증,沉默症
침문,沈雯
침미,沉迷
침민,沉闷
침방,沈放
침범,侵犯
침법,针法
침벽군,沈璧君
침봉,针峰
침봉상대,针锋相对
침부,沉浮
침부린,沈富麟
침부웅,沈富雄
침북,沈北
침붕,沈鹏
침비,沈飞
침빙,沈冰
침사,沉思; 沉渣
침사범기,沉渣泛起
침삽,针插
침상,寝床; 沉箱
침상복,沈祥福
침선,针线; 沉船
침선생,沈先生
침소,沈笑
침소저,沈小姐
침수,沈水; 浸水; 沉睡
침술,针术
침습,侵袭; 浸湿
침습성,侵袭性
침승의,沈胜衣
침식,侵蚀; 寝食; 浸蚀
침식곡,浸蚀谷
침식난안,寝食难安
침식부안,寝食不安
침식성,侵蚀性
침실,寝室
침심,枕芯
침씨,沈氏
침아,沉疴
침안,针眼
침안비,沈雁飞
침안빙,沈雁冰
침양,沈阳
침양공업대학,沈阳工业大学
침양금덕대,沈阳金德队
침양기상집단,沈阳机床集团
침양농업대학,沈阳农业大学
침양대,沈阳队
침양대학,沈阳大学
침양만보,沈阳晚报
침양부대,沈阳部队
침양사범대학,沈阳师范大学
침양새구,沈阳赛区
침양성,沈阳城
침양시,沈阳市
침양시공안국,沈阳市公安局
침양시중급인민법원,沈阳市中级人民法院
침양의학원,沈阳医学院
침양일보,沈阳日报
침양전시대,沈阳电视台
침양지구,沈阳地区
침양참,沈阳站
침양철로국,沈阳铁路局
침어락안,沉鱼落雁
침여빙,沈如冰
침염,浸染; 侵染
침엽수,针叶树
침엽수림,针叶树林
침요,侵扰
침욕,浸浴
침우,沈宇
침욱,沉郁
침울,沈郁
침원,沉冤
침월,侵越
침윤,浸润
침윤성,浸润性
침윤형,浸润型
침은,沉稳
침음,沉吟
침음부어,沉吟不语
침응,沈鹰
침입,侵入; 沉入; 浸入
침입성,侵入性
침입자,侵入者
침입죄,侵入罪
침자,针刺
침자수,沈者寿
침잠,沈潜; 沉潜
침저,沉底
침적,沉积; 沉寂
침적물,沉积物
침적상,沉积相
침적암,沉积岩
침전,沈淀; 沉淀; 寝殿
침전물,沈淀物; 沉淀物
침전법,沉淀法
침전전,沉甸甸
침전하,沈殿霞
침점,侵占
침정,沉静; 沉井
침제,针剂
침종,浸种
침종문,沈从文
침종운,沈从云
침주,郴州
침주기,沉住气
침주시,郴州市
침준림,沈俊林
침중,沉重; 沈重
침지,浸渍
침지진,沈志真
침직,针织
침직품,针织品
침징,沈澄
침착,沈着; 沉着
침창민,沈昌珉
침첨,针尖
침첨대맥망,针尖对麦芒
침청,沈青; 沈清
침체,沈滞
침체기,沈滞期
침취,沉醉; 浸取
침침,沈沈; 沉浸; 沈忱
침탄,侵吞
침탈,侵夺
침통,沈痛; 沉痛; 针筒
침투,浸透; 枕套
침판,砧板
침폄,针砭
침폄시폐,针砭时弊
침포,浸泡
침하,沈下; 沉下
침하거,沉下去
침하구,沈河区
침하림,沈霞琳
침함,沉陷; 沈晗
침해,侵害
침해당,侵害当
침해자,侵害者
침해죄,侵害罪
침향,沉香
침헌,沈轩
침협,针叶; 枕叶
침협림,针叶林
침호,沈浩
침화,侵华
침화전쟁,侵华战争
침환,沈欢
칩,蛰
칩거,蛰居
칩복,蛰伏
칭,称; 秤; 穪; 稱
칭간,秤杆
칭기,称奇
칭다,称多
칭도,称道
칭량,称量
칭병,称病
칭사,称谢
칭선,称羡
칭송,称颂
칭신,称臣
칭심,称心
칭심여의,称心如意
칭예,称誉
칭왕,称王
칭왕칭패,称王称霸
칭웅,称雄
칭위,称为; 称谓
칭작,称作
칭제,称帝
칭지위,称之为
칭직,称职
칭찬,称赞
칭타,秤砣
칭패,称霸
칭패세계,称霸世界
칭허,称许
칭형도제,称兄道弟
칭호,称号; 称呼
카,卡; 胩; 佧
쾌,快; 筷; 侩; 狯; 哙
쾌간,快干
쾌감,快感
쾌거,快举; 快擧
쾌거쾌회,快去快回
쾌건,快件
쾌공,快攻
쾌도난마,快刀乱麻; 快刀亂麻
쾌도료,快到了
쾌도참란마,快刀斩乱麻
쾌락,快乐; 快樂
쾌락적,快乐的; 快樂的
쾌락주의,快乐主义; 快樂主义
쾌락쾌락,快乐快乐
쾌마,快马
쾌마가편,快马加鞭
쾌만,快慢
쾌문,快门
쾌보,快报; 快步
쾌사,快些; 快事
쾌속,快速
쾌속성,快速性
쾌속증장기,快速增长期
쾌속처리,快速处理
쾌수,快手
쾌신,快讯
쾌어,快语
쾌완료,快完了
쾌요,快要
쾌위,快慰
쾌의,快意
쾌인,快人
쾌인쾌어,快人快语
쾌일점,快一点
쾌자,快子; 筷子
쾌재,快哉
쾌적,快适
쾌적감,快适感
쾌점,快点
쾌정,快艇
쾌조,快照
쾌중자,快中子
쾌진,快进
쾌차,快差; 快车
쾌차도,快车道
쾌찬,快餐
쾌찬식,快餐式
쾌찬업,快餐业
쾌찬점,快餐店
쾌창,快枪
쾌첩,快捷
쾌첩거,快捷键
쾌첩방식,快捷方式
쾌청,快晴
쾌체,快递
쾌체비,快递费
쾌체업,快递业
쾌체원,快递员
쾌취,快嘴
쾌쾌,快快
쾌쾌락락,快快乐乐
쾌판,快板
쾌활,快活
타,他; 她; 它; 打; 拖; 朵; 躲; 妥; 陀; 驼; 堕; 诧; 隋; 唾; 舵; 惰; 椭; 驮; 跺; 垛; 鸵; 沱; 剁; 佗; 咤; 迤; 砣; 跎; 姹; 鼍; 坨; 锗; 缍; 酡; 哚; 柁; 陁; 𬶍; 袉; 沲; 軃; 阤; 秅; 砤; 吒; 牠; 墮; 鮀
타가,打架
타가겁사,打家劫舍
타가대구,拖家带口
타가투구,打架斗殴
타가흠,打呵欠
타각,他觉; 跺脚
타갑수,打瞌睡
타강,沱江
타강산,打江山
타개,打开; 躲开
타개결구,打开缺口
타개책,打开策
타건,打键
타겁,打劫
타격,打击; 打嗝
타격대,打击队
타격락,打击乐
타격락기,打击乐器
타격보복,打击报复
타격부력,打击不力
타결,妥结; 打结
타결책,妥结策
타경,打更
타경장,打硬仗
타계,他界
타고,打鼓
타곡,打谷
타곡기,打谷机
타곤,打滚
타곤자,打棍子
타공,打工
타공매,打工妹
타공자,打工者; 打工仔
타과,打垮; 拖垮
타관사,打官司
타관송치,他管送致
타광,打光
타광곤,打光棍
타괘,拖挂
타괴,打坏
타교,他校; 打搅
타교도,打交道
타구,唾具; 打球; 椭球; 垛口
타국,他国
타군,他郡
타군가,打群架
타권,打拳
타귀,打鬼
타기,打气; 唾弃
타기래,躲起来
타기시,唾弃视
타기정신,打起精神
타기초,打基础
타기통,打气筒
타긴,打紧
타내전,打内战
타뇨,打闹
타니대수,拖泥带水
타단,打断
타단공,打短工
타답,拖沓
타당,他党; 妥当; 拖堂
타당성,妥当性
타대,拖带
타도,打倒; 打掉; 打赌; 打道
타도회부,打道回府
타동,打动; 拖动
타두,打头
타두진,打头阵
타득화열,打得火热
타라,陀螺
타라의,陀螺仪
타락,堕落; 打落
타락상,堕落相
타락수구,打落水狗
타락죽,驼酪粥
타란,打乱; 打烂
타랍,拖拉; 打蜡
타랍기,拖拉机
타랍기참,拖拉机站
타량,打量
타령,驼铃
타로,打捞
타뢰,打雷; 打擂
타뢰대,打擂台
타루,拖累
타륜,拖轮
타마,打磨
타마적,他妈的
타말,唾沫
타망,拖网
타망구,打网球
타매,打骂; 唾骂
타면,他面
타명,打鸣
타문,他们; 她们; 它们; 打门
타문량,他们俩; 她们俩
타박,打扑
타박상,打扑伤
타발,打发
타배,驼背
타번,打翻
타번신장,打翻身仗
타법,打法
타보정,打补丁
타봉,驼峰
타분,打扮
타분체,打喷嚏
타비고,打屁股
타사,他社; 打死
타산,打算; 打散
타산반,打算盘
타산성,打算性
타산식,打算式
타산적,打算的
타산지석,他山之石
타살,他杀; 打杀
타상,打伤
타색,驼色
타선,妥善; 拖船
타설,他说
타설장,打雪仗
타섬,躲闪
타성,惰性
타성일편,打成一片
타성적,惰性的
타성화,惰性化
타소,打扫; 打消
타소보고,打小报告
타쇄,剁碎
타수,打手; 舵手
타수가득,唾手可得
타수표,打水漂
타수핵,打手势
타순,打盹
타승,打胜
타승장,打胜仗
타시,他是; 她是
타시간,拖时间
타아,他我
타아제,打牙祭
타악기,打乐器
타안,打眼
타압,打压
타액,唾液
타액산,唾液酸
타액선,唾液腺
타약,打药
타양,打烊; 打样
타어,打鱼
타엄호,打掩护
타연,拖延
타예,拖曳
타예방침,打预防针
타완,打完
타요,打扰
타원,楕圆; 椭圆
타원장,打圆场
타원형,楕圆形; 椭圆形; 椭圆型
타유,打油
타유격,打游击
타유시,打油诗
타율,他律; 打率; 打率
타율성론,他律性论; 他律性论
타율적,他律的
타융,驼绒
타의,他意
타의적,他意的
타이,诧异
타이광,打耳光
타이동,打耳洞
타인,他人; 打印
타인기,打印机
타인두,打印头
타인수출,打印输出
타인자,打人者
타일,他日
타일장,打一场
타입,打入; 拖入; 堕入
타입랭궁,打入冷宫
타자,打字; 打者; 驼子
타자건,打字键
타자계,打字界
타자기,打字机
타자법,打字法
타자수,打字手
타자원,打字员
타작,打作; 打猎
타잡,打卡; 打杂
타잡기,打卡机
타잡창,打砸抢
타장,打仗; 躲藏; 拖长; 打浆; 打场
타저,打底
타적,他的; 她的; 它的; 打的
타전,打典; 打电; 打转; 打颤; 打战
타전보,打电报
타전참,打前站
타전화,打电话
타절구,打折扣
타점,打点
타점적,打点滴
타정,打井; 打顶
타정매소,打情骂俏
타제,打制
타조,打造; 驼鸟; 鸵鸟; 打鸟
타조침,打吊针
타종,打钟; 打从
타종검충반자,打肿脸充胖子
타종수,打钟手
타좌,打坐
타주,打住; 打酒
타주의,打主意
타중,打中
타지,他地
타지방,他地方
타지판,拖地板
타지포,打地铺
타진,打诊; 打进
타차,拖车; 打岔; 沱茶
타착자,打错字
타창,打枪
타채,躲债
타처,他处
타천,他荐
타천하,打天下
타철,打铁
타첨,打尖
타첩,妥帖
타청,打听
타청타청,打听打听
타초,打草
타초경사,打草惊蛇
타초고,打草稿
타초호,打招呼
타취,打趣
타취장,打嘴仗
타취파,打嘴巴
타치색,打哆嗦
타침,打针
타칭,他称
타타,朵朵; 拖拖; 躲躲
타타각,跺跺脚
타타구,打打球
타타뇨뇨,打打闹闹
타타랍랍,拖拖拉拉
타타섬섬,躲躲闪闪
타타장장,躲躲藏藏
타타패,打打牌
타탐,打探
타태,堕胎; 打胎
타태극권,打太极拳
타통,打通
타퇴,打退
타퇴당고,打退堂鼓
타투,打斗
타파,打破; 拖把; 打靶
타파상규,打破常规
타파자,打摆子
타패,打败; 打牌
타패장,打败仗
타포,打包; 打炮; 拖布
타포기,打包机
타포부평,打抱不平
타포표,打包票
타피,躲避
타하,打下
타하거,拖下去
타하기초,打下基础
타하수,打下手
타한,打鼾
타합합,打哈哈
타합흠,打哈欠
타향,他鄕; 打响
타향우고지,他乡遇故知
타협,妥协
타협안,妥协案
타협적,妥协的
타협점,妥协点
타혜,拖鞋
타호로,打呼噜
타화,打火
타화기,打火机
타활,打滑
타후퇴,拖后腿
타흠,拖欠
탁,度; 托; 桌; 卓; 拆; 拓; 琢; 浊; 踱; 啄; 铎; 镯; 涿; 伲; 擢; 橐; 濯; 踔; 乇; 倬; 庹; 箨; 坼; 柝; 讬; 袥; 跅; 萚; 矺; 蠗; 託
탁가,托架
탁개,拆开
탁거,托举
탁견,卓见
탁경,卓京
탁고,托孤
탁관,托管
탁관반,托管班
탁관비,托管费
탁구,卓球; 桌球
탁구관,卓球馆
탁구대,卓球台
탁구장,卓球场
탁니,托尼
탁대,拆台
탁덕,托德
탁도,拆掉; 浊度
탁동장보서장,拆东墙补西墙
탁락자기,托洛茨基
탁랍사,托拉斯
탁랍사법,托拉斯法
탁랑,浊浪
탁래다,托莱多
탁래탁거,踱来踱去
탁록,涿鹿
탁뢰사,托雷斯
탁류,浊流
탁리,托里
탁림,卓琳
탁립,卓立
탁마,琢磨; 卓玛
탁마사,托马斯
탁말락부,托帕洛夫
탁면,桌面
탁목조,啄木鸟
탁몽,托梦
탁문군,卓文君
탁문훤,卓文萱
탁미기,托米奇
탁반,托盘
탁발,托钵
탁발식,托钵式
탁방자,拆房子
탁배,托杯
탁별림,卓别林
탁보,踱步; 托普
탁복,托福
탁복고시,托福考试
탁본,拓本; 拓本
탁봉,拆封
탁부,托付
탁분,拆分
탁비,托比
탁사,拆卸; 托词; 托辞
탁산,拆散
탁상,卓上; 桌上
탁상공론,卓上空论
탁상시계,卓上时计
탁상출판,卓上出版
탁생,托生
탁세,拆洗; 浊世
탁소근,卓小勤
탁송,托送
탁수,托收
탁승,擢升
탁식,拆息; 啄食
탁아,托儿
탁아방,托儿房
탁아소,托儿所
탁아원,托儿院
탁안,桌案
탁연,卓然
탁엽,托叶
탁영년,卓永年
탁운,托运
탁월,卓越
탁월망,卓越网
탁유,托幼
탁유성효,卓有成效
탁음,浊音
탁의정,卓依婷
탁의판등,桌椅板凳
탁이다,托尔多
탁이부군,卓尔不群
탁이사태,托尔斯泰
탁일항,卓一航
탁자,卓子; 桌子; 镯子; 拆字
탁장경,卓长卿
탁저,卓著; 托底
탁절,卓绝
탁제,拆除
탁주,浊酒; 涿州
탁차,拆借
탁차시장,拆借市场
탁천,拆迁; 拆穿
탁천량,拆迁量
탁천비,拆迁费
탁천호,拆迁户
탁체,托蒂
탁파,托派
탁포,桌布
탁형,卓珩
탁훼,拆毁
탁흠예,卓钦锐
탁희,卓羲
탄,弹; 坦; 叹; 吞; 诞; 滩; 摊; 炭; 碳; 瘫; 痪; 绽; 惮; 掸; 殚; 羰; 疃; 氽; 汆; 誕; 彈; 攤; 灘; 歎; 癱
탄갈니객,坦噶尼喀
탄강금,弹钢琴
탄개,摊开; 绽开
탄갱,弹坑
탄격,弹击
탄경화합물,碳氢化合物
탄광,炭鑛
탄광업체,炭鑛业体
탄광촌,炭鑛村
탄구,弹球
탄궁,弹弓
탄극,坦克
탄극병,坦克兵
탄극차,坦克车
탄금,弹琴
탄기,弹起; 羰基
탄니사,坦尼斯
탄당,摊档
탄도,滩涂; 弹跳; 弹道; 坦途
탄도도탄,弹道导弹
탄도도탄방어,弹道导弹防御
탄도력,弹跳力
탄도학,弹道学
탄두,弹头; 滩头; 摊头
탄력,弹力
탄력성,弹力性
탄력적,弹力的
탄로,绽露
탄률,坦率
탄몰,吞没
탄무허발,弹无虚发
탄발,弹拨
탄방,绽放
탄백,坦白
탄백종관,坦白从宽
탄병,吞并
탄보이,坦普尔
탄복,叹服
탄사,弹射; 弹词
탄산,炭酸; 碳酸
탄산개,碳酸钙
탄산경납,碳酸氢钠
탄산경안,碳酸氢铵
탄산납,碳酸钠
탄산수,炭酸水
탄산염,碳酸盐
탄산음료,炭酸飮料
탄상니아,坦桑尼亚
탄생,诞生
탄생일,诞生日
탄생지,诞生地
탄서,吞噬
탄섬유,碳纤维
탄성,叹声; 弹性; 坦诚
탄성모량,弹性模量
탄성분,弹性体
탄성상견,坦诚相见
탄성파,弹性波
탄소,炭素; 碳素
탄수,摊手
탄수화물,炭水化物
탄수화합물,碳水化合物
탄승,坦承
탄식,叹息; 吞食
탄압,弹压
탄약,弹药
탄약실,弹药室
탄양,滩羊
탄언,坦言
탄연,坦然; 瘫软
탄우,弹雨
탄운토무,吞云吐雾
탄원,叹愿
탄원서,叹愿书
탄위,摊位
탄위비,摊位费
탄인,吞咽
탄자,摊子; 弹子
탄저,炭疽
탄저병,炭疽病
탄전,炭田
탄점,摊点
탄정갈필,殚精竭虑
탄좌,炭座
탄주,弹奏; 弹珠
탄지,弹指; 滩地
탄지간,弹指间
탄지일혼간,弹指一挥间
탄지지간,弹指之间
탄진,诞辰; 坦陈
탄진량절,弹尽粮绝
탄찬,坦赞
탄창,弹唱
탄출,弹出
탄출식,弹出式
탄탄,瘫痪
탄탄대로,坦坦大路
탄탄탕탕,坦坦荡荡
탄탄토토,吞吞吐吐
탄탕,坦荡
탄토,吞吐
탄토량,吞吐量
탄파,摊派
탄판,摊贩
탄패,摊牌
탄편,弹片
탄포,摊铺
탄하,吞下
탄하거,吞下去
탄핵,弹劾
탄핵권,弹劾权
탄협,弹夹
탄화,炭火; 炭化
탄화규,碳化硅
탄화물,碳化物
탄화수소,炭化水素
탄환,弹丸
탄환지지,弹丸之地
탄황,弹簧
탄황도,弹簧刀
탄황칭,弹簧秤
탄회,弹回
탄흔,弹痕
탄흘,吞吃
탈,脱; 夺; 脫; 奪
탈각,脱却; 脱壳
탈강,脱缰
탈거,夺去; 脱去
탈경,脱氢
탈경매,脱氢酶
탈고,脱稿
탈곡기,脱谷机
탈골,脱骨
탈관,夺冠
탈광,脱光
탈광이출,夺眶而出
탈괴,夺魁
탈구,脱臼; 脱口; 脱钩
탈구이출,脱口而出
탈구조화,脱构造化
탈권,夺权
탈궤,脱轨
탈근대적,脱近代的
탈기,脱机; 脱气
탈냉전,脱冷战
탈냉전기,脱冷战期
탈당,脱党
탈대권,脱大权
탈도,脱掉; 脱逃
탈득,夺得
탈락,脱落
탈락률,脱落率; 脱落率
탈락자,脱落者
탈랍,脱蜡
탈로이도,夺路而逃
탈루,脱漏
탈류,脱硫
탈리,脱离
탈립,脱粒
탈립기,脱粒机
탈맹,脱盲
탈모,脱帽; 脱毛; 脱模
탈모증,脱毛症
탈목,夺目
탈묵,脱墨
탈문이도,夺门而逃
탈문이출,夺门而出
탈민,脱敏
탈발,脱发
탈법,脱法
탈법적,脱法的
탈부화,脱不花
탈북,脱北
탈북자,脱北者
탈빈,脱贫
탈빈치부,脱贫致富
탈사,脱卸
탈산,脱产
탈색,脱色
탈선,脱线
탈성별화,脱性别化
탈세,脱税
탈세왕,脱税王
탈소,脱销
탈속,脱俗
탈수,脱水; 脱手
탈수기,脱水机
탈수초,脱髓鞘
탈신,脱身
탈양,脱氧
탈양핵당핵산,脱氧核糖核酸
탈염,脱盐
탈영,脱营
탈영병,脱营兵
탈영이출,脱颖而出
탈옥,脱狱
탈옥수,脱狱囚
탈위,脱位
탈의,脱衣
탈의무,脱衣舞
탈의실,脱衣室
탈이념,脱理念
탈인,夺人
탈일상성,脱日常性
탈절,脱节
탈점,夺占
탈정치적,脱政治的
탈정치화,脱政治化
탈제,脱除
탈주,脱走; 夺走
탈주자,脱走者
탈지,脱脂
탈지면,脱脂棉
탈진,脱尽
탈집단주의,脱集团主义
탈출,脱出
탈출구,脱出口
탈출기,脱出记
탈출자,脱出者
탈취,夺取
탈취당,夺取当
탈층,脱层
탈태,脱胎
탈태환골,脱胎换骨
탈퇴,脱退
탈퇴형,脱退型
탈파,脱靶
탈표,夺标
탈피,脱皮
탈하,脱下
탈하래,脱下来
탈항,脱肛
탈험,脱险
탈환,夺还
탈황,脱黄
탈회,夺回
탈효,脱胶
탐,探; 贪; 耽; 眈; 忐; 赕; 酖; 躭; 貪
탐가,探家
탐각,耽搁
탐간,探看
탐감,探监
탐공,探空
탐과,探戈
탐관,贪官
탐관문,贪官们
탐관오리,贪官汚吏; 贪官污吏
탐광,探矿
탐구,探求; 探究; 贪求
탐구성,探究性
탐구식,探究式
탐구심,探究心
탐낭취물,探囊取物
탐념,贪念
탐닉,耽溺
탐대구양,贪大求洋
탐도,贪图
탐도안일,贪图安逸
탐독,耽读
탐두,探头
탐두탐뇌,探头探脑
탐득무염,贪得无厌
탐람,贪婪
탐련,贪恋
탐로,探路
탐로자,探路者
탐마,探马
탐망,探望
탐명,探明
탐묵,贪墨
탐문,探问
탐미주의자,眈美主义者
탐미주의적,眈美主义的
탐방,探访
탐방자,探访者
탐배,贪杯
탐병,探病
탐사,探查
탐사선,探查船
탐상,探伤
탐색,探索; 贪色
탐색기,探索机
탐색성,探索性
탐색자,探索者
탐생파사,贪生怕死
탐소,贪小
탐수,贪睡
탐순,探询
탐시,探视
탐식,贪食
탐신,探新; 探身
탐심,贪心; 探寻
탐안,探案
탐오,贪污; 耽误
탐오범,贪污犯
탐오부화,贪污腐化
탐오죄,贪污罪
탐완,贪玩
탐욕,贪欲
탐욕적,贪欲的
탐우,耽于
탐유,探幽
탐자,探子
탐장,探长; 贪赃
탐장왕법,贪赃枉法
탐재,贪财
탐정,探侦; 探井
탐조등,探照灯
탐지,探知
탐지기,探知机
탐찰,探察
탐청,探听
탐춘,探春
탐취,贪嘴
탐측,探测
탐측기,探测器
탐측의,探测仪
탐친,探亲
탐친가,探亲假
탐친방우,探亲访友
탐침,探针
탐탐,探探
탐토,探讨
탐특,忐忑
탐특부안,忐忑不安
탐편의,贪便宜
탐학,贪虐
탐험,探险
탐험가,探险家
탐험관,探险馆
탐험대,探险队
탐험자,探险者
탐화,探花
탐흘,贪吃
탑,塔; 搭; 塌; 榻; 嗒; 瘩; 鳎; 耷; 遢; 漯; 鲽; 阘; 溻; 禢
탑강,搭腔
탑객,搭客
탑건,搭建
탑견,搭肩
탑계,搭界
탑과,搭伙
탑교,搭桥
탑구,搭救; 搭扣
탑극,塔克
탑극랍마간,塔克拉玛干
탑극랍마간사막,塔克拉玛干沙漠
탑길극,塔吉克
탑길극사탄,塔吉克斯坦
탑내,塔内
탑니하,塔尼河
탑당,搭档
탑대,塔台
탑라,塔罗
탑락,塌落
탑랍,耷拉; 塔拉
탑랍파니,塔拉巴尼
탑루,塔楼
탑리목,塔里木
탑리목분지,塔里木盆地
탑리목하,塔里木河
탑리반,塔利班
탑림,塔林
탑반,搭伴
탑방,塌方
탑배,搭配; 搭背
탑사사,塔斯社
탑산,搭讪; 塔山
탑상,搭上
탑서,塔西
탑선,搭船
탑설,搭设
탑성,塔城
탑성지구,塔城地区
탑수,搭售
탑승,搭乘
탑승자,搭乘者
탑신,塔身
탑실,塌实
탑십간,塔什干
탑이,塔尔
탑이사,塔尔寺
탑재,搭载
탑접,搭接
탑조,塔吊
탑주,搭住
탑차,搭车
탑착차,搭错车
탑탑,嗒嗒; 塔塔
탑편차,搭便车
탑하,漯河; 塔河
탑하시,漯河市
탑함,塌陷
탑화,搭话
탕,荡; 汤; 糖; 烫; 宕; 帑; 砀; 菪; 逿; 簜; 趤; 湯; 蕩; 燙
탕가,汤加; 汤家
탕가려,汤加丽
탕감,荡减
탕건,宕巾
탕과,汤锅
탕금,烫金
탕기회장,荡气回肠
탕녀,荡女
탕단,汤团
탕두,汤头; 烫头
탕두발,烫头发
탕리,汤里
탕면,汤面
탕모,汤姆; 汤某
탕모사,汤姆斯
탕모사배,汤姆斯杯
탕모삼,汤姆森
탕모손,汤姆逊
탕묘,汤淼
탕미,汤米
탕민,汤敏
탕반,汤饭
탕발,烫发
탕병권,汤炳权
탕보삼,汤普森
탕부,荡妇
탕산,砀山
탕산현,砀山县
탕상,烫伤
탕선생,汤先生
탕수,烫手; 汤水
탕시,汤匙
탕신,汤臣
탕아,荡儿
탕약,汤药
탕약망,汤若望
탕양,荡漾
탕업국,汤业国
탕연무존,荡然无存
탕원,汤圆
탕유,汤唯
탕은백,汤恩伯
탕자,荡子
탕작,汤勺
탕제,汤剂
탕주,荡舟
탕지,汤池
탕진,荡尽
탕진업,汤镇业
탕찬,汤灿
탕척,荡涤
탕천,汤泉
탕탕,荡荡; 烫烫
탕탕수수,汤汤水水
탕평,荡平
탕하,汤河
탕현조,汤显祖
태,太; 台; 态; 泰; 呆; 抬; 胎; 兑; 汰; 怠; 苔; 殆; 蜕; 傣; 钛; 肽; 迨; 笞; 呔; 跆; 邰; 炱; 骀; 酞; 鲐; 绐; 埭; 粏; 菭; 舦; 態; 兌
태가,抬价
태감,太监
태감문,太监们
태강,太钢; 抬杠; 泰康; 太康
태강로,泰康路
태거,抬举
태고,太古; 抬高
태곡,太谷
태곳,太古
태공,太空; 太公; 怠工
태공선,太空船
태공인,太空人
태공참,太空站
태공창,太空舱
태공총서,太空总署
태과,太过
태과이,泰戈尔
태교,胎教; 抬轿
태교자,抬轿子
태구태구,太久太久
태국,泰国
태국대,泰国队
태군,太君
태권도,跆拳道
태권도인,跆拳道人
태권도장,跆拳道场
태극,太极; 泰克
태극권,太极拳
태극기,太极旗
태극도,太极图
태극집단,太极集团
태극형,太极形
태금,钛金
태금속,钛金属
태기,抬起; 胎记; 胎气
태기래,抬起来
태납,泰纳
태내,胎内
태녕,泰宁
태녕현,泰宁县
태다,太多
태다태다,太多太多
태대,太大
태덕,泰德
태도,态度
태동,胎动
태두,泰斗; 抬头
태두문,抬头纹
태두부견저두견,抬头不见低头见
태두일간,抬头一看
태두정흉,抬头挺胸
태라,泰罗
태란덕,泰兰德
태래,泰来
태려화,邰丽华
태령인,太令人
태륜사,泰伦斯
태륵,泰勒
태막,胎膜; 蜕膜
태만,怠慢
태매,肽酶
태모,胎毛
태몽,胎梦
태묘,太庙
태반,太半; 胎盘
태반성,胎盘性
태백,太白; 钛白
태백산,太白山
태변,蜕变
태보,太保
태복,太仆
태부,兑付; 太傅
태부기두,抬不起头
태부족,太不足
태부치득,太不值得
태분,胎粪
태사,太丝; 太师; 泰斯
태사령,太史令
태사복중,胎死腹中
태사의,太师椅
태산,泰山
태산구락부,泰山俱乐部
태산대,泰山队
태산압정,泰山压顶
태산준령,泰山峻岭
태산형,泰山型
태삼,泰森
태상로군,太上老君
태상황,太上皇
태생,胎生
태서,泰西
태선,苔藓
태세,态势; 太岁
태소태소,太少太少
태손,太孙
태수,太守; 抬手
태순,泰顺
태순현,泰顺县
태승,抬升
태심,太甚
태심률,胎心率
태아,胎儿
태아기,胎儿期
태악,太岳
태안,泰安; 太安
태안시,泰安市
태야,太爷
태양,太阳; 态样
태양경,太阳镜
태양계,太阳系
태양광,太阳光
태양궁,太阳宫
태양능,太阳能
태양대,太阳队
태양력,太阳历
태양범,太阳帆
태양산,太阳伞
태양성,太阳城
태양시,太阳时
태양신,太阳神
태양열,太阳热
태양초,太阳草
태양풍,太阳风
태양혈,太阳穴
태양활동,太阳活动
태양흑자,太阳黑子
태연,泰然
태연자약,泰然自若
태연처지,泰然处之
태엽,胎叶
태오사,泰晤士
태오사보,泰晤士报
태오사하,泰晤士河
태원,太原; 太元
태원가,太原街
태원리공대학,太原理工大学
태원성,太原城
태원시,太原市
태원시공안국,太原市公安局
태원참,太原站
태원철로국,太原铁路局
태원화차참,太原火车站
태위,太尉; 胎位
태을,太乙
태음,太阴
태음력,太阴历
태의,太医; 胎衣
태의원,太医院
태자,太子
태자참,太子参
태자항,太子港
태장,兑奖; 太脏
태적,泰迪
태조,太祖
태족,傣族
태주,泰州
태주시,泰州市
태중,胎中; 泰中
태창,太仓
태창시,太仓市
태체,泰达
태체구락부,泰达俱乐部
태체대,泰达队
태초,太初
태출거,抬出去
태타,怠惰
태탄,泰坦
태탄니극,泰坦尼克
태태,太太
태태문,太太们
태토,胎土
태투,泰斗
태파,太婆
태평,太平
태평가,太平街
태평간,太平间
태평교,太平桥
태평군,太平军
태평도,太平岛; 太平道
태평로,太平路
태평문,太平门
태평산,太平山
태평성대,太平圣代
태평성세,太平盛世
태평양,太平洋
태평양건설집단,太平洋建设集团
태평양구,太平洋区
태평양보험공사,太平洋保险公司
태평양지구,太平洋地区
태평양집단,太平洋集团
태평양총부,太平洋总部
태평천국,太平天国
태풍,台风
태풍권,台风圈
태피,蜕皮
태학,太学
태합금,钛合金
태핵,态势
태행,太幸
태행복료,太幸福了
태행산,太行山
태행산구,太行山区
태허,太虚
태현,兑现
태형,笞刑
태호,太湖; 泰豪
태호석,太湖石
태화,太和; 泰和; 蜕化
태화변질,蜕化变质
태화전,太和殿
태화진,太和镇
태화현,泰和县; 太和县
태환,兑换
태환권,兑换券
태후,太后
태흥,泰兴
태흥시,泰兴市
태희릉,泰姬陵
택,泽; 择; 宅; 礋; 蠌; 擇; 澤; 沢
택국,泽国
택기,择期; 宅基
택기지,宅基地
택란,泽兰
택문,宅门
택배,宅配; 宅配
택배료,宅配料; 宅配料
택사,泽泻
택선,择善
택업,择业
택우,择优; 择偶
택원,宅院
택일,择一; 择日
택자,宅子
택저,宅邸
택정,择定
택제,宅第
택주,泽州
택지,宅地; 宅地
탱,撑; 樘; 撐
탱간,撑杆
탱간도,撑杆跳
탱간도고,撑杆跳高
탱개,撑开
탱대,撑台
탱문면,撑门面
탱부주,撑不住
탱산,撑伞
탱요,撑腰
탱장면,撑场面
탱주,撑住
탱화,帧画
터,摅
터득,摅得
토,土; 讨; 吐; 兔; 钍; 芏; 菟; 茔; 堍; 莵; 討
토가,土家; 讨价
토가족,土家族
토가환가,讨价还价
토감,土坎
토강,土岗
토개,土改
토갱,土坑
토건,土建
토계,土系
토고납신,吐故纳新
토고만,土库曼
토고만사탄,土库曼斯坦
토고수,吐苦水
토곡혼,吐谷浑
토공,土工
토광묘,土圹墓
토괴,土块
토교,讨教; 讨巧; 土桥
토구,土丘; 吐口
토구수,吐口水
토굴,土窟
토기,土器; 吐气; 土气
토기관,土器馆
토년,兔年
토대,土台
토두,土豆
토두니,土豆泥
토득도사,土得掉渣
토란,土卵
토력학,土力学
토로,吐露
토로번,吐鲁番
토로번분지,吐鲁番盆地
토로번시,吐鲁番市
토로번지구,吐鲁番地区
토론,讨论
토론식,讨论式
토론자,讨论者
토론장,讨论场
토론집,讨论集
토론토론,讨论讨论
토론회,讨论会
토루,土楼
토리토기,土里土气
토말,吐沫
토매소,土霉素
토멸,讨灭
토모,兔毛
토목,土木
토목과,土木科
토목학자,土木学者
토목학회,土木学会
토문,土门
토반,讨饭
토발서,土拨鼠
토방,土房; 土方
토배,土坯
토번,吐蕃
토벌,讨伐
토벌군,讨伐军
토법,土法
토별,土鳖
토붕와해,土崩瓦解
토비,土匪; 土肥
토비문,土匪们
토비원,土肥原
토비원현이,土肥原贤二
토사,土沙; 土司; 吐丝
토사구팽,兔死狗烹; 兎死狗烹
토사물,吐泻物
토사호비,兔死狐悲
토산,土产; 土山
토산품,土产品
토상,土相
토색,讨索
토생토장,土生土长
토생활,讨生活
토서,吐絮
토석방,土石方
토성,土城; 土姓; 土星; 土性
토성분정,土姓分定
토속,土俗
토속성,土俗性
토속적,土俗的
토수,土手
토순,兔唇
토압력,土压力
토양,土壤
토양결합,土洋结合
토양수,土壤水
토어,土语
토염,讨厌; 吐艳
토왜,讨倭
토요,土曜; 讨要; 土窑; 讨饶
토요일,土曜日
토위륙,土卫六
토위이,土卫二
토의,讨议
토이기,土耳其
토이기대,土耳其队
토이기참,土耳其站
토인,土人
토인혐,讨人嫌
토자,兔子; 吐字
토자부흘와변초,兔子不吃窝边草
토잡,土杂
토장,土酱; 土葬
토재자,兔崽子
토저,土著
토저거민,土著居民
토저인,土著人
토전가,土专家
토정비결,土亭秘诀
토정책,土政策
토제,土制
토족,土族
토종,土种
토주,吐䌷
토지,土地; 土纸
토지개혁,土地改革
토지관,土地观
토지묘,土地庙
토지법,土地法
토지세,土地税
토지적,土地的
토지정,土地证
토지증치세,土地增值税
토지혁명,土地革命
토질,土质
토차,土车
토착,土着
토착민,土着民
토착성,土着性
토착신,土着神
토착적,土着的
토착족,土着族
토착화,土着化
토채,讨债
토출,吐出
토토,土土
토퇴,土堆
토특산,土特产
토특산품,土特产品
토파,土坡; 土坝
토포,土布; 土包
토포자,土包子
토피,兔皮
토항,土炕
토현삼,土玄参
토혈,吐血
토혐,讨嫌
토호,土豪; 讨好
토호렬신,土豪劣绅
토화,土话
토환,讨还
토황,土黄
토황제,土皇帝
톤,吨
톨,㐋
통,通; 统; 痛; 洞; 筒; 桶; 捅; 恫; 侗; 恸; 嗵; 綂; 筩; 統
통각,痛觉
통간,通奸
통감,痛感; 统监; 通鉴
통강,通江
통개전비,痛改前非
통건,统建
통격,痛击
통경,痛经; 通经
통계,统计
통계량,统计量
통계법,统计法
통계원,统计员
통계적,统计的
통계표,统计表
통계학,统计学
통계학과,统计学科
통고,痛苦; 通告; 统考; 筒裤; 通考
통고부감,痛苦不堪
통고서,通告书
통곡,痛哭; 恸哭
통곡류체,痛哭流涕
통곡실성,痛哭失声
통공,统共
통과,通过
통과률,通过率
통과성,通过性
통과조,通过组
통관,通关; 统管; 通观
통괄,统括
통구,统购; 通衢
통군,筒裙
통권,通卷
통규,通窍
통근,通勤
통금,通禁
통기,通气
통기성,通气性
통념,通念
통달,通达
통대,统带
통도,通道; 通途
통도내,通道内
통도리,通道里
통독,统独; 通读
통란,通栏
통량,通量; 通亮
통력,通力
통력합작,通力合作
통력협작,通力协作
통련,通连
통렬,痛烈; 痛烈
통령,统领; 通令
통례,通例
통로,通路
통론,通论
통료,通辽
통료시,通辽市
통률,统率
통매,痛骂
통명,通明; 通名
통박,痛驳
통반,通盘
통반장,统班长
통방,通房
통배,统配
통병,通病
통보,通报; 通宝
통부욕생,痛不欲生
통분,通体
통불교,通佛教
통불교적,统佛教的
통사,通史
통사정,通事情
통산,通算; 通山
통산성,通产省
통산현,通山县
통상,通商; 通常
통상관,通商官
통상국장,通商局长
통상적,通常的
통석,痛惜
통선,通船
통설,通说
통설화,通说化
통성,通城
통성명,通姓名
통소,通宵; 通关; 统销
통소체단,通宵达旦
통속,通俗; 统属
통속가곡,通俗歌曲
통속극,通俗剧
통속독물,通俗读物
통속성,通俗性
통속역동,通俗易懂
통속적,通俗的
통속창법,通俗唱法
통속화,通俗化
통솔,统率
통수,统帅
통수권,统帅权
통수부,统帅部
통순,通顺
통시,通时
통시적,通时的
통식,通式
통신,通信; 通讯; 通身; 通神
통신관,通信馆
통신국,通信国; 通信局
통신량,通信量
통신련락,通信联络
통신록,通讯录
통신류,通信类; 通讯类
통신망,通信网; 通讯网
통신문,通信文
통신병,通信兵
통신부,通信簿
통신비,通信费; 通讯费
통신사,通信使; 通信社; 通讯社
통신선,通信线
통신업,通信业; 通讯业
통신원,通讯员; 通信员
통신위성,通信卫星
통신인,通信人
통신협의,通信协议
통심,痛心; 通心
통심분,通心粉
통심질수,痛心疾首
통양,痛痒
통어,统御
통역,通译
통역관,通译官
통역병,通译兵
통역인,通译人
통왕,通往
통용,通用
통용성,通用性
통용형,通用型
통용화,通用化
통우,通邮
통원,通院
통위,通威
통유로,通油路
통융,通融
통음,痛飮; 痛饮
통의,通义
통일,统一
통일감,统一感
통일기,统一期
통일당,统一党
통일론,统一论
통일발표,统一发票
통일분,统一体
통일성,统一性
통일안,统一案
통일장,统一场
통일적,统一的
통일전선,统一战线
통일체,统一体
통일화,统一化
통자,筒子; 桶子
통자루,筒子楼
통자문,筒子们
통잡,通卡
통장,通帐
통장식,通帐式
통재,通才
통전,统战; 通电
통전화,通电话
통절,痛切
통정사통,痛定思痛
통정체리,通情达理
통제,统制
통제권,统制权
통제기,统制期
통제력,统制力
통제적,统制的
통제책,统制策
통주,统筹; 通州
통주겸고,统筹兼顾
통주구,通州区
통주비,统筹费
통주시,通州市
통증,痛症
통증학,痛症学
통지,通知
통지단,通知单
통지문,通知文
통지서,通知书
통진,痛陈
통집,通缉
통집령,通缉令
통집범,通缉犯
통차,通车
통찰,洞察; 洞察
통찰력,洞察力; 洞察力
통창,通胀; 通畅
통창률,通胀率
통처,痛处
통척,痛斥
통천,通天
통천하,通天河
통첩,通牒
통체,通达
통초,痛楚; 通草
통치,统治
통치계급,统治阶级
통치권,统治权
통치권자,统治权者
통치력,统治力
통치배,统治辈
통치자,统治者
통치처,统治处
통칙,通则
통칭,统称; 通称
통쾌,痛快
통쾌림리,痛快淋漓
통타,痛打
통탄,痛叹
통통,统统; 通通
통통쾌쾌,痛痛快快
통투,通透
통투성,通透性
통편,通便; 统编
통폐합,统废合
통폐합설,统废合说
통포,通铺
통표,通票
통풍,通风
통풍관,通风管
통풍구,通风口
통풍기,通风机
통풍보신,通风报信
통풍성,痛风性
통하,恫吓; 通河
통학,通学
통한,统韩; 痛恨
통할,统辖
통합,统合
통합론,统合论
통합성,统合性
통합액,统合额
통합적,统合的
통항,通航; 通项
통해,通海
통행,通行
통행금지,通行禁止
통행량,通行量
통행로,通行路
통행료,通行料
통행무조,通行无阻
통행비,通行费
통행정,通行证
통행증,通行证
통현,通县
통형,筒形
통혜하,通惠河
통혼,通婚
통혼권,通婚圈
통홍,通红
통화,统和; 通话; 通货; 通化
통화권,通话圈
통화긴축,通货紧缩
통화량,通话量
통화료,通话料
통화비,通话费
통화시,通化市
통화팽창,通货膨胀
통화팽창률,通货膨胀率
통활,通敌
통회,痛悔
통효,通晓
퇴,退; 腿; 堆; 椎; 锤; 颓; 褪; 槌; 煺; 脮; 魋; 𬯎; 藬; 螁; 蓷; 蹆; 頺; 陮; 鴭; 頹
퇴각,退却; 腿脚
퇴거,退去; 退居
퇴거이선,退居二线
퇴경,退耕
퇴고,推敲
퇴관,退款
퇴교당,退校当
퇴교생,退校生
퇴근,退勤
퇴근제,退勤制
퇴당,退档; 退党; 颓唐
퇴당고,退堂鼓
퇴두,腿肚
퇴두자,腿肚子
퇴락,颓落
퇴로,退路
퇴룡덕경현,堆龙德庆县
퇴만,堆满
퇴물,退物
퇴방,堆放; 退房
퇴배,退赔
퇴병,退兵
퇴보,退步; 退保
퇴비,堆肥
퇴비화,堆肥化
퇴사,退社
퇴상,颓丧
퇴색,退色; 褪色
퇴석,退席
퇴세,退税
퇴세률,退税率
퇴소,退烧; 堆笑
퇴수,退守
퇴압,退押
퇴양,退让; 退养
퇴역,退役
퇴연,颓然
퇴영하,退영@
퇴오,退伍
퇴오군인,退伍军人
퇴원,退院
퇴위,退位
퇴은,退隐
퇴이결망,退而结网
퇴이구기차,退而求其次
퇴임,退任
퇴잔,堆栈
퇴장,退场; 退藏; 退赃
퇴장당,退场当
퇴장설,退场说
퇴적,堆积
퇴적물,堆积物
퇴적암,堆积岩
퇴적여산,堆积如山
퇴전,退钱
퇴조,退潮
퇴조기,退潮期
퇴주,退走
퇴직,退职
퇴직금,退职金; 退职金
퇴직률,退职率; 退职率
퇴직일,退职日
퇴직자,退职者
퇴진,退阵
퇴진당,退阵当
퇴집,堆集
퇴짜,退字
퇴창,退窗; 退窓
퇴창문,推窗门; 推窓门
퇴첩,堆叠
퇴청,退厅
퇴체,堆砌
퇴축,退缩
퇴출,退出
퇴출거,退出去
퇴치,退治
퇴타,堆垛
퇴퇴,堆堆
퇴패,颓败
퇴폐,颓废
퇴폐물,颓废物
퇴폐미,颓废美
퇴폐성,颓废性
퇴폐율,颓废率; 颓废率
퇴폐적,颓废的
퇴폐주의,颓废主义
퇴표,退票
퇴표비,退票费
퇴피,退避
퇴피삼사,退避三舍
퇴학,退学
퇴학당,退学当
퇴한,堆焊
퇴핵,颓势
퇴행,退行
퇴행성,退行性
퇴행적,退行的
퇴혼,退婚
퇴화,退化; 退货; 退火
퇴화성,退化性
퇴환,退还; 退换
퇴회,退回
퇴후,退后
퇴휴,退休
퇴휴금,退休金
퇴휴비,退休费
퇴휴자,退休者
투,投; 透; 套; 偷; 妒; 渝; 骰; 秺; 斗
투간,偷看; 套间
투강,投降
투강파,投降派
투건,套件
투경,透镜
투계,斗鸡; 投契
투계모구,偷鸡摸狗
투고,投稿; 投靠; 投考
투고란,投稿栏
투곡,套曲
투골,透骨
투공,斗拱
투공감료,偷工减料
투과,透过; 斗垮
투과률,透过率
투관,套管
투광,透光
투광도,透光度
투광률,透光率
투광성,透光性
투구,投球; 斗殴; 套购
투군,套裙
투규,偷窥
투근호,套近乎
투금,投金; 投金
투기,妬忌; 投企; 投弃; 投机; 妒忌; 透气; 斗气; 投寄
투기도파,投机倒把
투기상,投机商
투기성,投机性; 透气性
투기소호,投其所好
투기심,投机心
투기자,投机者
투기적,投机的
투기취교,投机取巧
투나,偷拿
투담,斗胆
투당,投档
투도,偷渡; 偷盗; 斗倒
투도보리,投桃报李
투도자,偷渡者
투두모의,套头毛衣
투두삼,套头衫
투라,偷懒
투람,投篮
투래,偷来
투량,透亮
투량환주,偷梁换柱
투력,斗力
투로,透露; 套路
투뢰,套牢
투료,投料
투루,偷漏; 透漏
투루세,偷漏税
투리,套利
투립,斗笠
투마,套马
투마간,套马杆
투망식,投网式
투매,投卖
투명,透明
투명감,透明感
투명대,透明带
투명도,透明度
투명성,透明性
투명지,透明纸
투명질,透明质
투명화,透明化
투모,偷摸
투문,斗门
투박,偷拍
투방,投放; 套房
투방량,投放量
투법,斗法
투병,鬪病
투보,投保
투보단,投保单
투보률,投保率
투보인,投保人
투보자,投保者
투봉,斗篷
투봉식,斗篷式
투부,斗富
투부과기,透不过气
투북구,渝北区
투분,投奔
투비개,斗批改
투사,投射; 透射; 鬪士; 斗士
투사기,投射机
투사물,投射物
투사비수,斗私批修
투사성,投射性
투산,投产
투삼,套衫
투상,套上
투색,套色
투생,偷生; 投生
투서,投书
투서기기,投鼠忌器
투석,投石; 透析
투석기,透析器
투석문로,投石问路
투석액,透析液
투석전,投石战
투성,投诚; 透性
투세,偷税
투소,投诉
투소량,投诉量
투소률,投诉率
투소자,投诉者
투송,投送
투수,投手; 套数; 透水; 投售
투수구,渝水区
투수성,透水性
투숙,投宿
투숙객,投宿客
투습,偷袭
투시,透视
투시경,透视镜
투신,投信; 投身
투신사,投信社
투신자,投信者
투신자살,投身自杀
투실,斗室
투심량,透心凉
투아,套儿
투안,投案
투안자수,投案自首
투약,投药
투여,投与
투연,投缘
투염,斗艳
투영,投影
투영의,投影仪
투영전시,投影电视
투영편,投影片
투옥,投狱
투용,套用
투우,斗牛; 透雨
투우장,鬪牛场
투운,偷运
투월,偷越
투융자,投融资
투의,投医; 妒意
투인,偷人; 套印
투입,投入
투입구,投入口
투입량,投入量
투입산출,投入产出
투입품,投入品
투자,投资; 骰子; 套子
투자가,投资家
투자계,投资界
투자구,投资区
투자기,投资期
투자량,投资量
투자류,投资类
투자률,投资率
투자방,投资方
투자방향,投资方向
투자법,投资法
투자비,投资费
투자성,投资性
투자액,投资额
투자업,投资业
투자열,投资热
투자은행,投资银行
투자인,投资人
투자자,投资者
투자자문,投资者们
투자채권,投资债券
투자책략,投资策略
투자품,投资品
투자형,投资型
투작,偷猎; 套作
투작자,偷猎者
투잡,投币
투장,套装
투쟁,鬪争; 斗争
투쟁가,鬪争家
투쟁성,鬪争性; 斗争性
투쟁적,鬪争的
투전성이,斗转星移
투절,偷窃
투정,偷情; 透顶
투족,投足
투종,套种
투주,投注; 偷走
투주시백편,斗酒诗百篇
투주참,投注站
투중구,渝中区
투지,鬪志; 斗志; 透支; 斗智
투지앙양,斗志昂扬
투진,斗阵
투질,妒嫉
투창,投枪
투척,投掷
투척조,投掷组
투천환일,偷天换日
투철,透彻
투청,偷听
투체,投递
투체원,投递员
투출,投出
투취,套取; 斗嘴; 偷取; 斗臭
투친고우,投亲靠友
투탄,投弹
투태,投胎
투통,套筒
투투,偷偷; 套套; 斗斗
투투기,透透气
투투모모,偷偷摸摸
투투지,偷偷地
투평,透平
투포,偷跑; 套包
투표,投票; 投标
투표구,投票区
투표권,投票权
투표권자,投票权者
투표률,投票率
투표법,投标法
투표소,投票所
투표율,投票率; 投票率
투표일,投票日
투표자,投票者; 投标者
투표장,投票场
투표제,投票制
투표지,投票纸
투표함,投票函
투풍,透风
투필종융,投笔从戎
투하,投下; 投河
투한,偷闲
투합,投合
투항,投降; 投降
투항적,投降的; 投降的
투향,投向
투혜,套鞋
투호,投壶
투혼,鬪魂
투화,套话
투환,偷换
투환개념,偷换概念
투활,投敌
투효,投效
투휘,套汇
퉁,佟
퉁건,佟健
퉁대위,佟大为
퉁려아,佟丽娅
퉁문,佟文
퉁사성,佟思成
퉁상옥,佟湘玉
퉁신결,佟晨洁
퉁옥청,佟玉清
특,特; 忒; 忑; 慝; 螣; 铽; 脦; 貣
특가,特价; 特哥
특간,特刊
특강,特讲
특검제,特检制
특견대,特遣队
특경,特警
특경대,特警队
특고,特告; 特稿
특곤,特困
특곤생,特困生
특곤호,特困户
특공,特工; 特供
특공대,特攻队
특공대식,特攻队式
특공문,特工们
특구,特区
특권,特权
특권적,特权的
특권층,特权层
특급,特级
특급교사,特级教师
특기,特技; 特记
특기생,特技生
특기자,特技者
특납,特纳
특니,特尼
특단,特段
특대,特大
특대형,特大型
특대호,特大号
특등,特等
특등장,特等奖
특등장장,特等奖奖
특락이,特洛伊
특랍,特拉
특랍말탁니,特拉帕托尼
특랍매이,特拉梅尔
특랍유부,特拉维夫
특랍화주,特拉华州
특랑보,特朗普
특려,特丽
특례,特例
특로리,特鲁利
특로서애,特鲁西埃
특뢰택개,特雷泽盖
특리,特里
특리사,特里谢
특립니체,特立尼达
특립니체화다파가,特立尼达和多巴哥
특립니체화다파가대,特立尼达和多巴哥队
특립독행,特立独行
특명,特命
특명전권대사,特命全权大使
특무,特务
특무대장,特务队长
특무문,特务们
특무분자,特务分子
특별,特别
특별공헌장,特别贡献奖
특별다,特别多
특별반,特别班
특별법,特别法
특별법적,特别法的
특별비,特别费
특별상,特别赏
특별세,特别税
특별시,特别市; 特别是
특별시민,特别市民
특별실,特别室
특별장,特别奖
특별행정구,特别行政区
특보,特保; 特报
특부룡,特富龙
특비,特批
특빙,特聘
특사,特使; 特赦; 特写
특사방위,特斯邦威
특산,特产
특산물,特产物
특산종,特产种
특산품,特产品
특상품,特商品
특색,特色
특색화,特色化
특선,特选
특설,特设
특성,特性
특성화,特性化
특수,特殊; 特秀; 特需
특수강,特殊钢
특수교육,特殊教育
특수대,特殊队
특수복,特殊服
특수부,特殊部
특수성,特殊性
특수자,特殊者
특수직,特殊职
특수층,特殊层
특수화,特殊化
특실,特室
특약,特约; 特药
특약통신원,特约通讯员
특연,特缘
특오,特奥
특요,特邀
특용,特用
특우,特优
특위,特委; 特为
특유,特有
특유사,特维斯
특융,特融
특의,特意
특이,特异; 特尔
특이성,特异性
특장,特长; 特将
특장생,特长生
특장차,特装车
특전,特典; 特战
특점,特点
특정,特定; 特征
특정성,特征性
특정인,特定人
특정일,特定日
특정치,特征值
특제,特制
특조위,特调委
특종,特种
특종병,特种兵
특준,特准
특지,特地
특진,特进
특질,特质
특집,特辑
특집극,特辑剧
특집호,特辑号
특징,特征
특징적,特征的
특차,特次; 特此
특채,特采
특초,特招
특출,特出
특쾌,特快
특파,特派
특파원,特派员
특파원단,特派员团
특품,特品
특허,特许
특허권,特许权
특허권자,特许权者
특허성,特许性
특형,特型
특혜,特惠
특혜성,特惠性
특혜적,特惠的
특호,特护; 特号
특화,特化
특활,特活
특효,特效
특효약,特效药
특훈,特训
튼실,­实
틈,闯; 闖
틈강호,闯江湖
틈경,闯劲
틈소,闯关
틈소동,闯关东
틈왕,闯王
틈입,闯入
틈입자,闯入者
틈장,闯将
틈진,闯进
틈진거,闯进去
틈탕,闯荡
틈탕강호,闯荡江湖
틈홍등,闯红灯
틈화,闯祸
파,把; 吧; 派; 巴; 破; 怕; 波; 爸; 摆; 播; 罢; 婆; 爬; 帕; 坡; 颇; 玻; 霸; 坝; 趴; 疤; 芭; 靶; 簸; 琶; 笆; 跛; 耙; 啵; 叵; 鄱; 菠; 粑; 陂; 葩; 杷; 笸; 灞; 鲃; 钯; 皤; 岜; 筢; 钷; 錃; 箥; 蚾; 跁; 擺; 罷; 頗
파가,婆家; 把家; 破家
파가대,波哥大
파가자,摆架子
파각,跛脚; 玻壳
파각이출,破壳而出
파개,摆开
파건,摆件
파격,破格
파격적,破格的
파격체,巴格达
파격체기장,巴格达机场
파격체시,巴格达市
파격체체사,巴格达蒂斯
파견,派遣
파견관,派遣官
파견대,派遣队
파견제,派遣制
파결,巴结
파경중원,破镜重圆
파계,破戒; 派系
파고,波高; 巴库; 爬高
파고배,巴古拜
파곡,波谷
파공,罢工; 破空
파과,爬过; 罢课
파관,罢官
파관자파솔,破罐子破摔
파관파솔,破罐破摔
파광,波光
파광린린,波光粼粼
파괴,破坏
파괴당,破坏当
파괴력,破坏力
파괴성,破坏性
파괴자,破坏者
파괴적,破坏的
파교,巴乔; 灞桥
파교구,灞桥区
파구,破旧; 破口; 坝区; 把口
파구대매,破口大骂
파구립신,破旧立新
파구부감,破旧不堪
파구실력,颇具实力
파국,破局
파국적,破局的
파극,巴克; 派克
파극래,巴克莱
파극래은행,巴克莱银行
파극리,巴克利
파극천,巴戟天
파근,坡跟
파금,巴金
파급,波及
파기,破弃; 簸箕; 坝基; 靶机
파기관,靶器官
파기록,破纪录; 破记录
파기사탄,巴基斯坦
파기야부,巴基耶夫
파나마,巴拿马
파나마대,巴拿马队
파나마성,巴拿马城
파나마운하,巴拿马运河
파남,巴南
파남구,巴南区
파낭,婆娘
파농,破农
파다,播多
파다려각,波多黎各
파다려각대,波多黎各队
파다이사기,波多尔斯基
파단,波段
파단길림사막,巴丹吉林沙漠
파담,破胆
파대,吧台
파도,波涛; 坡度; 摆渡; 坡道; 巴图; 趴倒
파도흉용,波涛汹涌
파돈,巴顿
파동,波动; 摆动; 巴东
파동란철,破铜烂铁
파동론,波动论
파동률,波动率
파동성,波动性
파동현,巴东县
파두,巴豆; 把头; 派头
파라,菠萝; 波罗
파라문,婆罗门
파라밀,菠萝蜜
파라십,巴罗什
파라적해,波罗的海
파라좌,巴罗佐
파라주,婆罗洲
파락,破落
파락극,巴洛克
파락호,破落户
파란,波澜; 波兰; 破烂
파란곡절,波澜曲折
파란대,波兰队
파란만장,波澜万丈
파란부감,破烂不堪
파란장활,波澜壮阔
파랍,巴拉
파랍규,巴拉圭
파랍규대,巴拉圭队
파랍극,巴拉克
파랍몽,派拉蒙
파랍적,巴拉迪
파랑,波浪; 破浪
파랑식,波浪式
파려,巴黎
파려공사,巴黎公社
파려구락부,巴黎俱乐部
파려대학,巴黎大学
파려시,巴黎市
파려은행,巴黎银行
파려참,巴黎站
파력,波力
파렬,破裂
파렴치,破廉耻
파렴치범,破廉耻犯
파령인,颇令人
파례,破例
파로야부사기,巴卢耶夫斯基
파롱,摆弄; 把弄
파뢰,芭蕾
파뢰무,芭蕾舞
파뢰무단,芭蕾舞团
파뢰서,巴雷西
파료,罢了
파룡문진,摆龙门阵
파륜서아,巴伦西亚
파륜서아대,巴伦西亚队
파륜지해,巴伦支海
파륵막,巴勒莫
파륵막대,巴勒莫队
파륵사탄,巴勒斯坦
파륵사탄대,巴勒斯坦队
파륵사탄유격대,巴勒斯坦游击队
파륵사탄지구,巴勒斯坦地区
파리,玻璃; 巴里; 巴厘; 爬犁
파리강,玻璃钢
파리과부사잡아,波里科夫斯卡娅
파리구,玻璃球
파리도,巴厘岛
파리배,玻璃杯
파리병,玻璃瓶
파리분,玻璃体
파리사,玻璃碴
파리섬유,玻璃纤维
파리유아,玻利维亚
파리절라,巴里切罗
파리지,玻璃纸
파리창,玻璃窗
파리판,玻璃板
파리화,玻璃化
파림,巴林
파림대,巴林队
파림은행,巴林银行
파림참,巴林站
파마,巴马
파망,破网; 巴望
파맥,把脉
파면,罢免
파멸,破灭
파모,婆母
파문,波纹; 破门; 把门
파문이입,破门而入
파밀,波密
파박,巴博
파박살,巴博萨
파발,播发
파방,播放; 摆放; 巴方
파방기,播放器
파벌,派阀
파벌리아,巴伐利亚
파벌리아주,巴伐利亚州
파벽,破壁
파별,派别
파병,派兵; 把柄; 罢兵
파병용,派兵用
파보,播报; 波普; 摆谱; 波谱
파보원,播报员
파보이,波普尔
파보체사탑,巴普蒂斯塔
파복부,波卜夫
파봉,波峰
파부기래,爬不起来
파부득,巴不得
파부침주,破釜沉舟
파북,派北
파비,破费; 巴比; 波比
파비륜,巴比伦
파비타,巴比妥
파비특,巴菲特
파빙선,破冰船
파사,巴士; 怕死; 波斯; 婆娑; 怕事; 巴斯
파사극,巴斯克
파사극지구,巴斯克地区
파사니아,波斯尼亚
파사돈,波士顿; 波斯顿
파사등,巴斯滕
파사랍,巴士拉
파사만,波斯湾
파사만지구,波斯湾地区
파사묘,波斯猫
파사부,巴斯夫
파사이,巴沙尔
파산,破产; 爬山; 播散; 巴山
파산기,破散期
파산법,破产法
파산섭수,爬山涉水
파산성,播散性
파산호,爬山虎
파살,巴萨; 播撒
파살야부,巴萨耶夫
파상,破相
파상적,波状的
파상풍,破伤风
파새라나,巴塞罗那
파새라나구락부,巴塞罗那俱乐部
파새라나대,巴塞罗那队
파새라나오운회,巴塞罗那奥运会
파새이,巴塞尔
파생,派生; 怕生
파서,巴西; 波西
파서국가대,巴西国家队
파서대,巴西队
파서래,巴西莱
파서리아,巴西利亚
파서리약열내로,巴西里约热内卢
파서미아,波西米亚
파서족협,巴西足协
파서참,巴西站
파서항공공업공사,巴西航空工业公司
파선,破线
파설,摆设
파섬,玻纤
파성,派性; 巴城
파세포,靶细胞
파소,把关
파속,波速; 波束
파손,破损
파송,派送; 播送
파쇄,破碎
파수,把守; 把手; 摆手; 颇受; 罢手; 怕羞; 破水; 波数
파승,爬升
파시,怕是; 罢市
파식,派息; 婆媳; 把式
파신,巴辛
파십,波什
파십마,怕什么
파씨,巴氏
파악,把握
파안,破案
파안률,破案率
파양,鄱阳; 波阳
파양현,波阳县; 鄱阳县
파양호,鄱阳湖
파언,巴彦
파언뇨이시,巴彦淖尔市
파업,罢业
파역,破译
파열,破裂
파열음,破裂音
파영,播映
파와,趴窝
파완,把玩
파원,派员
파월,派越
파위,颇为; 破位
파유,颇有
파은,波恩
파은사,巴恩斯
파음,波音; 播音
파음공사,波音公司
파음원,播音员
파이,波尔; 巴尔; 玻尔; 婆姨
파이간,巴尔干
파이간반도,巴尔干半岛
파이간지구,巴尔干地区
파이고제,巴尔古提
파이다,波尔多
파이덕사,巴尔德斯
파이도,波尔图
파이도대,波尔图队
파이잡,波尔卡
파이적마,巴尔的摩
파이찬,巴尔赞
파이찰극,巴尔扎克
파이충돌,巴以冲突
파인,怕人; 巴人
파자,靶子; 坝子; 跛子; 耙子
파자탄,波茨坦
파작,破作
파잔,把盏
파장,波长; 罢场; 巴掌; 爬墙; 靶场
파재,破财
파재소재,破财消灾
파재지상,趴在地上
파재탁자상,趴在桌子上
파쟁,派争
파적,破寂; 波迪
파전,波前
파절,波折; 波切
파절래특,巴切莱特
파절호,破折号
파정,摆正
파제,破除; 破题
파제미신,破除迷信
파종,播种
파종기,播种期; 播种机
파종량,播种量
파주,派驻; 把酒; 巴州
파죽지세,破竹之势
파중,巴中
파중시,巴中市
파즉,吧唧
파즉파즉,吧唧吧唧
파지,破纸; 把持; 坡地; 坝址; 坝地
파지장,波止场
파지탄,摆地摊
파진,爬进
파채,菠菜
파천,播迁
파천황,破天荒
파체,巴蒂
파체사도탑,巴蒂斯图塔
파체위소,破涕为笑
파체유,巴达维
파체이,巴蒂尔
파초,芭蕉; 巴楚
파촉,巴蜀
파총,把总
파출,播出; 派出; 罢黜
파출부,派出妇
파출소,派出所
파출소장,派出所长
파충류,爬虫类
파측,叵测
파탄,破绽; 摆摊
파탄백출,破绽百出
파탄자,破绽者
파탈,摆脱
파탑파탑,吧嗒吧嗒
파토,破土
파토동공,破土动工
파토이출,破土而出
파특,波特; 巴特
파특기신근,巴特基辛根
파특란,波特兰
파특률,波特率
파특륵,巴特勒
파특만,波特曼
파특사,巴特斯
파특이,巴特尔
파파,爸爸; 婆婆; 怕怕; 摆摆; 爬坡; 波波; 巴巴; 啵啵
파파다사,巴巴多斯
파파란란,破破烂烂
파파마마,婆婆妈妈
파파문,爸爸们
파파부,波波夫
파파유기,波波维奇
파패,破败; 巴贝
파패록성,巴贝绿城
파패이,巴贝尔
파편,破片; 玻片
파편화,破片化
파평,摆平
파포,摆布; 破布; 巴布
파포아신기내아,巴布亚新几内亚
파폭,波幅
파표,靶标
파풍,颇丰; 把风
파하,趴下
파함수,波函数
파합마,巴哈马
파합마군도,巴哈马群岛
파해,破解; 巴解
파해조직,巴解组织
파해조직집위회,巴解组织执委会
파행,跛行; 爬行
파행동물,爬行动物
파행류,爬行类
파행성,跛行性
파행적,跛行的
파혁,巴赫
파형,波形
파형제,把兄弟
파혜,破鞋
파확,破获
파활,摆阔
파효,破晓
파훼,爬虫
파휴,罢休
파흑,波黑
파흔,疤痕
파희,把戏
파희미아,波希米亚
파희이,巴希尔
판,办; 判; 版; 板; 贩; 瓣; 阪; 坂; 汴; 畈; 舨; 钣; 眅; 辦; 販
판거,判据
판검사,判检事
판결,判决; 办结; 板结
판결률,办结率
판결문,判决文
판결서,判决书
판경,汴京
판공,办公
판공루,办公楼
판공비,办公费
판공시간,办公时间
판공실,办公室
판공처,办公处
판공청,办公厅
판공탁,办公桌
판공회의,办公会议
판관,判官
판괴,板块
판교,判教; 板桥
판구,板球
판권,版权
판권법,版权法
판권비,版权费
판권소유,版权所有
판납,版纳
판단,判断
판단력,判断力
판대,板带
판도,版图; 办到
판독,判读; 贩毒
판독기,判读机
판득도,办得到
판등,板凳
판란근,板兰根
판람근,板蓝根
판량,汴梁
판례,判例
판례법,判例法
판로,贩路
판률,板栗
판리,办理
판막,瓣膜
판막증,瓣膜症
판매,贩卖
판매대,贩卖台
판매량,贩卖量
판매력,贩卖力
판매망,贩卖网
판매사,贩卖社
판매소,贩卖所
판매액,贩卖额
판매원,贩卖员
판매율,贩卖率; 贩卖率
판매전,贩卖战
판매점,贩卖店
판매직,贩卖职
판면,版面
판면비,版面费
판명,判明
판문,办文
판문점,板门店
판반,办班
판방,板房
판벌,判罚
판법,办法
판벽,板壁
판별,判别
판별법,判别法
판보,办报; 板报
판본,版本
판본호,版本号
판부,板斧
판부주졸,贩夫走卒
판사,判事; 办事; 贩私; 判词
판사원,办事员
판사처,办事处
판사타랍,办事拖拉
판상,板状
판상정정,板上钉钉
판서,判书; 板书
판세,版税
판쇄,板刷
판시,判示
판식,板式; 版式
판아,板牙; 瓣儿
판안,办案; 判案; 板眼
판암,板岩
판압,板鸭
판약량인,判若两人
판운,贩运
판유,板油
판윤,判尹
판이,判异
판자,板子; 贩子
판자촌,板子村
판잣,板子
판재,板材
판전,版殿
판정,判定; 办证
판정승,判定胜
판정패,判定败
판조,板条
판죄,判罪
판주,办酒
판지,判旨; 板纸
판차,板车
판착검,板着脸
판찰,板擦
판창,办厂; 贩枪
판처,判处
판촉,贩促
판촉물,贩促物
판타,办妥
판판,板板
판학,办学
판형,判型; 判刑
판호,板胡
판화,版画
판황,贩黄
판희사,办喜事
팔,八; 叭; 扒; 捌
팔가,八哥
팔각,八角
팔각정,八角亭
팔각형,八角形
팔경,八景
팔고,八苦; 八股
팔고문,八股文
팔관회,八关会
팔괘,八卦
팔괘진,八卦阵
팔구부리십,八九不离十
팔국련군,八国联军
팔극,八极
팔기,八旗; 八几
팔년급,八年级
팔년항전,八年抗战
팔단,八段
팔대산인,八大山人
팔대처,八大处
팔대호동,八大胡同
팔도,八道
팔도강산,八道江山
팔로,八路
팔로군,八路军
팔로군총부,八路军总部
팔리장,八里庄
팔만,八万
팔만사천,八万四千
팔면령롱,八面玲珑
팔면분,八面体
팔방,八方
팔방미인,八方美人
팔방지원,八方支援
팔배자,八辈子
팔배지교,八拜之交
팔백,八白
팔백반,八佰伴
팔보반,八宝饭
팔보산,八宝山
팔보죽,八宝粥
팔분지일,八分之一
팔선,八仙
팔선과해,八仙过海
팔선탁,八仙桌
팔성,八成
팔순,八旬
팔십,八十
팔십기,八十几
팔십오,八十五
팔십칠,八十七
팔십팔,八十八
팔열,八热
팔월,八月
팔월대,八月大
팔월분,八月份
팔위,八卫
팔음,八音
팔일오,八一五
팔자,八字
팔자호,八字胡
팔작,八作
팔정도,八正道
팔조법금,八条法禁
팔진,八珍; 八进
팔천,八贱
팔천오백,八千五百
팔체령,八达岭
팔팔,叭叭
팔풍,八风
팔항주의,八项注意
팔황,八荒
팟,巼
패,败; 贝; 牌; 佩; 霸; 沛; 狈; 悖; 钡; 呗; 孛; 稗; 旆; 捭; 霈; 誖; 邶; 粺; 茷; 簰; 贁; 覇; 篺; 貝; 敗; 唄; 珮
패가,败家; 牌价
패가망신,败家亡身
패가이호,贝加尔湖
패가자,败家子
패각,贝壳
패각류,贝壳类
패검,佩剑
패괴,败坏
패구,牌九
패국,败局; 牌局
패군,败军
패군지장,败军之将
패권,覇权; 霸权
패권주의,覇权主义; 霸权主义
패권주의자,覇权主义者
패권주의적,覇权主义的
패극,贝克
패극륵,贝克勒
패극이,贝克尔
패극이만,佩克尔曼
패극특,贝克特
패극한모,贝克汉姆
패긍포이,贝肯鲍尔
패기,覇气; 霸气; 佩奇
패남극,贝南克
패납영,贝纳永
패납통,贝纳通
패녕,贝宁
패니특사,贝尼特斯
패다분,贝多芬
패대,佩戴; 佩带
패대자,佩戴者
패덕라,佩德罗
패도,覇道; 霸道; 佩刀
패독,败毒
패돈,佩顿
패두,牌头
패라탑,佩罗塔
패락,败落
패락서,佩洛西
패란,佩兰
패랍,贝拉
패랍미,贝拉米
패래체,贝莱蒂
패령,贝玲
패로,败露; 贝鲁
패로가,佩鲁贾
패로사과니,贝卢斯科尼; 贝鲁斯科尼
패로특,贝鲁特
패론,悖论
패뢰,贝雷
패뢰랍,佩雷拉
패뢰사,佩雷斯
패뢰이만,佩雷尔曼
패뢰자,佩雷茨
패루,牌楼
패류,贝类; 败类
패륜,悖伦
패륜아,悖伦儿
패륜적,悖伦的
패륭,贝隆
패륵,贝勒
패리,贝利; 佩里; 贝里
패리아,贝利亚
패망,败亡
패면,牌面
패모,贝姆
패물,佩物
패방,牌坊
패배,败北; 败北
패배감,败北感; 败北感
패배당,败北当; 败北当
패배자,败北者; 败北者
패배주의,败北主义; 败北主义
패병,败兵
패복,佩服
패북,败北
패불리,贝弗莉
패사,贝斯; 佩斯; 贝司
패사특,贝斯特
패산,败散
패색,败色
패서,贝瑞; 败絮
패서극,佩西克
패서락,贝舒乐
패서특,贝瑞特
패소,败诉
패송,贝松
패수,贝帅
패씨,贝氏
패업,霸业
패역,悖逆
패왕,霸王
패위,牌位
패율명,贝聿铭
패은,贝恩; 佩恩
패이,贝尔
패이격래덕,贝尔格莱德
패이법사특,贝尔法斯特
패이삼,佩尔森
패이서,贝尔西
패이실험실,贝尔实验室
패이파탁부,贝尔巴托夫
패인,败因
패인미,贝因美
패자,败者; 牌子; 稗子
패자전,败者战
패잡,贝卡
패장,败仗; 败将
패적,败绩
패전,败战
패전국,败战国
패점,霸占
패조,牌照
패조세,牌照税
패주,霸主; 霸州
패주맥성,败走麦城
패진,败阵
패찬,钡餐
패첨,贝甜
패체,贝蒂
패체사,贝蒂斯
패초,稗草
패탑,贝塔
패탑사만,贝塔斯曼
패퇴,败退
패특,贝特
패특락왜,佩特洛娃
패패,贝贝; 佩佩
패패웅,贝贝熊
패편,牌匾
패필,败笔
패현,沛县
패혈,败血
패혈증,败血症
패협,贝叶
패호,牌号
패화,败火
팽,庄; 碰; 彭; 膨; 砰; 烹; 澎; 嘭; 硼; 蟛; 甏; 磞; 錋
팽가,彭家
팽가목,彭加木
팽격,碰击
팽견,碰见
팽괴,碰坏
팽굉송,彭宏松
팽교,碰巧
팽구양,彭久洋
팽남특,彭南特
팽녀사,彭女士
팽년,彭年
팽당,碰撞
팽대,膨大
팽덕회,彭德怀
팽도,碰到
팽두,碰头
팽두회,碰头会
팽등회,彭登怀
팽려원,彭丽媛
팽령,彭玲
팽로사,彭老师
팽료일비자회,碰了一鼻子灰
팽륙양,彭陆洋
팽림무,彭林武
팽면,碰面
팽명성,彭明盛
팽모,彭某
팽박,彭博
팽박사,彭博社
팽발,彭勃
팽배,澎湃; 碰杯; 彭湃
팽벽,碰壁
팽부,彭埠
팽상,碰上; 碰伤
팽선생,彭先生
팽설풍,彭雪枫
팽성,彭城
팽소저,彭小姐
팽소휘,彭绍辉
팽송,膨松
팽수,彭帅; 彭水
팽수현,彭水县
팽씨,彭氏
팽연,砰然
팽옥린,彭玉麟
팽용,彭勇
팽우,彭宇
팽우안,彭于晏
팽운기,碰运气
팽월,彭越
팽위국,彭伟国
팽윤토,膨润土
팽임,烹饪
팽자,碰瓷
팽전,彭荃; 彭全
팽정강,彭定康
팽정자,碰钉子
팽제,烹制
팽조,烹调
팽종명,彭宗铭
팽주,彭州
팽주시,彭州市
팽중헌,彭中轩
팽지강,彭志强
팽진,彭真
팽창,膨胀
팽창감,膨胀感
팽창률,膨胀率
팽창성,膨胀性
팽창주의,膨胀主义
팽창토,膨胀土
팽총,彭总
팽충,彭冲
팽택,彭泽
팽택현,彭泽县
팽패운,彭珮云
팽팽,膨膨; 碰碰; 砰砰; 嘭嘭; 彭彭
팽팽차,碰碰车
팽호,澎湖; 彭浩
팽호렬도,澎湖列岛
팽호상,彭浩翔
팽화,膨化
퍅,愎
편,便; 片; 编; 篇; 遍; 偏; 骗; 扁; 鞭; 翩; 匾; 蝙; 谝; 鳊; 煸; 褊; 碥; 缏; 蹁; 頨; 箯; 犏; 艑; 魸; 騙; 編
편각,片刻
편갑부류,片甲不留
편격,偏激
편견,偏见
편경,片警
편고형,偏股型
편곡,编曲
편과,偏科
편교,便桥; 偏巧
편국,骗局
편극,编剧
편극문,编剧们
편급,遍及
편기,便器
편남지구,偏南地区
편년,编年
편년사,编年史
편년체,编年体
편닉,便溺
편단,片段; 片断; 偏袒
편달,鞭挞
편담,扁担
편당,便当
편대,编队
편도,片道; 编导; 便道; 扁桃
편도문,编导们
편도분,扁桃体
편도분염,扁桃体炎
편도선,扁桃腺
편동풍,偏东风
편두,片头; 扁豆
편두통,偏头痛
편람,便览
편력,遍历
편련,编练
편렬,编列
편료,便了
편리,便利; 偏离
편리도,偏离度
편리성,便利性
편리화,便利化
편린,片鳞
편마,编码
편마구,编码区
편마기,编码器
편마암,片麻岩
편면,片面
편면성,片面性
편명,片名
편모,鞭毛
편목,篇目; 编目
편문,偏门; 便门
편민,便民
편민조시,便民措施
편반,便饭
편발,编发
편방,偏方; 偏旁; 遍访; 偏房
편배,编排
편법,便法
편법적,便法的
편벽,偏僻
편복,便服; 蝙蝠
편복삼,蝙蝠衫
편봉,偏锋
편부료,骗不了
편북지구,偏北地区
편분,便盆
편분린상,遍体鳞伤
편비,便秘
편비자,便秘者
편사,编写; 便士; 偏斜; 偏私
편사자,编写者
편상,片商
편서,偏西
편석,片石
편선,编撰; 翩跹; 编选
편성,编成
편성론,编成论
편성안,编成案
편소,便所
편수,编修
편수관,编修官
편수관실,编修官室
편수국,编修局
편수직,编修职
편수직원,编修职员
편술,骗术
편승,便乘
편시,便是; 片时; 鞭尸
편식,偏食
편신,遍身
편심,偏心; 编审
편쌈,便­
편아,片儿
편안,便安; 偏安
편암,片岩
편압,偏压
편애,偏爱
편액,扁额; 匾额
편야,遍野
편어,片语; 鳊鱼
편언지어,片言只语
편역,编译
편역기,编译器
편역서,编译书
편연,翩然; 编演
편외,编外
편우,便于; 偏于
편원,偏远; 扁圆
편위,编委
편위회,编委会
편육,片肉
편의,便宜; 便衣; 偏倚; 便意
편의성,便宜性
편의율,便宜率; 便宜率
편의적,便宜的
편의점,便宜店
편의주의,便宜主义
편의주의적,便宜主义的
편의치적선,便宜置籍船
편의품,便宜品
편의화,便宜货
편이,偏移
편익,便益
편인,骗人; 编印
편입,编入
편입학,编入学
편자,片子; 骗子; 编者; 鞭子
편자문,骗子们
편자안,编者按
편작,扁鹊
편장,篇章; 片场; 便装; 偏将
편장막급,鞭长莫及
편재,偏在
편재성,偏在性
편저,编著
편저자,编著者
편적,偏积
편전,偏转; 便笺; 偏殿
편정,编程; 编订
편제,编制; 片剂; 偏题
편조,编造; 编组; 便条
편조참,编组站
편종,编钟
편주,扁舟
편중,偏重
편지,便纸; 遍地; 便池; 片地
편지개화,遍地开花
편지지,便纸纸
편직,编织
편직대,编织袋
편진,偏振
편집,编辑; 偏执
편집광,偏执狂
편집국,编辑局
편집국장,编辑局长
편집기,编辑器
편집문,编辑们
편집물,编辑物
편집부,编辑部
편집부장,编辑部长
편집부장직,编辑部长职
편집인,编辑人
편집자,编辑者
편집장,编辑长
편집진,编辑阵
편집학,编辑学
편차,偏差
편찬,编纂
편찬자,编纂者
편창,编创
편책,鞭策
편첩,便捷
편첩성,便捷性
편청편신,偏听偏信
편취,骗取; 扁嘴
편타,鞭打
편탄,偏瘫
편태,鞭笞
편파,偏颇
편파적,偏颇的
편편,便便; 片片; 偏偏; 翩翩; 篇篇
편편기무,翩翩起舞
편평,扁平
편평우,扁平疣
편평족,扁平足
편평화,扁平化
편폐,偏废
편포,遍布; 鞭炮
편폭,篇幅
편향,偏向
편향성,偏向性
편향적,偏向的
편향주의자,偏向主义者
편혈,便血
편협,偏狭
편협성,偏狭性
편형,鞭刑
편혜,便鞋
편호,编号; 偏好
편휴,便携
편휴성,便携性
편휴식,便携式
폄,贬; 砭; 窆
폄손,贬损
폄억,贬抑
폄의,贬义
폄의사,贬义词
폄저,贬低
폄적,贬谪
폄척,贬斥
폄치,贬值
평,平; 评; 拼; 萍; 苹; 坪; 抨; 怦; 姘; 鲆; 枰; 閛; 蓱; 評; 呯
평가,平价; 评价; 平家
평가관,平价官
평가단,平价团
평가법,平价法; 评价法
평가보고,评价报告
평가부장,平价部长
평가사,平价师
평가손,评价损
평가액,平价额
평가용,平价用
평가자,评价者
평가전,评价战
평가제,平价制
평가회,平价会
평각,平角
평감,评鉴
평강,平江
평강현,平江县
평개,评介; 评改
평거,姘居
평격,抨击
평결,评决
평경,拼劲
평경례,平敬礼
평고,评估; 平菇; 平高
평고비,评估费
평곡,平谷
평곡구,平谷区
평공주,平公主
평과,平果; 平锅
평광,平光
평교,平交; 平桥
평교사,平教师
평교사회,平教师会
평국,平局
평권,平权
평균,平均
평균가,平均价
평균대,平均台
평균법,平均法
평균선,平均线
평균수,平均数
평균작,平均作
평균적,平均的
평균주의,平均主义
평균치,平均值; 平均値
평균화,平均化
평극,评剧
평급,评级
평기평좌,平起平坐
평남,平南
평년,平年
평년작,平年作
평단,评坛; 评断
평담,平淡; 平潭
평담무기,平淡无奇
평담무미,平淡无味
평담현,平潭县
평당,平塘
평당원,平党员
평당현,平塘县
평대,平台
평대기,平台期
평대문,平大门
평대화,平台化
평도,拼图; 平度
평도시,平度市
평동,平东
평두,平头; 姘头
평두론족,评头论足
평두품족,评头品足
평등,平等
평등관,平等观
평등권,平等权
평등대우,平等待遇
평등사상,平等思想
평등성,平等性
평등주의,平等主义
평등주의적,平等主义的
평등호리,平等互利
평등화,平等化
평락,平乐
평란,平乱
평량,平凉
평량로,平凉路
평량시,平凉市
평력,拼力
평로,平炉
평론,评论
평론가,评论家
평론가문,评论家们
평론계,评论界
평론원,评论员
평론자,评论者
평론장,评论奖
평론집,评论集
평류,平流
평류층,平流层
평륙,平陆
평륙현,平陆县
평리,评理
평면,平面
평면경,平面镜
평면도,平面图
평면적,平面的
평명,拼命
평모,评模
평문,平文; 评文
평미,平米
평민,平民
평민백성,平民百姓
평민화,平民化
평박,拼搏
평반,拼盘; 平反; 平叛
평반소설,平反昭雪
평방,平房; 平方; 平放
평방공리,平方公里
평방구,平房区
평방근,平方根
평방리미,平方厘米
평방미,平方米
평방영리,平方英里
평방영척,平方英尺
평방화,平方和
평배,平拜; 平辈
평백,平白
평백무고,平白无故
평범,平凡
평보청운,平步青云
평복,平复
평분,评分; 平分
평분법,评分法
평분추색,平分秋色
평비,评比
평빙,评聘
평사,拼死; 拼写
평사원,平社员
평사평활,拼死拼活
평산,平山
평산현,平山县
평살,拼杀
평상,平常; 平床
평상복,平常服
평상시,平常时
평상심,平常心
평상인,平常人
평상적,平常的
평생,平生
평생직장,平生职场
평서,评书; 平西
평석,评释; 评析
평선,评选
평설,评说
평성,平声
평소,平素
평수,坪数; 平手
평수상봉,萍水相逢
평순,平顺
평술,评述
평시,平时; 平视
평식,平息
평신,平身; 平信; 平伸
평신도,平信徒
평실,平实
평심,评审; 平心
평심이론,平心而论
평심정기,平心静气
평안,平安
평안감,平安感
평안대가,平安大街
평안무사,平安无事
평안현,平安县
평야,平野
평양,平壤; 平阳
평양시,平壤市
평양현,平阳县
평어,评语
평억,平抑
평억물가,平抑物价
평역,平易
평역근인,平易近人
평연,怦然
평연심동,怦然心动
평열,评阅
평영,平泳
평온,平稳
평완,平缓
평요,平遥
평요현,平遥县
평용,平庸
평원,平原; 平远
평원군,平原君
평위,评委; 评为
평위문,评委们
평위회,评委会
평은,平稳
평은성,平稳性
평음,拼音; 平阴
평음문자,拼音文字
평음현,平阴县
평의,评议
평의회,评议会
평이,平易; 平易; 平移
평일,平日
평일리,平日里
평자,评者
평자도,拼刺刀
평작,平作
평잔,平残
평장,评奖; 拼装; 平装; 平章
평장차,拼装车
평쟁,拼争
평저,平底
평저혜,平底鞋
평전,平展; 评传
평점,评点
평접,拼接
평정,平定; 平静; 评定; 平整; 平顶; 平正
평정량,评定量
평정산,平顶山
평정산시,平顶山市
평조,平调
평조직,平组织
평조합원,平组合员
평족,平足
평종,萍踪
평주,拼凑; 评注
평주이성,拼凑而成
평준화,平准化
평지,平地
평지능문능,平地绫文绫
평직,平织; 平直
평직금,平织锦
평직원,平职员
평진,平津
평진전력,拼尽全力
평진전역,平津战役
평차,平车
평착,拼错
평창,拼抢; 平昌
평천,平川
평첨,平添
평출,评出; 拼出
평측,评测; 平仄
평탄,平坦; 评弹; 平摊
평토장,平土葬
평파,平坝
평파현,平坝县
평판,评判; 平板; 拼版
평판상,平板床
평판차,平板车
평편,平片
평평,平平; 怦怦
평평담담,平平淡淡
평평리,评评理
평평무기,平平无奇
평평범범,平平凡凡
평평상상,平平常常
평평안안,平平安安
평평적,平平的
평평정정,平平静静
평포,平铺
평포직서,平铺直叙
평합,拼合
평행,平行
평행봉,平行棒
평행선,平行线
평행우,平行于
평향,萍乡
평향시,萍乡市
평형,坪形; 平衡
평형목,平衡木
평형성,平衡性
평형소,平型关
평형점,平衡点
평형태,平衡态
평형표,平衡表
평형형,平衡型
평호,平湖
평호시,平湖市
평화,平和; 评话; 平话
평화상,平和赏
평화적,平和的
평화주의자,平和主义者
평화학,平和学
평화현,平和县
평화협정,平和协定
평화형,平和型
평활,平滑
평활기,平滑肌
평흠도,平鑫涛
폐,币; 闭; 废; 肺; 蔽; 弊; 毙; 陛; 敝; 吠; 砩; 嬖; 鐾; 狴; 箅; 蜌; 蕟; 廢; 閉; 幣; 斃
폐가구,废家具
폐가전제품,废家电制品
폐간,废刊
폐강,废钢
폐강철,废钢铁
폐건전지,废干电池
폐결핵,肺结核
폐경,肺经
폐경기,闭经期
폐공,闭孔
폐관,闭馆
폐광,废鑛
폐광산,废鑛山
폐교,废校
폐구,废旧; 闭口
폐구물자,废旧物资
폐구부담,闭口不谈
폐구부언,闭口不言
폐규,吠叫
폐기,废弃; 废气; 闭气
폐기물,废弃物
폐기종,肺气肿
폐냉장고,废冷藏库
폐농종,肺脓肿
폐단,弊端
폐도,废掉
폐동,废铜
폐동란철,废铜烂铁
폐동맥,肺动脉
폐렴,肺炎
폐로,闭路
폐로전시,闭路电视
폐료,废料
폐립,废立
폐마,废马
폐막,闭幕
폐막식,闭幕式
폐막제,闭幕制
폐명,毙命
폐목,闭目
폐목양신,闭目养神
폐문,闭门; 肺门
폐문갱,闭门羹
폐문사과,闭门思过
폐문조차,闭门造车
폐물,废物
폐물리용,废物利用
폐백,币帛
폐병,肺病; 弊病
폐부,肺腑; 肺部
폐부장,肺不张
폐부지언,肺腑之言
폐부품,废部品
폐비,废妃
폐사,毙死; 废渣
폐산,废酸
폐상,闭上; 毙伤
폐새,闭塞
폐새성,闭塞性
폐색,闭塞; 闭塞
폐생활용품,废生活用品
폐선,废船
폐설물,废屑物
폐소,闭关
폐소쇄국,闭关锁国
폐소자수,闭关自守
폐쇄,闭锁
폐쇄성,闭锁性
폐쇄적,闭锁的
폐쇄화,闭锁化
폐수,废水
폐수종,肺水肿
폐순환,肺循环
폐시,闭市
폐식용유,废食用油
폐신문지,废新闻纸
폐심병,肺心病
폐암,肺癌
폐액,废液
폐업,废业
폐염,肺炎
폐왕,废王
폐월수화,闭月羞花
폐위,废位
폐유,废油
폐인,废人
폐일언,蔽一言
폐자재,废资材
폐자전거,废自转车; 废自转車
폐장,闭场; 肺脏
폐장롱,废欌笼
폐저,肺底
폐점,闭店
폐정맥,肺静脉
폐제,废除; 废帝
폐지,废止; 废纸
폐지안,闭只眼
폐차,废车
폐차업체,废车业体
폐차장,废车场
폐철,废铁
폐촉매,废触媒
폐출,废黜
폐취,闭嘴
폐침망식,废寝忘食
폐포,肺泡
폐포벽,肺泡壁
폐표,废票
폐품,废品
폐품률,废品率
폐하,陛下
폐합,闭合
폐합성,闭合性
폐해,弊害
폐허,废墟
폐혈관,肺血管
폐협,肺叶
폐화,废话
폐활검,肺活检
폐활량,肺活量
폐회,闭会
폐휴지,废休纸
폐흡훼,肺吸虫
포,布; 包; 跑; 炮; 暴; 抱; 捕; 胞; 铺; 抛; 怖; 饱; 泡; 鲍; 葡; 浦; 袍; 蒲; 哺; 脯; 埔; 咆; 曝; 圃; 褒; 刨; 苞; 疱; 庖; 匍; 孢; 龅; 逋; 匏; 狍; 晡; 陠; 钸; 脬; 酺; 舖; 菢; 砲; 麃; 袌; 麅; 笣; 鞄; 𬷕; 褜; 萢; 飽; 佈; 拋; 鋪
포가,包价; 鲍家
포가륵사특,布加勒斯特
포각,抛却
포간,包干; 包间
포간제,包干制
포감,胞苷
포강,浦江; 包钢; 蒲江
포강현,浦江县; 蒲江县
포개,抛开; 铺开; 跑开; 铺盖
포개권,铺盖卷
포거,跑去
포격,砲击; 炮击; 饱嗝
포겸,抱歉
포경,捕鲸; 布景
포경창상,饱经沧桑
포경풍상,饱经风霜
포고,布告
포고란,布告栏
포고령,布告令
포고문,布告文
포곡,包谷; 苞谷; 布谷
포곡조,布谷鸟
포공,包工; 包公
포공영,蒲公英
포과,包裹
포과성,包裹性
포관,包管
포괄,包括
포괄미,包括美
포괄성,包括性
포괄자,包括者
포괄적,包括的
포괄주의,包括主义
포광,抛光; 跑光
포굉,炮轰
포교,布教; 捕校
포교용,布教用
포교자,包饺子
포교장,布教场
포구,浦口; 炮口
포구구,浦口区
포국,布局
포권,抱拳
포궤,铺轨
포근문저,刨根问底
포금,包金
포기,抛弃; 包机
포기납법색,布基纳法索
포기래,包起来
포긴,抱紧
포길,布吉
포난,饱暖
포낭,包囊
포내,包内
포뉴,泡妞
포단,抱团; 包单; 蒲团
포당,跑堂
포대,包袋; 砲台; 砲队; 布袋; 炮台
포대인,包大人
포대장,砲队长
포대퇴,抱大腿
포대희,布袋戏
포도,葡萄; 跑道; 布道
포도간,葡萄干
포도구균,葡萄球菌
포도당,葡萄糖
포도등,葡萄藤
포도아,葡萄牙
포도아국가대,葡萄牙国家队
포도아대,葡萄牙队
포도원,葡萄园
포도유,葡萄柚
포도주,葡萄酒
포도주업,葡萄酒业
포도태,葡萄胎
포독,饱读
포동,浦东; 跑动; 泡桐
포동국제기장,浦东国际机场
포동기장,浦东机场
포동남로,浦东南路
포동발전은행,浦东发展银行
포동신구,浦东新区
포동점,浦东店
포동지구,浦东地区
포두,包头; 捕头; 布头
포두로,抛头颅
포두로면,抛头露面
포두서찬,抱头鼠窜
포두시,包头市
포두통곡,抱头痛哭
포라,包罗
포라만상,包罗万象
포락분,布洛芬
포락흔,布洛欣
포란,抱卵
포란과,布兰科
포란니,布兰妮
포란덕,布兰德
포란돈,布兰顿
포란삼,布兰森
포란적,布兰迪
포람,包揽; 饱览
포랍,布拉
포랍격,布拉格
포랍덕,布拉德
포랍덕리,布拉德利
포랍시유이,布拉柴维尔
포랍옥,布拉沃
포랍적사랍발,布拉迪斯拉发
포랍제,布拉齐
포랍특,布拉特
포랑,布朗
포래,跑来
포래극,布莱克
포래극본,布莱克本
포래극본대,布莱克本队
포래은,布莱恩
포래은특,布莱恩特
포래이,布莱尔
포로,捕虏; 捕捞; 铺路
포로극,布鲁克
포로극림,布鲁克林
포로극사,布鲁克斯
포로낙,布鲁诺
포로모,布鲁姆
포로사,布鲁斯
포로새이,布鲁塞尔
포로석,铺路石
포로수용소,捕虏收容所
포로업,捕捞业
포뢰,鲍蕾; 布雷
포뢰극,布雷克
포뢰묵,布雷默
포뢰서아,布雷西亚
포뢰은,布赖恩
포료,布料
포룡투,跑龙套
포루,炮楼
포륜기특,布伦基特
포륜특,布伦特
포륭백격,布隆伯格
포륭적,布隆迪
포리,包里; 抛离
포리극사,布利克斯
포리기,布里奇
포리사,鲍里斯
포리사반,布里斯班
포리아탁리,布里亚托利
포림,鲍林; 布林
포마,跑马
포마장,跑马场
포만,饱满; 布满; 鲍曼
포만감,饱满感
포말,泡沫
포말소료,泡沫塑料
포말화,泡沫化
포망,布网
포매,包埋; 胞妹
포면,泡面; 铺面; 布面
포모,鲍某
포모적루,跑冒滴漏
포목전,布木廛
포묘,抛锚
포문,砲门; 鲍文
포물선,抛物线
포미,苞米
포박,捕缚
포박당,捕缚当
포박자,抱朴子
포반,抛盘; 泡饭; 包饭
포발,浦发; 鲍勃
포발은행,浦发银行
포발행,浦发行
포방,布防
포배,铺排
포백,布帛
포병,砲兵; 炮兵; 抱病
포보,跑步
포복,匍匐; 包袱
포복절도,抱腹绝倒
포봉,包封
포부,抱负
포부동,跑不动
포부평,抱不平
포분,胞体
포불각,抱佛脚
포비,包庇; 鲍比
포빙,刨冰
포사,抛射; 布斯; 褒姒
포산,包产
포산도호,包产到户
포산업,包产业
포살,捕杀; 抛撒
포상,褒赏; 包厢; 饱尝; 铺床
포상금,褒赏金; 褒赏金
포서,浦西
포석,布石
포선,布线; 蒲扇
포선생,包先生
포설,铺设; 布设
포섭,包摄
포섭주의,包摄主义
포성,砲声; 炮声; 浦城; 蒲城
포성일단,抱成一团
포성현,浦城县
포세,抛洒
포소,包销
포송령,蒲松龄
포수,捕手; 砲手; 抛售; 饱受; 炮手; 包修
포수문,炮手们
포숙아,鲍叔牙
포승,捕绳
포시,布施; 鲍翅
포식,捕食; 饱食
포식이,蒲式耳
포식자,捕食者
포신공,包身工
포심채,包心菜
포십,布什
포십이핵전참,布什尔核电站
포아,龅牙
포악,暴恶; 暴恶
포안,炮眼
포안산,脯氨酸
포앙,抛秧
포야,鲍耶
포양,褒扬; 抱养
포어,捕鱼; 鲍鱼
포업,包业
포연,砲烟
포영,泡影
포옥강,包玉刚
포옹,抱拥
포용,包容; 包用
포용력,包容力
포용성,包容性
포용적,包容的
포원,抱怨
포월,包月
포위,包围; 铺位; 浦玮; 炮位
포위권,包围圈
포위당,包围当
포위망,包围网
포위이,鲍威尔
포유,哺乳
포유기,哺乳期
포유동물,哺乳动物
포유류,哺乳类
포육,哺育
포은,包银; 鲍恩
포의,布衣; 袍衣; 布依; 褒义
포의낙사애리사,布宜诺斯艾利斯
포의족,布依族
포이,鲍尔; 布尔
포이가녕,布尔加宁
포이묵,鲍尔默
포이사,鲍尔斯
포이삼,鲍尔森
포이십유극,布尔什维克
포이적색,布尔迪索
포이진,布尔津
포이한,包尔汉
포일돈,饱一顿
포자,包子; 孢子; 铺子; 袍子; 狍子; 泡子
포작,捕猎
포잔수결,抱残守缺
포장,包装; 布帐; 铺装; 包场; 褒奖; 炮仗; 铺张; 包藏
포장기,包装机
포장대,包装袋
포장도로,铺装道路
포장랑비,铺张浪费
포장마차,布帐马车
포장비,包装费
포장상,包装箱
포장술,包装术
포장업,包装业
포장지,包装纸
포장창,包装厂
포장합,包装盒
포저,铺底
포전,铺展; 炮战
포전인옥,抛砖引玉
포점,铺垫
포접,抱接
포정,布丁; 炮艇; 庖丁
포제,炮制; 跑题; 胞弟
포제품,炮制品
포조,布条; 包租
포족,饱足
포졸,捕卒
포주,抱主; 包住; 蒲州
포죽,炮竹
포증,包拯
포지,抱持
포진,布阵; 疱疹; 铺陈; 抛进
포차,跑车; 泡茶; 包车
포착,捕捉
포착률,捕捉率; 捕捉率
포착포착,跑着跑着
포찬,饱餐
포찰,包扎
포창,饱胀
포채,泡菜
포척,抛掷
포천개지,铺天盖地
포천하,蒲天河
포철,鲍彻
포청,捕厅
포청천,包青天
포체,铺砌
포체랍궁,布达拉宫
포체패사,布达佩斯
포초,包抄
포춘래,鲍春来
포취당,葡聚糖
포치,布置; 包治
포쾌,捕快
포타천하,包打天下
포탁,布托
포탄,砲弹; 炮弹
포탄자,铺摊子
포탈,逋脱
포탑,炮塔
포탕,泡汤
포태,胞胎
포택이,布泽尔
포통,炮筒
포퇴,跑腿
포특불리잡,布特弗利卡
포파갑,蒲巴甲
포판,包办
포판대체,包办代替
포판혼인,包办婚姻
포편,跑遍
포폄,褒贬
포평,铺平; 布平
포평도로,铺平道路
포포,包包; 布布
포포당,泡泡糖
포포보,跑跑步
포포적,饱饱的
포폭,布幅
포표,布票
포풍,布冯
포풍착영,捕风捉影
포피,包皮; 包被
포필,布匹
포하,抛下; 包下; 包河
포하구,包河区
포하래,包下来
포함,包含; 饱含; 包涵; 炮舰
포합물,包合物
포혁,布赫
포현,蒲县
포형,胞兄
포혜,布鞋; 跑鞋
포화,砲火; 饱和; 炮火; 刨花
포화도,饱和度
포화판,刨花板
포확,捕获
포환,砲丸
포황,抛荒
포회,炮灰
포효,咆哮
포흥,鲍兴
폭,暴; 爆; 幅; 辐; 瀑; 曝
폭갈,暴喝
폭거,暴举; 暴擧
폭격,爆击
폭격기,爆击机
폭격당,爆击当
폭관,幅宽
폭광,曝光
폭광량,曝光量
폭광률,曝光率
폭군,暴君
폭기,暴起; 曝气
폭도,暴徒; 幅度; 暴跳
폭도여뢰,暴跳如雷
폭동,暴动
폭두,爆豆
폭등,暴腾
폭등세,暴腾势
폭락,暴落
폭란,暴乱
폭랭,暴冷
폭랭문,爆冷门
폭려,暴戾
폭력,暴力
폭력단,暴力团
폭력배,暴力辈
폭력성,暴力性
폭력적,暴力的
폭력혁명,暴力革命
폭력화,暴力化
폭렬,爆裂; 暴烈
폭로,暴露; 暴怒; 曝露
폭로무유,暴露无遗
폭로전,暴露战
폭리,暴利
폭만,爆满
폭면,幅面
폭미화,爆米花
폭민,暴民
폭발,暴发; 爆发
폭발력,爆发力
폭발물,爆发物
폭발성,爆发性; 暴发性
폭발식,爆发式
폭발적,暴发的
폭발전쟁,爆发战争
폭발호,暴发户
폭부,暴富
폭붕,爆棚
폭비기,暴脾气
폭사,暴死
폭서,暴暑
폭설,暴雪
폭소,爆笑
폭쇄,暴晒; 曝晒
폭압,暴压
폭압적,暴压的
폭약,爆药
폭양,曝阳
폭언,暴言
폭연,爆燃
폭열,暴热
폭염,暴炎
폭우,暴雨
폭원,幅员
폭원료활,幅员辽阔
폭음,暴飮; 爆音
폭음폭식,暴饮暴食
폭작,爆炸
폭작력,爆炸力
폭작물,爆炸物
폭작성,爆炸性
폭작시,爆炸时
폭작식,爆炸式
폭정,暴政
폭조,暴躁
폭주,暴注
폭죽,爆竹
폭증,爆增; 暴增
폭진천물,暴殄天物
폭질,暴跌
폭창,暴涨
폭초,爆炒; 暴炒
폭출,爆出
폭탄,爆弹
폭탄선언,爆弹宣言
폭탄주,爆弹酒
폭파,爆破
폭파당,爆破当
폭폐,暴毙
폭포,瀑布
폭포수,瀑布水
폭폭,幅幅
폭풍,暴风
폭풍설,暴风雪
폭풍우,暴风雨
폭풍취우,暴风骤雨
폭학,暴虐
폭행,暴行
폭행당,暴行当
폭후,暴吼
폿,喸
퐁,乓
표,表; 标; 票; 飘; 漂; 彪; 豹; 镖; 嫖; 瞟; 瓢; 飙; 婊; 剽; 缥; 镳; 裱; 膘; 飚; 嘌; 骠; 杓; 鳔; 殍; 髟; 螵; 贆; 磦; 臕; 颩; 醥; 脿; 藨; 諘; 魒; 標; 飄; 錶; 飆
표가,票价; 表哥; 标价
표간,标杆
표객,嫖客; 镖客
표거,票据
표거교환,票据交换
표거권리,票据权利
표거법,票据法
표거첩현,票据贴现
표격,表格
표결,票决; 表决
표결권,表决权
표결기,表决器
표고,标高
표공,表功
표관,票款
표구,表具; 表舅
표국,镖局
표근,票根
표기,表记; 标记; 骠骑; 嫖妓
표기법,表记法; 标记法
표단,表单
표대,表带; 飘带
표도,标度
표동,飘动
표두,镖头
표락,飘落
표랑,漂浪
표량,漂亮; 标量
표량장,漂亮仗
표량화,漂亮话
표령,飘零; 嘌呤
표로,表露
표료,漂了
표류,漂流; 飘流
표류당,漂流当
표류자,漂流者
표률,表率
표리,表里
표리부일,表里不一
표리여일,表里如一
표매,表妹
표면,表面; 票面
표면리률,票面利率
표면장력,表面张力
표면적,表面的; 表面积
표면파,表面波
표면화,表面化
표명,表明; 标明
표묘,飘渺; 缥缈
표무,飘舞
표박,漂泊; 飘泊
표반,表盘
표발,瓢泼
표발대우,瓢泼大雨
표방,标榜; 票房
표백,漂白; 表白
표백미,表白美
표백분,漂白粉
표백제,漂白剂
표변,豹变
표병,标兵; 彪炳
표보,表报
표본,标本
표본겸치,标本兼治
표본적,标本的
표부,漂浮; 飘浮
표불,飘拂
표비,飘飞
표비분장,膘肥体壮
표산,飘散
표상,表裳; 表象; 标箱; 票箱
표상화,表象化
표서,标书
표석,标石
표세,漂洗; 飘洒
표수,票数; 表嫂
표수현위,漂水县尉
표숙,表叔; 嫖宿
표술,表述
표승,飚升
표시,标示; 表示
표시권,表示权
표시등,标示灯
표시량,表示量
표시설,表示说
표시판,标示板
표시표시,表示表示
표식,标式
표신,标识
표신립이,标新立异
표신부,标识符
표액,票额
표양,表扬; 飘扬; 标样
표양과해,漂洋过海; 飘洋过海
표어,标语
표연,表演; 飘然
표연새,表演赛
표연성,表演性
표연자,表演者
표연장,表演奖
표염,漂染
표요,飘摇
표우,票友
표원,票源
표위,表位
표음,表音
표의,表意; 表衣
표이,漂移; 飘移; 表姨
표인,标引
표일,飘逸
표자,婊子; 豹子; 票子; 表字
표장,表章
표저,表姐; 标底
표저부,表姐夫
표적,标的
표적물,标的物
표전,漂典
표절,剽窃
표점,标点
표점부호,标点符号
표정,表定; 表情; 表征; 标定; 票证
표제,标题; 表弟
표제어,标题语
표제작,表题作
표주,标注
표준,标准
표준건,标准件
표준고,标准高
표준궤,标准轨
표준매,标准煤
표준분,标准分
표준상,标准箱; 标准像
표준시,标准时
표준안,标准案
표준액,标准额
표준어,标准语
표준제,标准制
표준차,标准差
표준층,标准层
표준품,标准品
표준형,标准型
표준화,标准化
표지,标志; 标识; 表纸; 标識
표지색,标识色; 标識色
표지성,标志性
표지판,标识板; 标識板
표징,表征
표차,飙车
표창,表彰; 嫖娼; 标枪
표창록,表彰录
표창장,表彰状; 表彰狀
표창회,表彰会
표척,标尺
표첨,标签
표체,表达
표체량,表达量
표체률,表达率
표체방식,表达方式
표체식,表达式
표체자,表达者
표출,表出
표층,表层
표치,标致
표친,表亲
표탕,飘荡
표태,表态
표토,表土
표토층,漂土层
표판,票贩
표판자,票贩子
표패,标牌
표표,飘飘; 表表
표표량량,漂漂亮亮
표표연,飘飘然
표표욕선,飘飘欲仙
표피,表皮; 豹皮
표피적,表皮的
표한,彪悍; 剽悍
표행,漂行
표향,飘香
표현,表现
표현력,表现力
표현물,表现物
표현미,表现美
표현법,表现法
표현성,表现性
표현자,表现者
표현적,表现的
표현주의,表现主义
표현주의적,表现主义的
표현체,表现体
표현형,表现型
표현화,表现化
표형,表兄
표형대한,彪形大汉
표호,标号
표홀,飘忽
표홀부정,飘忽不定
표훼,瓢虫
푸,䬌
푸대접,­待接
풀칠,­漆
품,品; 禀; 榀
품감,品鉴
품격,品格
품계,品系
품계석,品阶石
품고,禀告
품관,品官
품귀,品贵
품급,品级
품덕,品德
품독,品读
품두론족,品头论足
품류,品类
품명,品名; 品茗; 禀明
품모,品貌
품목,品目
품미,品味
품미인생,品味人生
품보,禀报
품부,禀赋
품사,品词
품상,品尝
품색,品色
품성,品性; 禀性
품성적,品性的
품위,品位
품제,品制; 品第
품종,品种
품주,品酒
품질,品质
품차,品茶
품패,品牌
품패화,品牌化
품평,品评
품평회,品评会
품학겸우,品学兼优
품행,品行
품홍,品红
풍,风; 丰; 疯; 冯; 讽; 枫; 沣; 酆; 葑; 砜; 鄷; 豊; 風; 瘋; 豐; 諷; 馮; 沨; 楓
풍가,冯家
풍각,风角
풍간,风干
풍건중,冯建中
풍검,冯剑
풍검명,冯剑明
풍격,风格
풍격화,风格化
풍경,风景; 风磬; 冯敬; 枫泾; 风镜
풍경구,风景区
풍경림,风景林
풍경명승구,风景名胜区
풍경여화,风景如画
풍경운담,风轻云淡
풍경점,风景点
풍경화,风景画
풍곤,冯坤
풍골,风骨
풍공,冯巩
풍공위적,丰功伟绩
풍과,冯科
풍관,风观
풍광,疯狂; 风光
풍광의니,风光旖旎
풍구,风口; 疯狗
풍구랑첨,风口浪尖
풍국근,冯国勤
풍국장,冯国璋
풍군,冯军
풍권,风圈
풍권잔운,风卷残云
풍근생,冯根生
풍금,风琴
풍기,风气; 风机; 风纪
풍기용,冯其庸
풍기운용,风起云涌
풍기재,冯骥才
풍녀사,冯女士
풍년,豊年; 丰年
풍년가,豊年歌
풍녕,冯宁; 丰宁
풍대,丰台
풍대구,丰台区
풍대법원,丰台法院
풍대분육중심,丰台体育中心
풍덕륜,冯德伦
풍도,风度; 风道; 丰都; 冯涛
풍도편편,风度翩翩
풍도현,丰都县
풍동,风洞; 风动
풍두,风头
풍등,风灯
풍락,丰乐
풍랑,风浪
풍량,风量; 风凉
풍량화,风凉话
풍려,豊丽
풍력,风力
풍력발전,风力发电
풍령,风铃
풍로사,冯老师
풍뢰,风雷
풍류,风流
풍류도,风流徒
풍류운사,风流韵事
풍류인물,风流人物
풍류재자,风流才子
풍류척당,风流倜傥
풍륜,冯仑
풍륭,丰隆
풍림,枫林; 冯琳
풍마,疯魔
풍마우부상급,风马牛不相及
풍만,豊满; 丰满
풍명창,冯明昌
풍모,风貌; 冯某; 风帽
풍몽룡,冯梦龙
풍무,丰茂
풍무용,冯武勇
풍문,风闻; 风门
풍물,风物
풍미,风味; 风靡; 丰美
풍미일시,风靡一时
풍백,风伯
풍범,风范; 风帆
풍보,冯保
풍부,丰富; 豊富
풍부다채,丰富多彩
풍부성,丰富性
풍부진,冯富珍
풍부화,豊富化
풍비,丰碑; 冯飞
풍비박산,风飞雹散
풍사,风沙
풍산,丰产
풍산산,冯珊珊
풍산성,丰产性
풍산전,丰产田
풍상,风霜; 风尚; 风箱
풍상송,冯相荣
풍상장,风尚奖
풍색,风色
풍석,丰硕
풍선,风扇; 风船; 风选
풍선생,冯先生
풍설,风说; 风雪; 冯雪
풍설교가,风雪交加
풍성,豊盛; 丰盛; 风声; 丰城
풍성감,豊盛感
풍성시,丰城市
풍성연,冯星然
풍성풍성,豊盛豊盛
풍성학려,风声鹤唳
풍성현,丰城县
풍소,风骚
풍소강,冯小刚
풍소봉,冯绍峰
풍소저,冯小姐
풍소정,冯潇霆
풍속,风俗; 风速
풍속도,风俗图
풍속습관,风俗习惯
풍속화,风俗画
풍수,风水; 丰收; 枫树
풍수가,风水家
풍수론,风水论
풍수보지,风水宝地
풍수사,风水师
풍수설,风水说
풍수성,风水性
풍수용,冯树勇
풍수적,风水的
풍수지리,风水地理
풍수지리관,风水地理观
풍수지리론,风水地理论
풍수지리적,风水地理的
풍수지리학,风水地理学
풍수해,风水害
풍순,丰顺
풍습,风习; 风湿
풍습병,风湿病
풍습성,风习性; 风湿性
풍습열,风湿热
풍시,风时
풍식,风蚀
풍신,风神
풍신수,丰臣秀
풍신자,风信子
풍심병,风心病
풍씨,冯氏
풍아,风雅; 风儿
풍악,风乐
풍압,风压
풍양,枫杨
풍언풍어,风言风语
풍역진,冯亦珍
풍연,风烟
풍영,丰盈; 冯瑛
풍영루,风影楼
풍옥상,冯玉祥
풍요,豊饶
풍요성,豊饶性
풍우,风雨
풍우교가,风雨交加
풍우동주,风雨同舟
풍우란,冯友兰
풍우무조,风雨无阻
풍우병,疯牛病
풍우표요,风雨飘摇
풍운,风云; 风韵; 冯云; 丰韵
풍운돌변,风云突变
풍운변환,风云变幻
풍운아,风云儿
풍운유존,风韵犹存
풍운인물,风云人物
풍운제회,风云际会
풍원정,冯远征
풍월,风月
풍위,冯伟
풍유,丰腴; 丰裕; 讽喻
풍윤,丰润
풍의,风衣; 风仪
풍의족식,丰衣足食
풍익,冯翊
풍인,疯人
풍인원,疯人院
풍자,讽刺; 疯子; 风姿; 丰姿
풍자개,丰子恺
풍자극,讽刺剧
풍자성,讽刺性
풍자시,讽刺诗
풍자알고,讽刺挖苦
풍자작약,风姿绰约
풍자적,讽刺的
풍자집,讽刺集
풍작,豊作
풍장,风葬; 疯长
풍재,风灾
풍쟁,风筝
풍적,风笛
풍전,丰田; 疯癫; 风传
풍전개,丰田凯
풍전공사,丰田公司
풍전기차공사,丰田汽车公司
풍전기차소수유한공사,丰田汽车销售有限公司
풍전중심,丰田中心
풍전차대,丰田车队
풍정,风情
풍정정,冯程程
풍정화,风情画
풍조,风潮
풍조우순,风调雨顺
풍족,豊足; 丰足
풍준양,冯俊扬
풍진,风尘; 风疹; 丰镇
풍진복복,风尘仆仆
풍진신,丰晋信
풍차,风车
풍찬,风钻
풍찬로숙,风餐露宿
풍채,风采; 丰采
풍초,冯超
풍촉잔년,风烛残年
풍취,风趣
풍취우림,风吹雨淋
풍취우타,风吹雨打
풍취일쇄,风吹日晒
풍취초동,风吹草动
풍치,风致
풍치전체,风驰电掣
풍친왕,冯亲王
풍택,丰泽
풍택구,丰泽区
풍토,风土
풍토성,风土性
풍토인정,风土人情
풍토적,风土的
풍파,风波
풍패,丰沛
풍편,风便
풍평랑정,风平浪静
풍포,疯跑
풍폭,风暴
풍폭조,风暴潮
풍풍광광,风风光光
풍풍우우,风风雨雨
풍풍전전,疯疯癫癫
풍풍화화,风风火火
풍필락,冯必乐
풍한,风寒
풍핵,风势
풍행,风行
풍행일시,风行一时
풍향,风向; 枫香
풍향표,风向标
풍험,风险
풍험성,风险性
풍현,丰县
풍협,枫叶
풍화,风化; 风华; 丰华; 冯华; 疯话
풍화각,风化壳
풍화륜,风火轮
풍화설월,风花雪月
풍화일려,风和日丽
풍화정무,风华正茂
풍효방,冯晓芳
풍후,丰厚
피,被; 皮; 避; 摆; 彼; 疲; 披; 辟; 屁; 跛; 陂; 铍; 帔; 鲏; 貏; 诐; 氕; 骳; 藣; 髲; 犤
피간로담,披肝露胆
피갑,披甲
피개,避开; 被盖
피개육탄,皮开肉绽
피건,皮件
피검생,皮黔生
피격,被击
피견,披肩
피고,被告; 皮裤
피고발인,被告发人
피고석,被告席
피고소인,被告诉人
피고인,被告人
피고인석,被告人席
피곤,疲困
피골,皮骨
피괘,披挂
피괘상진,披挂上阵
피교육자,被教育者
피구,皮球
피구금자,被拘禁者
피구속성,被拘束性
피구속자,被拘束者
피군,皮裙
피권,疲倦
피극,皮克
피극사,皮克斯
피근,皮筋
피기염,皮肌炎
피낙절특,皮诺切特
피난,避难
피난민,避难民
피난소,避难所
피난지,避难地
피난처,避难处
피낭,皮囊
피내,皮内
피단,皮蛋; 被单
피대,皮带
피대륜,皮带轮
피대의,皮大衣
피덕,彼德
피도,被盗
피도안,被盗案
피동,被动
피동성,被动性
피동식,被动式
피동적,被动的
피동형,被动型
피두산발,披头散发
피득,彼得
피득보,彼得堡
피득삼,彼得森
피득한새이,彼得汉塞尔
피등,彼等
피란,避乱
피력,披沥
피로,疲劳; 披露
피로감,疲劳感; 疲勞感
피로강도,疲劳强度
피로도,疲劳度
피로연,披露宴
피뢰,皮雷; 避雷
피뢰기,避雷器
피뢰침,避雷针
피루,疲累
피리,被里
피마대효,披麻戴孝
피막,被膜
피면,避免; 皮棉; 皮面; 被面
피모,皮毛
피미,披靡
피박,被迫
피발,披发
피발행인,被发行人
피벌,皮筏
피보험인,被保险人
피보호,被保护
피복,被服; 被覆
피봉,皮蓬
피부,皮肤; 皮部; 被俘
피부과,皮肤科
피부병,皮肤病
피부색,皮肤色
피부암,皮肤癌
피부염,皮肤炎
피비,疲惫
피비부감,疲惫不堪
피사,辟邪; 避邪
피사체,被写体
피산,披散
피살,被杀
피살당,被杀当
피살라,皮萨罗
피상,披上; 皮箱; 皮相
피상성,皮相性
피상적,皮相的
피서,避暑
피서객,避暑客
피서법,避暑法
피서산장,避暑山庄
피서지,避暑地
피선,被选
피선거권,被选举权; 被选擧权
피성대월,披星戴月
피세,避世
피소육부소,皮笑肉不笑
피습,被袭
피시,彼时
피신,避身
피신처,避身处
피신청인,被申请人
피실,皮实
피실취허,避实就虚
피아걸,皮亚杰
피안,彼岸
피안적,彼岸的
피압박,被压迫
피애이,皮埃尔
피야라,皮耶罗
피약,疲弱
피양,避让
피연,疲软
피염,皮炎
피영,皮影
피영희,皮影戏
피오,皮袄
피온,皮温
피와,被窝
피요,辟谣
피욕,被褥
피용인,被用人
피우,避雨
피우분명,疲于奔命
피육,皮肉
피육지고,皮肉之苦
피의,被疑; 皮衣
피의자,被疑者
피이,皮尔
피이락,皮尔洛
피이부견,避而不见
피이부담,避而不谈
피이부답,避而不答
피이사,皮尔斯
피이손,皮尔逊
피인,被人
피일시,彼一时
피임,避妊
피임법,避妊法
피임약,避妊药
피잉,避孕
피잉약,避孕药
피잉약구,避孕药具
피잉투,避孕套
피자,被子; 被刺; 皮子
피잡,皮卡
피장,皮匠; 皮张
피전,皮典
피점령토,被占领土
피정,避静; 皮艇
피정복,被征服
피정복민,被征服民
피정복자,被征服者
피제,皮制
피조,被罩; 皮条
피조물,被造物
피좌니아,皮佐尼亚
피중취경,避重就轻
피지,皮脂; 皮纸
피지배,被支配
피지배자,被支配者
피지배층,被支配层
피지선,皮脂腺
피진,皮疹
피질,皮质
피질동,皮质酮
피질순,皮质醇
피차,彼此
피차간,彼此间
피차피차,彼此彼此
피척,皮尺
피청구인,被请求人
피체포자,被逮捕者
피층,皮层
피침해,被侵害
피침형,披针形
피타전,皮打典
피통치자,被统治者
피투,被套
피특,皮特; 彼特
피편,皮鞭; 皮片
피평위,被评为
피폐,疲弊
피폐화,疲弊化
피포,被捕; 皮包; 皮袍
피포골,皮包骨
피포골두,皮包骨头
피포공사,皮包公司
피포자,被捕者
피폭자,被爆者
피풍,避风; 披风
피풍당,避风塘
피풍항,避风港
피피,皮皮
피피로,皮皮鲁
피핍,被逼; 疲乏
피하,皮下
피하조직,皮下组织
피하주사,皮下注射
피항,避港
피해,被害
피해망상증,被害妄想症
피해액,被害额
피해인,被害人
피해자,被害者
피혁,皮革
피혐,避嫌
피협,皮夹
피협극,皮夹克
피협자,皮夹子
피형참극,披荆斩棘
피혜,皮鞋
피홍,披红
피화,皮靴; 皮货
피황,皮黄
피휘,避讳
픽,腷; 煏
필,必; 虑; 笔; 毕; 匹; 泌; 弼; 跸; 吡; 哔; 铋; 鹎; 荜; 筚; 邲; 滗; 苾; 觱; 袐; 罼; 饆; 駜; 縪; 驆; 筆; 畢; 嗶; 疋
필가,笔架
필가색,毕加索
필각,吡咯
필간,笔杆
필간자,笔杆子
필경,毕竟; 必经; 笔耕
필경부철,笔耕不辍
필경지로,必经之路
필공필경,毕恭毕敬
필기,笔记; 哔叽
필기공우일역,毕其功于一役
필기구,笔记具
필기도구,笔记道具
필기본,笔记本
필기시험,笔记试验
필기시험지,笔记试验纸
필능,必能
필단,笔端
필담,笔谈
필도,笔刀
필독,必读
필두,笔头
필득,必得
필량,毕良
필력,笔力
필로사,毕老师
필록,笔录
필마위,毕马威
필명,笔名
필명명,毕明明
필모,笔帽
필묵,笔墨
필방,笔房
필배,匹配
필법,笔法
필복검,毕福剑
필봉,笔锋
필부,匹夫
필부가소,必不可少
필부유책,匹夫有责
필부지용,匹夫之勇
필비,必备; 毕比
필비품,必备品
필사,必死; 笔写
필사무의,必死无疑
필사적,必死的
필생,毕生
필선,笔线
필수,必修; 必需; 必须
필수과,必修课
필수적,必须的
필수주의,必须注意
필수품,必需品
필숙민,毕淑敏
필순,笔顺
필승,必胜
필승객,必胜客
필시,必是; 笔试
필압,笔压
필업,毕业
필업론문,毕业论文
필업생,毕业生
필업생문,毕业生们
필업설계,毕业设计
필역,笔译
필연,必然; 毕妍
필연성,必然性
필연왕국,必然王国
필연적,必然的
필연추핵,必然趋势
필오,笔误
필옥새,毕玉玺
필요,必要
필요금,必要金; 必要金
필요량,必要量
필요성,必要性
필요악,必要恶
필요조건,必要条件
필요충분조건,必要充分条件
필우,笔友
필유지로,必由之路
필이파악,毕尔巴鄂
필자,笔者
필자보,匹兹堡
필장,必将
필적,匹敌; 笔迹
필절,毕节
필절시,毕节市
필절전구,毕节专区
필절지구,毕节地区
필절현,毕节县
필정,必定; 笔挺; 吡啶
필정요,必定要
필조,笔调
필직,笔直
필진,笔阵
필채,笔债
필첨,笔尖
필체,笔体
필촉,笔触
필치,笔致
필통,笔筒
필필,笔笔
필하,笔下
필형,笔形
필화,笔画
필활,匹敌
필회,笔会
필획,笔划
핍,乏; 逼
핍공,逼供
핍근,逼近
핍량위창,逼良为娼
핍력,乏力
핍문,逼问
핍미,乏味
핍박,逼迫
핍사,逼死; 逼使
핍상량산,逼上梁山
핍선가진,乏善可陈
핍시,逼视
핍인,逼人; 乏人
핍진,逼真
핍채,逼债
핍화,逼和
하,下; 何; 河; 呀; 夏; 荷; 吓; 贺; 霞; 厦; 虾; 哧; 瑕; 遐; 嗬; 罅; 菏; 嘏; 瘕; 岈; 袔; 睱; 縀; 嚇; 蝦; 賀; 廈; 昰
하가,下家; 何家; 下嫁; 夏家; 何可; 贺家
하각,下脚; 下角
하각료,下脚料
하간,河间; 何干; 下干
하감,何堪
하강,下降; 下岗; 夏江; 下江; 何强
하강기,下降期
하강률,下降率
하강세,下降势
하객,贺客
하거,下去; 河渠
하거하종,何去何从
하건국,何建国
하걸,何杰
하걸금,何杰金
하검,下睑
하결,何洁
하결론,下结论
하결심,下决心
하결정,下决定
하경,何炅; 夏耕
하경괴,何庆魁
하경송,贺劲松
하경원,何庆源
하경화,何经华
하계,下界; 夏季
하계절,夏季节
하계풍,夏季风
하고,何苦; 何故
하고초,夏枯草
하곡,夏谷; 河谷; 河曲
하곡지,河曲地
하공,下工; 河工
하공부,下功夫; 下工夫
하과,下课; 下锅
하관,下棺; 下观; 下管
하관시,下棺时
하광,霞光
하괴,吓坏
하교,下校
하교수,何教授
하굣,下校
하구,河口; 河沟
하구뇌,下丘脑
하국강,贺国强
하군,夏军; 何群; 何军
하군상,贺军翔
하권,下卷
하궤,下跪
하귀,何贵
하극,罅隙
하극상,下克上
하근,下根
하급,下级
하급심,下级审
하급자,下级者
하기,下棋; 何其; 何奇
하기방,何其芳
하기우,下起雨
하기층,下基层
하나,夏娜
하남,河南
하남농업대학,河南农业大学
하남대,河南队
하남대학,河南大学
하남로,河南路
하남박물원,河南博物院
하남사범대학,河南师范大学
하남성,河南省
하남성위,河南省委
하남위시,河南卫视
하남의과대학,河南医科大学
하남일보,河南日报
하남재경학원,河南财经学院
하남전시대,河南电视台
하내,河内
하내시,河内市
하녀,下女
하녀사,何女士; 夏女士
하년,贺年
하년잡,贺年卡
하년편,贺年片
하녕,何宁
하농촌,下农村
하능,何能
하니,河泥
하단,下段; 下端; 河段; 下蛋; 何丹
하단부,下段部
하달,下达
하달식,下达式
하대,下代; 下台; 厦台
하대일,何大一
하덕공,何德功
하덕인,夏德仁
하도,河道; 吓倒; 下道; 下跳; 河图; 何涛
하도급,下都给
하독,下毒
하독수,下毒手
하돈,河豚
하동,下同; 河东; 何东
하동구,河东区
하동로,河东路
하동사후,河东狮吼
하동신,贺同新
하동항,贺东航
하두,下头
하득거,下得去
하등,下等; 何等; 河灯
하락,下落; 夏洛
하락극,夏洛克
하락기,下落期
하락률,下落率; 下落率
하락부명,下落不明
하락부위,何乐不为
하락세,下落势
하락이부위,何乐而不为
하락특,夏洛特
하란,荷兰; 贺兰
하란국가대,荷兰国家队
하란대,荷兰队
하란두,荷兰豆
하란산,贺兰山
하란아모사특단,荷兰阿姆斯特丹
하란은행,荷兰银行
하란인,荷兰人
하래,下来; 何来
하량,夏粮; 下梁
하려,何丽
하려려,何丽丽
하력,夏历; 何力; 下力
하련,下联
하렬,下列
하령,下令; 夏令
하령시,夏令时
하령영,夏令营
하례,下隷; 贺礼
하례객,贺礼客
하례식,贺礼式
하로,何老
하로려,何鲁丽
하로사,何老师; 夏老师
하록정,贺绿汀
하뢰,何磊
하룡,贺龙
하룡만,下龙湾
하룡분육장,贺龙体育场
하룡분육중심,贺龙体育中心
하루,下楼
하류,下流; 河流
하릉풍,何凌风
하리,夏利; 下痢
하리교차,夏利轿车
하리차,夏利车
하리파인,下里巴人
하림,何琳; 夏林
하립봉,何立峰
하마,河马; 下马; 荷马
하마위,下马威
하만,河湾
하망,河网; 夏芒
하면,下面; 河面
하명,下命
하모,何某; 夏某; 贺某
하묘,虾苗
하문,厦门; 下文; 下问
하문검험검역국,厦门检验检疫局
하문공사,厦门公司
하문권연창,厦门卷烟厂
하문기장,厦门机场
하문대,厦门队
하문대학,厦门大学
하문도,厦门岛
하문로,厦门路
하문만,厦门湾
하문만보,厦门晚报
하문분공사,厦门分公司
하문빈관,厦门宾馆
하문시,厦门市
하문시공상국,厦门市工商局
하문시공안국,厦门市公安局
하문시위,厦门市委
하문시중급인민법원,厦门市中级人民法院
하문애락락단,厦门爱乐乐团
하문일보,厦门日报
하문전시대,厦门电视台
하문지구,厦门地区
하문참,厦门站
하문특구,厦门特区
하문항,厦门港
하문항공공사,厦门航空公司
하문해소,厦门海关
하문화,贺文华
하문화차참,厦门火车站
하미,虾米; 何薇
하민,何敏
하민욱,何闽旭
하반,下半; 下班; 河畔; 下盘; 下饭
하반구,下半区
하반기,下半期; 下半旗
하반시,下半时
하반신,下半身
하반야,下半夜
하반월,下半月
하발,下发
하방,下方; 下放; 何妨; 何方; 下房; 河蚌; 河防
하방가,河坊街
하방식,下放式
하배,下拜
하배자,下辈子
하범,下凡; 何帆
하법,下法
하벽,下壁
하변,河边; 下边
하병,何兵
하병해장,虾兵蟹将
하보,夏普
하보공사,夏普公司
하복,下服
하복부,下腹部
하복지,贺福志
하본,下本
하봉의,夏凤仪
하부,下部; 何不
하부거,下不去
하부료대,下不了台
하부엄유,瑕不掩瑜
하부위례,下不为例
하북,河北
하북구,河北区
하북농업대학,河北农业大学
하북대,河北队
하북대학,河北大学
하북로,河北路
하북방자,河北梆子
하북사범대학,河北师范大学
하북성,河北省
하북성위,河北省委
하북의과대학,河北医科大学
하북일보,河北日报
하북지구,河北地区
하분,下体
하비,霞飞
하비갑,下鼻甲
하비기,下飞机
하빈,夏斌; 何斌
하빈공원,河滨公园
하빙,何冰
하사,下士; 下赐; 吓死; 何事; 贺词; 遐思; 下泻; 贺辞
하사관,下士官
하사금,下赐金; 下赐金
하사기,下斜肌
하사탄,荷斯坦
하사품,下赐品
하산,下山; 河山
하삼도,下三道
하상,下裳; 河床; 下床; 遐想; 何尝
하상부시,何尝不是
하새,何塞
하새비,何赛飞
하새장,荷赛奖
하생량,何生亮
하서,河西; 下书; 荷西
하서구,河西区
하서주랑,河西走廊
하서지구,河西地区
하석,何夕
하선,下船; 河鲜
하선고,何仙姑
하선동력,夏扇冬历
하선생,何先生; 夏先生; 贺先生
하설,下雪; 下泄; 夏雪
하설화,何雪华
하성구,下城区
하성명,何晟铭
하세,贺岁; 下世
하세충,何世忠
하소,下关; 何笑
하소구,下关区
하소저,何小姐; 夏小姐
하속,下属
하송,夏松
하송가지행,河松街支行
하수,下水; 下手; 河水; 下垂; 夏收; 何须
하수구,下水沟
하수도,下水道
하수도관,下水道管
하수면,下水面
하수오,何首乌
하수인,下手人
하숙,下宿
하숙금,夏淑琴
하숙방,下宿房
하숙비,下宿费
하숙생,下宿生
하숙집형,下宿-型
하순,下旬; 下唇
하승,下乘
하시,何时
하시제,夏时制
하시하지,何时何地
하신,下身; 贺信; 夏新; 下伸; 河神
하신중,贺信中
하심,河心
하씨,贺氏; 何氏
하아,夏亚
하악,下颚
하안,河岸; 何晏
하야,下野
하야양평,河野洋平
하약,下药
하양,夏阳
하양청,何阳青
하언,何言; 夏言
하여,何如; 下余
하여간,何如间
하역,荷役
하연,下缘; 河沿; 夏衍
하염봉,何冉凤
하영,何英
하오,下午
하오차,下午茶
하옥,下狱; 夏沃
하옥미,夏玉米
하왜,夏娃
하용,何勇
하우,下雨; 夏雨; 夏宇; 夏禹
하우천,下雨天; 夏雨天
하운시,何韵诗
하원,下院; 河源; 何媛
하원시,河源市
하월,下月; 夏月
하위,下位; 何为; 何谓; 何伟
하위권,下位圈
하위문화,下位文化
하위방,贺卫方
하위법,下位法
하위이,夏威夷
하위이군도,夏威夷群岛
하위이주,夏威夷州
하유,下游; 夏维
하윤동,何润东
하읍례,下揖礼; 下揖禮
하응흠,何应钦
하의,下衣; 何意; 何毅
하의신,下意识
하의원,下议院
하의의,何意义
하이,何以; 何异; 遐迩; 夏尔
하이동,何异同
하이래,何而来
하이몽,荷尔蒙
하익,何益
하인,下人; 吓人; 何人; 虾仁; 下咽; 何因
하일,夏日; 何日
하일개,下一个
하일도,吓一跳
하일리,夏日里
하일보,下一步
하일비,下一批
하일사,下一些
하일성,下一城
하일염염,夏日炎炎
하일장,下一场
하일종,下一种
하자,瑕疵; 下子; 虾子; 何者
하자진,贺子珍
하작,下作
하잡,贺卡
하장,下场; 夏装; 下葬; 下装; 虾酱
하재,下载; 何在; 荷载
하적호,河迹湖
하전,贺电; 下田
하정,下情; 何静
하정결심,下定决心
하정단,下订单
하제,河堤
하조,下调; 下诏; 夏朝; 河槽
하조휴,何祚庥
하존,何存
하종,夏种; 下种
하주,下周; 荷主; 下酒; 下注; 吓走; 贺州; 夏州
하주시,贺州市
하준,何俊
하준요,贺俊尧
하준창,何俊昌
하중,荷重
하중농,下中农
하중도,河中岛
하중용,何仲容
하증,何曾
하지,夏至; 下肢; 何止; 下地; 何地; 下至; 河池; 何只
하지기,下肢肌
하지려,何智丽
하지문,何志文
하지시,河池市
하지옥,下地狱
하지우,何至于
하지평,何志平
하직,下直
하직기,下直肌
하진,何进; 河津
하진량,何振梁
하진부,下进部
하진시,河津市
하질,下跌
하질고,下跌股
하집,下集
하짓,夏至
하차,下次; 下车
하찬,下钻
하창,下厂
하창실탄,荷枪实弹
하책,下策
하처,何处; 下处
하천,河川; 夏天; 下贱
하첨,夏添; 下签
하청,下请; 夏青; 何晴; 河清
하청업,下请业
하체,下体; 下达
하초,下超; 下焦
하촌,下村
하추,下坠; 夏秋
하추계,夏秋季
하충,何冲
하층,下层
하층민,下层民
하치장,荷置场
하침,下沉
하침식,下沉式
하탄,河滩
하탐,下探
하탑,下榻
하택,菏泽
하택시,菏泽市
하투,河套
하투지구,河套地区
하파,下巴; 下摆; 下坡; 夏播
하파로,下坡路
하평,何平
하포,荷包; 下铺; 霞浦; 夏布
하포단,荷包蛋
하포현,霞浦县
하표,下表; 下标
하품,下品
하풍,下风; 夏风
하피,虾皮
하필,何必; 下笔
하필당초,何必当初
하하,哈哈; 呀呀; 夏河; 下河; 吓吓; 哧哧; 嗬嗬
하학,下学
하학기,下学期
하학란,夏学銮
하학적,下学的
하한,下限
하한가,下限价
하한기,夏闲期
하함,下陷
하합,下颌; 下合
하합각,下颌角
하합골,下颌骨
하항,河港
하해,下海; 河蟹; 下解
하해대학,河海大学
하행,下行
하행선,下行线
하향,下向; 下鄕; 下乡
하향응,何香凝
하허,何许
하허인야,何许人也
하현,下弦; 夏县
하혈,下血
하혈량,下血量
하협,荷叶
하혜려,何慧丽
하호,下户; 吓唬; 河湖; 夏虎
하호하호,吓唬吓唬
하호형,下户型
하홍신,何鸿燊
하화,荷花; 夏花
하화기장,荷花机场
하화주,荷华州
하활,下滑
하황,何况
하회,下回; 下怀
하회분해,下回分解
하획선,下划线
하효락,何晓乐
하효범,何晓凡
하후,夏侯
하후걸,夏侯杰
하후람,夏侯岚
하후아백,夏侯雅伯
하후연,夏侯渊
하후영,夏侯婴
하후화,何厚铧
하훤택,夏煊泽
하흔,何欣
하희,贺喜
학,学; 确; 鹤; 虐; 郝; 谑; 涸; 壑; 疟; 泶; 嚯; 翯; 鸴; 蠚; 鸖; 學; 鶴
학강,鹤岗
학강시,鹤岗市
학건수,郝建秀
학건학,郝建学
학걸,郝杰
학경송,郝劲松
학계,学界
학공,学工
학과,学科; 学课
학과란,学科栏
학과장,学科长
학관중서,学贯中西
학교,学校
학교생활,学校生活
학교장,学校长
학구,学区; 学究
학구열,学究热
학구적,学究的
학국화,郝国华
학군,学群; 学军
학급,学级
학급비,学级费
학기,学期
학기기,学期期
학내,学内
학녀사,郝女士
학년,学年
학년도,学年度
학년생,学年生
학농,学农
학당,学堂
학대,虐待
학덕,学德
학도,学徒
학도공,学徒工
학도대,学徒队
학도로,学到老
학도병,学徒兵
학동,学童; 郝彤
학력,学力; 学历
학력고사,学力考查
학력자,学历者
학련,学联
학령,学龄
학령기,学龄期
학령아동,学龄儿童
학령전,学龄前
학령전아동,学龄前儿童
학로로,郝璐璐
학뢰,郝蕾
학룡빈,郝龙斌
학리,学理
학립계군,鹤立鸡群
학맥,学脉
학명,学名
학모,学帽; 郝某
학무,鹤舞
학무지경,学无止境
학문,学问; 学文
학문적,学问的
학반,学班
학발동안,鹤发童颜
학백촌,郝柏村
학번,学番
학벌,学阀
학벽,鹤壁
학벽시,鹤壁市
학병,学兵
학보,学报; 学步; 郝宝
학부,学部; 学府
학부모,学父母
학부오차,学富五车
학부위원,学部委员
학부형,学父兄
학분,学分
학비,学费
학비이,郝菲尔
학사,学事; 学士
학사모,学士帽
학산,鹤山
학살,虐杀
학살범,虐杀犯
학생,学生
학생과,学生课
학생과장,学生课长
학생극,学生剧
학생문,学生们
학생부,学生部
학생부실,学生部室
학생운동,学生运动
학생장,学生装
학생정,学生证
학생증,学生证
학생처,学生处
학생처장,学生处长
학생회,学生会
학생회관,学生会馆
학생회비,学生会费
학생회장,学生会长
학선생,郝先生
학설,学说
학설사적,学说史的
학수,郝帅
학수고대,鹤首苦待
학술,学术
학술계,学术界
학술성,学术性
학술적,学术的
학술지,学术志
학술회의,学术会议
학습,学习
학습권,学习权
학습량,学习量
학습반,学习班
학습법,学习法
학습자,学习者
학습장,学习场
학습지,学习纸
학습학습,学习学习
학습형,学习型
학습화,学习化
학시,学时
학식,学识
학신,学识
학아림,郝亚琳
학업,学业
학연,学缘; 郝燕
학예,学艺
학예원,学艺院
학예회,学艺会
학용결합,学用结合
학용품,学用品
학우,学友
학운,学运
학원,学院; 学员; 学园
학원로,学院路
학원문,学员们
학원비,学院费
학원훼,疟原虫
학위,学位; 郝伟
학유전장,学有专长
학의,鹤衣
학이우칙사,学而优则仕
학이치용,学以致用
학인,学人
학자,学者; 学子
학자금,学资金; 学资金
학자문,学者们; 学子们
학자형,学者型
학잡비,学杂费
학장,学长
학장문,学长们
학적,学籍
학적과,学籍课
학적부,学籍簿
학전교육,学前教育
학전반,学前班
학점,学点
학정,学正
학제,学制
학질,疟疾
학창,学窗; 学窓
학칙,学则
학파,学派
학풍,学风
학학,嚯嚯
학해,学海
학해동,郝海东
학해무애,学海无涯
학호,学好
학화평,郝和平
학회,学会
학회장,学会长; 学会奖
학회지,学会纸
학효남,郝晓楠
학훈단,学训团
한,韩; 限; 汉; 恨; 寒; 汗; 闲; 狠; 翰; 杆; 罕; 旱; 悍; 娴; 捍; 瀚; 鼾; 邯; 焊; 鹇; 犴; 邗; 瞷; 貋; 蔊; 鷼; 覵; 韓; 漢; 閒; 閑
한가,闲暇; 寒假; 限价; 韩家
한가인,韩佳人
한간,汉奸
한강,汉江; 韩江
한개,韩凯
한거,闲居
한건,韩健; 汗巾
한걸,韩杰
한검평,韩剑平
한견,罕见
한결,韩洁
한경,韩庚
한경제,汉景帝
한계,限界; 旱季
한계덕,韩启德
한계성,限界性
한계점,限界点
한계지,韩桂芝
한고,汉沽
한고구,汉沽区
한고조,汉高祖
한공,焊工
한공부,闲工夫
한공정,韩公政
한광,寒光; 闲逛; 韩光
한굉,韩宏
한교,韩乔
한교생,韩乔生
한구,汉口
한구로,汉口路
한구화차참,汉口火车站
한국,韩国
한국공사,韩国公司
한국국가대,韩国国家队
한국대,韩国队
한국대사관,韩国大使馆
한국련합통신사,韩国联合通讯社
한국미,韩国美
한국시장,韩国市场
한국어,韩国语
한국인,韩国人
한국적,韩国的
한국전,韩国前
한국제,韩国济
한국족협,韩国足协
한국참,韩国站
한국포,韩国浦
한국학,韩国学
한국화,韩国化; 韩国画
한군,韩军
한궁,汉宫
한극,汉克; 汉剧
한금,寒噤
한기,寒气; 限期; 韩琦; 闲气
한기핍인,寒气逼人
한나,汉娜
한낙위,汉诺威
한녀사,韩女士
한념룡,韩念龙
한니,汉尼
한단,韩端
한담,闲谈
한당,汉唐
한대,汉代; 寒带
한대유,韩大维
한도,限度; 韩涛
한도액,限度额
한도의,韩都衣
한도초왜,汉图楚娃
한독,狠毒
한동,寒冬; 韩冬
한동랍월,寒冬腊月
한라산,汉拏山; 汉拏山
한랄,狠辣
한래무사,闲来无事
한랭,寒冷
한량,闲良; 限量; 寒凉
한련초,旱莲草
한령,限令
한령제,汉灵帝
한로,寒露
한로보수,旱涝保收
한로사,韩老师
한뢰,韩磊
한료,闲聊; 焊料
한류,寒流; 韩流
한류협배,汗流浃背
한림,翰林
한림원,翰林院
한림학사,翰林学士
한립,韩立
한마공로,汗马功劳
한말,韩末
한매,韩梅
한매매,韩梅梅
한맹,韩萌
한명,狠命
한명성,韩明星
한명숙,韩明淑
한모,韩某; 汗毛
한묘,汉墓
한무,汉武
한무계,寒武系
한무기,寒武纪
한무제,汉武帝
한묵,翰墨
한문,汉文; 寒门; 韩文
한문식,汉文式
한문제,汉文帝
한문하,韩文霞
한문화,汉文化
한미,韩美
한미군,韩美军
한미림,韩美林
한민,汉民
한밀이돈,汉密尔顿
한반도,韩半岛
한발,旱魃
한방,韩方; 汉方
한방적,韩方的
한방차,韩方茶; 韩方茶
한백,韩柏
한백옥,汉白玉
한범아,韩范儿
한보,汉堡
한보대,汉堡队
한보포,汉堡包
한복,韩服; 韩馥; 韩复
한봉,焊缝
한부,悍妇; 汉赋
한부득,恨不得
한부주,闲不住
한붕,韩鹏
한비,韩非; 悍匪
한비자,韩非子
한빙,韩冰; 旱冰
한사,限死; 闲事; 汉斯; 寒舍; 寒士; 汉莎; 焊丝
한사대,汉斯队
한산,闲散; 寒酸; 限产
한산사,寒山寺
한삼,汗衫; 汉森; 韩森
한삼평,韩三平
한상,旱象
한상궁,韩尚宫
한상지,韩尚志
한서,寒暑; 汉书; 闲书
한서가,寒暑假
한석,焊锡; 韩硕
한선,汗腺; 寒蝉
한선생,韩先生
한선제,汉宣帝
한설,韩雪
한성,汉城; 鼾声; 韩城
한성대학,汉城大学
한성시,韩城市; 汉城市
한성오운회,汉城奥运会
한세동,韩世同
한세충,韩世忠
한소강,韩小强
한소공,韩少功
한소선,韩召善
한소영,韩笑盈
한소저,韩小姐
한수,寒水; 汗水; 汉水; 汉寿
한숙,娴熟
한숙문,韩淑雯
한시,汉诗; 闲时; 韩诗
한시사,汉诗史
한시인,汉诗人
한시적,限时的
한식,寒食; 韩式; 韩食
한신,韩信
한심,寒心; 狠心; 闲心
한심유항,寒深柳巷; 寒深柳巷
한씨,韩氏
한아,娴雅
한안,汗颜
한압자,旱鸭子
한액,限额; 汗液
한야,寒夜
한약,韩药
한약물,韩药物
한약방,韩药房
한약업자,韩药业者
한약재,韩药材
한양,汉阳
한양구,汉阳区
한어,汉语
한어평음,汉语拼音
한언쇄어,闲言碎语
한여우하,汗如雨下
한역,汉译
한연,悍然; 旱烟
한연명,韩燕鸣
한열,寒热
한영,韩英; 汉英
한영만,韩永万
한옥,韩屋
한왕,汉王
한용,悍勇
한용화,韩榕华
한우,韩牛; 限于; 韩羽
한우군,韩寓群
한우충동,汗牛充栋
한욱,韩旭
한운야학,闲云野鹤
한원,韩元; 韩圆
한위,捍卫; 汉威; 限位; 韩伟; 汉魏
한위무,韩威武
한위자,捍卫者
한유,闲裕; 罕有; 韩愈
한유경,韩瑜庆
한음현,汉阴县
한의,寒衣; 韩毅
한의사,韩医师
한의원,韩医院
한의의,韩依依
한의학,韩医学
한의학적,韩医学的
한인,汉人; 闲人
한일,韩日
한자,汉字; 汉子
한자문,汉子们
한자수입,汉字输入
한자식,汉字式
한자신별,汉字识别
한자어,汉字语
한작농업,旱作农业
한잔,­盏
한잡,闲杂; 韩币
한잡인등,闲杂人等
한재,旱灾
한저빈,韩杼滨
한적,闲寂; 闲适; 韩籍
한전,限电; 寒战; 闲钱; 寒颤; 旱田; 韩战
한접,焊接
한정,限定; 旱情; 韩正; 闲庭; 娴静; 韩丁
한정가,汉正街
한정일치,闲情逸致
한정적,限定的
한제,限制
한제급,限制级
한제류,限制类
한제성,限制性
한제신,韩霁臣
한조,狠抓; 汉朝; 寒潮; 焊条; 韩潮
한족,汉族
한좌,闲坐
한주,汗珠
한준,韩俊
한중,汉中
한중로,汉中路
한중시,汉中市
한증,寒症
한증막,汗蒸幕
한증탕,汗蒸汤
한지,韩纸; 旱地; 汗渍
한지국,韩志国
한지방,韩志邦
한지입골,恨之入骨
한직,闲职
한직제,限职制
한차,闲扯
한창,寒窗; 焊枪
한창고독,寒窗苦读
한채영,韩彩英
한천,汉川
한천시,汉川市
한철부성강,恨铁不成钢
한청,汗青
한청년,韩青年
한체아,韩达雅
한촌,寒村; 闲村
한추,韩秋; 寒秋
한치,闲置
한치비,闲置费
한탄,恨叹
한투,恨透
한파,寒波
한패영,韩佩瑛
한평,韩平
한평생,限平生
한풍,寒风; 韩风
한학,汉学
한학가,汉学家
한학자,汉学者
한학파,汉学派
한한,狠狠; 韩寒; 恨恨
한한심,狠狠心
한해,旱害; 瀚海
한헌제,汉献帝
한호,韩浩
한홍,韩红
한화,韩货; 闲话; 汉化
한화판,汉化版
한효,韩晓
한효붕,韩晓鹏
한효평,韩晓平
한훤,寒暄
할,辖; 割; 瞎; 蝎; 黠; 硈; 鹖; 鎋; 劼
할개,割开
할거,割据
할거주의,割据主义
할고,瞎搞
할구,辖区
할뇨,瞎闹
할단,割断
할당,割当
할당제,割当制
할렬,割裂
할료,瞎聊
할망,瞎忙
할맥,割麦
할배,瞎掰
할복,割腹
할부,割赋
할부금,割赋金; 割赋金
할사,割舍
할상,割伤
할선,割线
할설,瞎说
할시,瞎猜
할안,瞎眼
할애,割爱
할양,割让
할인,割引
할인율,割引率; 割引率
할인점,割引店
할자,瞎子
할제,割除
할증료,割增料
할지,割地
할지혼,瞎指挥
할차,瞎扯
할청,割青
할초기,割草机
할파,割破
할화,瞎话
할효,割胶
함,舰; 含; 喊; 陷; 函; 衔; 涵; 咸; 槛; 憨; 馅; 缄; 颔; 晗; 焓; 菡; 阚; 顑; 谽; 衘; 醎; 糮; 鹹; 餡
함갑,涵闸
함개,涵盖
함개력,阚凯力
함갱,陷坑
함건,函件
함고,函告
함곡소,函谷关
함괄,涵括
함교,舰桥
함구령,缄口令
함규,喊叫
함금량,含金量
함녕,咸宁
함녕시,咸宁市
함담,咸淡
함대,舰队
함동,涵洞
함락,陷落
함락당,陷落当
함량,含量
함루,含泪
함몰,陷没
함묵,缄默
함미,咸味; 衔尾
함병,馅饼
함사량,含沙量
함사사영,含沙射影
함선,舰船
함성,喊声
함소,含笑
함수,函数; 函授; 含水; 咸水; 含羞
함수량,含水量
함수률,含水率
함수초,含羞草
함수층,含水层
함수호,咸水湖
함신,陷身
함신여고,含辛茹苦
함아,馅儿
함양,涵养; 咸阳
함양국제기장,咸阳国际机场
함양기장,咸阳机场
함양시,咸阳市
함어,咸鱼
함우,陷于
함원,喊冤; 含冤
함유,含有
함유량,含有量; 含油量
함유률,含油率
함육,咸肉
함의,含意; 含义
함입,陷入
함자,衔字
함장,舰长
함재기,舰载机
함전,函电
함접,衔接
함정,舰艇; 陷穽; 陷阱; 含情
함정맥맥,含情脉脉
함지,舰只
함진,陷阵
함채,咸菜
함철량,含铁量
함축,含蓄
함축성,含蓄性
함축적,含蓄的
함치동,阚治东
함타,喊打
함탄량,含碳量
함포,舰砲; 舰炮; 含苞
함포대방,含苞待放
함포욕방,含苞欲放
함풍,咸丰
함한,含恨
함함,喊喊
함함호호,含含糊糊
함해,陷害
함형주점,咸亨酒店
함호,含糊
함호기사,含糊其辞; 含糊其词
함호부청,含糊不清
함혼,含混
함화,喊话; 咸和
합,合; 哈; 盒; 陕; 鸽; 颌; 蛤; 呷; 阖; 嗑; 郃; 盍; 溘; 柙; 盇; 詥; 粭; 陜; 翈; 鴿; 峇
합가,合家; 阖家
합가환,合家欢
합가환락,阖家欢乐
합간,合刊
합감,陕甘
합감녕,陕甘宁
합감녕변구,陕甘宁边区
합갑,合闸
합강,合江
합격,合格
합격률,合格率; 合格率
합격리부사,哈格里夫斯
합격생,合格生
합격선,合格线
합격자,合格者
합격점,合格点
합격정,合格证
합격품,合格品
합계,合计
합계명,哈继铭
합고,合股
합고과,哈高科
합곡,合谷
합과,合伙
합과인,合伙人
합과자,嗑瓜子
합구,合口
합구필분,合久必分
합군,合群
합극,哈克
합극특,哈克特
합근체사,哈根达斯
합금,合金; 合金
합금강,合金钢
합금화,合金化
합기녕,哈基宁
합기덕,合其德
합기래,合起来
합기모,哈基姆
합길,哈吉
합나,哈娜
합남,陕南
합니,哈尼
합니아,哈尼亚
합니족,哈尼族
합단,鸽蛋
합당,合党; 合当
합대,盒带; 哈代
합덕,哈德
합덕리,哈德利
합덕삼,哈德森
합도,合度
합동,合同
합동공,合同工
합동기,合同期
합동법,合同法
합동제,合同制
합득래,合得来
합라,哈罗
합라덕,哈罗德
합라자,哈喇子
합라집,合逻辑
합랍뢰,哈拉雷
합력,合力
합령,哈灵
합로자,哈卢茨
합롱,合拢
합뢰,哈雷
합뢰혜성,哈雷彗星
합룡,合龙
합류,合流
합륜,哈伦
합리,合理; 哈里; 哈利; 蛤蜊
합리로아,哈利路亚
합리륵,哈利勒
합리륵찰덕,哈利勒扎德
합리리,哈里里
합리만,哈里曼
합리법,哈利法
합리사,哈里斯
합리삼,哈里森
합리성,合理性
합리손,哈利逊
합리재산품,合理财产品
합리적,合理的
합리주의,合理主义
합리주의적,合理主义的
합리파특,哈利波特; 哈里波特
합리화,合理化
합림,哈林
합립덕,哈立德
합마,蛤蟆
합마덕,哈马德
합마사,哈马斯
합마사이덕,哈马舍尔德
합만,哈曼
합매,合酶
합매내이,哈梅内伊
합모,合谋; 哈姆
합모뢰특,哈姆雷特
합목적적,合目的的
합묵,哈默
합문,哈文
합미덕,哈米德
합밀,哈密
합밀과,哈密瓜
합밀시,哈密市
합밀지구,哈密地区
합박,合拍; 哈珀
합반,盒饭
합발,哈勃
합방,合邦
합법,合法
합법성,合法性
합법적,合法的
합법칙성,合法则性
합법칙적,合法则的
합법화,合法化
합벽,合璧
합병,合并; 合倂
합병증,合并症; 合倂症
합보림,哈普林
합부래,合不来
합북,陕北
합분,合体
합분기,合体期
합불,哈佛; 哈弗
합불대학,哈佛大学
합불상학원,哈佛商学院
합비,合肥; 哈飞
합비공업대학,合肥工业大学
합비만보,合肥晚报
합비시,合肥市
합비시공안국,合肥市公安局
합비자,哈菲兹
합사,哈斯
합사기,哈士奇
합사륵모,哈斯勒姆
합산,合算
합살극,哈萨克
합살극사탄,哈萨克斯坦
합살극사탄대,哈萨克斯坦队
합살극사탄석유공사,哈萨克斯坦石油公司
합살극족,哈萨克族
합삼,哈森
합상,哈桑
합새이,哈塞尔
합서,陕西; 合署
합서남로,陕西南路
합서대,陕西队
합서로,陕西路
합서사범대학,陕西师范大学
합서성,陕西省
합서성분육국,陕西省体育局
합서성위,陕西省委
합서위시,陕西卫视
합서전시대,陕西电视台
합석,合席
합선,合线
합성,合成; 合声
합성매,合成酶
합성사,合成词
합성수지,合成树脂
합성수지제,合成树脂制
합성안,合成氨
합성어,合成语
합세,合势
합수,合水; 合手
합숙,合宿
합숙소,合宿所
합승,合乘
합시,合时
합식,合式
합신,合身
합심,合心
합십,合十
합씨,哈氏
합안,合眼
합야극,哈耶克
합약,合约
합양,合阳
합연,合演
합영,合影; 合营
합와나,哈瓦那
합용,合用
합우,合于
합위,合围
합유,哈维
합유이,哈维尔
합은,哈恩
합음,合音
합의,合意; 合议; 合宜
합의부,合议部
합의서,合意书
합의정,合议庭
합의제,合议制
합이,哈尔
합이빈,哈尔滨
합이빈공업대학,哈尔滨工业大学
합이빈공정대학,哈尔滨工程大学
합이빈리공대학,哈尔滨理工大学
합이빈사범대학,哈尔滨师范大学
합이빈시,哈尔滨市
합이빈시공안국,哈尔滨市公安局
합이빈의과대학,哈尔滨医科大学
합이빈일보,哈尔滨日报
합이빈참,哈尔滨站
합이빈철로국,哈尔滨铁路局
합이빈화차참,哈尔滨火车站
합이사,哈尔斯
합이위일,合而为一
합이이일,合二而一
합일,合一
합일적,合一的
합일점,合一点
합자,合资; 盒子; 鸽子; 合子
합자사,合资社
합자연,合自然
합작,合作
합작사,合作社
합작성,合作性
합작자,合作者
합작제,合作制
합작품,合作品
합작형,合作型
합작화,合作化
합장,合掌; 合葬
합저,合著
합적,合适; 哈迪
합적사,哈迪斯
합정본,合订本
합정합리,合情合理
합제,合剂
합종,合从
합종련횡,合纵连横
합종연횡,合从连衡; 合从連衡
합주,合奏
합중국,合众国
합중국제사,合众国际社
합중사,合众社
합참,合参
합창,合唱
합창가,合唱歌
합창단,合唱团
합천,合川
합천시,合川市
합체,合体; 哈达
합체살의원,哈达萨医院
합치,合致
합탑미,哈塔米
합특,哈特
합파구,哈巴狗
합파라부사극,哈巴罗夫斯克
합판,合板; 合办
합패마사,哈贝马斯
합편,合编
합포,合抱; 合浦
합포현,合浦县
합표준,合标准
합피,哈皮
합피극,哈皮克
합하선,颌下腺
합합,哈哈
합합경,哈哈镜
합합대소,哈哈大笑
합합합,哈哈哈
합합합합,哈哈哈哈
합해,合该
합헌,合宪
합헌성,合宪性
합헌적,合宪的
합현,陕县
합호,合乎
합호요구,合乎要求
합호정리,合乎情理
합환,合欢
합환주,合欢酒
합흠,哈欠
항,行; 项; 降; 抗; 航; 港; 恒; 杭; 巷; 缸; 炕; 吭; 嫦; 肮; 亢; 肛; 夯; 闶; 伉; 桁; 钪; 酐; 沆; 衖; 颃; 蚢; 闀; 罁; 迒; 笐; 項; 恆
항가,桁架; 项家
항간,巷间
항강,亢奋; 杭钢
항거,抗拒
항거종엄,抗拒从严
항격,抗击
항고,抗告; 港股
항고인,抗告人
항공,航空
항공계,航空界
항공공사,航空公司
항공관,航空观
항공관제,航空管制
항공관제사,航空管制使
항공국,航空局
항공기,航空机; 航空器
항공대,航空队
항공로,航空路
항공모함,航空母舰
항공법,航空法
항공병,航空兵
항공사,航空社
항공사진,航空写真
항공업,航空业
항공업자,航空业者
항공운동,航空运动
항공편,航空便
항공항,航空港
항관,肛管
항괴혈산,抗坏血酸
항구,港口; 港区; 恒久; 巷口
항구성,恒久性
항구적,恒久的
항권,项圈
항균,抗菌
항균소,抗菌素
항금기,杭锦旗
항기,航机
항남,项南
항대,港台; 抗大
항대집단,恒大集团
항도,航道; 巷道
항도국,航道局
항독,港督
항독소,抗毒素
항두,炕头
항라,亢罗
항량,项梁
항려,伉俪
항려찬청,港丽餐厅
항력,抗力; 恒力
항련,项链
항렬자,行列字; 行列字
항로,航路
항루,肛瘘
항륭광장,恒隆广场
항립강,项立刚
항마,降魔; 降魔
항만,港湾
항만식,港湾式
항명,抗命
항명성,抗命性
항모,航母; 航模
항모전투군,航母战斗群
항목,项目
항목계획,项目计划
항목관리,项目管理
항무,港务; 航务
항무국,港务局
항문,肛门
항미원조,抗美援朝
항박,航拍
항반,航班
항반량,航班量
항배,项背
항백국,杭白菊
항변,抗卞; 抗辩
항병,抗病; 项兵
항병성,抗病性
항복,降伏; 降伏
항부,港府
항분,抗体
항산,恒山
항산화제,抗酸化剂
항상,恒常; 港商
항상성,恒常性
항상적,恒常的
항생,抗生
항생소,抗生素
항생소류,抗生素类
항생은행,恒生银行
항생제,抗生剂
항생지수,恒生指数
항선,航线; 航船
항성,恒星; 吭声; 项城
항성시,项城市
항성표,恒星表
항세,抗税
항소,抗诉; 杭萧
항소강,杭萧钢
항소룡,项少龙
항소심,抗诉审
항속,航速
항수,恒数
항수적,恒数的
항습,抗湿; 恒湿
항시,恒时
항시적,恒时的
항심,恒心
항아,嫦娥; 恒牙
항안,恒安
항암,抗癌
항암제,抗癌剂
항약,抗药
항약성,抗药性
항양,抗氧
항양제,抗氧剂
항어,抗御
항업,航业
항여,项如
항역성,抗逆性
항연,炕沿
항열,抗热
항염약,抗炎药
항영,港英; 项英
항영당국,港英当局
항영정부,港英政府
항오,港澳
항오대,港澳台
항오지구,港澳地区
항오판,港澳办
항온,恒温
항왕,项王
항용,杭甬
항우,项羽
항우일보,航宇日报
항운,航运
항운계,航运界
항운업,航运业
항원,抗原; 港元
항원상,恒源祥
항원성,抗原性
항응,抗凝
항응고제,抗凝固剂
항응제,抗凝剂
항의,抗议
항의단,抗议团
항의문,抗议文
항의서,抗议书
항의성,抗议性
항의시위,抗议示威
항의유행,抗议游行
항의자,抗议者
항이중,杭二中
항인치항,港人治港
항일,抗日
항일전쟁,抗日战争
항자,巷子; 缸子
항잡,港币
항장,肮脏; 肛肠
항재,抗灾
항쟁,抗争
항저,港姐
항적,航迹; 港籍
항전,抗战; 航展; 巷战
항정,航程; 恒定
항정전,抗静电
항주,杭州; 抗住
항주극원,杭州剧院
항주기상창,杭州机床厂
항주대,杭州队
항주대하,杭州大厦
항주대학,杭州大学
항주락원,杭州乐园
항주로,杭州路
항주루,杭州楼
항주만,杭州湾
항주분공사,杭州分公司
항주분행,杭州分行
항주사범학원,杭州师范学院
항주상학원,杭州商学院
항주새구,杭州赛区
항주성,杭州城
항주소산국제기장,杭州萧山国际机场
항주시,杭州市
항주시공안국,杭州市公安局
항주시중급인민법원,杭州市中级人民法院
항주시중의원,杭州市中医院
항주일보,杭州日报
항주전시대,杭州电视台
항주절강대학,杭州浙江大学
항주지구,杭州地区
항주참,杭州站
항주철로분국,杭州铁路分局
항주해소,杭州海关
항주화차참,杭州火车站
항준파,项俊波
항중,恒重
항지,港池
항진,亢进; 航进; 抗震; 项真
항진구재,抗震救灾
항질성,抗跌性
항차,航次
항천,航天
항천국,航天局
항천기,航天器
항천비기,航天飞机
항천사,航天史
항천원,航天员
항천중심,航天中心
항체,抗体
항투,缸套
항폭,抗暴
항표,航标
항하,恒河; 吭哧
항하항하,吭哧吭哧
항한,抗旱; 抗寒
항한성,抗旱性; 抗寒性
항해,航海
항해도,航海图
항해술,航海术
항해일기,沆瀣一气
항행,航行
항향,航向
항혈청,抗血清
항형,抗衡
항홍,抗洪
항홍구재,抗洪救灾
항홍창험,抗洪抢险
항회성,项怀诚
항훼,抗虫
항훼성,抗虫性
항휘,杭徽
항휘광장,港汇广场
항휘점,港汇店
해,海; 解; 该; 孩; 害; 咳; 谐; 骇; 懈; 骸; 蟹; 亥; 嗨; 奚; 楷; 偕; 氦; 鲑; 邂; 颏; 醢; 赅; 獬; 瀣; 垓; 廨; 陔; 薤; 龤; 胲; 韰; 郋; 荄; 薢; 蠏; 酼; 餀; 該; 諧
해가,解家
해각,海角
해각천애,海角天涯
해갈,解渴
해갑,解甲
해갑귀전,解甲归田
해강,海疆; 海康
해개,解开
해객,海客
해결,解决
해결법,解决法
해결사,解决士
해결안,解决案
해결점,解决点
해결책,解决策
해경,海警; 海景; 海埂
해경기지,海埂基地
해고,解雇
해고당,解雇当
해고석란,海枯石烂
해고자,解雇者
해고제,解雇制
해골,骸骨
해공군,海空军
해관,该管
해괴,骇怪
해괴망측,骇怪罔测
해구,海口; 解救; 海区; 海鸥; 海龟; 海沟; 海狗
해구시,海口市
해구시공안국,海口市公安局
해국,海国
해국화,奚国华
해군,海军
해군기지,海军基地
해군륙전대,海军陆战队
해군지마,害群之马
해규,海葵
해금,解禁; 海禁
해기,解气; 海基
해기회,海基会
해난,海难
해남,海南
해남대학,海南大学
해남도,海南岛
해남마자체,海南马自达
해남박,海南博
해남성,海南省
해남일보,海南日报
해남항공공사,海南航空公司
해납,海纳
해낭,解囊
해낭상조,解囊相助
해내,海内
해내외,海内外
해녀,海女
해녕,海宁
해녕시,海宁市
해담,咳痰; 海胆
해답,解答
해당,该当; 海棠; 海塘
해당국,该当国
해당란,该当栏; 该当欄
해당자,该当者
해당하죄,该当何罪
해당화,海棠花
해대,海带
해덕,海德
해덕격,海德格
해덕격이,海德格尔
해덕공원,海德公园
해덕리,海德里
해덕보,海德堡
해덕비이덕,海德菲尔德
해도,海盗; 海岛; 海涛; 海图; 海道; 海涂
해도문,海盗们
해독,害毒; 解读; 解毒
해독률,解读率; 解读率
해독성,害毒性
해독제,解毒剂
해돈,海豚
해동,海东; 解冻; 孩童; 偕同
해동종,海东宗
해동지구,海东地区
해득률,解得率; 解得率
해등,海登
해라,海螺
해락,奚落
해락인,海洛因
해란,海兰
해란주,海兰珠
해란찰,海兰察
해람,海蓝
해랍이,海拉尔
해랑,海浪
해량,海量
해량존저,海量存储
해로,偕老; 海路; 海璐
해룡,海龙
해류,海流
해륙,海陆
해륙공,海陆空
해륜,海伦; 海轮
해릉,海陵
해리,海里; 海狸; 海利; 解理
해리근체모,海利根达姆
해리풍,海利丰
해림,海林
해립빈,解立彬
해마,海马; 解码
해마구,海马区
해만,海湾; 海曼
해만지구,海湾地区
해만합작위원회,海湾合作委员会
해만형,海湾型
해면,海面; 海绵
해면두,海绵窦
해면분,海绵体
해명,解明; 害命
해명위,海明威; 海鸣威
해모,楷模
해몽,解梦
해묘,蟹苗
해문,海门; 海闻
해문시,海门市
해물,海物
해물탕,海物汤
해미,海味; 海米
해민,解闷
해밀,解密
해박,该博; 海博
해박회,海博会
해발,海拔
해방,解放; 海防
해방감,解放感
해방구,解放区
해방군,解放军
해방군대,解放军队
해방군예술학원,解放军艺术学院
해방기,解放期
해방론자,解放论者
해방운동,解放运动
해방일보,解放日报
해방자,解放者
해방적,解放的
해방전,解放战; 解放前
해방전쟁,解放战争
해방정,解方程
해방진선,解放阵线
해방진선중앙위원회,解放阵线中央委员会
해법,解法; 海法
해변,海边
해병,海兵
해병대,海兵队
해보,海报
해부,解剖
해부문,该部门
해부통,海富通
해부통기금관리유한공사,海富通基金管理有限公司
해부학,解剖学
해부학적,解剖学的
해북,海北
해분,解体; 蟹粉; 楷体
해빈,海滨
해빙,解冰; 解氷; 解聘
해빙기,解冰期; 解氷期
해사,该死; 害死; 海事; 海狮; 海斯
해산,解产; 解散; 海产
해산권,解散权
해산당,解散当
해산물,海产物
해산일,解产日
해산품,海产品
해삼,海森
해상,海上; 海商; 海相; 海象
해상도,解像度
해서,海西; 海瑞; 楷书; 海曙
해서구,海曙区
해서산맹,海誓山盟
해서위,解西伟
해서체,楷书体
해석,解析; 解释
해석기하,解析几何
해석론,解释论
해석성,解释性
해석식,解析式
해석자,解释者
해석적,解析的
해석학,解释学
해석학적,解释学的
해석해석,解释解释
해선,海鲜; 海选; 海船
해선류,海鲜类
해선생,海先生
해설,解说
해설가,解说家
해설서,解说书
해설원,解说员
해설자,解说者
해성,海星; 海城; 海诚
해성시,海城市
해소,解消; 海关; 海啸
해소법,解消法; 海关法
해소책,解消策
해소총서,海关总署
해송,海松
해쇄,解锁
해수,海水; 咳嗽; 害羞; 解手; 海兽
해수면,海水面
해수병,咳嗽病
해수욕,海水浴
해수욕장,海水浴场
해슬,海瑟
해승,海胜
해시신루,海市蜃楼
해신,海信; 海神; 海迅
해신지산대,海信地产队
해신집단,海信集团
해아,孩儿; 海牙
해아국제법정,海牙国际法庭
해아문,孩儿们
해아법정,海牙法庭
해악,害恶
해악적,害恶的
해안,海岸; 海安
해안대,海岸带
해안선,海岸线
해안통,海岸通
해안현,海安县
해야사,海耶斯
해약,解约; 嗨哟; 海若
해양,海洋; 海阳
해양국,海洋国
해양법,海洋法
해양성,海洋性
해양인,海洋人
해양학,海洋学
해어,鲑鱼
해역,海域
해연,骇然; 海燕
해열,解热
해열제,解热剂
해염,海盐
해염현,海盐县
해영강,解英冈
해오덕,海伍德
해옥근,奚玉瑾
해옥범,奚玉帆
해완,海碗
해왕성,海王星
해외,海外
해외여행,海外旅行; 海外旅行
해외여행지,海外旅行地
해외판,海外版
해우,海牛; 解耦
해욱,解郁
해운,海运; 海云
해원,海员; 海原
해원현,海原县
해위,解围
해음,谐音
해응,海鹰
해의,解疑; 解意; 解衣
해이,解弛; 海尔; 骇异
해이전뇌,海尔电脑
해이전매점,海尔专卖店
해이집단,海尔集团
해이집단공사,海尔集团公司
해인,海印
해인부천,害人不浅
해인책,海因策
해인청문,骇人听闻
해일,海逸
해임,解任
해임당,解任当
해자,孩子; 海子
해자기,孩子气
해자문,孩子们
해장,海葬
해장국,解장@
해장술,解장@
해저,海底
해적,海贼; 海迪
해전,海战; 海淀
해전구,海淀区
해전극원,海淀剧院
해전도,海甸岛
해전법원,海淀法院
해전성,海淀城
해전원,海淀园
해전의원,海淀医院
해정,海正
해제,解除; 解题; 孩提
해제경보,解除警报
해조,海藻; 海潮; 害臊; 解调; 谐调
해조기,解调器
해조류,海藻类
해주,海州; 海珠
해주광장,海珠广场
해주구,海珠区
해중,海中; 解仲
해지,解止; 海地; 海之
해직,解职
해직당,解职当
해직자,解职者
해진,谐振; 海珍
해진화,解振华
해징,海澄
해참,海参; 解馋
해참외,海参崴
해채,海菜
해처,害处
해천,海天; 咳喘; 海泉
해천봉,海天峰
해철,海蜇
해청,海清
해체,解体; 海蒂
해체론,解体论
해초,海草
해출,咳出
해출래,咳出来
해충,害虫
해취,解聚; 谐趣
해침,海侵
해타,该打
해탄,海滩
해탈,解脱
해태,海苔; 懈怠; 海泰
해토,解土
해통,海通
해통정권,海通证券
해통정권고분유한공사,海通证券股份有限公司
해통정권연구소,海通证券研究所
해투,解套
해특,海特
해파,害怕; 海派; 谐波; 海波
해패특,海贝特
해평,海萍
해평면,海平面
해포리,海布里
해표,海豹
해풍,海风; 海丰
해피아,海皮亚
해핍,解乏
해하,海河; 解下; 海霞
해학,谐谑
해학적,谐谑的
해한,解恨
해함,海涵
해항,海港; 海航
해항구,海港区
해항성,海港城
해항집단,海航集团
해해,咳咳; 嗨嗨; 海蟹
해해민,解解闷
해혈,咳血
해협,海峡; 海协
해협회,海协会
해혹,解惑
해혼삼,海魂衫
해홍,海虹
해화,谐和; 海华
해활천공,海阔天空
해황,海况
해후,邂逅
해훼,害虫
해휘,海辉
해흔,海欣
해흡,解吸
해흥,海兴
핵,势; 核; 劾; 翮
핵가족,核家族
핵감,核苷
핵감산,核苷酸
핵고축,核固缩
핵공업,核工业
핵과학,核科学
핵군비,核军备
핵균력활,势均力敌
핵능,核能; 势能
핵단력박,势单力薄
핵단백,核蛋白
핵당,核糖
핵당분,核糖体
핵당핵산,核糖核酸
핵대,核对
핵대국,核大国
핵도,核桃
핵도수,核桃树
핵동력,核动力
핵두,势头
핵력,势力
핵력범위,势力范围
핵렬변,核裂变
핵루,势垒
핵리,势利
핵리안,势利眼
핵막,核膜
핵무기,核武器
핵물리,核物理
핵물리학과,核物理学科
핵반응,核反应
핵반응퇴,核反应堆
핵발,核发
핵복사,核辐射
핵부가당,势不可挡; 势不可当
핵부량립,势不两立
핵분렬,核分裂
핵분열,核分裂
핵사,核查
핵사고,核事故
핵산,核酸; 核算
핵설시,核设施
핵소,核销; 核素
핵시험,核试验
핵실,核实
핵심,核心
핵심구,核心区
핵심부,核心部
핵심적,核心的
핵심층,核心层
핵여파죽,势如破竹
핵연료,核燃料
핵와사,核讹诈
핵요,势要
핵우산,核雨伞
핵위섭,核威慑
핵위협,核威胁
핵융합,核融合
핵의학,核医学
핵이식,核移植
핵인,核仁
핵자,核子
핵자공진,核磁共振
핵자기,核磁气
핵잠정,核潜艇
핵재필연,势在必然
핵재필행,势在必行
핵전,核电
핵전략,核战略
핵전쟁,核战争
핵전참,核电站
핵정,核定
핵정책,核政策
핵준,核准
핵취변,核聚变
핵탄,核弹
핵탄두,核弹头
핵태,势态
핵폐기물,核废弃物
핵폐료,核废料
핵폭,核爆
핵폭작,核爆炸
핵폭탄,核爆弹
핵필,势必
핵형,核型
핵확산,核扩散
핵황소,核黄素
행,行; 幸; 杏; 悻; 鸻; 荇; 绗; 倖
행가,行家
행가가,行街街
행가리수,行家里手
행가문,行家们
행각,行脚
행간,行间
행강,行腔
행거,行距
행걸,行乞
행경,行径; 行经
행군,行军
행궁,行宫
행규,行规
행기,行棋; 行期; 行纪
행낭,行囊
행당,行当
행도,行道; 行都
행도수,行道树
행동,行动
행동거지,行动举止; 行动擧止
행동권,行动权
행동력,行动力
행동반경,行动半径
행동자,行动者
행동적,行动的
행동주의,行动主义
행동파,行动派
행두,行头
행득,幸得
행득통,行得通
행락,行乐; 行樂
행락객,行乐客; 行樂客
행랑,行廊
행려,行旅
행려병자,行旅病者
행려자,行旅者
행렬,行列
행렬식,行列式
행령,行令
행례,行礼
행로,行路
행리,行李
행리가,行李架
행리상,行李箱
행리차,行李车
행림구,杏林区
행림만,杏林湾
행면,幸免
행면우난,幸免于难
행문,行文
행방,行方
행방불명,行方不明; 行方不明
행방불명자,行方不明者; 行方不明者
행보,行步
행복,幸福
행복감,幸福感
행복권,幸福权
행복로,幸福路
행복리,幸福里
행부통,行不通
행사,行事; 行使; 行驶; 幸事
행사장,行事场
행사정,行驶证
행상,行商; 行状
행색,行色
행색총총,行色匆匆
행서,行署; 行书
행서체,行书体
행선,行善; 行船
행선지,行先地
행성,行星; 行省
행세,行世
행소,行销
행시,行试; 行时; 行市
행시주육,行尸走肉
행실,行实
행심,幸甚
행악,行恶
행안,杏眼
행업,行业
행업성,行业性
행영,行营
행오,行伍
행운,幸运
행운류수,行云流水
행운목,幸运木
행운아,幸运儿
행운자,幸运者
행운장,幸运奖
행원,行员; 行辕
행위,行为
행위능력,行为能力
행위법,行为法
행위예술,行为艺术
행위예술가,行为艺术家
행위인,行为人
행위자,行为者
행위적,行为的
행위주의,行为主义
행위학,行为学
행의,行衣; 行医
행이,幸而
행이지난,行易知难; 行易知难
행인,行人; 杏仁
행인분,杏仁粉
행자,行者; 行刺; 杏子
행장,行长; 行障; 行将; 行装
행재락화,幸灾乐祸
행적,行迹
행절,行窃
행정,行情; 行政; 行程
행정가,行政家
행정공서,行政公署
행정관,行政官
행정구,行政区
행정권,行政权
행정력,行政力
행정명령,行政命令
행정반,行政班
행정법,行政法
행정법원,行政法院
행정병,行政兵
행정부,行政府
행정성,行政性
행정소송,行政诉讼
행정소송법,行政诉讼法
행정실,行政室
행정원,行政院
행정원장,行政院长
행정적,行政的
행정직,行政职
행정처분,行政处分
행정청,行政厅
행정촌,行政村
행정촌제,行政村制
행정표,行程表
행정학과,行政学科
행정화,行政化
행존,幸存
행존자,幸存者
행종,行踪
행주,行走; 行舟
행주부편,行走不便
행지,行止
행지유효,行之有效
행진,行进
행진곡,行进曲
행진곡풍,行进曲风
행진풍,行进风
행차,行次; 行车; 行差
행초,行草
행태,行态
행태주의적,行态主义的
행패,行悖
행편,行骗
행필과,行必果
행행,悻悻; 行行
행행출상원,行行出状元
행행호,行行好
행협,行协; 行侠
행형,行刑
행호,幸好; 行好
행홍,杏红
행화,杏花; 行话
행화가,行花街
행화령구,杏花岭区
행화촌,杏花村
행황,杏黄
행회,行贿; 行会
행회자,行贿者
행회죄,行贿罪
행휴,幸亏
행흉,行凶
행흉자,行凶者
행희,幸喜
향,向; 响; 香; 乡; 享; 饷; 飨; 芗; 響; 鄉; 嚮
향가,向家
향간,乡间; 香干
향강,香江
향강집단,香江集团
향객,香客
향격리랍,香格里拉
향격리랍대주점,香格里拉大酒店
향격리랍반점,香格里拉饭店
향격리랍주점,香格里拉酒店
향격리랍현,香格里拉县
향고,香菇
향과,香瓜
향교,鄕校
향규,香闺
향규민약,乡规民约
향극,芗剧
향기,香气; 响起
향낭,香囊
향년,享年
향농,香农
향당,乡党
향당당,响当当
향도,香徒; 向导; 响度
향동,响动
향두소,香豆素
향등,香橙
향락,享乐; 享樂
향락객,享乐客; 享樂客
향락업소,享乐业所; 享樂业所
향락적,享乐的; 享樂的
향락화,享乐化; 享樂化
향래,向来
향래부,向来不
향량,响亮; 向量
향로,香炉
향뢰,响雷
향료,香料
향리,鄕吏; 乡里; 香梨
향리제,鄕吏制
향리층,鄕吏层
향린,乡邻
향마,响马
향모,香茅
향미,香味; 香米
향미사,响尾蛇
향미아,香味儿
향민,乡民
향발발,香饽饽
향방,向方
향방구,香坊区
향배,向背
향벽설위,向壁设位
향복,享福
향북,向北
향분,香粉
향분분,香喷喷
향비,香榧
향빈,香槟
향빈주,香槟酒
향사,向斜; 乡社
향산,香山
향산공원,香山公园
향상,向上
향상파,向上爬
향선,向善
향설해,香雪海
향성,响声; 向性
향성구,芗城区
향소옥운,香消玉殒
향수,享受; 鄕愁; 香水; 乡愁; 响水
향수권,享受权
향수병,鄕愁病; 香水瓶; 香水甁
향수자,享受者
향수형,享受型
향순,香醇
향시,鄕市; 鄕试; 乡试
향시구,向市区
향신,乡绅
향신료,香辛料
향심,向心
향심력,向心力
향아설위,向我设位
향악,享乐
향안,香案
향약,鄕约
향약록,鄕约录
향양,向阳
향양화,向阳花
향어,香鱼
향업계,向业界
향연,飨宴; 香烟
향연장,飨宴场
향염,香艳
향예,享誉
향왕,向往
향용,享用; 乡勇
향우,向右
향우원,乡邮员
향우전,向右转
향유,享有; 香油
향은,饷银
향음,乡音
향응,飨应; 响应
향응시간,响应时间
향인,鄕人; 乡人
향인민법원,向人民法院
향일,向日
향일규,向日葵
향장,香肠; 乡长; 香樟
향전,向前
향전간,向前看; 向钱看
향전일,向前一
향전진,向前进
향전창,向全厂
향전충,向前冲
향정,香精; 乡情
향정부,乡政府
향정유,香精油
향조,香皂
향좌,向左
향좌전,向左转
향주구,香洲区
향직원,鄕织院
향진,乡镇
향진급,乡镇级
향진기업,乡镇企业
향차,香茶
향채,香菜
향철,响彻
향철운소,响彻云霄
향첨,香甜
향초,香蕉; 香草
향촉,香烛
향촌,鄕村; 乡村
향춘,香椿
향취,香臭
향친,乡亲
향친문,乡亲们
향토,鄕土; 乡土
향토사,鄕土史
향토색,鄕土色
향토애,鄕土爱
향토적,鄕土的
향파,香波
향파료,乡巴佬
향풍,香风
향하,向下; 乡下; 香河
향하간,向下看
향하기지,香河基地
향하인,乡下人
향학,向学
향항,香港
향항공사,香港公司
향항과기대학,香港科技大学
향항광장점,香港广场店
향항교역소,香港交易所
향항국제기장,香港国际机场
향항기장,香港机场
향항대,香港队
향항대학,香港大学
향항도,香港岛
향항려유발전국,香港旅游发展局
향항련합교역소,香港联合交易所
향항로,香港路
향항루,香港楼
향항리공대학,香港理工大学
향항무역발전국,香港贸易发展局
향항부대,香港部队
향항성,香港城
향항시,香港市
향항시장,香港市场
향항은행,香港银行
향항적사니락원,香港迪士尼乐园
향항전대,香港电台
향항주점,香港酒店
향항중문대학,香港中文大学
향항중화총상회,香港中华总商会
향항지구,香港地区
향항참,香港站
향항천문대,香港天文台
향항특구,香港特区
향항특별행정구,香港特别行政区
향항해소,香港海关
향항회의전람중심,香港会议展览中心
향향,香香; 乡乡
향현,乡贤
향화,香火; 香花; 向火
향후,向后
향훈,香薰
허,许; 虚; 墟; 嘘; 栩; 浒; 诩; 鄦; 虗; 魖; 許; 虛; 噓
허가,许可; 虚假; 许家
허가로,许嘉璐
허가법,许可法
허가비,许可费
허가서,许可书
허가정,许可证
허가제,许可制
허가증,许可证
허강,许强
허개,虚开; 许凯
허걸,许杰
허격비,许格非
허경,虚惊
허경일장,虚惊一场
허경종,许敬宗
허고,虚高
허공,虚空
허공중,虚空中
허과,虚夸
허과휘,许戈辉
허관걸,许冠杰
허관영,许冠英
허광체,许光达
허광평,许广平
허굉도,许宏涛
허구,虚构; 许久
허구성,虚构性
허구심,虚构心
허구적,虚构的
허구화,虚构化
허국준,许国俊
허기,虚饥
허기증,虚饥症
허나,许娜
허낙,许诺
허녀사,许女士
허다,许多
허다년,许多年
허다성,许多省
허다소구,许多小区
허다인,许多人
허다지구,许多地区
허다현,许多县
허덕형,许德珩
허도,虚度; 许都
허도년화,虚度年华
허락,许诺; 许諾
허랑,虚浪
허례,虚礼
허로사,许老师
허뢰,许蕾
허림,许琳
허립,许立
허망,虚妄
허망감,虚妄感
허명,虚名; 许明
허모,许某; 虚耗
허무,虚无
허무감,虚无感
허무맹랑,虚无孟浪
허무주의,虚无主义
허무주의자,虚无主义者
허무표묘,虚无缥缈
허문강,许文强
허문룡,许文龙
허미정,许美静
허민,许敏
허박,许博
허반,虚胖
허배,许配
허보,虚报
허봉,许凤
허부,虚浮
허비,虚费; 许飞
허빈,许斌
허사,虚事; 虚词; 许思
허사인,许仕仁
허삼관,许三观
허상,虚像
허선,虚线; 许仙
허선생,许先生
허설,虚设
허성,嘘声
허세,虚势; 虚岁
허세우,许世友
허소년,许小年
허소려,许少丽
허소양,许绍洋
허소저,许小姐
허송,虚送; 虚荣
허송무,许荣茂
허송세월,虚送岁月
허송심,虚荣心
허숭,许嵩
허신,许慎
허실,虚实
허심,虚心
허심탄회,虚心坦怀
허씨,许氏
허약,虚弱
허양,许洋
허언,虚言
허엄,虚掩
허여운,许茹芸
허여위사,虚与委蛇
허연,许延
허열,虚热
허영,虚荣
허영심,虚荣心
허영적,虚荣的
허예,许睿
허외,许巍
허용,许容
허용량,许容量
허욱화,许昱华
허운소,许云昭
허원,许愿
허위,虚伪
허위륜,许玮伦
허위성,虚伪性
허위의식,虚伪意识
허위이대,虚位以待
허위적,虚伪的
허유,许幽
허유기표,虚有其表
허은천,许银川
허의,虚拟; 许毅
허의기,虚拟机
허의성,虚拟性
허의화,虚拟化
허익중,许翊中
허장성세,虚张声势
허장성핵,虚张声势
허점,虚点
허정,许静
허정가의,虚情假意
허정개,许静凯
허종형,许宗衡
허주,许州
허증,虚症
허지걸,许志杰
허지굉,许智宏
허지안,许志安
허지위,许智伟
허진초,许振超
허진형,许晋亨
허창,许昌
허창시,许昌市
허천,许天
허청,许晴
허초범,许超凡
허탈,虚脱
허탈감,虚脱感
허풍,虚风
허풍기,虚风气
허하,许下
허한,虚汗
허한문난,嘘寒问暖
허해봉,许海峰
허허,呵呵; 虚虚; 嘘嘘; 栩栩
허허다다,许许多多
허허실실,虚虚实实
허허여생,栩栩如生
허혜흔,许慧欣
허호,许浩
허홍량,许洪亮
허화,虚火
허환,虚幻
허황,虚荒
허황기,虚荒气
허황일창,虚晃一枪
허회약곡,虚怀若谷
허효강,许晓刚
허효청,许晓青
허휘,许辉
허흔,许昕; 许欣
헌,献; 宪; 轩; 掀; 軒; 獻; 憲
헌계,献计
헌계헌책,献计献策
헌금,献金; 献金
헌급,献给
헌기,献技; 献旗
헌납,献纳
헌니시,轩尼诗
헌례,献礼
헌물,献物
헌물장,献物帐
헌미,献媚
헌법,宪法
헌법안,宪法案
헌병,宪兵
헌병감,宪兵监
헌병감실,宪兵监室
헌병대,宪兵队
헌보,献宝
헌사,献词
헌상,献上
헌신,献身
헌신적,献身的
헌앙,轩昂
헌연,献演
헌연대파,轩然大波
헌예,献艺
헌원,轩辕
헌원검,轩辕剑
헌원룡,轩辕龙
헌은근,献殷勤
헌장,宪章
헌정,宪政
헌정사,宪政史
헌책,献策
헌추,献丑
헌헌장부,轩轩丈夫
헌현,献县
헌혈,献血
헌혈량,献血量
헌혈법,献血法
헌혈원,献血员
헌혈자,献血者
헌화,献花
헐,歇; 蝎
헐각,歇脚
헐사저리,歇斯底里
헐식,歇息
헐업,歇业
헐일헐,歇一歇
헐헐,歇歇
헐헐각,歇歇脚
헐후어,歇后语
험,验; 险; 锨; 硷; 猃; 驗; 險
험간,验看
험경,险境
험공,险工
험광,验光
험구,险口
험난,险难
험단,险段
험담,险谈
험명,验明
험명정신,验明正身
험방,验方
험배,验配
험보비,险保费
험봉,险峰
험비률,险费率
험사,险些
험산,验算
험상,险状
험상환생,险象环生
험소,险关
험수,验收
험승,险胜
험시,验尸
험악,险恶
험요,险要
험정,验证; 险情
험정성,验证性
험조,险阻
험준,险峻
험지,险地
험초기,验钞机
험탄,险滩
험화,验货
혁,革; 赫; 吓; 奕; 弈; 阋; 焱; 洫; 衋; 盢
혁기,弈棋
혁대,革带
혁덕,赫德
혁랍,赫拉
혁래포,赫莱布
혁련,赫连
혁련나,赫莲娜
혁로효부,赫鲁晓夫
혁뢰사,赫雷斯
혁리,赫莉; 赫利
혁리사견과,赫里斯坚科
혁명,革命
혁명가,革命家
혁명군,革命军
혁명기,革命期
혁명당,革命党
혁명당인,革命党人
혁명론,革命论
혁명론자,革命论者
혁명사,革命史
혁명성,革命性
혁명성지,革命圣地
혁명위원회,革命委员会
혁명자,革命者
혁명적,革命的
혁명주의,革命主义
혁명화,革命化
혁민,赫敏
혁백특,赫伯特
혁본,赫本
혁사,赫斯
혁사기,赫斯基
혁사특,赫斯特
혁신,革新; 奕迅
혁신자,革新者
혁신적,革新的
혁연,赫然
혁위회,革委会
혁유,赫维
혁의,赫依
혁이,赫尔
혁이리,赫尔利
혁이만,赫尔曼
혁이만덕성,赫尔曼德省
혁이신기,赫尔辛基
혁자,赫兹
혁장,赫章
혁장현,赫章县
혁제,革除
혁직,革职
혁철족,赫哲族
혁청,奕晴
혁탑비,赫塔菲
혁파,革罢
혁파체,赫巴蒂
혁해,赫海
혁혁,赫赫; 奕奕
혁혁유명,赫赫有名
현,现; 见; 显; 县; 玄; 悬; 贤; 弦; 眩; 舷; 炫; 绚; 洵; 铉; 苋; 笕; 岘; 蚬; 泫; 祆; 儇; 缳; 衒; 袨; 矎; 県; 痃; 𬣳; 蚿; 訮; 顕; 現; 賢; 嬛; 縣; 懸
현가,弦歌
현감,县监
현격,悬隔
현견,显见
현계단,现阶段
현공,悬空; 玄功
현관,玄关; 现款; 县官; 悬棺
현관문,玄关门
현괘,悬挂
현괘계통,悬挂系统
현괘식,悬挂式
현궁,玄穹
현권시장,现券市场
현귀,显贵
현금,现金; 现今; 现金
현금고리,现金股利
현금지표,现金支票
현금화,现金化; 现金化
현급,县级
현기,眩气; 玄机; 现期
현기증,眩气症
현내조,贤内助
현념,悬念
현능,贤能
현대,现代
현대극,现代剧
현대무,现代舞
현대문,现代文
현대물,现代物
현대병,现代病
현대사,现代史
현대성,现代性
현대수정주의자,现代修正主义者
현대식,现代式
현대인,现代人
현대적,现代的
현대전,现代战
현대주의,现代主义
현대판,现代版
현대한어,现代汉语
현대형,现代型
현대화,现代化
현대희,现代戏
현덕,玄德; 贤德
현도,玄都
현득,显得
현락,弦乐
현락사중주,弦乐四重奏
현란,绚烂
현량,贤良; 显亮; 悬梁
현려,绚丽
현려다자,绚丽多姿
현려다채,绚丽多彩
현려탈목,绚丽夺目
현련사,县联社
현령,县令; 显灵
현로,显露
현뢰,现蕾
현맥,玄麦
현명,贤明; 显明
현모,贤母
현모양처,贤母良妻; 贤母良妻
현모양처주의,贤母良妻主义
현목,炫目; 眩目
현목도,玄木岛
현묘,玄妙
현무,玄武
현무구,玄武区
현무문,玄武门
현무암,玄武岩
현문,舷门
현물,现物
현미,玄米
현미경,显微镜
현방,现房
현부,悬浮; 县府
현부물,悬浮物
현부식,悬浮式
현부액,悬浮液
현분,县份
현비,悬臂
현빈,玄彬
현빙,玄冰
현사,贤士
현산로수,显山露水
현살,现杀
현상,悬赏; 现像; 现状; 现象
현상계,现象界
현상관,显像管
현상금,悬赏金; 悬赏金
현상적,现象的
현상제,显像剂
현상학,现象学
현상학적,现象学的
현색교,悬索桥
현색제,显色剂
현생,现生
현성,县城; 现成; 显性; 显圣
현세,现世
현세력,现势力
현세불,现世佛
현세적,现世的
현세주의,现世主义
현세주의적,现世主义的
현소,玄关
현손,玄孙
현수,悬殊; 悬垂
현수막,悬垂幕
현숙,贤淑
현승,县丞
현시,显示; 现时
현시구,县市区
현시기,现时期; 显示器
현시대,现时代
현시률,显示率
현시모식,显示模式
현시병,显示屏
현시설비,显示设备
현시적,现时的
현시점,现时点
현시판,显示板
현신,现身; 贤臣
현신설법,现身说法
현신수,显身手
현실,现实
현실감,现实感
현실론,现实论
현실성,现实性
현실적,现实的
현실주의,现实主义
현실주의자,现实主义者
현실주의적,现实主义的
현실주의화,现实主义化
현실층,现实层
현실화,现实化
현실화도,现实化度
현악기,弦乐器
현안,悬案; 显眼; 现眼
현암,悬岩
현애,悬崖
현애륵마,悬崖勒马
현애절벽,悬崖绝壁
현애초벽,悬崖峭壁
현업,现业
현여금,现如今
현역,现役
현연,显然
현엽,玄烨
현영,显影
현오,玄奥
현외지음,弦外之音
현요,炫耀; 显要
현요성,炫耀性
현위,县尉; 县委
현유,现有
현은,现银
현의,悬疑
현의회,县议会
현이미결,悬而未决
현이역견,显而易见
현인,贤人
현임,现任
현자,贤者; 弦子
현장,现场; 县长; 玄奘
현장감,现场感
현장도,现场图
현장성,现场性
현장직파,现场直播
현장판공,现场办公
현장회,现场会
현재,现在; 贤才
현재성,现在性
현재시,现在时
현재적,现在的
현재화,现在化
현저,显著
현저성,显著性
현저화,显著化
현전,现钱
현정,悬停; 玄正
현정부,县政府
현제,贤弟; 舷梯
현조,悬吊
현존,现存
현존자,现存者
현주소,现住所
현중,县中
현지,现地; 县志
현지답사,现地踏查
현지사,县知事
현지우현,玄之又玄
현지인,现地人
현직,显职; 现职
현진,玄真
현착,悬着
현찰,现札
현참,玄参
현창,显彰; 舷窗
현채,苋菜
현처,贤妻
현처량모,贤妻良母
현천,玄天
현체,贤达
현출,显出; 现出
현충일,显忠日
현충탑,显忠塔
현치,现值; 县治
현태야,县太爷
현판,悬板
현판식,悬板式
현풍,玄风
현하,现下; 悬河
현학,玄学; 显学
현학적,衒学的
현항,岘港
현행,现行
현행범,现行犯
현행법,现行法
현허,玄虚
현혁,显赫
현혁일시,显赫一时
현현,显现; 县县
현형,现形; 显形
현혜,贤惠; 贤慧
현호,玄乎; 悬壶
현혹,眩惑
현혹당,眩惑当
현화,现货
현화시장,现货市场
현황,现况; 玄黄
현효,显效
현효률,显效率
현훈,眩晕
현휘,现汇
혈,血; 页; 穴; 孑; 絜; 頁
혈가,血痂
혈갈,血竭
혈거,穴居
혈고,血库
혈관,血管
혈관류,血管瘤
혈관성,血管性
혈관속,血管束
혈관총,血管丛
혈관화,血管化
혈광지재,血光之灾
혈괴,血块
혈구,血球; 血仇
혈구분인,血口喷人
혈기,血气
혈기방강,血气方刚
혈뇨,血尿
혈당,血糖
혈도,穴道
혈두,血窦
혈량,血量
혈로,血路
혈루,血泪
혈류량,血流量
혈류성하,血流成河
혈류여주,血流如注
혈림림,血淋淋
혈마,页码
혈맥,血脉
혈면,页面
혈박,血泊
혈방,血防
혈본,血本
혈본무귀,血本无归
혈분,血粉
혈분대구,血盆大口
혈붕,血崩
혈상,血象
혈색,血色
혈색소,血色素
혈서,血书
혈성,血腥; 血性
혈성기,血腥气
혈세,血税; 血洗
혈세포,血细胞
혈소판,血小板
혈수,血水
혈순환,血循环
혈안,血眼; 血案
혈암,页岩; 血癌
혈압,血压
혈압계,血压计
혈액,血液
혈액병,血液病
혈액중심,血液中心
혈액학,血液学
혈액형,血液型
혈양,血样
혈연,血缘; 孑然
혈연관계,血缘关系
혈연성,血缘性
혈연일신,孑然一身
혈연적,血缘的
혈오,血污
혈우병,血友病
혈우성풍,血雨腥风
혈위,穴位
혈육,血肉
혈육모호,血肉模糊
혈육상련,血肉相连
혈육지구,血肉之躯
혈육횡비,血肉横飞
혈의,血衣
혈인,血印; 血刃
혈장,血浆; 血肠
혈적,血迹
혈적반반,血迹斑斑
혈전,血战; 血栓
혈전도저,血战到底
혈전성,血栓性
혈전소,血栓素
혈정,血证
혈족,血族
혈족적,血族的
혈종,血肿
혈지,血脂; 血渍
혈채,血债
혈청,血清; 血淸
혈청학,血清学
혈청형,血清型
혈친,血亲
혈침,血沉
혈통,血统
혈투,血鬪
혈편,血便
혈포,血泡
혈한,血汗
혈한전,血汗钱
혈해,血海
혈해심구,血海深仇
혈행,血行
혈허,血虚
혈허성,血虚性
혈혈단신,孑孑单身
혈형,血型
혈홍,血红
혈홍단백,血红蛋白
혈홍소,血红素
혈화,血花
혈휴,血亏
혈흉,血胸
혈흡훼,血吸虫
혐,嫌
혐극,嫌隙
혐기,嫌弃
혐번,嫌烦
혐범,嫌犯
혐빈애부,嫌贫爱富
혐악,嫌恶
혐오,嫌恶; 嫌惡
혐오감,嫌恶感; 嫌惡感
혐의,嫌疑
혐의범,嫌疑犯
혐의인,嫌疑人
혐의자,嫌疑者
협,协; 叶; 侠; 胁; 峡; 夹; 狭; 颊; 挟; 惬; 荚; 浃; 蛱; 箧; 勰; 硖; 铗; 饸; 铪; 祫; 陜; 綊; 夾; 協; 俠
협가,叶家
협각,夹角
협간의담,侠肝义胆
협강,峡江; 夹江
협강천,叶江川
협개,叶开
협객,侠客
협건빈,叶建斌
협검영,叶剑英
협격,夹击
협경문,叶敬文
협계,叶桂
협계장,叶季壮
협고병,叶枯病
협곡,峡谷
협골,侠骨
협공,挟攻; 夹攻
협공호룡,叶公好龙
협관원,协管员
협광군,叶光军
협교파,叶乔波
협구,夹具; 峡口
협국란,叶菊兰
협군,叶群
협군호,叶君虎
협궤,狭轨
협극,夹克
협극강,叶克强
협극삼,夹克衫
협금산,夹金山
협기,夹起; 侠气
협남,叶南
협녀,侠女
협녀사,叶女士
협대,夹带; 挟带
협대가,叶大哥
협덕릉,叶德陵
협덕범,叶德范
협덕한,叶德娴
협도,叶涛; 夹道
협도환영,夹道欢迎
협독정,叶笃正
협동,协同; 叶童
협동농장,协同农场
협동성,协同性
협동심,协同心
협동적,协同的
협동조합,协同组合
협동형,协同型
협동화,协同化
협락귀근,叶落归根
협람,叶岚
협력,协力
협력관,协力官
협력국,协力局
협력국장,协力局长
협력단장,协力团长
협력사,协力社
협령,叶龄; 叶灵
협로사,叶老师
협로상봉,狭路相逢
협로상봉용자승,狭路相逢勇者胜
협록분,叶绿体
협록소,叶绿素
협륜,叶轮
협릉비,叶凌飞
협릉풍,叶凌风
협리,叶莉; 协理
협리흠,叶利钦
협림,叶琳; 叶林
협만,峡湾
협맥,叶脉
협면,叶面
협면적,叶面积
협명,叶明
협모,叶某
협무,叶茂; 叶武
협민,叶敏
협박,胁迫
협박성,胁迫性
협방차,协方差
협배,叶蓓
협병,叶柄
협봉,夹缝; 狭缝; 叶锋
협부,颊部
협부주석,叶副主席
협북,叶北
협북진,叶北辰
협붕,叶鹏
협비,叶飞
협빈,叶斌
협사,侠士
협사기,叶思绮
협산,叶酸
협상,协商
협상물,协商物
협생,夹生
협생반,夹生饭
협서행,叶恕行
협서희,叶西熙
협선,叶璇
협선생,叶先生
협선평,叶选平
협성,叶城
협성도,叶圣陶
협성림,叶成林
협세송,叶世荣
협소,狭小; 叶萧
협소저,叶小姐
협소화,狭小化
협쇠영,叶钊颖
협신,叶晨; 叶辛
협심,夹心
협심증,狭心症
협씨,叶氏
협아,叶芽
협애,狭隘
협앵,叶莺
협약,协约
협약국,协约国
협양,叶扬
협업,协业
협업적,协业的
협연,协演; 叶缘
협연우,叶烟雨
협연자,协演者
협영렬,叶永烈
협우,叶宇; 叶羽
협우성,叶宇星
협운,叶云
협운죽,叶韵竹
협위신,叶伟信
협유,叶瑜
협육,叶肉
협윤,叶昀
협의,协议; 狭义; 惬意; 侠义; 夹衣
협의서,协议书
협의체,协议体
협의회,协议会
협일천,叶一茜
협자,叶子; 夹子
협작,协作
협작구,协作区
협작망,协作网
협잡,夹杂
협잡첩림나,叶卡捷琳娜
협잡첩림보,叶卡捷琳堡
협장,狭长
협장청,叶长青
협전척,叶展拓
협정,协定; 叶挺
협정량,协定量
협정문,协定文
협정서,协定书
협정안,协定案
협제,挟制
협조,协助; 协调
협조성,协调性
협조언,叶兆言
협조원,协调员
협조자,协调者
협조주의,协助主义
협주,夹住; 协奏
협주곡,协奏曲
협주단,协奏团
협죽도,夹竹桃
협지,挟持; 叶枝; 胁持
협지명,叶志明
협지추,叶知秋
협진,叶秦
협착,狭窄
협착률,狭窄率
협착미파,夹着尾巴
협착증,狭窄症
협찬,协赞
협천,叶迁; 叶天; 叶倩
협천문,叶倩文
협천운,叶天云
협천진,叶天辰
협청,叶青; 叶菁; 叶清
협초,叶鞘
협추,叶秋
협층,夹层
협판,协办; 夹板
협편,叶片
협풍,叶枫
협합노라부,叶哈努罗夫
협해,叶海
협혁,叶赫
협현,叶县
협홍한,叶红汉
협화,协和; 叶华
협화의과대학,协和医科大学
협화의원,协和医院
협환,叶欢
협황소,叶黄素
협회,协会
협회원,协会员
협회장,协会长
형,形; 型; 刑; 兄; 衡; 哼; 亨; 荆; 馨; 莹; 炯; 邢; 荧; 萤; 迥; 滢; 硎; 荥; 潆; 珩; 擤; 桁; 蘅; 陉; 泶; 蓥; 铏; 脝; 诇; 賯; 藀; 瑩; 螢; 荊
형가,荆轲
형강,荆江
형경,刑警
형경대,刑警队
형경문,刑警们
형광,萤光; 荧光
형광등,萤光灯; 荧光灯
형광법,荧光法
형광병,荧光屏
형광분,荧光粉
형광소,荧光素
형구,刑拘; 刑具
형국,形局
형국론,形局论
형극,荆棘
형극총생,荆棘丛生
형기,刑期; 衡器
형단영지,形单影只
형당,刑堂
형대,邢台
형대시,邢台市
형대현,邢台县
형덕리,亨德利
형덕삼,亨德森
형동허설,形同虚设
형량,刑量; 衡量
형률,刑律
형리,刑吏; 亨利
형막,荧幕
형만,亨曼
형매,兄妹
형명,刑名
형모,形貌; 邢某
형무소,刑务所
형문,刑问; 荆门
형문당,刑问当
형문시,荆门市
형벌,刑罚
형법,刑法
형변,形变
형병,荧屏
형부,兄夫; 刑部
형분,形体
형비체,擤鼻涕
형사,刑事; 形似; 型砂
형사경찰,刑事警察
형사계,刑事系
형사계장,刑事系长
형사계장실,刑事系长室
형사구류,刑事拘留
형사범,刑事犯
형사법,刑事法
형사법정,刑事法庭
형사부,刑事部
형사소송,刑事诉讼
형사소송법,刑事诉讼法
형사안,刑事案
형사판결,刑事判决
형산,衡山; 荆山; 邢珊
형산로,衡山路
형상,形状; 形象
형상대사,形象大使
형상론,形象论
형상론적,形象论的
형상사유,形象思维
형상성,形象性
형상화,形象化
형색,形色
형석,萤石
형석해교인원,刑释解教人员
형선생,邢先生
형성,形性; 形成; 哼声
형성기,形成期
형성력,形成力
형성론,形成论
형성론자,形成论者
형성률,形成率
형성성,形成性
형성자,形成者; 形声字
형성적,形成的
형성화,形成化
형세,形势
형수,兄嫂; 衡水
형수시,衡水市
형승,形胜
형식,型式; 形式
형식다양,形式多样
형식다양화,形式多样化
형식라집,形式逻辑
형식미,形式美
형식상,形式上
형식성,形式性
형식적,形式的
형식주의,形式主义
형식주의적,形式主义的
형식화,形式化
형신,刑讯
형신겸비,形神兼备
형신핍공,刑讯逼供
형심,型心
형양,衡阳; 荥阳
형양시,衡阳市; 荥阳市
형양현,衡阳县
형언,形言
형연,迥然
형연부동,迥然不同
형영,形影
형영부리,形影不离
형옥,刑狱
형용,形容
형용사,形容词
형원민,邢元敏
형의권,形意拳
형이,迥异
형이상학,形而上学
형이상학적,形而上学的
형이전,邢诒前
형장,刑场; 兄长
형재,型材
형적,形迹
형적가의,形迹可疑
형정,刑政; 刑侦; 刑庭
형정돈,亨廷顿
형정인원,刑侦人员
형제,兄弟; 形制
형제간,兄弟间
형제국,兄弟国
형제당,兄弟党
형제량,兄弟俩
형제문,兄弟们
형제애,兄弟爱
형제자매,兄弟姉妹; 兄弟姊妹
형제저매문,兄弟姐妹们
형제지간,兄弟之间
형조,荆条
형주,荆州
형주시,荆州市
형즉,哼唧
형질,形质
형창,哼唱
형천,刑天
형체,形体
형초,荆楚
형태,形态
형태미,形态美
형태적,形态的
형태학,形态学
형통,亨通
형특,亨特
형편,形便
형평,衡平
형평성,衡平性
형평화,衡平化
형해화,形骸化
형핵,形势
형핵핍인,形势逼人
형핵희인,形势喜人
형향,馨香
형형,炯炯; 哼哼; 荧荧
형형색색,形形色色
형형유신,炯炯有神
형형즉즉,哼哼唧唧
형형합합,哼哼哈哈
형혜나,邢慧娜
형호,型号
형혹,荧惑
형화,萤火
형화훼,萤火虫
형효방,邢晓芳
혜,慧; 惠; 鞋; 兮; 彗; 蹊; 蕙; 嵇; 醯; 蟪; 鼷; 豀; 𬤝; 盻; 鏸; 恵
혜강,嵇康
혜경,蹊径; 惠卿
혜경사,惠更斯
혜고,惠顾
혜교,蹊跷
혜근,鞋跟
혜농,惠农
혜대,鞋带
혜동,惠东
혜동현,惠东县
혜란,蕙兰; 惠兰
혜래,惠来
혜령돈,惠灵顿
혜말,鞋袜
혜면,鞋面
혜모,鞋帽
혜민,惠民
혜민의원,惠民医院
혜방,鞋帮
혜보,惠普
혜보공사,惠普公司
혜산,惠山
혜산구,惠山区
혜성,彗星
혜성구,惠城区
혜수,惠水
혜수현,惠水县
혜심,慧心
혜씨,惠氏
혜안,慧眼; 惠安
혜안현,惠安县
혜양,惠阳
혜위,惠威
혜유,鞋油
혜이포,惠而浦
혜자,鞋子; 惠子
혜장,鞋匠
혜저,鞋底
혜점,鞋垫; 鞋店
혜정돈,惠廷顿
혜제구,惠济区
혜주,惠州
혜주시,惠州市
혜창,鞋厂
혜택,惠泽
혜특니,惠特尼
혜특만,惠特曼
혜혜,兮兮
혜훤,鞋楦
호,好; 乎; 号; 护; 户; 胡; 互; 呼; 毫; 湖; 虎; 糊; 豪; 浩; 狐; 芦; 壶; 沪; 蝴; 皓; 弧; 壕; 瑚; 唬; 嚎; 葫; 浒; 扈; 昊; 镐; 嗥; 蒿; 槁; 琥; 犒; 蚝; 祜; 颢; 濠; 灏; 缟; 鹕; 怙; 岵; 猢; 煳; 瓠; 醐; 薅; 滹; 戽; 烀; 鄗; 鈩; 鄠; 粐; 籇; 魱; 虖; 鍸; 冱; 轷; 薃; 綔; 虝; 號; 護; 戶; 恏; 鬍; 蠔; 壺; 鎬
호가,呼价; 胡佳; 胡歌; 护驾; 胡家; 胡可
호가과,好家伙
호가루,呼家楼
호가문,好哥们
호가시,胡加时
호가호위,狐假虎威
호각,号角
호간,好看
호갈,呼喝
호감,好感
호감기,互感器
호감도,好感度
호강,好强; 豪强
호강생,胡康生
호개,胡凯
호객,豪客; 好客
호거,虎踞
호건국,胡建国
호건평,胡建平
호걸,豪杰; 胡杰
호검,好脸
호겁,浩劫
호격,豪格
호견,互见
호경기,好景气
호경부장,好景不长
호계립,胡启立
호고,胡搞
호고무원,好高骛远
호곡,号哭; 嚎哭
호골,虎骨
호공부,好功夫
호과,好过; 胡戈; 胡瓜
호광,湖广; 弧光; 胡光
호광산색,湖光山色
호광회관,湖广会馆
호괴,好坏
호교,护校
호교만전,胡搅蛮缠
호교목,胡乔木
호교수,胡教授
호구,好久; 户口; 呼救; 虎口; 好球; 壕沟; 糊口; 湖口; 互殴; 护具; 壶口; 虎丘
호구부,户口簿
호구부견,好久不见
호구폭포,壶口瀑布
호구현,湖口县
호국,护国
호국군,护国军
호국사,护国寺
호군,胡军; 护军
호권,弧圈
호권구,弧圈球
호규,呼叫; 嚎叫; 号叫
호균,户均; 弧菌
호극,胡克; 沪剧; 毫克
호극료,好极了
호금,胡琴
호금도,胡锦涛
호기,号机; 好机; 豪气; 好几; 好奇; 呼气; 好气; 浩气; 护旗
호기래,好起来
호기심,好奇心
호남,好男; 湖南
호남광전,湖南广电
호남농업대학,湖南农业大学
호남대,湖南队
호남대학,湖南大学
호남로,湖南路
호남사범대학,湖南师范大学
호남성,湖南省
호남성기위,湖南省纪委
호남성아동의원,湖南省儿童医院
호남성위,湖南省委
호남위시,湖南卫视
호남의과대학,湖南医科大学
호남일보,湖南日报
호남전시대,湖南电视台
호내,户内
호녀사,胡女士
호년,虎年
호녕선,沪宁线
호뇨,胡闹
호뉴,虎妞
호다,好多
호다료,好多了
호단,护短
호단단,好端端
호당,户当
호대,好大; 浩大
호대희공,好大喜功
호덕,胡德
호덕부,胡德夫
호덕평,胡德平
호도,护都; 糊涂; 弧度; 胡桃; 胡涂; 嚎啕; 胡涛
호도대곡,嚎啕大哭; 号啕大哭
호도장,糊涂账
호도족,胡图族
호도훼,糊涂虫
호동,互动; 胡同
호동성,互动性
호동식,互动式
호두,户头; 胡豆
호두사미,虎头蛇尾
호두산,虎头山
호두호뇌,虎头虎脑
호득다,好得多
호득부득료,好得不得了
호득흔,好得很
호라복,胡萝卜
호라복소,胡萝卜素
호란,胡乱; 护栏; 呼兰
호란구,呼兰区
호람,湖蓝
호랍,呼啦
호랍권,呼啦圈; 呼拉圈
호랍랍,呼啦啦
호랍이,呼拉尔
호랑,虎狼
호랑이신,虎狼-神
호래,胡来
호래오,好莱坞
호래오식,好莱坞式
호량호양,互谅互让
호련,互连
호련망,互联网
호련망계,互联网界
호련망업,互联网业
호령,号令; 胡灵
호로,葫芦; 犒劳; 呼噜; 胡老
호로도,葫芦岛
호로도시,葫芦岛市
호로사,胡老师
호로호로,呼噜呼噜
호록,湖绿
호롱,糊弄
호뢰,虎牢; 好赖
호료,好了
호륜패이,呼伦贝尔
호륜패이시,呼伦贝尔市
호릉,胡凌
호리,护理; 狐狸; 互利; 毫厘
호리구,湖里区
호리미파,狐狸尾巴
호리비,护理费
호리원,护理员
호리정,狐狸精
호리품,护理品
호리호도,糊里糊涂
호림,护林; 虎林
호림원,护林员
호림익,胡林翼
호립봉,胡立峰
호마,号码; 好么; 胡麻
호마부흘회두초,好马不吃回头草
호망각,好望角
호매,豪迈; 胡玫
호맥,号脉
호면,湖面
호명,呼名; 户名; 胡明
호모,胡某; 毫毛
호묘,浩渺; 浩淼
호무,毫无
호무동,胡茂东
호무원,胡茂元
호무의문,毫无疑问
호무의의,毫无疑义
호무이치,毫无二致
호문,豪门; 虎门; 好闻; 豪文
호문진,虎门镇
호미,毫米; 狐媚; 虎尾
호미파,毫米波
호민,豪民; 胡敏
호박,湖泊; 琥珀
호박산,琥珀酸
호박색,琥珀色
호반,湖畔; 护盘
호반천,好半天
호발,护发; 毫发
호발품,护发品
호방,豪放; 互访; 胡芳
호방호조,互帮互助
호배웅요,虎背熊腰
호번,浩繁
호법,护法
호변,湖边
호별지정,户别之丁
호병,胡兵
호병신,胡秉宸
호보,互补
호보삼,胡葆森
호보성,互补性
호복,壶腹
호봉,号俸; 好棒; 胡蜂
호부,毫不; 互不; 户部; 虎符; 豪富; 护符
호부객기,毫不客气
호부귀,胡不归
호부동요,毫不动摇
호부류정,毫不留情
호부리기,毫不利己
호부상양,互不相让
호부용역,好不容易
호부용역재,好不容易才
호부유예,毫不犹豫
호부은휘,毫不隐讳
호부재의,毫不在意
호부재호,毫不在乎
호부지의,毫不迟疑
호부층,豪富层
호부침범,互不侵犯
호부휘언,毫不讳言
호북,湖北
호북경제전시대,湖北经济电视台
호북대,湖北队
호북대학,湖北大学
호북로,湖北路
호북성,湖北省
호북성위,湖北省委
호북위시,湖北卫视
호북의과대학,湖北医科大学
호북일보,湖北日报
호북전시대,湖北电视台
호북지구,湖北地区
호분,湖盆
호불,护佛
호붕구우,狐朋狗友
호붕우,好朋友
호붕우문,好朋友们
호붕환우,呼朋唤友
호비,好比; 胡斐
호빈,湖滨; 胡斌
호사,豪奢; 好事; 护士; 好似; 好些; 好使; 好死; 豪斯; 护师
호사가,好事家
호사다마,好事多魔; 好事多磨
호사란상,胡思乱想
호사문,护士们
호사부,胡师傅
호사자,好事者
호사장,护士长
호상,互相; 好丧; 好像; 好象; 弧状; 沪上; 豪爽; 犒赏; 豪商
호상은행,沪上银行
호새이,胡塞尔
호색,好色
호색지도,好色之徒
호생,互生; 好生
호생지덕,好生之德
호서,好书
호선,号线; 弧线; 狐仙
호선생,胡先生
호설,好说; 胡说
호설알설,好说歹说
호설암,胡雪岩
호설팔도,胡说八道
호설화,好说话
호성,呼声; 胡星; 号声
호성우,胡星宇
호성적,好成绩
호성하,护城河
호성호,胡成虎
호세상,胡世祥
호소,号召; 呼诉; 湖沼; 好笑; 呼啸; 胡啸; 壶关
호소금,胡关金
호소력,呼诉力; 号召力
호소문,呼诉文
호소저,胡小姐
호소홍,胡笑红
호송,护送
호송화,胡荣华
호수,号数; 户数; 湖水; 好受; 好手; 胡须; 号手; 皓首
호숫,湖水
호슬,护膝
호승,毫升; 好胜; 胡绳
호승심,好胜心
호시,沪市; 互市; 虎视
호시광,好时光
호시탐탐,虎视眈眈
호식,好食
호신,虎神
호신부,护身符
호신우,胡新宇
호실,号室
호심,好心
호심도,湖心岛
호심인,好心人
호심장,好心肠
호심정,湖心亭
호심호의,好心好意
호씨,胡氏
호아,好啊; 虎牙; 号儿
호아동,胡亚东
호악,好恶
호안,护岸; 胡安
호알,好歹
호야,好惹
호양,胡杨; 湖羊; 互让
호양림,胡杨林
호양적,好样的
호어,护渔
호언,胡言
호언란어,胡言乱语
호언빈,胡彦斌
호언장담,豪言壮谈
호언장어,豪言壮语
호여연해,浩如烟海
호역,户役
호연,好演; 浩然; 呼延
호연정기,浩然正气
호연조,胡延照
호연지기,浩然之气
호열,胡悦
호열자,虎列刺; 虎列刺
호완,好玩
호완아,好玩儿
호왕,虎王
호외,号外; 户外
호외운동,户外运动
호요방,胡耀邦
호요우,胡耀宇
호용,互用
호용역,好容易
호용역재,好容易才
호용투한,好勇斗狠
호우,好友; 豪雨; 呼吁; 好于; 护佑
호우문,好友们
호우서,呼吁书
호운,好运
호운봉,胡云峰
호원,护院
호월,皓月
호위,扈卫; 护卫; 虎威; 胡伟
호위구,好胃口
호위기,胡玮琪
호위대,护卫队
호위동,胡卫东
호위민,胡卫民
호위인과,互为因果
호위표리,互为表里
호위함,护卫舰
호유,蚝油
호유용,胡惟庸
호유지,胡愈之
호유형,好有型
호윤,胡润
호음,豪饮
호응,呼应
호응도,呼应度
호의,好意; 狐疑
호의사,好意思
호의적,好意的
호이,护耳
호인,好人; 互认; 唬人
호인가,好人家
호인대,湖人队
호인몽,胡茵梦
호일개,好一个
호일비,胡一飞; 胡一菲
호일악로,好逸恶劳
호일자,好日子
호자,胡子; 虎子; 号子
호자랍사,胡子拉碴
호자미,胡紫微
호자앙,胡子昂
호자옥,胡子玉
호자위지,好自为之
호작비위,胡作非为
호장,虎将; 豪壮; 户长
호장청,胡长清
호재,好材; 好在
호재료,好材料
호재성,好材性
호저,湖底; 豪猪
호적,好的; 户籍; 胡适
호전,好转; 好战; 湖田
호전괴,胡传魁
호전률,好转率
호전성,好战性
호전적,好战的
호접,蝴蝶; 胡蝶
호접결,蝴蝶结
호접란,蝴蝶兰
호접몽,胡蝶梦
호정,豪情; 户政; 糊精; 胡静
호정이가,好整以暇
호정장지,豪情壮志
호정흔,胡定欣
호제,护堤
호조,好调; 户曹; 护照; 互助; 好找; 护罩
호조군,胡兆军
호조두,好兆头
호조륙,胡祖六
호조법,护照法
호조작성,互操作性
호조조,互助组
호조합작,互助合作
호조황,好钓况
호족,豪族
호족적,豪族的
호종남,胡宗南
호종헌,胡宗宪
호주,户主; 濠洲; 湖州; 好走
호주가,好酒家
호주시,湖州市
호주임,胡主任
호지,沪指
호지강,胡志强
호지명,胡志明; 胡志铭
호지명시,胡志明市
호지욕출,呼之欲出
호진,胡进
호차,胡扯
호창,护厂
호처,好处
호처비,好处费
호천,好天
호천사,胡天赐
호천창지,呼天抢地
호철,胡铁
호청,好听; 胡青
호초,胡椒; 胡诌; 毫秒; 呼哨
호총,胡总
호추,好丑
호출,呼出
호출기,呼出机
호취,狐臭; 胡吹
호칭,呼称; 号称
호쾌,豪快
호타하,滹沱河
호탁위,胡卓伟
호탈,豪夺
호탕,豪宕; 浩荡
호태로,沪太路
호통,互通
호통식,互通式
호통유무,互通有无
호퇴,护腿
호특,胡特
호파,好吧; 护坡; 互派; 胡波
호판,户判
호패,号牌
호패법,号牌法
호편,胡编
호편란조,胡编乱造
호평,好评; 胡萍; 胡平
호평률,好评率
호표,胡彪
호풍,胡风
호풍광,好风光
호풍집단,胡风集团
호풍환우,呼风唤雨
호피,虎皮; 狐皮
호하,胡夏
호하호하,呼哧呼哧
호학,好学
호한,好汉; 浩瀚
호한문,好汉们
호한민,胡汉民
호한산,胡汉山
호함,呼喊
호항,护航; 沪杭
호항선,沪杭线
호항용,沪杭甬
호해,胡亥
호핵두,好势头
호행아,胡杏儿
호헌,护宪
호현,户县
호혈,虎穴
호협,豪侠
호형,弧形
호혜,互惠
호혜적,互惠的
호혜호리,互惠互利
호호,好好; 呼呼; 户户; 浩浩; 糊糊; 呼号; 皓皓
호호생위,虎虎生威
호호선생,好好先生
호호아,好好儿
호호탕탕,浩浩荡荡
호화,豪华; 好话; 胡话
호화유,豪华游
호화형,豪华型
호화호특,呼和浩特
호화호특시,呼和浩特市
호환,互换; 呼唤
호환성,互换性
호황,好况
호황기,好况期
호효,胡晓
호흉,护胸
호흘,好吃
호흘라주,好吃懒做
호흘해갈,胡吃海喝
호흡,呼吸
호흡계,呼吸计
호흡기,呼吸器
호흡도,呼吸道
호흡련,呼吸链
호흡법,呼吸法
호흡성,呼吸性
호흡수,呼吸数
호흡증,呼吸症
호희,好戏
혹,或; 惑; 酷; 鹄
혹다혹소,或多或少
혹독,酷毒
혹리,酷吏
혹명혹암,或明或暗
혹문,或门
혹사,酷使; 酷似
혹사당,酷使当
혹서,酷暑
혹서기,酷暑期
혹성,惑星
혹세무민,惑世诬民
혹시,或是
혹심,酷甚
혹애,酷爱
혹여,或如
혹연,惑然
혹열,酷热
혹자,或者
혹칙,或则
혹평,酷评
혹평가,酷评家
혹한,酷寒
혹허,或许
혹형,酷刑
혼,挥; 婚; 混; 魂; 昏; 浑; 睨; 馄; 阍; 珲; 溷; 繉; 睧; 焜; 渾
혼가,婚嫁; 婚假
혼개,婚介
혼검,婚检
혼검률,婚检率
혼견몽영,魂牵梦萦
혼견몽요,魂牵梦绕
혼곤,昏困
혼과,挥戈
혼과거,昏过去
혼곽,挥霍
혼곽무도,挥霍无度
혼교,混交
혼교림,混交林
혼구,昏衢; 混球
혼군,昏君
혼권,挥拳
혼궐,昏厥
혼금여토,挥金如土
혼기,婚期
혼단,混蛋; 浑蛋
혼단문,混蛋们
혼담,婚谈
혼도,昏倒
혼돈,混沌; 馄饨; 浑沌
혼동,混同; 挥动
혼두혼뇌,昏头昏脑
혼란,混乱
혼란기,混乱期
혼란상,混乱相
혼련,婚恋; 混炼
혼령,魂灵; 婚龄
혼례,婚礼
혼례식,婚礼式
혼료과거,昏了过去
혼루,挥泪
혼무,挥舞
혼미,昏迷
혼미부성,昏迷不醒
혼미상태,昏迷状态
혼반,混饭
혼반흘,混饭吃
혼발,挥发
혼발물,挥发物
혼발성,挥发性
혼발유,挥发油
혼방,混纺
혼배,婚配
혼백,魂魄
혼변,婚变
혼별,挥别
혼복,混复
혼부부분,魂不附体
혼부수사,魂不守舍
혼비백산,魂飞魄散
혼사,婚事; 婚纱; 昏死; 挥师; 婚史
혼색,混色
혼생,混生
혼서,婚书
혼서장,婚书状; 婚书狀
혼선,混线
혼성,混声; 混成
혼성군,混成群
혼성려,混成旅
혼성림,混成林
혼세,挥洒
혼세마왕,混世魔王
혼세자여,挥洒自如
혼속,婚俗
혼수,婚需; 挥手; 昏睡; 浑水; 混水
혼수모어,浑水摸鱼; 混水摸鱼
혼수비,婚需费
혼수상태,昏睡状态
혼수품,婚需品
혼숫,婚需
혼식,混食
혼신,浑身; 魂神
혼신무력,浑身无力
혼신해수,浑身解数
혼쌍,混双
혼암,昏暗
혼약,婚约
혼약금,婚约金; 婚约金
혼양,混养
혼연,浑然
혼연일분,浑然一体
혼연일체,浑然一体
혼연천성,浑然天成
혼외,婚外
혼외련,婚外恋
혼외정,婚外情
혼용,混用; 昏庸
혼원,浑圆
혼원현,浑源县
혼위일담,混为一谈
혼육,婚育
혼융,混融
혼응토,混凝土
혼인,婚姻
혼인관,婚姻观
혼인법,婚姻法
혼인식,婚姻式
혼일자,混日子
혼입,混入
혼자,混子
혼잡,混杂
혼장,混账
혼재,婚材
혼적,混迹
혼전,婚前; 混战
혼절,昏绝
혼조,混调
혼종어,混种语
혼지즉거,挥之即去
혼진,混进
혼처,婚处
혼천의,浑天仪
혼천흑지,昏天黑地
혼춘,珲春
혼취,婚娶
혼침,昏沉
혼침침,昏沉沉
혼탁,混浊; 浑浊
혼탁상,混浊状
혼편,混编
혼하,浑河
혼한여우,挥汗如雨
혼합,混合
혼합기,混合器
혼합류,混合瘤
혼합물,混合物
혼합반,混合班
혼합성,混合性
혼합식,混合式
혼합영,混合泳
혼합적,混合的
혼합형,混合型
혼향,混响
혼현,昏眩
혼혈,混血
혼혈아,混血儿
혼호,挥毫
혼혼,混混; 昏昏; 挥挥
혼혼수,挥挥手
혼혼악악,浑浑噩噩
혼혼욕수,昏昏欲睡
혼혼침침,昏昏沉沉
혼화,昏花
혼황,昏黄
혼효,混淆
혼효림,混淆林
혼효시비,混淆是非
혼효시청,混淆视听
혼후,浑厚
혼흑,昏黑
홀,忽; 惚; 笏; 囫; 唿; 锪; 芴
홀대,忽待
홀랭홀열,忽冷忽热
홀략,忽略
홀륜,囫囵
홀륜탄조,囫囵吞枣
홀명홀암,忽明忽暗
홀섬,忽闪
홀섬홀섬,忽闪忽闪
홀시,忽视
홀연,忽然
홀연지간,忽然之间
홀유,忽悠
홀이,忽而
홀지,忽地
홀필렬,忽必烈
홀홀,忽忽
홍,红; 洪; 鸿; 虹; 哄; 弘; 烘; 汞; 泓; 荭; 讧; 蕻; 洚; 閧; 谼; 紅; 鴻
홍가,洪家
홍가주,洪可柱
홍간,烘干
홍간기,烘干机
홍강,洪江
홍검,红脸
홍검도,洪剑涛
홍경천,红景天
홍계훈,洪继勋
홍고,烘烤; 红股
홍곡,红曲; 鸿鹄
홍곡탄,红谷滩
홍과,红果
홍광,红光
홍광만면,红光满面
홍교,虹桥; 红桥
홍교구,红桥区
홍교국제기장,虹桥国际机场
홍교기장,虹桥机场
홍교로,虹桥路
홍교점,虹桥店
홍구,虹口; 鸿沟
홍구광장,虹口广场
홍구구,虹口区
홍구랑,洪九郎
홍구룡지몽점,虹口龙之梦店
홍구분육장,虹口体育场
홍구점,虹口店
홍군,红军
홍균,洪钧
홍극일시,红极一时
홍금보,洪金宝
홍기,红旗; 鸿基
홍기거,红旗渠
홍기수,红旗手
홍남록녀,红男绿女
홍낭,红娘
홍녀사,洪女士
홍뇨,哄闹
홍니,红泥
홍단,红蛋
홍당,红唐; 红糖
홍당대소,哄堂大笑
홍대,洪大
홍도,洪涛; 洪都; 鸿图
홍도랍사,洪都拉斯
홍도랍사대,洪都拉斯队
홍동,洪洞; 哄动
홍동동,红彤彤
홍동현,洪洞县
홍두,红豆
홍두문건,红头文件
홍득발자,红得发紫
홍등,红灯
홍라,红罗
홍라복,红萝卜
홍량,洪亮
홍력,弘历
홍령건,红领巾
홍로,洪涝; 烘炉
홍록등,红绿灯
홍뢰,洪磊
홍루,红楼
홍루몽,红楼梦
홍류,红柳; 红柳; 洪流
홍류석,红榴石
홍리,红利
홍마,红麻
홍막,虹膜
홍매,红梅
홍매소,红霉素
홍모,洪某
홍목,红木
홍무,洪武
홍무로,洪武路
홍문,洪门; 洪文
홍문연,鸿门宴
홍박박,红扑扑
홍박배,洪博培
홍반,红斑; 红盘
홍반랑창,红斑狼疮
홍방,红榜; 烘房
홍배,烘焙
홍백색,红白色
홍백희사,红白喜事
홍벽령,洪碧玲
홍변,红变
홍보,弘报
홍보과,弘报课
홍보물,弘报物
홍보비,弘报费
홍보석,红宝石
홍보성,弘报性
홍보실,弘报室
홍보실장,弘报室长
홍보전,弘报战
홍보지,弘报纸
홍보처,弘报处
홍보판,弘报版
홍복,洪福; 鸿福
홍봉,洪峰
홍부사,红富士
홍분,红粉
홍사,红事
홍사군,红四军
홍사방면군,红四方面军
홍산구,洪山区
홍삼,红杉; 洪森
홍삼군단,红三军团
홍상,烘箱
홍상청,洪常青
홍색,红色
홍색낭자군,红色娘子军
홍색정권,红色政权
홍서,红薯
홍선,红线
홍선생,洪先生
홍성,红星
홍성대,红星队
홍세포,红细胞
홍소,红烧; 哄笑
홍소광,洪昭光
홍소병,红小兵
홍소진,洪小辰
홍송,红松
홍수,洪水; 红树
홍수림,红树林
홍수맹수,洪水猛兽
홍수위,洪水位
홍수전,洪秀全
홍수주,洪秀柱
홍수하,红水河
홍승,洪承
홍신월회,红新月会
홍심,红心; 洪深
홍십자,红十字
홍십자회,红十字会
홍안,红颜; 红眼; 鸿雁; 红安
홍안박명,红颜薄命
홍안병,红眼病
홍안색,红颜色
홍안항반,红眼航班
홍암,红岩
홍애동,洪崖洞
홍약수,红药水
홍양,弘扬; 红壤
홍어,洪鱼
홍여흑,红与黑
홍역,红疫; 洪易
홍연,哄然
홍연걸,洪燕杰
홍염,红艳
홍염염,红艳艳
홍영세,洪永世
홍영창,红缨枪
홍예,虹霓
홍외선,红外线
홍우,红牛
홍우이대,红牛二队
홍우차대,红牛车队
홍운,鸿运; 红运
홍원,红原
홍위병,红卫兵
홍유,鸿儒
홍윤,红润
홍은,洪恩
홍의,红衣
홍의주교,红衣主教
홍익,弘益
홍익인간,弘益人间
홍인,红人
홍일,红日
홍장,红妆; 红装
홍재,洪灾
홍전,红典; 红砖; 红专
홍전휘,洪战辉
홍조,红潮; 红枣
홍종,红肿; 洪钟
홍주,洪州
홍준어,虹鳟鱼
홍지,洪智
홍지주,红蜘蛛
홍진,红尘; 洪辰
홍차,红茶; 红茶
홍착검,红着脸
홍창,哄抢
홍채,虹彩
홍초,红苕
홍촉,红烛
홍취구,红嘴鸥
홍치,弘治
홍칠공,洪七公
홍탁,烘托
홍탑,红塔
홍탑산,红塔山
홍탑집단,红塔集团
홍태,哄抬
홍택,洪泽
홍택호,洪泽湖
홍토새,红土赛
홍토장,红土场
홍파,洪波
홍패,红牌
홍편,哄骗
홍편거제,鸿篇巨制
홍포,红包
홍하,红河
홍하주,红河州
홍하차대,红河车队
홍학지,洪学智
홍합,红蛤
홍합금,汞合金
홍해,红海
홍행출장,红杏出墙
홍혈구,红血球
홍협,红叶
홍호,洪湖
홍호시,洪湖市
홍홍,红红; 哄哄; 烘烘
홍홍록록,红红绿绿
홍홍화화,红红火火
홍화,红火; 红花
홍화강구,红花岗区
홍화초,红花草
홍황,洪荒
홍훈,红晕
홍흡,虹吸
홍희,洪熙
화,和; 话; 化; 花; 华; 火; 划; 货; 画; 伙; 祸; 哗; 靴; 禾; 桦; 龢; 骅; 樗; 铧; 钬; 糀; 鳠; 盉; 話; 華; 畫; 貨; 嬅; 嘩; 禍; 灬; 樺
화가,画家; 货架; 货价; 华家; 华哥; 画架
화가문,画家们
화가자,花架子
화간,画刊
화간과위옥백,化干戈为玉帛
화갑,花甲
화갑자,话匣子
화강,花岗; 华强; 花腔
화강북,华强北
화강석,花岗石
화강암,花岗岩
화갱,火坑
화거,火炬
화건,华健
화건민,华建敏
화검,花剑; 花脸
화겸,火钳
화경,火警; 华擎; 花镜
화계,火鸡; 花季
화계구,花溪区
화고,花鼓; 画稿
화고희,花鼓戏
화곤,华琨
화골타,花骨朵
화공,化工; 华工; 火控; 火攻; 画工; 花工
화공류,化工类
화공업,化工业
화공창,化工厂
화공품,化工品
화공학,化工学
화과,火锅; 华科
화과산,花果山
화관,货款; 花冠; 火罐; 华冠
화관무,花冠舞
화광,火光; 华光
화괴,花魁
화교,华侨; 花轿
화교과,化教科
화교농장,华侨农场
화교대하,华侨大厦
화교대학,华侨大学
화교성,华侨城
화교성집단,华侨城集团
화교중학,华侨中学
화구,火口; 火球; 华欧
화구호,火口湖
화국,和局
화국봉,华国锋
화국앙민,祸国殃民
화군,和群
화군무,华君武
화권,花圈; 画卷; 花卷; 货券
화권수퇴,花拳绣腿
화궤,货柜
화궤차,货柜车
화귀,华贵
화극,话剧
화극계,话剧界
화극단,话剧团
화극원,话剧院
화근,祸根
화금,华金
화급,火急; 话及
화급화료,火急火燎
화기,和气; 火气; 祸机; 花旗; 花期; 火器; 货机; 和棋; 华旗; 画技
화기금,华基金
화기생재,和气生财
화기애애,和气霭霭
화난,和暖
화남,华南
화남구,华南区
화남농업대학,华南农业大学
화남리공대학,华南理工大学
화남빈관,华南宾馆
화남사범대학,华南师范大学
화남성,华南城
화남시장,华南市场
화남지구,华南地区
화남판괴,华南板块
화남호,华南虎
화납,华纳
화납공사,华纳公司
화낭,花娘
화녀,花女
화년,华年
화농,化脓; 华农; 花农
화농성,化脓性
화능,华能
화능집단,华能集团
화니,和你; 花呢
화단,画坛; 花坛; 花旦; 祸端
화단금족,花团锦簇
화담,和谈; 化痰
화답,和答
화대,花台
화대하,华大厦
화대학,华大学
화덕,华德
화도,花都; 画图; 华图
화도구,花都区
화독,火毒
화동,和同; 华东; 花童
화동구,华东区
화동국,华东局
화동리공대학,华东理工大学
화동사대,华东师大
화동사범대학,华东师范大学
화동시장,华东市场
화동의원,华东医院
화동정법학원,华东政法学院
화동지구,华东地区
화두,话头; 火头
화두선,话头禅
화등,花灯; 华灯
화등잔,火灯盏
화등초상,华灯初上
화라경,华罗庚
화란,祸乱; 华兰
화랄,火辣
화랄랄,火辣辣
화람,花篮
화랍,哗啦
화랍랍,哗啦啦
화랍화랍,哗啦哗啦
화랑,画廊; 货郎
화랑가,画廊街
화랑담,货郎担
화랑도,花郎道; 花郞道
화래사,华莱士
화려,华丽
화려려,华丽丽
화려체,华丽体
화력,火力
화력발전창,火力发电厂
화력점,火力点
화련,华联; 花莲
화련상하,华联商厦
화련초,华联超
화렬조,火烈鸟
화령,花翎
화로,火炉
화로수,花露水
화로항,华鲁恒
화롯,火炉
화뢰,花蕾
화료,花了; 化疗
화룡,火龙; 和龙; 华龙
화룡점정,画龙点睛
화룡집단,华龙集团
화류계,花柳界
화류성,火流星
화류회,花柳会
화륜,货轮; 华伦
화륜천,华伦天
화릉,华凌
화릉집단,华菱集团
화리,华里; 铧犁
화리유화,话里有话
화리호초,花里胡哨
화리화외,话里话外
화린,华麟
화림,华林; 桦林
화림집단,华林集团
화립,华立
화립집단,华立集团
화마,火魔
화망,火网
화매,话梅
화면,画面
화명,化名; 花名; 华明
화명책,花名册
화모,华某
화모삼장,火冒三丈
화목,和睦; 花木
화목란,花木兰
화목상처,和睦相处
화묘,火苗; 禾苗; 花苗
화무,华茂
화무량,话务量
화무원,话务员
화문,花纹; 华文; 华闻
화문석,花纹席
화물,货物
화물기,货物机
화물선,货物船
화물세,货物税
화물차,货物车
화물창,货物舱
화미,和美; 华美; 画眉
화밀,花蜜
화박회,花博会
화반,花斑; 花盘
화반탁출,和盘托出
화발,华发
화방,画舫; 花房; 华邦
화방주,花纺䌷
화백,画伯; 花白
화번위간,化繁为简
화범,华凡
화법,话法; 画法
화법림,华法林
화벽,画壁
화변,花边; 哗变
화변신문,花边新闻
화별,话别
화병,花瓶; 花甁; 火并; 话柄; 画饼
화병충기,画饼充饥
화보,画报; 华普; 华宝
화보집,画报集
화보흥,华宝兴
화복,祸福; 和服; 华福
화본,话本
화본과,禾本科
화부,华埠; 华富
화부단행,祸不单行
화부투기,话不投机
화북,华北
화북구,华北区
화북전력대학,华北电力大学
화북지구,华北地区
화북평원,华北平原
화분,花盆; 花粉; 火盆; 化分
화분립,花粉粒
화비,花费; 化肥; 华飞; 化费; 花肥
화비률,和费率
화비삼가,货比三家
화비창,化肥厂
화빈,华彬
화사,华奢; 花蛇; 华沙; 画师; 祸事; 花丝; 华师
화사대,华师大
화사료,和事佬
화사조약,华沙条约
화사첨족,画蛇添足
화사포,花纱布
화산,火山; 华山
화산구,火山口
화산도,火山岛
화산로,华山路
화산분발,火山喷发
화산암,火山岩
화산의원,华山医院
화산진,禾山镇
화산파,华山派
화산폭발,火山爆发
화산회,火山灰
화삽,花插
화상,火伤; 画像; 画商; 画想; 和尚; 华商; 货箱; 和祥
화상가유,火上加油
화상동로,禾祥东路
화상문,和尚们
화상보,华商报
화상서로,禾祥西路
화상요유,火上浇油
화새,华赛
화색,花色; 货色
화생,化生; 花生; 华生
화생미,花生米
화생방,化生放
화생유,花生油
화생장,花生酱
화서,花序; 花絮; 华西; 华胥
화서도시보,华西都市报
화서의과대학,华西医科大学
화서의원,华西医院
화서촌,华西村
화석,化石; 华硕; 火石; 和硕
화석화,化石化
화선,火线; 和善; 货船
화선생,华先生
화선지,画宣纸
화선풍,火旋风
화설,话说; 火舌
화섬,化纤
화섬창,化纤厂
화섬포,化纤布
화성,火星; 化成; 和声; 华声; 华星; 华诚
화성광장,花城广场
화성돈,华盛顿
화성돈대학,华盛顿大学
화성돈우보,华盛顿邮报
화성돈주,华盛顿州
화성돈지구,华盛顿地区
화성돈특구,华盛顿特区
화성암,火成岩
화소,画素; 火烧; 花销
화소미모,火烧眉毛
화소운,火烧云
화소화료,火烧火燎
화속,火速; 花束
화수,祸水; 祸首
화수은화,火树银花
화순,和顺
화술,话术
화술극,话术剧
화승,火绳; 华升
화시,火柴; 花市; 华时; 和诗
화시합,火柴盒
화식,货殖; 花式; 花饰
화신,化身; 华晨; 火神; 和珅; 华新; 华信
화신집단,华晨集团; 华神集团
화실,画室
화실업,华实业
화실천자,和实践者
화씨,华氏
화씨도,华氏度
화씨벽,和氏璧
화아,花儿; 话儿; 花芽; 画儿; 火儿
화안,华安; 火眼; 花眼
화안금정,火眼金睛
화안기금,华安基金
화안기금관리공사,华安基金管理公司
화안기금관리유한공사,华安基金管理有限公司
화안열색,和颜悦色
화안현,华安县
화압,画押
화애,和蔼
화애가친,和蔼可亲
화야채,花椰菜
화약,火药; 和约; 花药; 华约
화약미,火药味
화약창,火药枪
화약통,火药桶
화약품,火药品
화양,花样; 华阳
화양번신,花样翻新
화양성,华阳城
화어,话语; 华语; 化淤
화언교어,花言巧语
화엄,华严
화엄경,华严经
화엄적,华严的
화엄학,华严学
화업,画业; 华业
화업계,和业界
화연,哗然; 和软; 化缘; 华燕
화열,火热; 和悦
화염,火焰
화염병,火焰瓶; 火焰甁
화염산,火焰山
화영,华映; 华英
화영웅,华英雄
화예,华裔; 花蕊
화완,和缓
화외음,画外音
화요일,火曜日
화용,华容
화용월모,花容月貌
화우,画友; 华友; 华宇
화우호,华友好
화운,货运; 华云
화운량,货运量
화운상,华云翔
화운표,华云表
화웅,华雄
화원,花园; 花宛; 货源; 华源; 火源; 华远; 画院
화원구,花园口
화원로,花园路
화원성,花园城
화원식,花园式
화원왕전,花冤枉钱
화원주점,花园酒店
화원집단,华源集团; 华远集团
화원촌,花园村
화위,华为; 化为; 华威; 华伟
화위공사,华为公司
화위기술유한공사,华为技术有限公司
화위오유,化为乌有
화위일,火卫一
화위포영,化为泡影
화위회신,化为灰烬
화유,火油
화유기,化油器
화윤,华润
화윤집단,华润集团
화융,华融
화융공사,华融公司
화은,华银
화음,和音; 话音; 华阴
화음시,华阴市
화의,和议; 华谊; 和衣; 华意; 花衣
화이,华夷
화이가,华尔街
화이가일보,华尔街日报
화이강,华以刚
화이부동,和而不同
화이부실,华而不实
화이자,华尔兹
화익위,华益慰
화인,火因; 华人
화인세계,华人世界
화일,华日
화자,话者; 靴子; 花子
화자서,华子书
화잔,货栈
화잡,货币
화잡기금조직,货币基金组织
화잡성,货币性
화잡시장,货币市场
화잡형,货币型
화잡화,货币化
화장,化粧; 火葬; 化妆; 火场; 化装; 货场; 华章; 火墙; 花匠
화장기,化粧气
화장대,化粧台
화장무회,化妆舞会
화장법,化粧法
화장비,化粧费
화장사,化妆师
화장상,化妆箱
화장수,化粧水
화장술,化粧术
화장실,化粧室; 化妆室
화장장,火葬场
화장지,化粧纸
화장품,化粧品; 化妆品
화장품점,化粧品店
화재,火灾
화재경보기,火灾警报器
화쟁,和诤
화적패,火贼牌
화전,靴典; 火箭; 花钱; 和田; 画展; 火电; 花展; 花砖
화전민,火田民
화전월하,花前月下
화전일부,和田一夫
화전지구,和田地区
화전창,火电厂
화전탄,火箭弹
화전통,火箭筒
화전포,火箭炮
화점,花店; 货店
화정,火情; 和静; 和政; 华鼎; 华亭
화정위령,化整为零
화제,画题; 话题
화제성,话题性
화제작,话题作
화젯,话题
화조,花鸟; 花雕
화조리부조,话糙理不糙
화조시장,花鸟市场
화조화,花鸟画
화족,华族
화종,火种
화종구출,祸从口出
화주,货主; 华州; 花酒; 化州; 花柱
화중,华中
화중과기대학,华中科技大学
화중과기대학동제의학원,华中科技大学同济医学院
화중농업대학,华中农业大学
화중리공대학,华中理工大学
화중사대,华中师大
화중사범대학,华中师范大学
화중유화,话中有话
화중지구,华中地区
화중취률,火中取栗
화중취총,哗众取宠
화중학,华中学
화지,花枝; 画纸
화지위뢰,画地为牢
화지초전,花枝招展
화진,华辰
화진가실,货真价实
화질,画质
화집,画集
화차,火车; 货车; 花茶; 花车
화차두,火车头
화차참,火车站
화차표,火车票
화창,和畅; 火枪; 货舱; 货仓; 花枪
화창기류,货畅其流
화채,花菜; 华彩
화책,画册
화천,华天
화천상,华天翔
화천주점,华天酒店
화천주지,花天酒地
화철로,化铁炉
화첩,画帖
화청,花厅
화청소,花青素
화청지,华清池
화초,花草; 花椒; 花哨; 花招; 华超
화초원,花草园
화촉,火烛
화총,花丛; 火铳
화총리,华总理
화축,画轴
화충공제,和衷共济
화치,话茬
화친,和亲
화타,花朵; 华佗
화탄,华诞; 货摊; 火炭
화태,华泰
화태정권유한책임공사,华泰证券有限责任公司
화통,话筒; 华通
화퇴,火腿
화투,花鬪
화투장,花鬪张
화특,华特
화파,火把
화파절,火把节
화판,花瓣; 画板
화편,画片
화평,和平; 火拼; 华平
화평공처,和平共处
화평공처오항원칙,和平共处五项原则
화평구,和平区
화평리,和平里
화평리사회,和平理事会
화평문,和平门
화평반점,和平饭店
화평부대,和平部队
화평연변,和平演变
화평위원회,和平委员会
화평의원,和平医院
화평장,和平奖
화평합,和平鸽
화폐,货币
화포,火砲; 火炮; 花炮; 花圃; 花苞; 画布; 花布
화폭,画幅; 火爆; 火暴
화표,华表
화표장,华表奖
화품,货品
화풍,火风; 画风; 和风; 华丰
화풍세우,和风细雨
화풍조지창,华丰造纸厂
화피,画皮; 花被
화필,画笔
화하,华夏; 华厦
화하기금,华夏基金
화하기금관리유한공사,华夏基金管理有限公司
화하은행,华夏银行
화하정권고분유한공사,华夏证券股份有限公司
화하출판사,华夏出版社
화학,化学
화학가,化学家
화학거,化学键
화학공업,化学工业
화학과,化学科
화학도,化学镀
화학명,华学明
화학반응,化学反应
화학법,化学法
화학비료,化学肥料
화학섬유,化学纤维
화학성,化学性
화학순,化学纯
화학식,化学式
화학업계,化学业界
화학자,化学者
화학장,化学奖
화학적,化学的
화학조미료,化学调味料
화학품,化学品
화학화,化学化
화합,和合; 化合
화합가,化合价
화합물,化合物
화항,华航; 火炕
화해,和解; 和谐; 化解; 祸害; 火海; 华海
화해공처,和谐共处
화해성,和谐性
화핵,火势
화향,花香
화험,化验; 火险
화험실,化验室
화험원,化验员
화험위이,化险为夷
화현,和弦; 和县; 华县
화현향,和县乡
화협병,花叶病
화형,火刑
화형당,火刑当
화호,和好
화호월원,花好月圆
화홍,火红
화화,画画; 火花; 火化; 哗哗; 华华; 化化
화화공자,花花公子
화화기기,和和气气
화화록록,花花绿绿
화화목목,和和睦睦
화화미미,和和美美
화화새,火花塞
화화세계,花花世界
화화장자,花花肠子
화환,花环; 祸患
화환률,花环率
화활위우,化敌为友
화회,和会; 花会
화후,火候; 和煦
화훼,花卉
화훼업,花卉业
화흠,华鑫
화흥,华兴
화희니,和稀泥
확,确; 获; 扩; 廓; 攫; 涸; 蠖; 矍; 鹱; 镬; 攉; 劐; 臒; 碻; 臛; 矡; 籆; 艧; 霩; 靃; 雘; 確; 擴; 穫
확건,扩建
확고,确固; 扩股
확고부동,确固不动; 确固不动
확구,获救
확군,扩军
확군비전,扩军备战
확능,获能
확답,确答
확대,扩大; 廓大; 廓大
확대안,扩大案
확대일로,扩大一路
확대중등수입자,扩大中等收入者
확대화,扩大化
확득,获得
확득새,获得赛
확득성,获得性
확득자,获得者
확률,确率; 确率
확률적,确率的; 确率的
확리,获利
확립,确立
확립기,确立期
확모,扩募
확보,确保
확삭,矍铄
확산,扩散; 确山
확산법,扩散法
확산성,扩散性
확산적,扩散的
확산확산,扩散扩散
확석,获释
확성,扩声
확성기,扩声器
확신,确信
확신감,确信感
확신범,确信犯
확실,确实; 获悉
확실성,确实性
확실시,确实视
확실여차,确实如此
확약,确约
확언,确言
확연,确然
확유기사,确有其事
확음기,扩音器
확익,获益
확익비천,获益匪浅
확인,确认; 扩印
확인서,确认书
확인제,确认制
확장,扩张; 获奖
확장기,扩张期
확장명,扩张名
확장법,扩张法
확장성,扩张性
확장자,获奖者
확전,扩展
확전명,扩展名
확전성,扩展性
확전잡,扩展卡
확전조,扩展槽
확절,确切
확정,确定; 确证
확정설,确定说
확정성,确定性
확정안,确定案
확정적,确定的
확준,获准
확증,确证
확지,获知; 确知
확진,确诊
확진률,确诊率
확차수송,获此殊荣
확착,确凿
확청,廓清
확충,扩充
확충비,扩充费
확충안,扩充案
확취,获取; 攫取
확치,获致
확판,扩版
확편,扩编
확호,确乎
확확실실,确确实实
환,还; 环; 欢; 换; 患; 幻; 唤; 丸; 桓; 焕; 宦; 皖; 豢; 奂; 涣; 寰; 獾; 芄; 圜; 纨; 鳏; 鬟; 逭; 鹮; 锾; 漶; 垸; 鲩; 驩; 缳; 擐; 轘; 睆; 阛; 镮; 藧; 貛; 讙; 睅; 瞣; 鋎; 萈; 𬘫; 還; 歡; 換; 環; 喚
환가,还价; 欢歌
환가소어,欢歌笑语
환각,幻觉
환각성,幻觉性
환각적,幻觉的
환각제,幻觉剂
환간금조,还看今朝
환갑,还甲
환갑일,还甲日
환격,还击
환경,环境; 欢庆; 幻境; 幻景
환경관,环境观
환경권,环境权
환경미,环境美
환경법,环境法
환경보호,环境保护
환경보호법,环境保护法
환경비,环境费
환경서,环境署
환경성,环境性
환경오염,环境汚染; 环境污染
환경위생,环境卫生
환경일,环境日
환경장,环境奖
환경적,环境的
환경조건,环境条件
환계,换届; 换季
환고,环顾; 纨绔
환고자제,纨绔子弟
환골탈태,换骨夺胎
환공,换工
환과고독,鳏寡孤独
환관,宦官
환구,环球; 还口; 寰球
환구공사,环球公司
환구항행,环球航行
환구화설,换句话说
환국,还国
환기,唤起; 换气
환기선,换气扇
환기통,换气筒
환난,患难
환난상휼,患难相恤
환난여공,患难与共
환남,皖南
환남사변,皖南事变
환능,还能
환능기,换能器
환담,欢谈
환당,换档
환대,欢待; 换代; 环带; 桓台
환대현,桓台县
환도,环岛; 欢度
환득환실,患得患失
환등,欢腾; 幻灯
환등기,幻灯机
환등편,幻灯片
환락,欢乐; 欢樂
환례,还礼
환로,宦路; 环路
환류,环流
환마,换马
환매,还买
환멸,幻灭
환멸감,幻灭感
환명,换名
환몰,还没
환몽,幻梦
환문,换文
환반,换班
환발,焕发
환발해,环渤海
환발해지구,环渤海地区
환방,换房; 换防
환법새,环法赛
환병,患病
환병률,患病率
환병자,患病者
환보,环保
환보법,环保法
환보서,环保署
환보성,环保性
환보장,环保奖
환보형,环保型
환본,还本
환본부식,还本付息
환부,患部; 还不
환북,皖北
환산,换算; 涣散; 环山
환상,幻想; 换上; 环状; 幻象
환상적,幻想的
환상주의,幻想主义
환생,幻生; 还生
환선,环线
환성,唤声; 欢声; 唤醒; 环城
환성남로,环城南路
환성뢰동,欢声雷动
환성소어,欢声笑语
환세,换洗
환소,欢笑
환속,还俗
환송,欢送
환송심,还讼审
환수,还收; 还手
환수률,换手率
환수지력,还手之力
환술,幻术
환승,换乘
환승역,换乘驿
환시,幻视; 还是; 环视
환시동로,环市东路
환시로,环市路
환식,环式
환신,换新
환심,欢心; 换心
환아,换牙
환안,欢颜
환약,欢跃; 丸药
환양,豢养
환양수지,环氧树脂
환양화,环氧化
환언지,换言之
환연,焕然; 欢宴
환연일신,焕然一新
환열,换热; 欢悦
환열기,换热器
환영,幻影; 欢迎
환영광임,欢迎光临
환영사,欢迎词; 欢迎辞
환영식,欢迎式
환영식장,欢迎式场
환영회,欢迎会
환오,欢娱
환요,还要; 环绕
환우,寰宇; 换羽
환원,还元; 还原; 还愿
환원당,还原糖
환원론,还元论
환원론자,还元论者
환원론적,还元论的
환원법,还原法
환원성,还元性; 还原性
환원제,还原剂
환원주의,还元主义
환위,环卫
환유,还有; 环游; 欢愉
환유법,换喻法; 换喩法
환율,换率; 换率
환율제,换率制; 换率制
환인,换人
환자,患者; 丸子
환자문,患者们
환자병,患者兵
환자복,患者服
환자촌,患者村
환장,换肠; 还账
환재,还在
환전,换钱
환절,环节
환절기,换节期
환제,丸剂
환지,环指
환차,换车
환차익,换差益
환창,欢唱; 欢畅
환채,还债
환처,患处
환천희지,欢天喜地
환청,幻听; 还清
환초,环礁
환추,寰椎
환취,换取; 欢聚; 还嘴
환취일당,欢聚一堂
환치기인지신,还治其人之身
환쾌,欢快
환탕부환약,换汤不换药
환태평양,环太平洋
환포,环抱
환해,环海; 宦海
환행,环行
환향,还乡; 换向
환향단,还乡团
환혈,换血
환형,换刑; 环形; 环型
환형산,环形山
환호,欢呼; 还好
환호성,欢呼声
환혼,还魂
환화,幻化; 换货; 环化
환환구미,换换口味
환환락락,欢欢乐乐
환환희희,欢欢喜喜
환회,还会
환휘,换汇
환흔,欢欣
환흔고무,欢欣鼓舞
환희,欢喜
환희원가,欢喜冤家
활,活; 敌; 滑; 阔; 豁; 猾; 蛞; 秳; 螖; 闊
활강아약,敌强我弱
활검,活检
활견귀,活见鬼
활결,活结
활계,滑稽; 活计
활계희,滑稽戏
활공,滑空
활공비,滑空比
활구,活口; 豁口; 敌寇
활국,敌国
활군,敌军
활근막,阔筋膜
활기,活气; 敌机; 活期; 阔气
활기존관,活期存款
활니,滑腻
활달,豁达
활대,敌对
활도,滑倒; 滑道; 活度
활도로,活到老
활동,活动; 滑动
활동가,活动家
활동감,活动感
활동기,活动期
활동대,活动带
활동량,活动量
활동력,活动力
활동률,活动率
활동면,滑动面
활동부,活动部
활동분자,活动分子
활동비,活动费
활동상,活动状
활동성,活动性
활동실,活动室
활동장,活动场
활동적,活动的
활동주,活动周
활동활동,活动活动
활두,滑头
활락,活络
활력,活力
활력소,活力素
활력적,活力的
활령활현,活灵活现
활로,活路
활료,阔佬
활루,敌楼
활류,滑溜
활류류,滑溜溜
활륜,滑轮
활막,滑膜
활매,活埋
활면,豁免
활명,活命
활문,活门
활물,活物
활발,活泼
활방,敌方
활백훼,敌百虫
활범,活泛
활별,阔别
활보,阔步; 活宝
활보살,活菩萨
활분,活体
활불,活佛
활붕란도,活蹦乱跳
활빙,滑冰
활사,活似
활사상,活思想
활사인,活死人
활상,活像; 滑翔; 滑爽
활상기,滑翔机
활상산,滑翔伞
활새,活塞
활새간,活塞杆
활새식,活塞式
활새환,活塞环
활색생향,活色生香
활생생,活生生
활석,滑石
활설,滑雪
활설자,滑雪者
활설판,滑雪板
활성,活性
활성양,活性氧
활성탄,活性炭; 活性碳
활성태,活性肽
활성화,活性化
활소,活烧; 阔少
활수,敌手; 活水; 滑水
활수죄,活受罪
활시,敌视
활아,活儿
활아모순,敌我矛盾
활액,滑液
활약,活跃
활약기,活跃期
활약상,活跃状
활약성,活跃性
활연,豁然
활연개랑,豁然开朗
활엽,阔叶
활엽수,阔叶树
활엽수림,阔叶树林
활용,活用
활용기,活用记
활용도,活用度
활용적,活用的
활위,敌伪
활윤,滑润
활의,敌意
활이,滑移
활인,活人; 敌人
활인심방,活人心方
활자,活字
활자화,活字化
활작,阔绰
활정,敌情
활제,滑梯
활존량,活存量
활주,滑走
활주로,滑走路
활차,滑车
활착,活捉
활천,活泉
활철로,滑铁卢
활체,豁达
활출,豁出
활출거,豁出去
활탈,活脱
활탈탈,活脱脱
활특,敌特
활파,滑坡
활판,活版; 滑板
활한빙,滑旱冰
활함,敌舰
활해,活该; 敌害
활행,滑行
활현,滑县; 活现
활혈,活血; 活页
활혈화어,活血化瘀
활협림,阔叶林
활협수,阔叶树
활화,活化
활화능,活化能
활화산,活火山
활화석,活化石
활화제,活化剂
활활,活活; 滑滑
활활외,敌敌畏
활황,活况
활후,敌后
황,况; 黄; 皇; 荒; 慌; 晃; 谎; 煌; 惶; 凰; 恍; 幌; 蝗; 簧; 徨; 璜; 隍; 潢; 肓; 湟; 遑; 篁; 鳇; 蟥; 贶; 詤; 眖; 艎; 癀; 趪; 葟; 黃; 況; 謊
황가,皇家; 黄家; 黄舸
황갈반,黄褐斑
황갈색,黄褐色
황강,黄冈; 黄强; 黄姜
황강시,黄冈市
황건,黄健
황건국,黄建国
황건상,黄健翔
황건신,黄建新
황건중,黄健中
황건화,黄建华
황걸,黄杰
황검운,黄剑云
황결,黄洁
황경,黄经; 黄琼
황경리,黄经理
황계광,黄继光
황고구,皇姑区
황고릉,黄古陵
황곡매,黄曲霉
황곡매소,黄曲霉素
황공,惶恐
황공부안,惶恐不安
황과,黄瓜
황관,皇冠
황관중,黄贯中
황광유,黄光裕
황굉,黄宏
황굉생,黄宏生
황교,荒郊; 黄教; 黄桥; 黄娇
황교수,黄教授
황교야외,荒郊野外
황구,黄狗
황국,黄菊
황군,皇军
황궁,皇宫
황권,皇权
황귀비,皇贵妃
황극성,黄克诚
황금,黄芩; 黄金; 黄金
황금갑,黄金甲
황금강,黄金强
황금고,黄金高
황금기,黄金期; 黄金期
황금보,黄金宝
황금분할,黄金分割
황금색,黄金色; 黄金色
황금송,黄金荣
황금수도,黄金水道
황금시간,黄金时间
황금시대,黄金时代; 黄金时代
황금시장,黄金市场
황금주,黄金周
황금해안,黄金海岸
황급,遑急; 惶急
황기,黄耆; 黄芪; 黄岐
황기범,黄奇帆
황기황,黄记煌
황남,黄南
황녀사,黄女士
황달,黄疸
황당,荒唐
황당무계,荒唐无稽
황대가,黄大哥
황도,荒岛; 黄道; 黄涛; 黄韬
황도길일,黄道吉日
황도독,黄赌毒
황동,晃动; 黄铜
황동광,黄铜矿
황두,黄豆
황두두,黄豆豆
황득공,黄得功
황등,黄灯
황란,慌乱; 黄兰
황래복,黄来福
황량,荒凉
황려만,黄丽满
황력,黄历; 黄力
황련,黄连; 黄連
황령,黄玲; 黄灵
황로,黄老
황로사,黄老师
황록색,黄绿色
황뢰,黄磊; 黄蕾
황룡,黄龙
황룡동,黄龙洞
황룡반점,黄龙饭店
황룡분육중심,黄龙体育中心
황룡비,黄龙飞
황류,荒谬
황릉,黄陵
황릉현,黄陵县
황리,黄鹂
황린,黄磷
황림,黄琳
황립행,黄立行
황마,黄麻
황마구락부,皇马俱乐部
황막,荒漠
황막화,荒漠化
황망,慌忙
황매,黄梅
황매화,黄梅花
황매희,黄梅戏
황맹복,黄孟复
황명,黄明; 黄鸣; 皇明
황명걸,黄明杰
황모,黄某
황모아두,黄毛丫头
황무,荒芜; 黄茂
황무인연,荒无人烟
황무지,荒芜地
황문,黄文
황문의,黄文义
황문환,黄文欢
황미,黄米; 黄薇
황민,黄敏
황박문,黄博文
황반,黄斑
황발,黄发; 黄渤
황방언,黄芳彦
황배숙,黄培淑
황백,黄柏
황백색,黄白色
황벽,荒僻
황보,皇甫; 谎报
황보단,皇甫端
황보숭,皇甫嵩
황봉,黄蜂
황봉도,黄凤涛
황부택로,慌不择路
황분,黄体
황분기,黄体期
황분동,黄体酮
황비,皇妃
황비호,黄飞虎
황비홍,黄飞鸿
황빈,黄斌; 黄彬
황빈홍,黄宾虹
황사,黄沙
황사부,黄师傅
황산,黄山; 荒山; 黄珊
황산독령,荒山秃岭
황산시,黄山市
황산풍경구,黄山风景区
황산화물,黄酸化物
황산황파,荒山荒坡
황상,皇上; 黄尚; 黄翔
황색,黄色
황색경보,黄色警报
황서기,黄书记
황서랑,黄鼠狼
황서준,黄舒骏
황석,黄石
황석공원,黄石公园
황석산,黄石山
황석시,黄石市
황선,黄鳝
황선생,黄先生
황설,黄碟
황설탕,黄雪糖; 黄雪糖
황성,荒城; 皇城
황성의,黄圣依
황세인,黄世仁
황세화,黄细花
황소,黄绍
황소선,黄小仙
황소소,黄潇潇
황소저,黄小姐
황소정,黄小晶
황소좌,黄-座
황소화,黄少华
황손,皇孙
황송,惶悚
황수,黄穗
황숙,皇叔
황승,黄胜
황신,慌神
황실,皇室
황씨,黄氏
황아리,黄雅莉
황아마,皇阿玛
황아이,黄阿姨
황안,晃眼; 黄安
황안국,黄安国
황암,黄岩
황암구,黄岩区
황앵,黄莺
황야,荒野
황약,恍若
황약격세,恍若隔世
황양,黄羊; 黄杨; 黄壤
황어,黄鱼
황언,谎言
황여격세,恍如隔世
황연,恍然; 黄娟; 惶然; 黄烟
황연대오,恍然大悟
황열,黄热
황염,黄艳
황염배,黄炎培
황영,黄颖; 黄英; 黄莹
황영승,黄永胜
황영옥,黄永玉
황옥,黄玉
황옥랑,黄玉郎
황옥빈,黄玉斌
황요,黄瑶
황요명,黄耀明
황용,黄蓉; 黄勇
황우,黄牛; 黄宇; 黄羽
황우석,黄禹锡
황욱,黄旭
황운,黄云
황운일,黄云逸
황원,荒原
황월영,黄月英
황위,皇位; 黄伟
황위문,黄伟文
황위병,黄萎病
황유,黄油; 晃悠; 黄维
황유덕,黄维德
황유화,黄幼华
황은,皇恩
황음,荒淫
황의,黄毅
황의생,黄医生
황의의,黄依依
황인대,黄韧带
황인우,黄仁宇
황일화,黄日华
황자,幌子; 皇子
황자화,黄子华
황작,黄雀
황작재후,黄雀在后
황장,慌张; 黄酱
황재,蝗灾
황저,黄苎; 皇储
황정,黄静; 黄征
황정견,黄庭坚
황제,皇帝; 黄帝
황제릉,黄帝陵
황조,皇朝
황조강,黄祖钢
황족,皇族
황종,黄钟
황종인,黄种人
황종택,黄宗泽
황종희,黄宗羲
황주,黄酒; 黄州; 黄胄
황주임,黄主任
황준걸,黄俊杰
황준영,黄俊英
황준헌,黄遵宪
황중현,湟中县
황지,荒地
황지강,黄志强
황지광,黄志光
황지권,黄智权
황지방,黄志芳
황지충,黄志忠
황진동,黄镇东
황진이,黄真伊
황징징,黄澄澄
황차,况且
황찬찬,黄灿灿
황천,荒天; 黄泉; 皇天; 黄茜
황천부부유심인,皇天不负有心人
황철광,黄铁矿
황청,黄清
황초,荒草
황촌,荒村
황총,黄总
황추생,黄秋生
황춘평,黄春平
황충,黄忠
황친,皇亲
황친국척,皇亲国戚
황탄,荒诞; 荒滩
황탄부경,荒诞不经
황탕,晃荡
황태극,皇太极
황태자,皇太子
황태후,皇太后
황토,荒土; 黄土
황토고원,黄土高原
황토고원지구,黄土高原地区
황토고파,黄土高坡
황토지,黄土地
황토파,黄土坡
황파,荒坡
황패,黄牌
황평,黄平; 黄萍
황평현,黄平县
황폐,荒废
황폐성,荒废性
황폐화,荒废化
황포,黄埔; 黄浦; 黄袍
황포가신,黄袍加身
황포강,黄浦江
황포구,黄浦区; 黄埔区
황포군교,黄埔军校
황포시장,黄埔市场
황포차,黄包车
황포해소,黄埔海关
황표,黄彪
황표령,黄嘌呤
황피,黄陂
황피구,黄陂区
황피서,黄皮书
황하,黄河
황하로,黄河路
황하삼각주,黄河三角洲
황하탄,黄河滩
황하하,黄河河
황학,黄鹤
황학루,黄鹤楼
황항,黄恒
황해,黄海
황해강,黄海强
황해민,黄海敏
황해파,黄海波
황혁,黄奕
황혁중,黄奕中
황현,黄县
황혜,黄慧
황혜민,黄慧敏
황호,黄皓
황혹,惶惑
황혼,黄昏
황혼기,黄昏期
황혼련,黄昏恋
황홀,恍惚
황홀경,恍惚境
황홍비,黄鸿飞
황화,黄祸; 黄花; 谎话; 黄华; 黄化; 黄骅
황화강,黄花岗
황화기장,黄花机场
황화론,黄祸论
황화리,黄花梨
황화봉,黄华峰
황화어,黄花鱼
황화채,黄花菜
황화항,黄骅港
황화화,黄华华
황환,黄欢
황황,遑遑; 黄黄; 晃晃; 惶惶; 煌煌
황황부가종일,惶惶不可终日
황황부안,惶惶不安
황황유유,晃晃悠悠
황황장장,慌慌张张
황황홀홀,恍恍惚惚
황회,黄淮
황회지구,黄淮地区
황회해,黄淮海
황효명,黄晓明
황후,皇后
황훼,蝗虫
황휘,黄辉
황흠,黄鑫
황흥,黄兴
황흥국,黄兴国
홰,翙; 哕
회,会; 回; 怀; 汇; 灰; 恢; 绘; 悔; 淮; 贿; 徊; 盔; 晦; 诲; 刽; 诙; 荟; 蛔; 桧; 洄; 烩; 脍; 茴; 咴; 狯; 燹; 缋; 浍; 螝; 鲙; 郐; 阓; 蚘; 禬; 褱; 㧟; 詯; 豗; 鐬; 會; 懷; 迴; 匯; 繪
회가,回家
회간,会刊
회갈색,灰褐色
회갑,回甲; 盔甲
회갑연회장,回甲宴会场
회개,悔改
회객,会客
회객실,会客室
회객청,会客厅
회거,回去
회격,回击
회견,会见; 回见
회견문,会见文
회견장,会见场
회경,回敬
회계,会计
회계년도,会计年度
회계보표,会计报表
회계부문,会计部门
회계사,会计士; 会计师
회계원,会计员
회계학,会计学
회계학과,会计学科
회고,回顾; 会考; 怀古
회고담,回顾谈
회고록,回顾录
회고성,回顾性
회고전,回顾展
회골,回鹘
회공,会攻
회과,悔过; 回锅
회과자신,悔过自新
회관,会馆
회광반조,回光返照
회굉,恢宏
회교,回教; 回交
회교도,回教徒
회구,回扣; 怀旧
회구성,怀旧性
회국,回国
회군,回军
회궤,回馈
회귀,回归
회귀점,回归点
회귀처,回归处
회귀태,怀鬼胎
회극,淮剧
회기,会期; 晦气; 会旗
회난,回暖
회남,淮南
회남시,淮南市
회내,怀内
회념,怀念
회녕,会宁
회니,灰泥
회단,回单
회담,会谈
회담장,会谈场
회답,回答
회당,会堂; 回档; 会党
회덕,怀德
회도,回到; 绘图; 灰度
회동,会同
회두,回头; 会头
회두객,回头客
회두견,回头见
회두로,回头路
회두률,回头率
회두시안,回头是岸
회두토검,灰头土脸
회락,回落
회랑,回廊
회래,回来; 怀来
회량옥,回良玉
회련,怀恋
회례,回礼
회로,回路; 回炉
회로가,回老家
회롱,回笼
회뢰,贿赂
회룡,回龙; 回龍
회룡고조,回龙顾祖
회룡관,回龙观
회류류,灰溜溜
회리,怀里; 会理
회마창,回马枪
회말,回末
회맹,会盟
회면,会面
회명,晦明
회모,回眸
회모일소,回眸一笑
회목,回目
회몽몽,灰蒙蒙
회무,会务
회문,回门; 会门
회미,回味
회미무궁,回味无穷
회민,回民
회반,回返
회방,回放; 回访; 回防
회백,灰白
회백색,灰白色
회벽,灰壁
회보,会报; 回报; 回补
회보기,回报期
회보률,回报率
회복,回复; 恢复
회복계,恢复系
회복공능,恢复功能
회복기,恢复期
회복률,恢复率
회복성,恢复性
회복세,回复势
회복시간,恢复时间
회복식,回复式
회복제,回复剂
회부,回附
회부당초,悔不当初
회부회,会不会
회북,淮北
회북시,淮北市
회북지구,淮北地区
회분,灰分
회비,会费
회비연멸,灰飞烟灭
회빈,淮滨
회사,会社; 会师; 回师; 怀斯
회사명,会社名
회사원,会社员
회사채,会社债
회삽,晦涩
회상,回想; 会商; 怀想
회상록,回想录
회색,灰色
회색분자,灰色分子
회색적,灰色的
회생,回生
회선,回线; 回旋; 贿选
회성,回声; 回城
회성회색,绘声绘色
회소,会所; 回溯; 怀素
회수,回收; 回首; 回手; 回水; 会首; 会水; 淮水
회수금,回收金; 回收金
회수기,回收期
회수률,回收率
회수율,回收率; 回收率
회수참,回收站
회승,回升
회시,会试
회시구,回市区
회식,会食
회식자,会食者
회신,回信; 回身; 灰烬; 回神
회심,会心; 回心; 灰心; 会审
회심상기,灰心丧气
회심일소,会心一笑
회심전의,回心转意
회아명주,怀俄明州
회안,淮安
회안시,淮安市
회암,灰暗; 灰岩; 晦暗
회양,淮阳
회양채,淮扬菜
회양현,淮阳县
회억,回忆
회억록,回忆录
회연,会演
회염,会厌
회오,悔悟; 会晤
회우,会友
회원,会员; 怀远
회원국,会员国
회원권,会员券
회원대회,会员大会
회원문,会员们
회원비,会员费
회원사,会员社
회원전,会员展
회원제,会员制
회유,会有; 回游; 怀柔; 洄游
회유구,怀柔区
회음,回音; 会阴; 淮阴
회응,回应
회의,会议; 怀疑; 会意
회의감,怀疑感
회의기록,会议记录
회의록,会议录
회의비,会议费
회의소,会议所
회의실,会议室
회의장,会议场
회의적,怀疑的
회의주의,怀疑主义
회의주의자,怀疑主义者
회의청,会议厅
회의체,会议体
회인,怀仁
회인당,怀仁堂
회인부권,诲人不倦
회잉,怀孕
회잉기,怀孕期
회자,脍炙
회자수,刽子手
회자인구,脍炙人口
회장,会场; 会长; 回装; 回肠; 灰浆
회장단,会长团
회장선,回装线
회장실,会长室
회장직,会长职
회장탕기,回肠荡气
회재부우,怀才不遇
회적,会籍
회전,回战; 回转; 会战; 回传; 回填; 回电
회전수,回转数
회전식,回转式
회전요,回转窑
회전율,回转率; 回转率
회전의,回转仪
회전의자,回转椅子
회전자,回转子
회전축,回转轴
회전화,回电话
회절,回绝
회정,回程
회제,绘制; 会齐
회조,回潮
회족,回族
회죄,悔罪
회주철,灰铸铁
회증,回赠
회지,会址
회지갑,灰指甲
회지만의,悔之晚矣
회진,回诊; 灰尘; 会诊
회질,回跌
회집,回执; 会集; 怀集
회차,回车; 会车
회찬,会餐
회창,会昌; 回涨
회채,回采
회채률,回采率
회천,回天
회천핍술,回天乏术
회첨,会签
회청,回请
회춘,回春; 怀春
회충,蛔虫
회췌,荟萃; 怀揣
회취,会聚; 绘就; 回嘴
회친,会亲
회칠,灰漆
회탕,回荡
회태,怀胎
회택,会泽
회택현,会泽县
회토,灰土
회통,会通; 回通
회통적,回通的
회퇴,回退
회특,怀特
회파,回波
회포,怀抱
회표,怀表; 会标
회품,回禀
회풍,回风
회피,回避
회하,淮河
회하로,淮河路
회한,悔恨; 怀恨
회한재심,怀恨在心
회함,回函
회합,会合; 回合
회해,诙谐; 淮海
회해로,淮海路
회해전역,淮海战役
회해점,淮海店
회향,回乡; 回响; 茴香
회형침,回形针
회혼례,回婚礼
회홍,恢弘
회화,会话; 绘画; 回话; 怀化; 回火
회화과,绘画科
회화관,绘画馆
회화론,绘画论
회화사,绘画史
회화시,怀化市
회화적,绘画的
회화전,绘画展
회환,回环; 回还
회회,回回; 灰灰
회훼,蛔虫
회휘,会徽
회흑갈색,灰黑褐色
회흘,回纥
획,划; 获; 画; 硅; 砉; 繣; 劃; 嚄
획가,划价
획개,划开
획권,划拳
획귀,划归
획기적,划期的
획득,获得
획득래,划得来
획등호,划等号
획랍,划拉
획발,划拨
획부래,划不来
획분,划分
획산,划算
획상,划伤
획선,划船; 划线
획수,划水
획시대,划时代
획연,划然
획일,划一
획일성,划一性
획일적,划一的
획일주의,划一主义
획일화,划一化
획장,划桨; 划账
획정,划定; 划艇
획착,划着
획책,划策
획청,划清
획파,划破
획편,划片
획행,划行
획획,划划
획흔,划痕
횟수,回数
횡,横; 竑; 薨; 黉; 𬭎; 紭; 橫
횡가,横加; 横街
횡가지책,横加指责
횡격막,横膈膜
횡결장,横结肠
횡공,横空
횡공출세,横空出世
횡과,横跨
횡관,横贯
횡금,横琴
횡단,横断
횡단기,横断记
횡단면,横断面
횡단보도,横断步道
횡단산,横断山
횡대,横带
횡도,横渡
횡돌,横突
횡량,横梁
횡렬,横列
횡령,横领
횡류,横流
횡만,横蛮
횡문기,横纹肌
횡미,横眉
횡미랭대,横眉冷对
횡반,横盘
횡봉,横峰
횡비,横批
횡빈,横滨
횡사,横死
횡산,横山
횡생,横生
횡선,横线; 横亘
횡설수설,横说竖说
횡소,横扫
횡소천군,横扫千军
횡수,横竖
횡수하,横须贺
횡압력,横压力
횡액,横额
횡월,横越
횡육,横肉
횡일,横溢
횡재,横财
횡절,横切
횡절면,横截面; 横切面
횡정폭렴,横征暴敛
횡조,横遭
횡좌표,横坐标
횡진,横陈
횡천,横穿
횡축,横轴
횡충직당,横冲直撞
횡칠수팔,横七竖八
횡파,横波
횡편,横匾
횡포,横暴; 横暴
횡폭,横幅; 横暴
횡행,横行
횡행무기,横行无忌
횡행패도,横行霸道
횡향,横向
횡현,横县
횡화,横祸
효,效; 晓; 孝; 胶; 哮; 嚣; 淆; 肴; 酵; 撬; 枭; 骁; 爻; 枵; 崤; 哓; 鸮; 嚆; 膮; 筊; 藠; 詨; 虈; 硣; 曉; 囂
효감,孝感
효감시,孝感市
효개,撬开
효결,胶结
효경,孝敬
효곤,撬棍
효과,效果
효과음,效果音
효과적,效果的
효관,胶管
효권,胶卷
효남,胶南
효남시,胶南市
효낭,胶囊
효녀,孝女
효능,效能
효니,胶泥
효대,胶带
효도,孝道
효동,胶东
효동반도,胶东半岛
효득,晓得
효력,效力
효렴,孝廉
효로,效劳
효률,效率
효릉,孝陵
효립,胶粒
효막,胶膜
효명,效命; 哮鸣
효모,酵母
효모균,酵母菌
효문제,孝文帝
효방,效仿
효법,效法
효복,孝服
효부,孝夫
효부상,孝妇赏
효분,胶体
효분금,胶体金
효사,效死
효상,胶状
효성,孝诚
효성심,孝诚心
효소,酵素
효수,胶水
효순,孝顺
효시,嚆矢
효심,孝心
효용,效用; 骁勇
효용선전,骁勇善战
효용성,效用性
효우,孝友; 效尤
효웅,枭雄
효원,胶原
효원매,胶原酶
효유,胶乳; 晓谕
효율,效率; 效率
효율성,效率性; 效率性
효율적,效率的; 效率的
효율화,效率化; 效率化
효응,效应
효의,孝义
효의시,孝义市
효익,效益
효익성,效益性
효익형,效益型
효인,胶印
효자,孝子
효자상,孝子赏
효장,嚣张; 骁将
효점제,胶粘剂
효제,孝悌
효제철로,胶济铁路
효주,胶州
효주로,胶州路
효주만,胶州湾
효주시,胶州市
효질,胶质
효질류,胶质瘤
효착,胶着
효천,哮喘
효천병,哮喘病
효충,效忠
효편,胶片
효포,胶布
효피,胶皮
효합,胶合
효합판,胶合板
효해,酵解
효행,孝行
효험,效验
효혜,胶鞋
후,后; 候; 厚; 侯; 喉; 吼; 猴; 朽; 嗅; 诩; 涸; 煦; 酗; 逅; 诟; 佝; 鲎; 糇; 骺; 篌; 堠; 睺; 齁; 瘊; 郈; 譃; 螑; 翭; 葔; 後; 吽
후가,猴哥; 厚街; 侯家
후각,嗅觉; 后脚
후객,候客
후건군,侯建军
후검피,厚脸皮
후견인,后见人
후결,喉结
후경,后劲; 侯景
후계,后继
후계무인,后继无人
후계유인,后继有人
후계자,后继者
후계진,后溪镇
후계핍인,后继乏人
후고,后股; 后顾
후고지우,后顾之忧
후공번,后空翻
후과,后果
후관,喉管
후광,后光
후교,候教
후구동,后九洞
후궁,后宫
후규,吼叫
후극,后极
후근,后勤; 后跟; 后根
후근부,后勤部
후금,后金
후기,后期; 后记; 候机; 后起
후기대,后期大
후기대반,后期大班
후기실,候机室
후기용,后期用
후기작,后期作
후기지수,后起之秀
후납,后纳
후낭,后娘
후녀사,侯女士
후년,后年; 猴年
후년마월,猴年马月
후뇌,后脑
후뇌작,后脑勺
후당,后唐
후대,后代; 后台; 厚待
후대로판,后台老板
후대용,侯大勇
후덕,厚德
후덕강,侯德强
후덕재물,厚德载物
후도,厚度; 厚道; 嗅到; 猴岛
후돌,后突
후두,喉头; 后头; 猴头
후두고,猴头菇
후두부,后头部
후두염,喉头炎
후래,后来
후래거상,后来居上
후래자,后来者
후래자거상,后来者居上
후량,后梁
후렴,后敛
후례,厚礼
후로,后路
후로사,侯老师
후롱,喉咙
후루,后楼
후리,厚利
후마,后妈; 侯马
후만증,后弯症
후망,厚望
후면,后面
후모,侯某; 后母
후목,朽木
후무래자,后无来者
후문,后门; 后闻
후미,后尾; 厚味
후박,厚薄
후반,后半
후반기,后半期
후반부,后半部
후반야,后半夜
후반전,后半战
후발,后发
후발제인,后发制人
후방,后方; 后防; 后房; 侯方
후방형,后房型
후배,后辈; 后背; 后排
후배문,后辈们
후변,后边
후보,候补; 后补
후보림,侯宝林
후보생,候补生
후보안,候补案
후보위원,候补委员
후보자,候补者
후보지,候补地
후복,后福
후부하,后负荷
후분,后体
후불제,后佛制
후비,后备; 后妃; 侯费
후비군,后备军
후비대,后备队
후빙,侯冰
후사,后事; 后嗣
후삼국,后三国
후상,后像
후상정,侯湘婷
후새니,侯赛尼
후새인,侯赛因
후색,后索
후생,厚生; 后生
후생가외,后生可畏
후생성,厚生省
후선,候选; 侯选
후선생,侯先生
후선인,候选人; 侯选人
후선자,候选者
후설,喉舌
후성,吼声
후세,后世
후세대,后世代
후세인,后世人
후소강,侯小强
후속,后续
후손,后孙
후송,后送
후수,后手
후숙,后熟
후순,后盾
후술,后述
후식,后食
후신,后身; 后肾
후실,后室; 厚实
후심,后心; 候审
후아,后牙
후안,厚颜
후안무치,厚颜无耻
후암,喉癌
후애,厚爱
후연,后燕
후염,喉炎
후영,侯颖; 侯咏
후영초,侯英超
후예,后裔; 后羿
후오걸,侯伍杰
후왕,后王
후요,后腰
후요문,侯耀文
후요화,侯耀华
후용,侯勇
후원,后园; 后援; 后院
후원금,后援金; 后援金
후원기화,后院起火
후원자,后援者
후원회,后援会
후위,后卫; 侯卫; 后魏
후위동,侯卫东
후위문,后卫们
후유증,后遗症
후은,厚恩
후의,厚意
후인,后人
후일,后日
후일담,后日谈
후일범,侯逸凡
후임,后任; 候任
후임자,后任者
후자,后者; 猴子
후자문,猴子们
후작,侯爵
후장,后场; 后肠
후적박발,厚积薄发
후조,后赵
후좌,后坐
후좌력,后坐力
후주,酗酒; 后走; 后周; 后柱
후준,侯俊
후중,厚重
후지,后肢; 后支
후지원,后支援
후지후각,后知后觉
후직,后稷
후진,后进; 后尘; 候诊; 后秦; 后晋
후진국,后进国
후진성,后进性
후진적,后进的
후진촌,后进村
후차,候车
후차박피,厚此薄彼
후차실,候车室
후착검피,厚着脸皮
후창,后唱; 后窗
후처,后妻
후처리,后处理
후천,后天
후천상,侯天翔
후천성,后天性
후천적,后天的
후철,后缀
후촌,后村
후축,后轴
후출,嗅出
후토,后土
후통,喉痛
후퇴,后退; 后腿
후파,后怕; 侯波
후패잠,侯佩岑
후편,后篇; 厚片
후풍,侯丰
후하수조앙,后下手遭殃
후학,后学
후한,后汉
후해,后海
후행,后行
후향명,侯向明
후협,后叶
후협상,后协商
후화,后话
후환,后患
후환무궁,后患无穷
후회,后悔; 后会
후회막급,后悔莫及
후회부질,后悔不迭
후회약,后悔药
후회유기,后会有期
후효,后效
후효현,侯孝贤
후후,煦煦; 厚厚
후희,后戯
훈,训; 晕; 勋; 熏; 薰; 醺; 荤; 獯; 埙; 曛; 瞓; 臐; 矄; 訓; 暈; 勳
훈계,训戒; 训诫
훈고,训诂
훈과거,晕过去
훈교,训教
훈궐,晕厥
훈기,薰气; 晕机
훈도,晕倒; 熏陶; 训导
훈두전향,晕头转向
훈득,熏得
훈련,训炼; 训练
훈련과,训练课
훈련관,训练馆
훈련국,训练局
훈련량,训练量
훈련반,训练班
훈련법,训练法
훈련병,训炼兵
훈련새,训练赛
훈련생,训炼生
훈련소,训炼所
훈련유소,训练有素
훈련장,训炼场; 训练场
훈령,训令
훈병,训兵
훈선,晕船
훈성,荤腥
훈시,训示
훈염,熏染
훈육,训育
훈육관,训育官
훈의초,薰衣草
훈작,勋爵
훈장,勋章; 训长
훈정,训政
훈제,熏制
훈증,熏蒸
훈차,晕车
훈채,荤菜
훈척,训斥
훈풍,薰风
훈현,晕眩
훈호,晕乎
훈화,训话
훈훈,薰薰; 熏熏
훌,魆
훙,薨
훤,喧; 暄; 煊; 萱; 谖; 楦; 蕿; 翧; 禤; 諠; 睻; 烜
훤뇨,喧闹
훤등,喧腾
훤빈탈주,喧宾夺主
훤소,喧骚
훤양,喧嚷
훤천,喧天
훤화,喧哗
훤효,喧嚣
훨,䎀
훼,毁; 虫; 卉; 喙; 虺; 顪; 毀
훼괴,毁坏
훼구,虫口
훼기,毁弃
훼도,毁掉
훼란,虫卵
훼멸,毁灭
훼멸성,毁灭性
훼멸자,毁灭者
훼방,毁谤
훼상,毁伤
훼손,毁损
훼손당,毁损当
훼손죄,毁损罪
훼시멸적,毁尸灭迹
훼약,毁约; 虫药
훼예,毁誉
훼예참반,毁誉参半
훼용,毁容
훼우일단,毁于一旦
훼자,虫子
훼재,虫灾
훼정,虫情
훼초,虫草
훼해,虫害
휘,挥; 汇; 辉; 徽; 讳; 晖; 麾; 袆; 翚; 揮; 輝
휘가,汇价
휘관,汇款; 汇管
휘관단,汇款单
휘광,辉光
휘기,徽记
휘류,汇流
휘률,汇率
휘률제도,汇率制度
휘막여심,讳莫如深
휘발유,挥发油
휘보,汇报
휘보공작,汇报工作
휘서공사,辉瑞公司
휘석,辉石
휘언,讳言
휘연,汇演
휘영,辉映
휘요,辉耀
휘장,徽章; 挥帐
휘장암,辉长岩
휘주,徽州
휘질기의,讳疾忌医
휘집,汇集
휘채,徽菜
휘총,汇总
휘취,汇聚
휘태,汇兑
휘편,汇编
휘편어언,汇编语言
휘표,汇票
휘풍은행,汇丰银行
휘풍집단,汇丰集团
휘하,麾下
휘합,汇合
휘현,徽县; 辉县
휘호,挥毫
휘황,辉煌
휘황찬란,辉煌灿烂
휭,遤
휴,休; 亏; 携; 堕; 睢; 咻; 畦; 庥; 隳; 鸺; 髹; 貅; 眭; 髤; 觿; 雟; 觽; 銝; 虧; 攜; 觹
휴가,休暇; 休假; 休哥
휴가대구,携家带口
휴가일,休假日
휴가제,休暇制
휴간,休刊
휴강,休讲
휴게,休憩
휴게소,休憩所
휴게실,休憩室
휴경,休耕
휴공,亏空
휴관,休馆
휴괴,休怪
휴극,休克
휴극기,休克期
휴녕,休宁
휴녕현,休宁县
휴대,携带; 亏待
휴대률,携带率
휴대용,携带用
휴대자,携带者
휴대품,携带品
휴득,亏得
휴면,休眠
휴면기,休眠期
휴무,休务
휴무일,休务日
휴박,休博
휴박원,休博园
휴본,亏本
휴사,休斯
휴사돈,休斯敦; 休斯顿
휴상,休想
휴손,亏损
휴손액,亏损额
휴수,携手
휴시,休市
휴식,休息
휴식년제,休息年制
휴식실,休息室
휴식일,休息日
휴식참,休息站
휴식처,休息处
휴식휴식,休息休息
휴심,亏心
휴심사,亏心事
휴양,休养
휴양객,休养客
휴양림,休养林
휴양생식,休养生息
휴양소,休养所
휴양원,休养院
휴양지,休养地
휴업,休业
휴이특,休伊特
휴일,休日
휴전,休战
휴전기,休战期
휴전선,休战线
휴정,休整
휴정기,休整期
휴지,休纸; 休止
휴지부,休止符
휴지통,休纸桶
휴직,休职
휴진,休诊
휴척상소,休戚相关
휴척여공,休戚与共
휴학,休学
휴한,休闲
휴한법,休闲法
휴한복,休闲服
휴한식품,休闲食品
휴한중심,休闲中心
휴한활동,休闲活动
휴회,休会
휴휴,咻咻
휴흠,亏欠
휵,畜; 搐
휼,恤; 谲; 鹬; 肷; 遹
휼삼,恤衫
흉,胸; 凶; 匈; 汹; 詾; 兇
흉가,凶家
흉갑,胸甲
흉갓,凶家
흉강,胸腔
흉경,胸径
흉고,胸高
흉골,胸骨
흉괘,凶卦
흉구,胸口
흉금,胸襟
흉기,凶器; 胸肌
흉년,凶年
흉노,匈奴
흉다길소,凶多吉少
흉당,胸膛
흉대,胸带
흉대기,胸大肌
흉도,凶徒
흉도관,胸导管
흉막,胸膜
흉막강,胸膜腔
흉막염,胸膜炎
흉맹,凶猛
흉몽,凶梦
흉무대지,胸无大志
흉물,凶物
흉민기단,胸闷气短
흉범,凶犯
흉변,凶变
흉부,胸部
흉부외과,胸部外科
흉살,凶杀; 凶煞
흉살안,凶杀案
흉상,胸像; 凶相
흉상필로,凶相毕露
흉선,胸腺
흉수,凶手
흉신,凶神
흉신악살,凶神恶煞
흉아리,匈牙利
흉아리대,匈牙利队
흉아리참,匈牙利站
흉악,凶恶
흉악범,凶恶犯
흉억,胸臆
흉용,汹涌
흉용팽배,汹涌澎湃
흉위,胸围
흉유성죽,胸有成竹
흉인,凶人
흉일,凶日
흉작,凶作
흉잔,凶残
흉장,胸章
흉조,凶兆; 胸罩
흉중,胸中
흉추,胸椎
흉측,凶测
흉침,胸针
흉택,凶宅
흉포,凶暴; 凶暴; 胸脯
흉포화,凶暴化; 凶暴化
흉폭,凶暴
흉한,凶狠; 凶悍
흉험,凶险
흉화,胸花
흉확,胸廓
흉회,胸怀
흉회대지,胸怀大志
흉횡,凶横
흉흉,汹汹
흑,黑; 黒; 釛
흑갈색,黑褐色
흑갑자,黑匣子
흑격,黑格
흑격이,黑格尔
흑경학,黑颈鹤
흑과,黑锅
흑광,黑光
흑금,黑金
흑기,黑棋
흑기군,黑旗军
흑낙,黑诺
흑남,黑楠
흑당,黑糖
흑도,黑道; 黑桃
흑동,黑洞; 黑瞳
흑동동,黑洞洞
흑두,黑头; 黑豆
흑등할화,黑灯瞎火
흑량,黑亮
흑룡,黑龙
흑룡강,黑龙江
흑룡강대,黑龙江队
흑룡강대학,黑龙江大学
흑룡강성,黑龙江省
흑룡강위시,黑龙江卫视
흑룡강일보,黑龙江日报
흑룡강전시대,黑龙江电视台
흑룡강지구,黑龙江地区
흑룡담,黑龙潭
흑마,黑马
흑마륵,黑摩勒
흑마술,黑魔术
흑막,黑幕
흑매,黑莓; 黑妹
흑맥,黑麦
흑면,黑面
흑명단,黑名单
흑목이,黑木耳
흑미,黑米
흑발,黑发
흑방,黑帮
흑백,黑白
흑백분명,黑白分明
흑백전시,黑白电视
흑백전시기,黑白电视机
흑백편,黑白片
흑번,黑番
흑부류추,黑不溜秋
흑분,黑体
흑사,黑丝
흑사회,黑社会
흑산,黑山
흑산현,黑山县
흑삼림,黑森林
흑상,黑箱
흑색,黑色
흑색금속,黑色金属
흑색선전,黑色宣传
흑색선전물,黑色宣传物
흑색소,黑色素
흑석,黑石
흑석집단,黑石集团
흑선,黑船; 黑线
흑성성,黑猩猩
흑소,黑素
흑송,黑松
흑수,黑手; 黑水; 黑瘦
흑수당,黑手党
흑수병,黑穗病
흑시,黑市
흑심,黑心
흑안주,黑眼珠
흑암,黑暗
흑압압,黑压压
흑야,黑夜
흑어,黑鱼
흑연,黑铅; 黑烟
흑영,黑影
흑오류,黑五类
흑왜,黑娃
흑요석,黑曜石
흑우,黑羽
흑운모,黑云母
흑웅,黑熊
흑유유,黑黝黝
흑응,黑鹰
흑의인,黑衣人
흑이,黑尔
흑인,黑人
흑인성,黑人性
흑임자,黑荏子
흑임자죽,黑荏子粥
흑자,黑字; 黑子
흑자국,黑字国
흑자색,黑紫色
흑자액,黑字额
흑장미,黑蔷薇
흑전,黑钱; 黑田
흑점,黑点; 黑店
흑조,黑枣
흑중개,黑中介
흑지,黑痣; 黑地
흑질,黑质
흑질백장,黑质白章
흑차,黑车
흑창,黑枪
흑천,黑天
흑체,黑体
흑초,黑哨
흑초우,黑椒牛
흑칠칠,黑漆漆
흑침침,黑沉沉
흑택명,黑泽明
흑토,黑土
흑토지,黑土地
흑판,黑板
흑판보,黑板报
흑표,黑豹
흑풍도,黑风岛
흑피,黑皮
흑하,黑河
흑하시,黑河市
흑할자,黑瞎子
흑해,黑海
흑호,黑虎; 黑户
흑호초,黑胡椒
흑호호,黑乎乎; 黑糊糊
흑홍,黑红
흑화,黑货; 黑话
흑흑,黑黑
흔,很; 欣; 痕; 掀; 衅; 忻; 锨; 昕; 䜣; 鞎; 舋; 炘
흔개,掀开
흔고흔고,很高很高
흔고흥,很高兴
흔구,很久
흔구지전,很久之前
흔근흔근,很近很近
흔기,掀起
흔난,很难
흔난설,很难说
흔다,很多
흔다인,很多人
흔대,很大
흔독,很毒
흔동,掀动
흔랭흔랭,很冷很冷
흔령인,很令人
흔루흔루,很累很累
흔만흔만,很慢很慢
흔망흔망,很忙很忙
흔미흔미,很美很美
흔번흔번,很烦很烦
흔봉,欣逢
흔불,欣弗
흔상,欣赏
흔상자,欣赏者
흔상흔상,欣赏欣赏
흔소,很少
흔소흔소,很小很小
흔심흔심,很深很深
흔연,欣然
흔연동의,欣然同意
흔연접수,欣然接受
흔열,欣悦
흔원흔원,很远很远
흔위,欣慰
흔유,很有
흔유사,很有些
흔장,很脏
흔장흔장,很长很长
흔적,痕迹
흔조이전,很早以前
흔조흔조,很早很早
흔주,忻州
흔주시,忻州市
흔추,很丑
흔쾌,很快; 欣快
흔호,很好
흔흔,欣欣
흔흔연,欣欣然
흔흔향송,欣欣向荣
흔희,欣喜
흔희약광,欣喜若狂
흘,吃; 汽; 迄; 疙; 屹; 讫; 纥; 虼; 仡; 龁; 汔; 麧; 趷
흘갈,吃喝
흘갈랍살수,吃喝拉撒睡
흘갈완락,吃喝玩乐
흘갈표도,吃喝嫖赌
흘경,吃惊
흘고,吃苦
흘고내로,吃苦耐劳
흘고두,吃苦头
흘관사,吃官司
흘광,吃光
흘금,迄今
흘긴,吃紧
흘나잡요,吃拿卡要
흘내,吃奶
흘내적력기,吃奶的力气
흘대과반,吃大锅饭
흘대호,吃大户
흘대휴,吃大亏
흘도,吃掉
흘독식,吃独食
흘동서,吃东西
흘두부,吃豆腐
흘득개,吃得开
흘득고중고,吃得苦中苦
흘득소,吃得消
흘득하,吃得下
흘력,吃力
흘력부토호,吃力不讨好
흘령식,吃零食
흘로본,吃老本
흘료,吃了
흘료족,仡佬族
흘리배외,吃里扒外
흘립,屹立
흘면,吃面
흘반,吃饭
흘백반,吃白饭
흘부료두착주,吃不了兜着走
흘부소,吃不消
흘부하,吃不下
흘상,吃上; 吃相
흘소,吃素
흘소조,吃小灶
흘수,吃水
흘식,吃食
흘아파휴,吃哑巴亏
흘약,吃药
흘연부흘경,吃软不吃硬
흘인,吃人
흘일참,吃一堑
흘일참장일지,吃一堑长一智
흘재,吃斋
흘점고두,吃点苦头
흘중,吃重
흘진,吃尽
흘차,吃茶
흘착완리,吃着碗里
흘착흘착,吃着吃着
흘천,吃穿
흘청,吃请
흘초,吃醋
흘탑,疙瘩
흘탑탕,疙瘩汤
흘투,吃透
흘패장,吃败仗
흘포,吃饱
흘포갈족,吃饱喝足
흘한반,吃闲饭
흘향,吃香
흘향갈랄,吃香喝辣
흘황량,吃皇粮
흘회구,吃回扣
흘회두초,吃回头草
흘휴,吃亏
흘흘,吃吃
흘흘갈갈,吃吃喝喝
흘흘반,吃吃饭
흠,欠; 钦; 鑫; 歆; 揿
흠가,欠佳
흠결,欠缺
흠경,钦敬
흠관,欠款
흠모,钦慕
흠범,钦犯
흠신,欠薪; 欠身
흠앙,钦仰
흠장,欠账
흠절,欠节
흠정,钦定
흠조,欠条
흠주,钦州
흠주시,钦州市
흠차,钦差
흠차대신,钦差大臣
흠채,欠债
흠채환전,欠债还钱
흠천감,钦天监
흠타,欠妥
흠패,钦佩
흡,吸; 恰; 洽; 歙; 翕; 翖; 闟
흡간,吸干
흡관,吸管
흡광도,吸光度
흡교,恰巧
흡구,洽购
흡기,吸气
흡납,吸纳
흡담,洽谈
흡담회,洽谈会
흡당,恰当
흡도호처,恰到好处
흡독,吸毒
흡독자,吸毒者
흡동,翕动
흡력,吸力
흡류,吸溜
흡반,吸盘
흡부,吸附
흡부량,吸附量
흡부법,吸附法
흡부제,吸附剂
흡사,恰似
흡상,洽商
흡수,吸收; 吸水
흡수량,吸收量
흡수률,吸收率; 吸水率
흡수법,吸收法
흡수성,吸水性
흡수제,吸收剂
흡습,吸湿
흡습성,吸湿性
흡식,吸食
흡여,恰如
흡여기분,恰如其分
흡연,吸烟
흡연가,吸烟家
흡연률,吸烟率
흡연실,吸烟室
흡연율,吸烟率; 吸烟率
흡연자,吸烟者
흡열,吸热
흡우,恰遇
흡음,吸音
흡음식,吸音式
흡인,吸引
흡인력,吸引力
흡인성,吸引性
흡인인,吸引人
흡인자,吸引子
흡입,吸入
흡입력,吸入力
흡입성,吸入性
흡입술,吸入术
흡입식,吸入式
흡입제,吸入剂
흡전,吸吮
흡정등,吸顶灯
흡족,洽足
흡진,吸进
흡진기,吸尘器
흡철석,吸铁石
흡취,吸取
흡현,歙县
흡혈귀,吸血鬼
흡호,恰好
흡화,吸货
흡훼병,吸虫病
흡흡,恰恰
흥,兴; 臖; 興
흥강,兴奋
흥강성,兴奋性
흥강점,兴奋点
흥강제,兴奋剂
흥개호,兴凯湖
흥건,兴建
흥검,兴黔
흥경,兴庆
흥경구,兴庆区
흥고채,兴高彩
흥고채렬,兴高采烈
흥공,兴工
흥교,兴教
흥국,兴国
흥국현,兴国县
흥기,兴起
흥녕,兴宁
흥녕시,兴宁市
흥농,兴农
흥두,兴头
흥륭,兴隆
흥리제폐,兴利除弊
흥망,兴亡
흥망성쇠,兴亡盛衰
흥무멸자,兴无灭资
흥문,兴文
흥미,兴味
흥미진진,兴味津津
흥밋,兴味
흥발,兴发
흥발집단,兴发集团
흥병,兴兵
흥분,兴奋
흥불,兴佛
흥사,兴师
흥사동중,兴师动众
흥사문죄,兴师问罪
흥산,兴山
흥상,兴商
흥성,兴盛; 兴城
흥쇠,兴衰
흥쇠성패,兴衰成败
흥수,兴修
흥신업,兴信业
흥안,兴安
흥안맹,兴安盟
흥업,兴业
흥업은행,兴业银行
흥업정권고분유한공사,兴业证券股份有限公司
흥업현,兴业县
흥왕,兴旺
흥왕발체,兴旺发达
흥우,兴叹; 兴宇
흥원,兴元
흥의,兴义
흥의시,兴义市
흥의현,兴义县
흥인,兴仁
흥인현,兴仁县
흥중회,兴中会
흥지소지,兴之所至
흥충충,兴冲冲
흥취,兴趣
흥취반,兴趣班
흥취앙연,兴趣盎然
흥치,兴致
흥치발발,兴致勃勃
흥판,兴办
흥평,兴平
흥풍작랑,兴风作浪
흥학,兴学
흥해,兴海
흥행,兴行
흥행사,兴行师
흥행성,兴行性
흥행작,兴行作
흥허,兴许
흥현,兴县
흥화,兴化; 兴和; 兴华
흥화시,兴化市
희,希; 喜; 戏; 稀; 牺; 禧; 嘻; 熙; 姬; 嬉; 曦; 熹; 羲; 烯; 唏; 噫; 僖; 忾; 浠; 饩; 诶; 燹; 欷; 豨; 豷; 睎; 礂; 蟢; 戲; 誒; 囍; 晞; 犧
희객,稀客
희결,稀缺
희경,喜庆; 烯烃
희곡,戯曲; 戏曲
희곡계,戯曲界; 戏曲界
희곡론,戯曲论
희곡사,戯曲史
희교,戏校
희구,希求
희귀,稀贵
희귀목,稀贵木
희귀조,稀贵鸟
희귀종,稀贵种
희극,喜剧; 戏剧
희극계,戏剧界
희극류,喜剧类
희극성,喜剧性; 戏剧性
희극연원,喜剧演员
희극적,喜剧的
희극편,喜剧片
희극화,戏剧化
희금사,希金斯
희기,稀奇; 喜气; 希冀; 希奇
희기고괴,稀奇古怪
희기양양,喜气洋洋
희녕,熙宁
희뇨,嬉闹
희당,喜糖
희대,稀代; 戏台
희도,希图
희득귀자,喜得贵子
희락,喜乐; 喜樂; 稀落
희란,稀烂
희랍,希腊; 希拉
희랍극,希拉克
희랍대,希腊队
희랍리,希拉里
희랍신화,希腊神话
희래양왕,熙来攘往
희로,戏路
희로무상,喜怒无常
희로부형우색,喜怒不形于色
희로애락,喜怒哀乐; 喜怒哀樂
희롱,戯弄; 戏弄
희루,戏楼
희륵,希勒
희릉운,姬凌云
희리호도,稀里糊涂
희리화랍,稀里哗啦; 唏哩哗啦
희마랍아,喜马拉雅
희마랍아산,喜马拉雅山
희마랍아산맥,喜马拉雅山脉
희막니,希莫尼
희만,希曼
희망,希望
희망공사,希望公司
희망공정판공실,希望工程办公室
희망법원,希望法院
희망봉,希望峰
희망세계,希望世界
희망소학,希望小学
희망시장,希望市场
희망의원,希望医院
희망자,希望者
희망적,希望的
희망집단,希望集团
희망학교,希望学校
희모래,希姆莱
희문,戏文
희문락견,喜闻乐见
희미,稀微; 戏迷
희미문,戏迷们
희박,稀薄
희반,稀饭; 戏班
희백래,希伯来
희백래어,希伯来语
희백륜,希伯伦
희법,戏法
희보,喜报
희봉구,喜峰口
희부자금,喜不自禁
희부자승,喜不自胜
희붕비,姬鹏飞
희비,喜悲
희비극,喜悲剧
희비극적,喜悲剧的
희사,喜舍; 喜事; 戏耍; 希思
희사라기장,希思罗机场
희상미초,喜上眉梢
희색,喜色
희생,牺牲
희생당,牺牲当
희생물,牺牲物
희생심,牺牲心
희생양,牺牲羊
희생자,牺牲者
희생적,牺牲的
희생정신,牺牲精神
희생품,牺牲品
희석,稀释
희석도,稀释度
희석법,稀释法
희석제,稀释剂
희세,稀世
희세진보,稀世珍宝
희소,稀少; 稀疏; 嬉笑; 嘻笑
희소로매,嬉笑怒骂
희소안개,喜笑颜开
희송,稀松
희송평상,稀松平常
희수,喜寿; 嬉水
희슬,希瑟
희신,喜讯
희신룡,姬新龙
희신염구,喜新厌旧
희아,喜儿; 希亚
희애,喜爱
희양양,喜洋洋
희언,戏言
희연,喜宴
희열,喜悦
희열감,喜悦感
희열다길,希热多吉
희열다길거사,希热多吉居士
희염산,稀盐酸
희영,喜迎
희우,喜雨
희우참반,喜忧参半
희원,希愿; 戏院
희유,稀有
희유금속,稀有金属
희은,希恩
희이,希尔
희이돈,希尔顿
희이돈주점,希尔顿酒店
희인,喜人
희자,戏子; 喜子
희자자,喜滋滋
희작,喜鹊
희장,戏装
희정극,希丁克
희종천강,喜从天降
희주,喜酒
희죽,稀粥
희첩,喜帖; 希捷
희출망외,喜出望外
희칭,戏称
희토,稀土
희토금속,稀土金属
희토원소,稀土元素
희특륵,希特勒
희평,熹平
희피사,嬉皮士
희피소검,嬉皮笑脸; 嘻皮笑脸
희학,戏谑
희한,稀罕; 希罕
희허,唏嘘
희형우색,喜形于色
희호,喜好
희화,戯画
희화적,戯化的
희화화,戯画化
희환,喜欢
희효,姬晓
희효풍,姬晓风
희희,嘻嘻; 嬉戏; 希希
희희낙락,喜喜乐乐; 喜喜樂樂
희희랍랍,稀稀拉拉
희희양양,熙熙攘攘
희희합합,嘻嘻哈哈
희희희,嘻嘻嘻
히,屎; 忾
힐,诘; 颉; 黠; 撷; 缬; 肸
힐난,诘难
힐문,诘问
힐취,撷取
